;FLAVOR:Marlin
;TIME:1737
;Filament used: 0.582086m
;Layer height: 0.15
;Generated with Cura_SteamEngine 3.4.1
M190 S70
M104 S220
M109 S220
M82 ;absolute extrusion mode
G92 E0 ;zero the extruded length
G1 X190 Y0 F7000 ;move to priming position
G1 Z2 ;raise bed
G1 F200 E10 ;extrude 10 mm of feed stock
G1 Z15 ;raise bed after priming
G92 E0 ;zero the extruded length again
G1 F7000;
G92 E0
G1 F1500 E-1.5
;LAYER_COUNT:66
;LAYER:0
M107
M204 S500
G0 F9000 X78.66 Y85.691 Z0.31
;TYPE:SKIRT
G1 F480 E0.06236
G1 F900 X79.048 Y85.355 E0.10205
G1 X79.483 Y85.083 E0.14173
G1 X79.956 Y84.882 E0.18147
G1 X80.453 Y84.756 E0.22112
G1 X81.009 Y84.709 E0.26427
G1 X97.001 Y84.711 E1.50093
G1 X97.513 Y84.751 E1.54064
G1 X98.013 Y84.87 E1.58038
G1 X98.303 Y84.979 E1.60434
G1 X102.624 Y86.834 E1.96797
G1 X105.186 Y87.825 E2.1804
G1 X107.733 Y88.722 E2.38921
G1 X112.985 Y90.332 E2.814
G1 X116.81 Y91.312 E3.11934
G1 X117.296 Y91.478 E3.15906
G1 X117.75 Y91.717 E3.19873
G1 X118.162 Y92.024 E3.23847
G1 X118.521 Y92.39 E3.27811
G1 X118.819 Y92.809 E3.31787
G1 X119.049 Y93.268 E3.35757
G1 X119.204 Y93.757 E3.39724
G1 X119.291 Y94.509 E3.45578
G1 X119.291 Y108.491 E4.53701
G1 X119.251 Y109.003 E4.57672
G1 X119.132 Y109.502 E4.61639
G1 X118.937 Y109.977 E4.6561
G1 X118.671 Y110.416 E4.69579
G1 X118.34 Y110.809 E4.73552
G1 X117.952 Y111.145 E4.77521
G1 X117.517 Y111.417 E4.81489
G1 X117.044 Y111.618 E4.85463
G1 X116.547 Y111.744 E4.89428
G1 X115.994 Y111.791 E4.9372
G1 X107.044 Y111.8 E5.6293
G1 X101.484 Y111.957 E6.05942
G1 X96.91 Y112.291 E6.41407
G1 X96.668 Y112.3 E6.4328
G1 X81.007 Y112.291 E7.64386
G1 X80.495 Y112.251 E7.68357
G1 X79.996 Y112.132 E7.72324
G1 X79.521 Y111.936 E7.76298
G1 X79.082 Y111.67 E7.80267
G1 X78.69 Y111.339 E7.84235
G1 X78.354 Y110.951 E7.88204
G1 X78.082 Y110.515 E7.92178
G1 X77.881 Y110.043 E7.96145
G1 X77.756 Y109.545 E8.00115
G1 X77.709 Y108.991 E8.04415
G1 X77.709 Y88.009 E9.66668
G1 X77.749 Y87.497 E9.70639
G1 X77.868 Y86.998 E9.74606
G1 X78.063 Y86.523 E9.78577
G1 X78.318 Y86.103 E9.82377
G0 F810 X78.329 Y86.084
G0 X78.66 Y85.691
G1 F1500 E8.32377
G1 F900 Z1.31
G0 F9000 X81.824 Y93.326 Z1.31
;TYPE:WALL-INNER
G1 F900 Z0.31
G1 F480 E9.92758
G1 F900 X96.176 Y93.326 E11.03742
G1 X96.176 Y108.176 E12.18576
G1 X81.824 Y108.176 E13.2956
G1 X81.824 Y93.862 E14.4025
G0 F810 X81.824 Y93.326
G0 F9000 X81.785 Y92.714
;TYPE:WALL-OUTER
G1 F480 E14.44395
G1 F900 X96.214 Y92.714 E15.42027
G1 X96.214 Y88.785 E15.68612
G1 X81.785 Y88.785 E16.66244
G1 X81.785 Y92.101 E16.88681
G0 F810 X81.785 Y92.714
G0 F9000 X81.985 Y92.714
G0 X81.985 Y93.291
G1 F1500 E15.38681
G0 F9000 X81.985 Y93.426
G0 X81.894 Y108.106
G0 X81.212 Y108.788
G1 F480 E16.99065
G1 F900 X81.212 Y88.212 E18.38289
G1 X96.788 Y88.212 E19.43682
G1 X96.788 Y108.788 E20.82907
G1 X81.825 Y108.788 E21.84152
G0 F810 X81.212 Y108.788
G0 F9000 X81.212 Y108.588
G0 X81.789 Y108.211
G0 X82.424 Y107.576
;TYPE:WALL-INNER
G1 F480 E21.883
G1 F900 X82.424 Y93.926 E22.93855
G1 X95.576 Y93.926 E23.95559
G1 X95.576 Y107.576 E25.01114
G1 X82.96 Y107.576 E25.98673
G0 F810 X82.424 Y107.576
G0 F9000 X83.014 Y106.986
;TYPE:SKIN
G1 F480 E26.02818
G1 F900 X83.014 Y94.516 E26.99249
G1 X94.986 Y94.516 E27.91828
G1 X94.986 Y106.986 E28.88258
G1 X83.55 Y106.986 E29.76693
G0 F810 X83.014 Y106.986
G0 F9000 X83.794 Y106.705
G1 F480 E29.80837
G1 F900 X83.293 Y106.203 E29.86322
G0 F9000 X83.293 Y105.355
G1 F900 X84.643 Y106.705 E30.01086
G0 F9000 X85.492 Y106.705
G1 F900 X83.293 Y104.506 E30.25134
G0 F9000 X83.293 Y103.658
G1 F900 X86.34 Y106.705 E30.58456
G0 F9000 X87.189 Y106.705
G1 F900 X83.293 Y102.809 E31.01063
G0 F9000 X83.293 Y101.961
G1 F900 X88.037 Y106.705 E31.52944
G0 F9000 X88.886 Y106.705
G1 F900 X83.293 Y101.112 E32.1411
G0 F9000 X83.293 Y100.264
G1 F900 X89.734 Y106.705 E32.84549
G0 F9000 X90.583 Y106.705
G1 F900 X83.293 Y99.415 E33.64273
G0 F9000 X83.293 Y98.567
G1 F900 X91.431 Y106.705 E34.53271
G0 F9000 X92.28 Y106.705
G1 F900 X83.293 Y97.718 E35.51554
G0 F9000 X83.293 Y96.87
G1 F900 X93.128 Y106.705 E36.5911
G0 F9000 X93.977 Y106.705
G1 F900 X83.293 Y96.021 E37.75951
G0 F9000 X83.293 Y95.173
G1 F900 X94.706 Y106.585 E39.00759
G0 F9000 X94.706 Y105.737
G1 F900 X83.764 Y94.795 E40.20422
G0 F9000 X84.613 Y94.795
G1 F900 X94.706 Y104.888 E41.308
G0 F9000 X94.706 Y104.04
G1 F900 X85.461 Y94.795 E42.31904
G0 F9000 X86.31 Y94.795
G1 F900 X94.706 Y103.191 E43.23723
G0 F9000 X94.706 Y102.343
G1 F900 X87.158 Y94.795 E44.06269
G0 F9000 X88.007 Y94.795
G1 F900 X94.706 Y101.494 E44.7953
G0 F9000 X94.706 Y100.646
G1 F900 X88.855 Y94.795 E45.43517
G0 F9000 X89.704 Y94.795
G1 F900 X94.706 Y99.797 E45.98219
G0 F9000 X94.706 Y98.948
G1 F900 X90.552 Y94.795 E46.43642
G0 F9000 X91.401 Y94.795
G1 F900 X94.706 Y98.1 E46.79786
G0 F9000 X94.706 Y97.251
G1 F900 X92.249 Y94.795 E47.0665
G0 F9000 X93.098 Y94.795
G1 F900 X94.706 Y96.403 E47.24236
G0 F9000 X94.706 Y95.554
G1 F900 X93.946 Y94.795 E47.32542
G1 F1500 E45.82542
G1 F900 Z1.31
G0 F9000 X93.946 Y94.795 Z1.31
G0 X101.824 Y99.527
;TYPE:WALL-INNER
G1 F900 Z0.31
G1 F480 E47.38778
G1 F900 X115.176 Y99.527 E48.42029
G1 X115.176 Y107.676 E49.05045
G1 X101.824 Y107.676 E50.08295
G1 X101.824 Y100.063 E50.67167
G0 F810 X101.824 Y99.527
G0 F9000 X101.723 Y98.915
;TYPE:WALL-OUTER
G1 F480 E50.71312
G1 F900 X115.276 Y98.915 E51.63016
G1 X115.276 Y95.219 E51.88024
G1 X101.723 Y95.219 E52.79729
G1 X101.723 Y98.302 E53.0059
G0 F810 X101.723 Y98.915
G0 F9000 X101.923 Y98.915
G0 X101.923 Y99.492
G1 F1500 E51.5059
G0 F9000 X101.923 Y99.627
G0 X101.894 Y107.606
G0 X101.212 Y108.288
G1 F480 E53.10974
G1 F900 X101.212 Y98.915 E53.74395
G1 X101.212 Y95.219 E53.98736
G1 X101.212 Y94.712 E54.02167
G1 X101.723 Y94.712 E54.05624
G1 X115.276 Y94.712 E54.94185
G1 X115.788 Y94.712 E54.97649
G1 X115.788 Y95.219 E55.0108
G1 X115.788 Y98.915 E55.25469
G1 X115.788 Y108.288 E55.8889
G1 X101.825 Y108.288 E56.83369
G0 F810 X101.212 Y108.288
G0 F9000 X101.212 Y108.088
G0 X101.789 Y107.711
G0 X102.424 Y107.076
;TYPE:WALL-INNER
G1 F480 E56.87516
G1 F900 X102.424 Y100.127 E57.41253
G1 X114.576 Y100.127 E58.35224
G1 X114.576 Y107.076 E58.88961
G1 X102.96 Y107.076 E59.78787
G0 F810 X102.424 Y107.076
G0 F9000 X103.014 Y106.486
;TYPE:SKIN
G1 F480 E59.82932
G1 F900 X103.014 Y100.717 E60.27543
G1 X113.986 Y100.717 E61.1239
G1 X113.986 Y106.486 E61.57001
G1 X103.55 Y106.486 E62.37703
G0 F810 X103.014 Y106.486
G0 F9000 X103.659 Y106.205
G1 F480 E62.41847
G1 F900 X103.293 Y105.839 E62.4585
G0 F9000 X103.293 Y104.99
G1 F900 X104.508 Y106.205 E62.59137
G0 F9000 X105.356 Y106.205
G1 F900 X103.293 Y104.141 E62.81704
G0 F9000 X103.293 Y103.293
G1 F900 X106.205 Y106.205 E63.1355
G0 F9000 X107.053 Y106.205
G1 F900 X103.293 Y102.444 E63.54675
G0 F9000 X103.293 Y101.596
G1 F900 X107.902 Y106.205 E64.05079
G0 F9000 X108.75 Y106.205
G1 F900 X103.542 Y100.996 E64.6204
G0 F9000 X104.39 Y100.996
G1 F900 X109.599 Y106.205 E65.19006
G0 F9000 X110.447 Y106.205
G1 F900 X105.239 Y100.996 E65.75967
G0 F9000 X106.087 Y100.996
G1 F900 X111.296 Y106.205 E66.32933
G0 F9000 X112.145 Y106.205
G1 F900 X106.936 Y100.996 E66.89899
G0 F9000 X107.784 Y100.996
G1 F900 X112.993 Y106.205 E67.46865
G0 F9000 X113.705 Y106.068
M104 S215
G1 F900 X108.633 Y100.996 E68.02333
G0 F9000 X109.482 Y100.996
G1 F900 X113.705 Y105.22 E68.48521
G0 F9000 X113.705 Y104.371
G1 F900 X110.33 Y100.996 E68.85431
G0 F9000 X111.179 Y100.996
G1 F900 X113.705 Y103.523 E69.13061
G0 F9000 X113.705 Y102.674
G1 F900 X112.027 Y100.996 E69.31411
G0 F9000 X112.876 Y100.996
G1 F900 X113.705 Y101.826 E69.40483
G1 F1500 E67.90483
G1 F900 Z1.31
G0 F9000 X113.705 Y101.826 Z1.31
G0 X81.55 Y93.052
;TIME_ELAPSED:72.751200
;LAYER:1
M140 S70
M106 S63.8
G0 X81.55 Y93.052 Z1.46
;TYPE:WALL-INNER
G1 F900 Z0.46
G1 F480 E69.46719
G1 F1200 X96.45 Y93.052 E69.83887
G1 X96.45 Y108.45 E70.22298
G1 X81.55 Y108.45 E70.59466
G1 X81.55 Y94.717 E70.93723
G0 F1080 X81.55 Y93.052
G0 F9000 X81.872 Y92.627
;TYPE:WALL-OUTER
G1 F480 E70.97877
G1 F900 X96.127 Y92.627 E71.28991
G1 X96.127 Y88.872 E71.37187
G1 X81.872 Y88.872 E71.68301
G1 X81.872 Y90.725 E71.72346
G0 F810 X81.872 Y92.627
G0 F9000 X82.072 Y92.627
G0 X82.072 Y93.012
G1 F1500 E70.22346
G0 F9000 X82.072 Y93.152
G0 X81.62 Y108.38
G0 X81.125 Y108.875
G1 F480 E71.82734
G1 F900 X81.125 Y88.125 E72.28025
G1 X96.875 Y88.125 E72.62402
G1 X96.875 Y108.875 E73.07693
G1 X83.027 Y108.875 E73.37919
G0 F810 X81.125 Y108.875
G0 F9000 X81.125 Y108.675
G0 X81.51 Y108.49
G0 X81.95 Y108.05
;TYPE:WALL-INNER
G1 F480 E73.4207
G1 F1200 X81.95 Y93.452 E73.78485
G1 X96.05 Y93.452 E74.13658
G1 X96.05 Y108.05 E74.50073
G1 X83.615 Y108.05 E74.81092
G0 F1080 X81.95 Y108.05
G0 F9000 X82.34 Y107.66
;TYPE:SKIN
G1 F480 E74.85245
G1 F1650 X82.34 Y93.842 E75.19714
G1 X95.66 Y93.842 E75.52941
G1 X95.66 Y107.66 E75.8741
G1 X84.005 Y107.66 E76.16484
G0 F1485 X82.34 Y107.66
G0 F9000 X95.479 Y107.036
G1 F480 E76.20637
G1 F1650 X95.035 Y107.479 E76.22202
G0 F9000 X94.47 Y107.479
G1 F1650 X95.479 Y106.47 E76.25761
G0 F9000 X95.479 Y105.904
G1 F1650 X93.904 Y107.479 E76.31318
G0 F9000 X93.338 Y107.479
G1 F1650 X95.479 Y105.339 E76.38869
G0 F9000 X95.479 Y104.773
G1 F1650 X92.773 Y107.479 E76.48415
G0 F9000 X92.207 Y107.479
G1 F1650 X95.479 Y104.207 E76.59958
G0 F9000 X95.479 Y103.642
G1 F1650 X91.641 Y107.479 E76.73496
G0 F9000 X91.076 Y107.479
G1 F1650 X95.479 Y103.076 E76.89028
G0 F9000 X95.479 Y102.51
G1 F1650 X90.51 Y107.479 E77.06558
G0 F9000 X89.944 Y107.479
G1 F1650 X95.479 Y101.944 E77.26084
G0 F9000 X95.479 Y101.379
G1 F1650 X89.379 Y107.479 E77.47604
G0 F9000 X88.813 Y107.479
G1 F1650 X95.479 Y100.813 E77.7112
G0 F9000 X95.479 Y100.247
G1 F1650 X88.247 Y107.479 E77.96632
G0 F9000 X87.681 Y107.479
G1 F1650 X95.479 Y99.682 E78.2414
G0 F9000 X95.479 Y99.116
G1 F1650 X87.116 Y107.479 E78.53643
G0 F9000 X86.55 Y107.479
G1 F1650 X95.479 Y98.55 E78.85142
G0 F9000 X95.479 Y97.985
G1 F1650 X85.984 Y107.479 E79.18637
G0 F9000 X85.419 Y107.479
G1 F1650 X95.479 Y97.419 E79.54126
G0 F9000 X95.479 Y96.853
G1 F1650 X84.853 Y107.479 E79.91612
G0 F9000 X84.287 Y107.479
G1 F1650 X95.479 Y96.288 E80.31093
G0 F9000 X95.479 Y95.722
G1 F1650 X83.722 Y107.479 E80.72569
G0 F9000 X83.156 Y107.479
G1 F1650 X95.479 Y95.156 E81.16042
G0 F9000 X95.479 Y94.591
G1 F1650 X82.59 Y107.479 E81.6151
G0 F9000 X82.52 Y106.984
G1 F1650 X95.479 Y94.025 E82.07226
G0 F9000 X94.917 Y94.021
G1 F1650 X82.52 Y106.418 E82.5096
G0 F9000 X82.52 Y105.853
G1 F1650 X94.351 Y94.021 E82.92699
G0 F9000 X93.785 Y94.021
G1 F1650 X82.52 Y105.287 E83.32441
G0 F9000 X82.52 Y104.721
G1 F1650 X93.22 Y94.021 E83.70188
G0 F9000 X92.654 Y94.021
G1 F1650 X82.52 Y104.156 E84.0594
G0 F9000 X82.52 Y103.59
G1 F1650 X92.088 Y94.021 E84.39696
G0 F9000 X91.522 Y94.021
G1 F1650 X82.52 Y103.024 E84.71454
G0 F9000 X82.52 Y102.459
G1 F1650 X90.957 Y94.021 E85.0122
G0 F9000 X90.391 Y94.021
G1 F1650 X82.52 Y101.893 E85.28989
G0 F9000 X82.52 Y101.327
G1 F1650 X89.825 Y94.021 E85.54761
G0 F9000 X89.26 Y94.021
G1 F1650 X82.52 Y100.762 E85.7854
G0 F9000 X82.52 Y100.196
G1 F1650 X88.694 Y94.021 E86.00322
G0 F9000 X88.128 Y94.021
G1 F1650 X82.52 Y99.63 E86.20108
G0 F9000 X82.52 Y99.064
G1 F1650 X87.563 Y94.021 E86.37898
G0 F9000 X86.997 Y94.021
G1 F1650 X82.52 Y98.499 E86.53694
G0 F9000 X82.52 Y97.933
G1 F1650 X86.431 Y94.021 E86.67493
G0 F9000 X85.866 Y94.021
G1 F1650 X82.52 Y97.367 E86.79296
G0 F9000 X82.52 Y96.802
G1 F1650 X85.3 Y94.021 E86.89105
G0 F9000 X84.734 Y94.021
G1 F1650 X82.52 Y96.236 E86.96918
G0 F9000 X82.52 Y95.67
G1 F1650 X84.169 Y94.021 E87.02735
G0 F9000 X83.603 Y94.021
G1 F1650 X82.52 Y95.105 E87.06557
G0 F9000 X82.52 Y94.539
G1 F1650 X83.037 Y94.021 E87.08383
G1 F1500 E85.58383
G1 F900 Z1.46
G0 F9000 X83.037 Y94.021 Z1.46
G0 X101.55 Y99.253
;TYPE:WALL-INNER
G1 F900 Z0.46
G1 F480 E87.14619
G1 F1200 X115.45 Y99.253 E87.49293
G1 X115.45 Y107.95 E87.70988
G1 X101.55 Y107.95 E88.05661
G1 X101.55 Y100.918 E88.23203
G0 F1080 X101.55 Y99.253
G0 F9000 X101.81 Y98.828
;TYPE:WALL-OUTER
G1 F480 E88.27356
G1 F900 X115.189 Y98.828 E88.56558
G1 X115.189 Y95.306 E88.64246
G1 X101.81 Y95.306 E88.93448
G1 X101.81 Y96.926 E88.96984
G0 F810 X101.81 Y98.828
G0 F9000 X102.01 Y98.828
G0 X102.01 Y99.213
G1 F1500 E87.46984
G0 F9000 X102.01 Y99.353
G0 X101.62 Y107.88
G0 X101.125 Y108.375
G1 F480 E89.07372
G1 F900 X101.125 Y94.625 E89.37384
G1 X115.875 Y94.625 E89.69579
G1 X115.875 Y108.375 E89.99591
G1 X103.027 Y108.375 E90.27634
G0 F810 X101.125 Y108.375
G0 F9000 X101.125 Y108.175
G0 X101.51 Y107.99
G0 X101.95 Y107.55
;TYPE:WALL-INNER
G1 F480 E90.31786
G1 F1200 X101.95 Y99.653 E90.51485
G1 X115.05 Y99.653 E90.84163
G1 X115.05 Y107.55 E91.03862
G1 X103.615 Y107.55 E91.32387
G0 F1080 X101.95 Y107.55
G0 F9000 X102.34 Y107.16
;TYPE:SKIN
G1 F480 E91.3654
G1 F1650 X102.34 Y100.043 E91.54293
G1 X114.66 Y100.043 E91.85026
G1 X114.66 Y107.16 E92.02779
G1 X104.005 Y107.16 E92.29358
G0 F1485 X102.34 Y107.16
G0 F9000 X102.519 Y100.561
G1 F480 E92.33512
G1 F1650 X102.858 Y100.222 E92.34707
G0 F9000 X103.424 Y100.222
G1 F1650 X102.519 Y101.126 E92.37898
G0 F9000 X102.519 Y101.692
G1 F1650 X103.989 Y100.222 E92.43084
G0 F9000 X104.555 Y100.222
G1 F1650 X102.519 Y102.258 E92.50267
G0 F9000 X102.519 Y102.823
G1 F1650 X105.121 Y100.222 E92.59444
G0 F9000 X105.687 Y100.222
G1 F1650 X102.519 Y103.389 E92.70618
G0 F9000 X102.519 Y103.955
G1 F1650 X106.252 Y100.222 E92.83788
G0 F9000 X106.818 Y100.222
G1 F1650 X102.519 Y104.52 E92.98952
G0 F9000 X102.519 Y105.086
G1 F1650 X107.384 Y100.222 E93.16113
G0 F9000 X107.949 Y100.222
G1 F1650 X102.519 Y105.652 E93.35268
G0 F9000 X102.519 Y106.218
G1 F1650 X108.515 Y100.222 E93.56421
G0 F9000 X109.081 Y100.222
G1 F1650 X102.519 Y106.783 E93.79568
G0 F9000 X102.889 Y106.979
G1 F1650 X109.646 Y100.222 E94.03405
G0 F9000 X110.212 Y100.222
G1 F1650 X103.455 Y106.979 E94.27243
G0 F9000 X104.021 Y106.979
G1 F1650 X110.778 Y100.222 E94.5108
G0 F9000 X111.343 Y100.222
G1 F1650 X104.586 Y106.979 E94.74917
G0 F9000 X105.152 Y106.979
G1 F1650 X111.909 Y100.222 E94.98754
G0 F9000 X112.475 Y100.222
G1 F1650 X105.718 Y106.979 E95.22591
G0 F9000 X106.283 Y106.979
G1 F1650 X113.04 Y100.222 E95.46428
G0 F9000 X113.606 Y100.222
G1 F1650 X106.849 Y106.979 E95.70265
G0 F9000 X107.415 Y106.979
G1 F1650 X114.172 Y100.222 E95.94103
G0 F9000 X114.479 Y100.481
G1 F1650 X107.98 Y106.979 E96.17028
G0 F9000 X108.546 Y106.979
G1 F1650 X114.479 Y101.046 E96.37958
G0 F9000 X114.479 Y101.612
G1 F1650 X109.112 Y106.979 E96.56892
G0 F9000 X109.677 Y106.979
G1 F1650 X114.479 Y102.178 E96.7383
G0 F9000 X114.479 Y102.744
G1 F1650 X110.243 Y106.979 E96.88772
G0 F9000 X110.809 Y106.979
G1 F1650 X114.479 Y103.309 E97.01719
G0 F9000 X114.479 Y103.875
G1 F1650 X111.374 Y106.979 E97.12671
G0 F9000 X111.94 Y106.979
G1 F1650 X114.479 Y104.441 E97.21626
G0 F9000 X114.479 Y105.006
G1 F1650 X112.506 Y106.979 E97.28586
G0 F9000 X113.072 Y106.979
G1 F1650 X114.479 Y105.572 E97.3355
G0 F9000 X114.479 Y106.138
G1 F1650 X113.637 Y106.979 E97.36519
G0 F9000 X114.203 Y106.979
G1 F1650 X114.479 Y106.703 E97.37492
G1 F1500 E95.87492
G1 F900 Z1.46
G0 F9000 X114.479 Y106.703 Z1.46
G0 X81.55 Y93.052
;TIME_ELAPSED:135.092581
;LAYER:2
M106 S127.5
G0 X81.55 Y93.052 Z1.61
;TYPE:WALL-INNER
G1 F900 Z0.61
G1 F480 E97.43729
G1 F1500 X96.45 Y93.052 E97.80897
G1 X96.45 Y108.45 E98.19307
G1 X81.55 Y108.45 E98.56475
G1 X81.55 Y94.717 E98.90733
G0 F1350 X81.55 Y93.052
G0 F9000 X81.872 Y92.627
;TYPE:WALL-OUTER
G1 F480 E98.94886
G1 F900 X96.127 Y92.627 E99.26
G1 X96.127 Y88.872 E99.34196
G1 X81.872 Y88.872 E99.65311
G1 X81.872 Y90.725 E99.69355
G0 F810 X81.872 Y92.627
G0 F9000 X82.072 Y92.627
G0 X82.072 Y93.012
G1 F1500 E98.19355
G0 F9000 X82.072 Y93.152
G0 X81.62 Y108.38
G0 X81.125 Y108.875
G1 F480 E99.79743
G1 F900 X81.125 Y88.125 E100.25034
G1 X96.875 Y88.125 E100.59411
G1 X96.875 Y108.875 E101.04702
G1 X83.027 Y108.875 E101.34928
G0 F810 X81.125 Y108.875
G0 F9000 X81.125 Y108.675
G0 X81.51 Y108.49
G0 X81.95 Y108.05
;TYPE:WALL-INNER
G1 F480 E101.3908
G1 F1500 X81.95 Y93.452 E101.75495
G1 X96.05 Y93.452 E102.10667
G1 X96.05 Y108.05 E102.47082
G1 X83.615 Y108.05 E102.78101
G0 F1350 X81.95 Y108.05
G0 F9000 X82.34 Y107.66
;TYPE:SKIN
G1 F480 E102.82255
G1 F2400 X82.34 Y93.842 E103.16724
G1 X95.66 Y93.842 E103.49951
G1 X95.66 Y107.66 E103.8442
G1 X84.005 Y107.66 E104.13493
G0 F2160 X82.34 Y107.66
G0 F9000 X82.554 Y107.444
G1 F480 E104.17647
G1 F2400 X82.837 Y107.161 E104.1889
G0 F9000 X83.72 Y107.479
G1 F2400 X82.52 Y106.278 E104.23125
G0 F9000 X82.52 Y105.713
G1 F2400 X84.286 Y107.479 E104.29355
G0 F9000 X84.852 Y107.479
G1 F2400 X82.52 Y105.147 E104.37582
G0 F9000 X82.52 Y104.581
G1 F2400 X85.417 Y107.479 E104.47803
G0 F9000 X85.983 Y107.479
G1 F2400 X82.52 Y104.016 E104.6002
G0 F9000 X82.52 Y103.45
G1 F2400 X86.549 Y107.479 E104.74233
G0 F9000 X87.114 Y107.479
G1 F2400 X82.52 Y102.884 E104.90442
G0 F9000 X82.52 Y102.319
G1 F2400 X87.68 Y107.479 E105.08645
G0 F9000 X88.246 Y107.479
G1 F2400 X82.52 Y101.753 E105.28845
G0 F9000 X82.52 Y101.187
G1 F2400 X88.811 Y107.479 E105.5104
G0 F9000 X89.377 Y107.479
G1 F2400 X82.52 Y100.622 E105.7523
G0 F9000 X82.52 Y100.056
G1 F2400 X89.943 Y107.479 E106.01417
G0 F9000 X90.508 Y107.479
G1 F2400 X82.52 Y99.49 E106.29598
G0 F9000 X82.52 Y98.924
G1 F2400 X91.074 Y107.479 E106.59776
G0 F9000 X91.64 Y107.479
G1 F2400 X82.52 Y98.359 E106.9195
G0 F9000 X82.52 Y97.793
G1 F2400 X92.206 Y107.479 E107.2612
G0 F9000 X92.771 Y107.479
G1 F2400 X82.52 Y97.227 E107.62285
G0 F9000 X82.52 Y96.662
G1 F2400 X93.337 Y107.479 E108.00444
G0 F9000 X93.903 Y107.479
G1 F2400 X82.52 Y96.096 E108.40601
G0 F9000 X82.52 Y95.53
G1 F2400 X94.468 Y107.479 E108.82753
G0 F9000 X95.034 Y107.479
G1 F2400 X82.52 Y94.965 E109.26899
G0 F9000 X82.52 Y94.399
G1 F2400 X95.479 Y107.359 E109.72617
G0 F9000 X95.479 Y106.793
G1 F2400 X82.708 Y94.022 E110.1767
G0 F9000 X83.274 Y94.022
G1 F2400 X95.479 Y106.227 E110.60727
G0 F9000 X95.479 Y105.662
G1 F2400 X83.84 Y94.022 E111.01788
G0 F9000 X84.405 Y94.022
G1 F2400 X95.479 Y105.096 E111.40855
G0 F9000 X95.479 Y104.53
G1 F2400 X84.971 Y94.022 E111.77925
G0 F9000 X85.537 Y94.022
G1 F2400 X95.479 Y103.965 E112.13
G0 F9000 X95.479 Y103.399
G1 F2400 X86.102 Y94.022 E112.46079
G0 F9000 X86.668 Y94.022
G1 F2400 X95.479 Y102.833 E112.77163
G0 F9000 X95.479 Y102.268
G1 F2400 X87.234 Y94.022 E113.06251
G0 F9000 X87.8 Y94.022
G1 F2400 X95.479 Y101.702 E113.33342
G0 F9000 X95.479 Y101.136
G1 F2400 X88.365 Y94.022 E113.58439
G0 F9000 X88.931 Y94.022
G1 F2400 X95.479 Y100.571 E113.81541
G0 F9000 X95.479 Y100.005
G1 F2400 X89.497 Y94.022 E114.02645
G0 F9000 X90.062 Y94.022
G1 F2400 X95.479 Y99.439 E114.21755
G0 F9000 X95.479 Y98.874
G1 F2400 X90.628 Y94.022 E114.3887
G0 F9000 X91.194 Y94.022
G1 F2400 X95.479 Y98.308 E114.53989
G0 F9000 X95.479 Y97.742
G1 F2400 X91.759 Y94.022 E114.67112
G0 F9000 X92.325 Y94.022
G1 F2400 X95.479 Y97.176 E114.78238
G0 F9000 X95.479 Y96.611
G1 F2400 X92.891 Y94.022 E114.8737
G0 F9000 X93.456 Y94.022
G1 F2400 X95.479 Y96.045 E114.94507
G0 F9000 X95.479 Y95.479
G1 F2400 X94.022 Y94.022 E114.99647
G0 F9000 X94.588 Y94.022
G1 F2400 X95.479 Y94.914 E115.02792
G0 F9000 X95.479 Y94.348
G1 F2400 X95.153 Y94.022 E115.03942
G1 F1500 E113.53942
G1 F900 Z1.61
G0 F9000 X95.153 Y94.022 Z1.61
G0 X101.55 Y99.253
;TYPE:WALL-INNER
G1 F900 Z0.61
G1 F480 E115.10178
G1 F1500 X115.45 Y99.253 E115.44852
G1 X115.45 Y107.95 E115.66547
G1 X101.55 Y107.95 E116.0122
G1 X101.55 Y100.918 E116.18762
G0 F1350 X101.55 Y99.253
G0 F9000 X101.81 Y98.828
;TYPE:WALL-OUTER
G1 F480 E116.22915
G1 F900 X115.189 Y98.828 E116.52117
G1 X115.189 Y95.306 E116.59805
G1 X101.81 Y95.306 E116.89007
G1 X101.81 Y96.926 E116.92543
G0 F810 X101.81 Y98.828
G0 F9000 X102.01 Y98.828
G0 X102.01 Y99.213
G1 F1500 E115.42543
G0 F9000 X102.01 Y99.353
G0 X101.62 Y107.88
G0 X101.125 Y108.375
G1 F480 E117.02931
G1 F900 X101.125 Y94.625 E117.32943
G1 X115.875 Y94.625 E117.65138
G1 X115.875 Y108.375 E117.9515
G1 X103.027 Y108.375 E118.23193
G0 F810 X101.125 Y108.375
G0 F9000 X101.125 Y108.175
G0 X101.51 Y107.99
G0 X101.95 Y107.55
;TYPE:WALL-INNER
G1 F480 E118.27344
G1 F1500 X101.95 Y99.653 E118.47044
G1 X115.05 Y99.653 E118.79722
G1 X115.05 Y107.55 E118.99421
G1 X103.615 Y107.55 E119.27946
G0 F1350 X101.95 Y107.55
G0 F9000 X102.34 Y107.16
;TYPE:SKIN
G1 F480 E119.32099
G1 F2400 X102.34 Y100.043 E119.49852
G1 X114.66 Y100.043 E119.80585
G1 X114.66 Y107.16 E119.98338
G1 X104.005 Y107.16 E120.24917
G0 F2160 X102.34 Y107.16
G0 F9000 X103.019 Y106.978
G1 F480 E120.2907
G1 F2400 X102.519 Y106.478 E120.30834
G0 F9000 X102.519 Y105.913
G1 F2400 X103.584 Y106.978 E120.34591
G0 F9000 X104.15 Y106.978
G1 F2400 X102.519 Y105.347 E120.40345
G0 F9000 X102.519 Y104.781
G1 F2400 X104.716 Y106.978 E120.48096
G0 F9000 X105.281 Y106.978
G1 F2400 X102.519 Y104.216 E120.57839
G0 F9000 X102.519 Y103.65
G1 F2400 X105.847 Y106.978 E120.6958
G0 F9000 X106.413 Y106.978
G1 F2400 X102.519 Y103.084 E120.83317
G0 F9000 X102.519 Y102.519
G1 F2400 X106.978 Y106.978 E120.99047
G0 F9000 X107.544 Y106.978
G1 F2400 X102.519 Y101.953 E121.16774
G0 F9000 X102.519 Y101.387
G1 F2400 X108.11 Y106.978 E121.36498
G0 F9000 X108.675 Y106.978
G1 F2400 X102.519 Y100.822 E121.58215
G0 F9000 X102.519 Y100.256
G1 F2400 X109.241 Y106.978 E121.81929
G0 F9000 X109.807 Y106.978
G1 F2400 X103.05 Y100.222 E122.05764
G0 F9000 X103.616 Y100.222
G1 F2400 X110.373 Y106.978 E122.296
G0 F9000 X110.938 Y106.978
G1 F2400 X104.182 Y100.222 E122.53433
G0 F9000 X104.747 Y100.222
G1 F2400 X111.504 Y106.978 E122.77269
G0 F9000 X112.07 Y106.978
G1 F2400 X105.313 Y100.222 E123.01104
G0 F9000 X105.879 Y100.222
G1 F2400 X112.635 Y106.978 E123.24937
G0 F9000 X113.201 Y106.978
G1 F2400 X106.445 Y100.222 E123.48771
G0 F9000 X107.01 Y100.222
G1 F2400 X113.767 Y106.978 E123.72606
G0 F9000 X114.332 Y106.978
G1 F2400 X107.576 Y100.222 E123.9644
G0 F9000 X108.142 Y100.222
G1 F2400 X114.479 Y106.559 E124.18796
G0 F9000 X114.479 Y105.993
G1 F2400 X108.707 Y100.222 E124.39156
G0 F9000 X109.273 Y100.222
G1 F2400 X114.479 Y105.428 E124.57522
G0 F9000 X114.479 Y104.862
G1 F2400 X109.839 Y100.222 E124.73891
G0 F9000 X110.404 Y100.222
G1 F2400 X114.479 Y104.296 E124.88264
G0 F9000 X114.479 Y103.731
G1 F2400 X110.97 Y100.222 E125.00643
G0 F9000 X111.536 Y100.222
G1 F2400 X114.479 Y103.165 E125.11026
G0 F9000 X114.479 Y102.599
G1 F2400 X112.101 Y100.222 E125.19413
G0 F9000 X112.667 Y100.222
G1 F2400 X114.479 Y102.034 E125.25805
G0 F9000 X114.479 Y101.468
G1 F2400 X113.233 Y100.222 E125.30201
G0 F9000 X114.138 Y100.562
G1 F2400 X114.421 Y100.279 E125.31603
G0 F9000 X114.364 Y100.222
G1 F1500 E123.81603
G1 F900 Z1.61
G0 F9000 X114.364 Y100.222 Z1.61
G0 X81.55 Y93.052
;TIME_ELAPSED:188.354412
;LAYER:3
M106 S191.3
G0 X81.55 Y93.052 Z1.76
;TYPE:WALL-INNER
G1 F900 Z0.76
G1 F480 E125.3784
G1 F1500 X96.45 Y93.052 E125.75008
G1 X96.45 Y108.45 E126.13418
G1 X81.55 Y108.45 E126.50587
G1 X81.55 Y94.717 E126.84844
G0 F1350 X81.55 Y93.052
G0 F9000 X81.872 Y92.627
;TYPE:WALL-OUTER
G1 F480 E126.88997
G1 F900 X96.127 Y92.627 E127.20111
G1 X96.127 Y88.872 E127.28307
G1 X81.872 Y88.872 E127.59422
G1 X81.872 Y90.725 E127.63466
G0 F810 X81.872 Y92.627
G0 F9000 X82.072 Y92.627
G0 X82.072 Y93.012
G1 F1500 E126.13466
G0 F9000 X82.072 Y93.152
G0 X81.62 Y108.38
G0 X81.125 Y108.875
G1 F480 E127.73854
G1 F900 X81.125 Y88.125 E128.19145
G1 X96.875 Y88.125 E128.53523
G1 X96.875 Y108.875 E128.98813
G1 X83.027 Y108.875 E129.29039
G0 F810 X81.125 Y108.875
G0 F9000 X81.125 Y108.675
G0 X81.51 Y108.49
G0 X81.95 Y108.05
;TYPE:WALL-INNER
G1 F480 E129.33191
G1 F1500 X81.95 Y93.452 E129.69606
G1 X96.05 Y93.452 E130.04778
G1 X96.05 Y108.05 E130.41193
G1 X83.615 Y108.05 E130.72212
G0 F1350 X81.95 Y108.05
G0 F9000 X82.34 Y107.66
;TYPE:SKIN
G1 F480 E130.76366
G1 F2400 X82.34 Y93.842 E131.10835
G1 X95.66 Y93.842 E131.44062
G1 X95.66 Y107.66 E131.78531
G1 X84.005 Y107.66 E132.07605
G0 F2160 X82.34 Y107.66
G0 F9000 X95.479 Y107.036
G1 F480 E132.11758
G1 F2400 X95.035 Y107.479 E132.13322
G0 F9000 X94.47 Y107.479
G1 F2400 X95.479 Y106.47 E132.16882
G0 F9000 X95.479 Y105.904
G1 F2400 X93.904 Y107.479 E132.22438
G0 F9000 X93.338 Y107.479
G1 F2400 X95.479 Y105.339 E132.29989
G0 F9000 X95.479 Y104.773
G1 F2400 X92.773 Y107.479 E132.39536
G0 F9000 X92.207 Y107.479
G1 F2400 X95.479 Y104.207 E132.51078
G0 F9000 X95.479 Y103.642
G1 F2400 X91.641 Y107.479 E132.64616
G0 F9000 X91.076 Y107.479
G1 F2400 X95.479 Y103.076 E132.80149
G0 F9000 X95.479 Y102.51
G1 F2400 X90.51 Y107.479 E132.97678
G0 F9000 X89.944 Y107.479
G1 F2400 X95.479 Y101.944 E133.17205
G0 F9000 X95.479 Y101.379
G1 F2400 X89.379 Y107.479 E133.38724
G0 F9000 X88.813 Y107.479
G1 F2400 X95.479 Y100.813 E133.6224
G0 F9000 X95.479 Y100.247
G1 F2400 X88.247 Y107.479 E133.87753
G0 F9000 X87.681 Y107.479
G1 F2400 X95.479 Y99.682 E134.15261
G0 F9000 X95.479 Y99.116
G1 F2400 X87.116 Y107.479 E134.44764
G0 F9000 X86.55 Y107.479
G1 F2400 X95.479 Y98.55 E134.76263
G0 F9000 X95.479 Y97.985
G1 F2400 X85.984 Y107.479 E135.09757
G0 F9000 X85.419 Y107.479
G1 F2400 X95.479 Y97.419 E135.45247
G0 F9000 X95.479 Y96.853
G1 F2400 X84.853 Y107.479 E135.82733
G0 F9000 X84.287 Y107.479
G1 F2400 X95.479 Y96.288 E136.22214
G0 F9000 X95.479 Y95.722
G1 F2400 X83.722 Y107.479 E136.6369
G0 F9000 X83.156 Y107.479
G1 F2400 X95.479 Y95.156 E137.07163
G0 F9000 X95.479 Y94.591
G1 F2400 X82.59 Y107.479 E137.5263
G0 F9000 X82.52 Y106.984
G1 F2400 X95.479 Y94.025 E137.98347
G0 F9000 X94.917 Y94.021
G1 F2400 X82.52 Y106.418 E138.4208
G0 F9000 X82.52 Y105.853
G1 F2400 X94.351 Y94.021 E138.83819
G0 F9000 X93.785 Y94.021
G1 F2400 X82.52 Y105.287 E139.23561
G0 F9000 X82.52 Y104.721
G1 F2400 X93.22 Y94.021 E139.61308
G0 F9000 X92.654 Y94.021
G1 F2400 X82.52 Y104.156 E139.97061
G0 F9000 X82.52 Y103.59
G1 F2400 X92.088 Y94.021 E140.30816
G0 F9000 X91.522 Y94.021
G1 F2400 X82.52 Y103.024 E140.62575
G0 F9000 X82.52 Y102.459
G1 F2400 X90.957 Y94.021 E140.9234
G0 F9000 X90.391 Y94.021
G1 F2400 X82.52 Y101.893 E141.20109
G0 F9000 X82.52 Y101.327
G1 F2400 X89.825 Y94.021 E141.45881
G0 F9000 X89.26 Y94.021
G1 F2400 X82.52 Y100.762 E141.6966
G0 F9000 X82.52 Y100.196
G1 F2400 X88.694 Y94.021 E141.91443
G0 F9000 X88.128 Y94.021
G1 F2400 X82.52 Y99.63 E142.11228
G0 F9000 X82.52 Y99.064
G1 F2400 X87.563 Y94.021 E142.29019
G0 F9000 X86.997 Y94.021
G1 F2400 X82.52 Y98.499 E142.44814
G0 F9000 X82.52 Y97.933
G1 F2400 X86.431 Y94.021 E142.58613
G0 F9000 X85.866 Y94.021
G1 F2400 X82.52 Y97.367 E142.70417
G0 F9000 X82.52 Y96.802
G1 F2400 X85.3 Y94.021 E142.80226
G0 F9000 X84.734 Y94.021
G1 F2400 X82.52 Y96.236 E142.88038
G0 F9000 X82.52 Y95.67
G1 F2400 X84.169 Y94.021 E142.93855
G0 F9000 X83.603 Y94.021
G1 F2400 X82.52 Y95.105 E142.97678
G0 F9000 X82.52 Y94.539
G1 F2400 X83.037 Y94.021 E142.99503
G1 F1500 E141.49503
G1 F900 Z1.76
G0 F9000 X83.037 Y94.021 Z1.76
G0 X101.55 Y99.253
;TYPE:WALL-INNER
G1 F900 Z0.76
G1 F480 E143.0574
G1 F1500 X115.45 Y99.253 E143.40413
G1 X115.45 Y107.95 E143.62108
G1 X101.55 Y107.95 E143.96782
G1 X101.55 Y100.918 E144.14323
G0 F1350 X101.55 Y99.253
G0 F9000 X101.81 Y98.828
;TYPE:WALL-OUTER
G1 F480 E144.18477
G1 F900 X115.189 Y98.828 E144.47679
G1 X115.189 Y95.306 E144.55366
G1 X101.81 Y95.306 E144.84569
G1 X101.81 Y96.926 E144.88105
G0 F810 X101.81 Y98.828
G0 F9000 X102.01 Y98.828
G0 X102.01 Y99.213
G1 F1500 E143.38105
G0 F9000 X102.01 Y99.353
G0 X101.62 Y107.88
G0 X101.125 Y108.375
G1 F480 E144.98492
G1 F900 X101.125 Y94.625 E145.28504
G1 X115.875 Y94.625 E145.60699
G1 X115.875 Y108.375 E145.90711
G1 X103.027 Y108.375 E146.18755
G0 F810 X101.125 Y108.375
G0 F9000 X101.125 Y108.175
G0 X101.51 Y107.99
G0 X101.95 Y107.55
;TYPE:WALL-INNER
G1 F480 E146.22906
G1 F1500 X101.95 Y99.653 E146.42605
G1 X115.05 Y99.653 E146.75283
G1 X115.05 Y107.55 E146.94982
G1 X103.615 Y107.55 E147.23507
G0 F1350 X101.95 Y107.55
G0 F9000 X102.34 Y107.16
;TYPE:SKIN
G1 F480 E147.27661
G1 F2400 X102.34 Y100.043 E147.45414
G1 X114.66 Y100.043 E147.76146
G1 X114.66 Y107.16 E147.939
G1 X104.005 Y107.16 E148.20479
G0 F2160 X102.34 Y107.16
G0 F9000 X102.519 Y100.561
G1 F480 E148.24632
G1 F2400 X102.858 Y100.222 E148.25828
G0 F9000 X103.424 Y100.222
G1 F2400 X102.519 Y101.126 E148.29019
G0 F9000 X102.519 Y101.692
G1 F2400 X103.989 Y100.222 E148.34205
G0 F9000 X104.555 Y100.222
G1 F2400 X102.519 Y102.258 E148.41387
G0 F9000 X102.519 Y102.823
G1 F2400 X105.121 Y100.222 E148.50565
G0 F9000 X105.687 Y100.222
G1 F2400 X102.519 Y103.389 E148.61739
G0 F9000 X102.519 Y103.955
G1 F2400 X106.252 Y100.222 E148.74908
G0 F9000 X106.818 Y100.222
G1 F2400 X102.519 Y104.52 E148.90072
G0 F9000 X102.519 Y105.086
G1 F2400 X107.384 Y100.222 E149.07233
G0 F9000 X107.949 Y100.222
G1 F2400 X102.519 Y105.652 E149.26389
G0 F9000 X102.519 Y106.218
G1 F2400 X108.515 Y100.222 E149.47541
G0 F9000 X109.081 Y100.222
G1 F2400 X102.519 Y106.783 E149.70689
G0 F9000 X102.889 Y106.979
G1 F2400 X109.646 Y100.222 E149.94526
G0 F9000 X110.212 Y100.222
G1 F2400 X103.455 Y106.979 E150.18363
G0 F9000 X104.021 Y106.979
G1 F2400 X110.778 Y100.222 E150.422
G0 F9000 X111.343 Y100.222
G1 F2400 X104.586 Y106.979 E150.66037
G0 F9000 X105.152 Y106.979
G1 F2400 X111.909 Y100.222 E150.89875
G0 F9000 X112.475 Y100.222
G1 F2400 X105.718 Y106.979 E151.13712
G0 F9000 X106.283 Y106.979
G1 F2400 X113.04 Y100.222 E151.37549
G0 F9000 X113.606 Y100.222
G1 F2400 X106.849 Y106.979 E151.61386
G0 F9000 X107.415 Y106.979
G1 F2400 X114.172 Y100.222 E151.85223
G0 F9000 X114.479 Y100.481
G1 F2400 X107.98 Y106.979 E152.08148
G0 F9000 X108.546 Y106.979
G1 F2400 X114.479 Y101.046 E152.29079
G0 F9000 X114.479 Y101.612
G1 F2400 X109.112 Y106.979 E152.48012
G0 F9000 X109.677 Y106.979
G1 F2400 X114.479 Y102.178 E152.64951
G0 F9000 X114.479 Y102.744
G1 F2400 X110.243 Y106.979 E152.79893
G0 F9000 X110.809 Y106.979
G1 F2400 X114.479 Y103.309 E152.9284
G0 F9000 X114.479 Y103.875
G1 F2400 X111.374 Y106.979 E153.03791
G0 F9000 X111.94 Y106.979
G1 F2400 X114.479 Y104.441 E153.12747
G0 F9000 X114.479 Y105.006
G1 F2400 X112.506 Y106.979 E153.19707
G0 F9000 X113.072 Y106.979
G1 F2400 X114.479 Y105.572 E153.24671
G0 F9000 X114.479 Y106.138
G1 F2400 X113.637 Y106.979 E153.27639
G0 F9000 X114.203 Y106.979
G1 F2400 X114.479 Y106.703 E153.28613
G1 F1500 E151.78613
G1 F900 Z1.76
G0 F9000 X114.479 Y106.703 Z1.76
G0 X81.55 Y93.052
;TIME_ELAPSED:242.256787
;LAYER:4
M106 S255
G0 X81.55 Y93.052 Z1.91
;TYPE:WALL-INNER
G1 F900 Z0.91
G1 F480 E153.34849
G1 F1500 X96.45 Y93.052 E153.72017
G1 X96.45 Y108.45 E154.10428
G1 X81.55 Y108.45 E154.47596
G1 X81.55 Y94.717 E154.81853
G0 F1350 X81.55 Y93.052
G0 F9000 X81.872 Y92.627
;TYPE:WALL-OUTER
G1 F480 E154.86006
G1 F900 X96.127 Y92.627 E155.17121
G1 X96.127 Y88.872 E155.25317
G1 X81.872 Y88.872 E155.56431
G1 X81.872 Y90.725 E155.60476
G0 F810 X81.872 Y92.627
G0 F9000 X82.072 Y92.627
G0 X82.072 Y93.012
G1 F1500 E154.10476
G0 F9000 X82.072 Y93.152
G0 X81.62 Y108.38
G0 X81.125 Y108.875
G1 F480 E155.70863
G1 F900 X81.125 Y88.125 E156.16154
G1 X96.875 Y88.125 E156.50532
G1 X96.875 Y108.875 E156.95823
G1 X83.027 Y108.875 E157.26049
G0 F810 X81.125 Y108.875
G0 F9000 X81.125 Y108.675
G0 X81.51 Y108.49
G0 X81.95 Y108.05
;TYPE:WALL-INNER
G1 F480 E157.302
G1 F1500 X81.95 Y93.452 E157.66615
G1 X96.05 Y93.452 E158.01788
G1 X96.05 Y108.05 E158.38203
G1 X83.615 Y108.05 E158.69222
G0 F1350 X81.95 Y108.05
G0 F9000 X82.34 Y107.66
;TYPE:SKIN
G1 F480 E158.73375
G1 F2400 X82.34 Y93.842 E159.07844
G1 X95.66 Y93.842 E159.41071
G1 X95.66 Y107.66 E159.7554
G1 X84.005 Y107.66 E160.04614
G0 F2160 X82.34 Y107.66
G0 F9000 X82.554 Y107.444
G1 F480 E160.08767
G1 F2400 X82.837 Y107.161 E160.1001
G0 F9000 X83.72 Y107.479
G1 F2400 X82.52 Y106.278 E160.14245
G0 F9000 X82.52 Y105.713
G1 F2400 X84.286 Y107.479 E160.20475
G0 F9000 X84.852 Y107.479
G1 F2400 X82.52 Y105.147 E160.28702
G0 F9000 X82.52 Y104.581
G1 F2400 X85.417 Y107.479 E160.38924
G0 F9000 X85.983 Y107.479
G1 F2400 X82.52 Y104.016 E160.5114
G0 F9000 X82.52 Y103.45
G1 F2400 X86.549 Y107.479 E160.65354
G0 F9000 X87.114 Y107.479
G1 F2400 X82.52 Y102.884 E160.81562
G0 F9000 X82.52 Y102.319
G1 F2400 X87.68 Y107.479 E160.99766
G0 F9000 X88.246 Y107.479
G1 F2400 X82.52 Y101.753 E161.19966
G0 F9000 X82.52 Y101.187
G1 F2400 X88.811 Y107.479 E161.4216
G0 F9000 X89.377 Y107.479
G1 F2400 X82.52 Y100.622 E161.6635
G0 F9000 X82.52 Y100.056
G1 F2400 X89.943 Y107.479 E161.92537
G0 F9000 X90.508 Y107.479
G1 F2400 X82.52 Y99.49 E162.20719
G0 F9000 X82.52 Y98.924
G1 F2400 X91.074 Y107.479 E162.50897
G0 F9000 X91.64 Y107.479
G1 F2400 X82.52 Y98.359 E162.8307
G0 F9000 X82.52 Y97.793
G1 F2400 X92.206 Y107.479 E163.1724
G0 F9000 X92.771 Y107.479
G1 F2400 X82.52 Y97.227 E163.53405
G0 F9000 X82.52 Y96.662
G1 F2400 X93.337 Y107.479 E163.91565
G0 F9000 X93.903 Y107.479
G1 F2400 X82.52 Y96.096 E164.31722
G0 F9000 X82.52 Y95.53
G1 F2400 X94.468 Y107.479 E164.73873
G0 F9000 X95.034 Y107.479
G1 F2400 X82.52 Y94.965 E165.1802
G0 F9000 X82.52 Y94.399
G1 F2400 X95.479 Y107.359 E165.63738
G0 F9000 X95.479 Y106.793
G1 F2400 X82.708 Y94.022 E166.08791
G0 F9000 X83.274 Y94.022
G1 F2400 X95.479 Y106.227 E166.51847
G0 F9000 X95.479 Y105.662
G1 F2400 X83.84 Y94.022 E166.92909
G0 F9000 X84.405 Y94.022
G1 F2400 X95.479 Y105.096 E167.31975
G0 F9000 X95.479 Y104.53
G1 F2400 X84.971 Y94.022 E167.69045
G0 F9000 X85.537 Y94.022
G1 F2400 X95.479 Y103.965 E168.0412
G0 F9000 X95.479 Y103.399
G1 F2400 X86.102 Y94.022 E168.372
G0 F9000 X86.668 Y94.022
G1 F2400 X95.479 Y102.833 E168.68283
G0 F9000 X95.479 Y102.268
G1 F2400 X87.234 Y94.022 E168.97371
G0 F9000 X87.8 Y94.022
G1 F2400 X95.479 Y101.702 E169.24463
G0 F9000 X95.479 Y101.136
G1 F2400 X88.365 Y94.022 E169.49559
G0 F9000 X88.931 Y94.022
G1 F2400 X95.479 Y100.571 E169.72661
G0 F9000 X95.479 Y100.005
G1 F2400 X89.497 Y94.022 E169.93766
G0 F9000 X90.062 Y94.022
G1 F2400 X95.479 Y99.439 E170.12876
G0 F9000 X95.479 Y98.874
G1 F2400 X90.628 Y94.022 E170.29991
G0 F9000 X91.194 Y94.022
G1 F2400 X95.479 Y98.308 E170.45109
G0 F9000 X95.479 Y97.742
G1 F2400 X91.759 Y94.022 E170.58232
G0 F9000 X92.325 Y94.022
G1 F2400 X95.479 Y97.176 E170.69359
G0 F9000 X95.479 Y96.611
G1 F2400 X92.891 Y94.022 E170.78491
G0 F9000 X93.456 Y94.022
G1 F2400 X95.479 Y96.045 E170.85627
G0 F9000 X95.479 Y95.479
G1 F2400 X94.022 Y94.022 E170.90767
G0 F9000 X94.588 Y94.022
G1 F2400 X95.479 Y94.914 E170.93912
G0 F9000 X95.479 Y94.348
G1 F2400 X95.153 Y94.022 E170.95062
G1 F1500 E169.45062
G1 F900 Z1.91
G0 F9000 X95.153 Y94.022 Z1.91
G0 X101.55 Y99.253
;TYPE:WALL-INNER
G1 F900 Z0.91
G1 F480 E171.01299
G1 F1500 X115.45 Y99.253 E171.35972
G1 X115.45 Y107.95 E171.57667
G1 X101.55 Y107.95 E171.92341
G1 X101.55 Y100.918 E172.09882
G0 F1350 X101.55 Y99.253
G0 F9000 X101.81 Y98.828
;TYPE:WALL-OUTER
G1 F480 E172.14035
G1 F900 X115.189 Y98.828 E172.43238
G1 X115.189 Y95.306 E172.50925
G1 X101.81 Y95.306 E172.80128
G1 X101.81 Y96.926 E172.83664
G0 F810 X101.81 Y98.828
G0 F9000 X102.01 Y98.828
G0 X102.01 Y99.213
G1 F1500 E171.33664
G0 F9000 X102.01 Y99.353
G0 X101.62 Y107.88
G0 X101.125 Y108.375
G1 F480 E172.94051
G1 F900 X101.125 Y94.625 E173.24063
G1 X115.875 Y94.625 E173.56258
G1 X115.875 Y108.375 E173.8627
G1 X103.027 Y108.375 E174.14313
G0 F810 X101.125 Y108.375
G0 F9000 X101.125 Y108.175
G0 X101.51 Y107.99
G0 X101.95 Y107.55
;TYPE:WALL-INNER
G1 F480 E174.18465
G1 F1500 X101.95 Y99.653 E174.38164
G1 X115.05 Y99.653 E174.70842
G1 X115.05 Y107.55 E174.90541
G1 X103.615 Y107.55 E175.19066
G0 F1350 X101.95 Y107.55
G0 F9000 X102.34 Y107.16
;TYPE:SKIN
G1 F480 E175.23219
G1 F2400 X102.34 Y100.043 E175.40973
G1 X114.66 Y100.043 E175.71705
G1 X114.66 Y107.16 E175.89459
G1 X104.005 Y107.16 E176.16038
G0 F2160 X102.34 Y107.16
G0 F9000 X103.019 Y106.978
G1 F480 E176.20191
G1 F2400 X102.519 Y106.478 E176.21955
G0 F9000 X102.519 Y105.913
G1 F2400 X103.584 Y106.978 E176.25712
G0 F9000 X104.15 Y106.978
G1 F2400 X102.519 Y105.347 E176.31466
G0 F9000 X102.519 Y104.781
G1 F2400 X104.716 Y106.978 E176.39216
G0 F9000 X105.281 Y106.978
G1 F2400 X102.519 Y104.216 E176.4896
G0 F9000 X102.519 Y103.65
G1 F2400 X105.847 Y106.978 E176.607
G0 F9000 X106.413 Y106.978
G1 F2400 X102.519 Y103.084 E176.74438
G0 F9000 X102.519 Y102.519
G1 F2400 X106.978 Y106.978 E176.90168
G0 F9000 X107.544 Y106.978
G1 F2400 X102.519 Y101.953 E177.07895
G0 F9000 X102.519 Y101.387
G1 F2400 X108.11 Y106.978 E177.27619
G0 F9000 X108.675 Y106.978
G1 F2400 X102.519 Y100.822 E177.49336
G0 F9000 X102.519 Y100.256
G1 F2400 X109.241 Y106.978 E177.73049
G0 F9000 X109.807 Y106.978
G1 F2400 X103.05 Y100.222 E177.96885
G0 F9000 X103.616 Y100.222
G1 F2400 X110.373 Y106.978 E178.2072
G0 F9000 X110.938 Y106.978
G1 F2400 X104.182 Y100.222 E178.44554
G0 F9000 X104.747 Y100.222
G1 F2400 X111.504 Y106.978 E178.68389
G0 F9000 X112.07 Y106.978
G1 F2400 X105.313 Y100.222 E178.92224
G0 F9000 X105.879 Y100.222
G1 F2400 X112.635 Y106.978 E179.16058
G0 F9000 X113.201 Y106.978
G1 F2400 X106.445 Y100.222 E179.39892
G0 F9000 X107.01 Y100.222
G1 F2400 X113.767 Y106.978 E179.63727
G0 F9000 X114.332 Y106.978
G1 F2400 X107.576 Y100.222 E179.87561
G0 F9000 X108.142 Y100.222
G1 F2400 X114.479 Y106.559 E180.09916
G0 F9000 X114.479 Y105.993
G1 F2400 X108.707 Y100.222 E180.30277
G0 F9000 X109.273 Y100.222
G1 F2400 X114.479 Y105.428 E180.48642
G0 F9000 X114.479 Y104.862
G1 F2400 X109.839 Y100.222 E180.65011
G0 F9000 X110.404 Y100.222
G1 F2400 X114.479 Y104.296 E180.79385
G0 F9000 X114.479 Y103.731
G1 F2400 X110.97 Y100.222 E180.91764
G0 F9000 X111.536 Y100.222
G1 F2400 X114.479 Y103.165 E181.02146
G0 F9000 X114.479 Y102.599
G1 F2400 X112.101 Y100.222 E181.10533
G0 F9000 X112.667 Y100.222
G1 F2400 X114.479 Y102.034 E181.16926
G0 F9000 X114.479 Y101.468
G1 F2400 X113.233 Y100.222 E181.21321
G0 F9000 X114.138 Y100.562
G1 F2400 X114.421 Y100.279 E181.22724
G0 F9000 X114.364 Y100.222
G1 F1500 E179.72724
G1 F900 Z1.91
G0 F9000 X114.364 Y100.222 Z1.91
G0 X81.55 Y93.052
;TIME_ELAPSED:295.518619
;LAYER:5
G0 X81.55 Y93.052 Z2.06
;TYPE:WALL-INNER
G1 F900 Z1.06
G1 F480 E181.2896
G1 F1500 X96.45 Y93.052 E181.66128
G1 X96.45 Y108.45 E182.04539
G1 X81.55 Y108.45 E182.41707
G1 X81.55 Y94.717 E182.75964
G0 F1350 X81.55 Y93.052
G0 F9000 X81.872 Y92.627
;TYPE:WALL-OUTER
G1 F480 E182.80118
G1 F900 X96.127 Y92.627 E183.11232
G1 X96.127 Y88.872 E183.19428
G1 X81.872 Y88.872 E183.50542
G1 X81.872 Y90.725 E183.54587
G0 F810 X81.872 Y92.627
G0 F9000 X82.072 Y92.627
G0 X82.072 Y93.012
G1 F1500 E182.04587
G0 F9000 X82.072 Y93.152
G0 X81.62 Y108.38
G0 X81.125 Y108.875
G1 F480 E183.64975
G1 F900 X81.125 Y88.125 E184.10266
G1 X96.875 Y88.125 E184.44643
G1 X96.875 Y108.875 E184.89934
G1 X83.027 Y108.875 E185.2016
G0 F810 X81.125 Y108.875
G0 F9000 X81.125 Y108.675
G0 X81.51 Y108.49
G0 X81.95 Y108.05
;TYPE:WALL-INNER
G1 F480 E185.24311
G1 F1500 X81.95 Y93.452 E185.60726
G1 X96.05 Y93.452 E185.95899
G1 X96.05 Y108.05 E186.32314
G1 X83.615 Y108.05 E186.63333
G0 F1350 X81.95 Y108.05
G0 F9000 X82.34 Y107.66
;TYPE:SKIN
G1 F480 E186.67486
G1 F2400 X82.34 Y93.842 E187.01956
G1 X95.66 Y93.842 E187.35182
G1 X95.66 Y107.66 E187.69652
G1 X84.005 Y107.66 E187.98725
G0 F2160 X82.34 Y107.66
G0 F9000 X95.479 Y107.036
G1 F480 E188.02878
G1 F2400 X95.035 Y107.479 E188.04443
G0 F9000 X94.47 Y107.479
G1 F2400 X95.479 Y106.47 E188.08002
G0 F9000 X95.479 Y105.904
G1 F2400 X93.904 Y107.479 E188.13559
G0 F9000 X93.338 Y107.479
G1 F2400 X95.479 Y105.339 E188.2111
G0 F9000 X95.479 Y104.773
G1 F2400 X92.773 Y107.479 E188.30656
G0 F9000 X92.207 Y107.479
G1 F2400 X95.479 Y104.207 E188.42199
G0 F9000 X95.479 Y103.642
G1 F2400 X91.641 Y107.479 E188.55737
G0 F9000 X91.076 Y107.479
G1 F2400 X95.479 Y103.076 E188.7127
G0 F9000 X95.479 Y102.51
G1 F2400 X90.51 Y107.479 E188.88799
G0 F9000 X89.944 Y107.479
G1 F2400 X95.479 Y101.944 E189.08325
G0 F9000 X95.479 Y101.379
G1 F2400 X89.379 Y107.479 E189.29845
G0 F9000 X88.813 Y107.479
G1 F2400 X95.479 Y100.813 E189.53361
G0 F9000 X95.479 Y100.247
G1 F2400 X88.247 Y107.479 E189.78874
G0 F9000 X87.681 Y107.479
G1 F2400 X95.479 Y99.682 E190.06381
G0 F9000 X95.479 Y99.116
G1 F2400 X87.116 Y107.479 E190.35884
G0 F9000 X86.55 Y107.479
G1 F2400 X95.479 Y98.55 E190.67384
G0 F9000 X95.479 Y97.985
G1 F2400 X85.984 Y107.479 E191.00878
G0 F9000 X85.419 Y107.479
G1 F2400 X95.479 Y97.419 E191.36367
G0 F9000 X95.479 Y96.853
G1 F2400 X84.853 Y107.479 E191.73853
G0 F9000 X84.287 Y107.479
G1 F2400 X95.479 Y96.288 E192.13334
G0 F9000 X95.479 Y95.722
G1 F2400 X83.722 Y107.479 E192.5481
G0 F9000 X83.156 Y107.479
G1 F2400 X95.479 Y95.156 E192.98283
G0 F9000 X95.479 Y94.591
G1 F2400 X82.59 Y107.479 E193.43751
G0 F9000 X82.52 Y106.984
G1 F2400 X95.479 Y94.025 E193.89467
G0 F9000 X94.917 Y94.021
G1 F2400 X82.52 Y106.418 E194.33201
G0 F9000 X82.52 Y105.853
G1 F2400 X94.351 Y94.021 E194.7494
G0 F9000 X93.785 Y94.021
G1 F2400 X82.52 Y105.287 E195.14682
G0 F9000 X82.52 Y104.721
G1 F2400 X93.22 Y94.021 E195.52429
G0 F9000 X92.654 Y94.021
G1 F2400 X82.52 Y104.156 E195.88181
G0 F9000 X82.52 Y103.59
G1 F2400 X92.088 Y94.021 E196.21937
G0 F9000 X91.522 Y94.021
G1 F2400 X82.52 Y103.024 E196.53695
G0 F9000 X82.52 Y102.459
G1 F2400 X90.957 Y94.021 E196.83461
G0 F9000 X90.391 Y94.021
G1 F2400 X82.52 Y101.893 E197.1123
G0 F9000 X82.52 Y101.327
G1 F2400 X89.825 Y94.021 E197.37002
G0 F9000 X89.26 Y94.021
G1 F2400 X82.52 Y100.762 E197.60781
G0 F9000 X82.52 Y100.196
G1 F2400 X88.694 Y94.021 E197.82563
G0 F9000 X88.128 Y94.021
G1 F2400 X82.52 Y99.63 E198.02349
G0 F9000 X82.52 Y99.064
G1 F2400 X87.563 Y94.021 E198.20139
G0 F9000 X86.997 Y94.021
G1 F2400 X82.52 Y98.499 E198.35935
G0 F9000 X82.52 Y97.933
G1 F2400 X86.431 Y94.021 E198.49734
G0 F9000 X85.866 Y94.021
G1 F2400 X82.52 Y97.367 E198.61538
G0 F9000 X82.52 Y96.802
G1 F2400 X85.3 Y94.021 E198.71346
G0 F9000 X84.734 Y94.021
G1 F2400 X82.52 Y96.236 E198.79159
G0 F9000 X82.52 Y95.67
G1 F2400 X84.169 Y94.021 E198.84976
G0 F9000 X83.603 Y94.021
G1 F2400 X82.52 Y95.105 E198.88798
G0 F9000 X82.52 Y94.539
G1 F2400 X83.037 Y94.021 E198.90624
G1 F1500 E197.40624
G1 F900 Z2.06
G0 F9000 X83.037 Y94.021 Z2.06
G0 X101.55 Y99.253
;TYPE:WALL-INNER
G1 F900 Z1.06
G1 F480 E198.9686
G1 F1500 X115.45 Y99.253 E199.31534
G1 X115.45 Y107.95 E199.53229
G1 X101.55 Y107.95 E199.87902
G1 X101.55 Y100.918 E200.05444
G0 F1350 X101.55 Y99.253
G0 F9000 X101.81 Y98.828
;TYPE:WALL-OUTER
G1 F480 E200.09597
G1 F900 X115.189 Y98.828 E200.38799
G1 X115.189 Y95.306 E200.46487
G1 X101.81 Y95.306 E200.75689
G1 X101.81 Y96.926 E200.79225
G0 F810 X101.81 Y98.828
G0 F9000 X102.01 Y98.828
G0 X102.01 Y99.213
G1 F1500 E199.29225
G0 F9000 X102.01 Y99.353
G0 X101.62 Y107.88
G0 X101.125 Y108.375
G1 F480 E200.89613
G1 F900 X101.125 Y94.625 E201.19625
G1 X115.875 Y94.625 E201.5182
G1 X115.875 Y108.375 E201.81832
G1 X103.027 Y108.375 E202.09875
G0 F810 X101.125 Y108.375
G0 F9000 X101.125 Y108.175
G0 X101.51 Y107.99
G0 X101.95 Y107.55
;TYPE:WALL-INNER
G1 F480 E202.14027
G1 F1500 X101.95 Y99.653 E202.33726
G1 X115.05 Y99.653 E202.66404
G1 X115.05 Y107.55 E202.86103
G1 X103.615 Y107.55 E203.14628
G0 F1350 X101.95 Y107.55
G0 F9000 X102.34 Y107.16
;TYPE:SKIN
G1 F480 E203.18781
G1 F2400 X102.34 Y100.043 E203.36534
G1 X114.66 Y100.043 E203.67267
G1 X114.66 Y107.16 E203.8502
G1 X104.005 Y107.16 E204.11599
G0 F2160 X102.34 Y107.16
G0 F9000 X102.519 Y100.561
G1 F480 E204.15753
G1 F2400 X102.858 Y100.222 E204.16949
G0 F9000 X103.424 Y100.222
G1 F2400 X102.519 Y101.126 E204.20139
G0 F9000 X102.519 Y101.692
G1 F2400 X103.989 Y100.222 E204.25325
G0 F9000 X104.555 Y100.222
G1 F2400 X102.519 Y102.258 E204.32508
G0 F9000 X102.519 Y102.823
G1 F2400 X105.121 Y100.222 E204.41685
G0 F9000 X105.687 Y100.222
G1 F2400 X102.519 Y103.389 E204.52859
G0 F9000 X102.519 Y103.955
G1 F2400 X106.252 Y100.222 E204.66029
G0 F9000 X106.818 Y100.222
G1 F2400 X102.519 Y104.52 E204.81193
G0 F9000 X102.519 Y105.086
G1 F2400 X107.384 Y100.222 E204.98354
G0 F9000 X107.949 Y100.222
G1 F2400 X102.519 Y105.652 E205.17509
G0 F9000 X102.519 Y106.218
G1 F2400 X108.515 Y100.222 E205.38662
G0 F9000 X109.081 Y100.222
G1 F2400 X102.519 Y106.783 E205.61809
G0 F9000 X102.889 Y106.979
G1 F2400 X109.646 Y100.222 E205.85647
G0 F9000 X110.212 Y100.222
G1 F2400 X103.455 Y106.979 E206.09484
G0 F9000 X104.021 Y106.979
G1 F2400 X110.778 Y100.222 E206.33321
G0 F9000 X111.343 Y100.222
G1 F2400 X104.586 Y106.979 E206.57158
G0 F9000 X105.152 Y106.979
G1 F2400 X111.909 Y100.222 E206.80995
G0 F9000 X112.475 Y100.222
G1 F2400 X105.718 Y106.979 E207.04832
G0 F9000 X106.283 Y106.979
G1 F2400 X113.04 Y100.222 E207.28669
G0 F9000 X113.606 Y100.222
G1 F2400 X106.849 Y106.979 E207.52507
G0 F9000 X107.415 Y106.979
G1 F2400 X114.172 Y100.222 E207.76344
G0 F9000 X114.479 Y100.481
G1 F2400 X107.98 Y106.979 E207.99269
G0 F9000 X108.546 Y106.979
G1 F2400 X114.479 Y101.046 E208.20199
G0 F9000 X114.479 Y101.612
G1 F2400 X109.112 Y106.979 E208.39133
G0 F9000 X109.677 Y106.979
G1 F2400 X114.479 Y102.178 E208.56071
G0 F9000 X114.479 Y102.744
G1 F2400 X110.243 Y106.979 E208.71013
G0 F9000 X110.809 Y106.979
G1 F2400 X114.479 Y103.309 E208.8396
G0 F9000 X114.479 Y103.875
G1 F2400 X111.374 Y106.979 E208.94912
G0 F9000 X111.94 Y106.979
G1 F2400 X114.479 Y104.441 E209.03867
G0 F9000 X114.479 Y105.006
G1 F2400 X112.506 Y106.979 E209.10828
G0 F9000 X113.072 Y106.979
G1 F2400 X114.479 Y105.572 E209.15791
G0 F9000 X114.479 Y106.138
G1 F2400 X113.637 Y106.979 E209.1876
G0 F9000 X114.203 Y106.979
G1 F2400 X114.479 Y106.703 E209.19733
G1 F1500 E207.69733
G1 F900 Z2.06
G0 F9000 X114.479 Y106.703 Z2.06
G0 X81.872 Y108.128
;TIME_ELAPSED:349.397968
;LAYER:6
G0 X81.872 Y108.128 Z2.21
;TYPE:WALL-OUTER
G1 F900 Z1.21
G1 F480 E209.2597
G1 F900 X96.127 Y108.128 E209.57084
G1 X96.127 Y88.872 E209.99114
G1 X81.872 Y88.872 E210.30228
G1 X81.872 Y106.226 E210.68107
G0 F810 X81.872 Y108.128
G0 F9000 X82.072 Y108.128
G0 X82.072 Y108.513
G0 X81.125 Y108.875
G1 F480 E210.72258
G1 F900 X81.125 Y88.125 E211.17549
G1 X96.875 Y88.125 E211.51927
G1 X96.875 Y108.875 E211.97218
G1 X83.027 Y108.875 E212.27444
G0 F810 X81.125 Y108.875
G0 F9000 X81.125 Y108.675
G0 X81.51 Y108.49
G0 X81.525 Y108.475
G1 F1500 E210.77444
G1 F900 Z2.21
G0 F9000 X81.525 Y108.475 Z2.21
G0 X88.119 Y101.175
;TYPE:WALL-INNER
G1 F900 Z1.21
G1 F480 E212.37831
G1 F1500 X87.967 Y101.016 E212.3838
G1 X87.816 Y100.808 E212.39021
G1 X87.693 Y100.588 E212.3965
G1 X87.588 Y100.333 E212.40338
G1 X87.514 Y100.07 E212.4102
G1 X87.466 Y99.784 E212.41743
G1 X87.45 Y99.5 E212.42453
G1 X87.466 Y99.215 E212.43165
G1 X87.514 Y98.93 E212.43886
G1 X87.587 Y98.671 E212.44557
G1 X87.695 Y98.407 E212.45268
G1 X87.816 Y98.192 E212.45884
G1 X87.967 Y97.984 E212.46525
G1 X88.119 Y97.825 E212.47074
G1 X88.302 Y97.678 E212.47659
G1 X88.455 Y97.588 E212.48102
G1 X88.659 Y97.505 E212.48651
G1 X88.825 Y97.468 E212.49076
G1 X89.001 Y97.454 E212.49516
G1 X89.18 Y97.468 E212.49964
G1 X89.363 Y97.511 E212.50433
G1 X89.531 Y97.58 E212.50886
G1 X89.703 Y97.682 E212.51385
G1 X89.881 Y97.825 E212.51954
G1 X90.033 Y97.984 E212.52503
G1 X90.184 Y98.192 E212.53144
G1 X90.305 Y98.407 E212.5376
G1 X90.413 Y98.671 E212.54471
G1 X90.486 Y98.93 E212.55142
G1 X90.534 Y99.215 E212.55863
G1 X90.55 Y99.5 E212.56575
G1 X90.534 Y99.784 E212.57285
G1 X90.486 Y100.07 E212.58008
G1 X90.412 Y100.333 E212.5869
G1 X90.307 Y100.588 E212.59378
G1 X90.184 Y100.808 E212.60006
G1 X90.033 Y101.016 E212.60648
G1 X89.881 Y101.175 E212.61196
G1 X89.703 Y101.318 E212.61766
G1 X89.653 Y101.348 E212.61911
G0 F1350 X89.531 Y101.42
G0 X89.363 Y101.489
G0 X89.18 Y101.532
G0 X89 Y101.546
G0 X88.82 Y101.532
G0 X88.637 Y101.489
G0 X88.469 Y101.42
G0 X88.297 Y101.318
G0 X88.119 Y101.175
G0 F9000 X87.849 Y101.471
G1 F480 E212.66065
G1 F1500 X87.656 Y101.269 E212.66762
G1 X87.478 Y101.024 E212.67517
G1 X87.334 Y100.767 E212.68252
G1 X87.208 Y100.459 E212.69082
G1 X87.122 Y100.156 E212.69868
G1 X87.069 Y99.834 E212.70682
G1 X87.068 Y99.807 E212.70749
G1 X87.052 Y99.523 E212.71459
G1 X87.05 Y99.5 E212.71516
G1 X87.069 Y99.163 E212.72358
G1 X87.122 Y98.845 E212.73162
G1 X87.208 Y98.541 E212.73951
G1 X87.335 Y98.231 E212.74786
G1 X87.478 Y97.976 E212.75516
G1 X87.656 Y97.731 E212.76271
G1 X87.849 Y97.529 E212.76968
G1 X88.072 Y97.35 E212.77681
G1 X88.282 Y97.226 E212.7829
G1 X88.537 Y97.123 E212.78976
G1 X88.571 Y97.116 E212.79062
G1 X88.768 Y97.071 E212.79566
G1 X89 Y97.053 E212.80147
G1 X89.239 Y97.071 E212.80745
G1 X89.484 Y97.129 E212.81373
G1 X89.715 Y97.223 E212.81995
G1 X89.928 Y97.35 E212.82613
G1 X90.151 Y97.529 E212.83327
G1 X90.344 Y97.731 E212.84024
G1 X90.522 Y97.976 E212.84779
G1 X90.665 Y98.231 E212.85508
G1 X90.792 Y98.541 E212.86344
G1 X90.878 Y98.845 E212.87132
G1 X90.931 Y99.163 E212.87936
G1 X90.932 Y99.192 E212.88009
G1 X90.948 Y99.477 E212.88721
G1 X90.95 Y99.5 E212.88778
G1 X90.931 Y99.834 E212.89613
G1 X90.878 Y100.156 E212.90427
G1 X90.792 Y100.459 E212.91213
G1 X90.666 Y100.767 E212.92043
G1 X90.522 Y101.024 E212.92778
G1 X90.344 Y101.269 E212.93533
G1 X90.151 Y101.471 E212.9423
G1 X89.928 Y101.65 E212.94943
G1 X89.715 Y101.777 E212.95562
G1 X89.514 Y101.858 E212.96102
G1 X89.484 Y101.871 E212.96184
G1 X89.456 Y101.877 E212.96255
G1 X89.389 Y101.893 E212.96427
G0 F1350 X89.239 Y101.929
G0 X89 Y101.947
G0 X88.761 Y101.929
G0 X88.516 Y101.871
G0 X88.285 Y101.777
G0 X88.072 Y101.65
G0 X87.849 Y101.471
G0 F9000 X87.563 Y101.787
;TYPE:WALL-OUTER
G1 F480 E213.00581
G1 F900 X87.328 Y101.541 E213.01323
G1 X87.121 Y101.256 E213.02092
G1 X86.95 Y100.95 E213.02857
G1 X86.806 Y100.6 E213.03683
G1 X86.707 Y100.249 E213.04479
G1 X86.646 Y99.882 E213.05291
G1 X86.625 Y99.5 E213.06126
G1 X86.646 Y99.115 E213.06968
G1 X86.707 Y98.751 E213.07773
G1 X86.806 Y98.4 E213.08569
G1 X86.951 Y98.048 E213.094
G1 X87.121 Y97.744 E213.10161
G1 X87.328 Y97.459 E213.10929
G1 X87.563 Y97.213 E213.11672
G1 X87.825 Y97.003 E213.12405
G1 X88.098 Y96.841 E213.13098
G1 X88.405 Y96.718 E213.1382
G1 X88.709 Y96.649 E213.145
G1 X89 Y96.626 E213.15137
G1 X89.306 Y96.65 E213.15807
G1 X89.61 Y96.722 E213.16489
G1 X89.904 Y96.842 E213.17182
G1 X90.175 Y97.003 E213.1787
G1 X90.437 Y97.213 E213.18603
G1 X90.672 Y97.459 E213.19346
G1 X90.879 Y97.744 E213.20115
G1 X91.049 Y98.048 E213.20875
G1 X91.194 Y98.4 E213.21706
G1 X91.293 Y98.751 E213.22502
G1 X91.354 Y99.115 E213.23307
G1 X91.375 Y99.5 E213.24149
G1 X91.354 Y99.882 E213.24984
G1 X91.293 Y100.249 E213.25796
G1 X91.194 Y100.6 E213.26592
G1 X91.05 Y100.95 E213.27418
G1 X90.879 Y101.256 E213.28183
G1 X90.672 Y101.541 E213.28952
G1 X90.437 Y101.787 E213.29695
G1 X90.175 Y101.997 E213.30427
G1 X89.904 Y102.158 E213.31116
G1 X89.61 Y102.278 E213.31809
G1 X89.316 Y102.348 E213.32468
G0 F810 X89.306 Y102.35
G0 X89 Y102.374
G0 X88.694 Y102.35
G0 X88.39 Y102.278
G0 X88.096 Y102.158
G0 X87.825 Y101.997
G0 X87.563 Y101.787
G0 F9000 X87.425 Y101.643
G0 X87.704 Y101.378
G0 X87.84 Y99.151
;TYPE:FILL
G1 F480 E213.3662
G1 F3000 X89.615 Y100.926 E213.42882
G1 X89.644 Y100.904 E213.42972
G1 X89.754 Y100.787 E213.43373
G1 X89.882 Y100.611 E213.43916
G1 X89.978 Y100.438 E213.44409
G1 X90.073 Y100.21 E213.45026
G1 X90.134 Y99.992 E213.4559
G1 X90.176 Y99.745 E213.46215
G1 X90.189 Y99.5 E213.46827
G1 X90.177 Y99.282 E213.47372
G1 X88.466 Y100.992 E213.53406
G1 X88.356 Y100.904 E213.53757
G1 X88.246 Y100.787 E213.54158
G1 X88.118 Y100.611 E213.54701
G1 X88.022 Y100.438 E213.55194
G1 X87.927 Y100.21 E213.55811
G1 X87.866 Y99.992 E213.56375
G1 X87.824 Y99.745 E213.57
G1 X87.811 Y99.5 E213.57612
G1 X87.824 Y99.254 E213.58227
G1 X87.865 Y99.012 E213.58839
G1 X87.93 Y98.782 E213.59435
G1 X88.016 Y98.57 E213.60006
G1 X88.116 Y98.394 E213.60511
G1 X88.25 Y98.208 E213.61083
G1 X88.357 Y98.096 E213.61469
G1 X88.506 Y97.977 E213.61945
G1 X88.617 Y97.911 E213.62267
G1 X88.774 Y97.847 E213.6269
G1 X88.874 Y97.825 E213.62945
G1 X89.002 Y97.814 E213.63266
G1 F1500 E212.13266
G1 F900 Z2.21
G0 F9000 X89.002 Y97.814 Z2.21
G0 X101.81 Y107.694
;TYPE:WALL-OUTER
G1 F900 Z1.21
G1 F480 E213.69502
G1 F900 X115.189 Y107.694 E213.98704
G1 X115.189 Y95.306 E214.25744
G1 X101.81 Y95.306 E214.54946
G1 X101.81 Y105.792 E214.77834
G0 F810 X101.81 Y107.694
G0 F9000 X102.01 Y107.694
G0 X101.125 Y108.375
G1 F480 E214.81985
G1 F900 X101.125 Y94.625 E215.11997
G1 X115.875 Y94.625 E215.44192
G1 X115.875 Y108.375 E215.74204
G1 X103.027 Y108.375 E216.02247
G0 F810 X101.125 Y108.375
G0 F9000 X101.125 Y108.175
G0 X101.525 Y107.975
G1 F1500 E214.52247
G1 F900 Z2.21
G0 F9000 X101.525 Y107.975 Z2.21
G0 X107.866 Y104.208
;TYPE:WALL-INNER
G1 F900 Z1.21
G1 F480 E216.12635
G1 F1500 X107.758 Y104.048 E216.13117
G1 X107.684 Y103.899 E216.13532
G1 X107.627 Y103.731 E216.13974
G1 X107.588 Y103.539 E216.14463
G1 X107.578 Y103.367 E216.14893
G1 X107.588 Y103.193 E216.15327
G1 X107.627 Y103.002 E216.15814
G1 X107.684 Y102.834 E216.16256
G1 X107.756 Y102.689 E216.1666
G1 X107.875 Y102.514 E216.17188
G1 X107.977 Y102.397 E216.17575
G1 X108.118 Y102.274 E216.18042
G1 X108.274 Y102.17 E216.1851
G1 X108.437 Y102.09 E216.18963
G1 X108.603 Y102.034 E216.194
G1 X108.802 Y101.995 E216.19905
G1 X108.968 Y101.985 E216.2032
G1 X109.149 Y101.996 E216.20773
G1 X109.328 Y102.032 E216.21228
G1 X109.502 Y102.091 E216.21686
G1 X109.67 Y102.174 E216.22154
G1 X109.817 Y102.272 E216.22595
G1 X109.95 Y102.387 E216.23033
G1 X110.077 Y102.531 E216.23512
G1 X110.174 Y102.677 E216.23949
G1 X110.256 Y102.843 E216.24411
G1 X110.312 Y103.005 E216.24839
G1 X110.35 Y103.192 E216.25315
G1 X110.36 Y103.367 E216.25752
G1 X110.35 Y103.542 E216.26189
G1 X110.313 Y103.725 E216.26655
G1 X110.255 Y103.896 E216.27105
G1 X110.178 Y104.05 E216.27535
G1 X110.07 Y104.211 E216.28019
G1 X109.956 Y104.34 E216.28448
G1 X109.823 Y104.456 E216.28888
G1 X109.655 Y104.568 E216.29392
G1 X109.51 Y104.64 E216.29796
G1 X109.362 Y104.69 E216.30185
G0 F1350 X109.326 Y104.702
G0 X109.153 Y104.736
G0 X108.968 Y104.748
G0 X108.785 Y104.737
G0 X108.607 Y104.701
G0 X108.435 Y104.643
G0 X108.278 Y104.565
G0 X108.121 Y104.462
G0 X107.982 Y104.34
G0 X107.866 Y104.208
G0 F9000 X107.55 Y104.455
G1 F480 E216.34339
G1 F1500 X107.412 Y104.25 E216.34955
G1 X107.313 Y104.051 E216.3551
G1 X107.24 Y103.835 E216.36078
G1 X107.191 Y103.594 E216.36692
G1 X107.19 Y103.564 E216.36767
G1 X107.177 Y103.367 E216.37259
G1 X107.191 Y103.139 E216.37829
G1 X107.24 Y102.898 E216.38443
G1 X107.313 Y102.682 E216.39011
G1 X107.412 Y102.483 E216.39566
G1 X107.553 Y102.274 E216.40195
G1 X107.699 Y102.108 E216.40746
G1 X107.87 Y101.959 E216.41312
G1 X108.073 Y101.823 E216.41921
G1 X108.288 Y101.718 E216.42518
G1 X108.499 Y101.646 E216.43074
G1 X108.748 Y101.598 E216.43707
G1 X108.778 Y101.597 E216.43782
G1 X108.943 Y101.587 E216.44194
G1 X108.968 Y101.585 E216.44257
G1 X109.2 Y101.599 E216.44837
G1 X109.437 Y101.646 E216.45439
G1 X109.655 Y101.72 E216.46014
G1 X109.87 Y101.826 E216.46612
G1 X110.057 Y101.951 E216.47173
G1 X110.235 Y102.105 E216.4776
G1 X110.394 Y102.286 E216.48361
G1 X110.519 Y102.473 E216.48922
G1 X110.628 Y102.692 E216.49532
G1 X110.698 Y102.897 E216.50072
G1 X110.741 Y103.113 E216.50622
G1 X110.747 Y103.139 E216.50688
G1 X110.748 Y103.167 E216.50758
G1 X110.761 Y103.367 E216.51258
G1 X110.747 Y103.595 E216.51828
G1 X110.699 Y103.833 E216.52434
G1 X110.625 Y104.05 E216.53006
G1 X110.523 Y104.254 E216.53575
G1 X110.388 Y104.456 E216.54181
G1 X110.238 Y104.626 E216.54746
G1 X110.068 Y104.774 E216.55308
G1 X109.861 Y104.912 E216.55929
G1 X109.657 Y105.013 E216.56497
G1 X109.436 Y105.088 E216.57079
G1 X109.202 Y105.134 E216.57674
G1 X109.003 Y105.146 E216.58171
G0 F1350 X108.992 Y105.146
G0 X108.968 Y105.148
G0 X108.736 Y105.134
G0 X108.497 Y105.087
G0 X108.285 Y105.015
G0 X108.073 Y104.91
G0 X107.878 Y104.781
G0 X107.699 Y104.625
G0 X107.55 Y104.455
G0 F9000 X107.212 Y104.715
;TYPE:WALL-OUTER
G1 F480 E216.62325
G1 F900 X107.047 Y104.469 E216.62971
G1 X106.917 Y104.208 E216.63608
G1 X106.828 Y103.945 E216.64214
G1 X106.769 Y103.653 E216.64864
G1 X106.751 Y103.367 E216.65489
G1 X106.769 Y103.08 E216.66117
G1 X106.828 Y102.788 E216.66767
G1 X106.917 Y102.525 E216.67373
G1 X107.047 Y102.264 E216.6801
G1 X107.212 Y102.019 E216.68654
G1 X107.399 Y101.806 E216.69273
G1 X107.617 Y101.616 E216.69904
G1 X107.86 Y101.454 E216.70542
G1 X108.121 Y101.326 E216.71176
G1 X108.389 Y101.235 E216.71794
G1 X108.696 Y101.176 E216.72476
G1 X108.969 Y101.159 E216.73073
G1 X109.257 Y101.177 E216.73703
G1 X109.548 Y101.235 E216.74351
G1 X109.817 Y101.326 E216.74971
G1 X110.078 Y101.454 E216.75605
G1 X110.32 Y101.616 E216.76241
G1 X110.534 Y101.802 E216.7686
G1 X110.729 Y102.023 E216.77503
G1 X110.89 Y102.264 E216.78136
G1 X111.02 Y102.526 E216.78774
G1 X111.11 Y102.788 E216.79379
G1 X111.169 Y103.08 E216.80029
G1 X111.187 Y103.367 E216.80657
G1 X111.169 Y103.653 E216.81282
G1 X111.111 Y103.943 E216.81928
G1 X111.019 Y104.21 E216.82544
G1 X110.89 Y104.469 E216.83176
G1 X110.726 Y104.714 E216.83819
G1 X110.538 Y104.928 E216.84441
G1 X110.321 Y105.117 E216.85069
G1 X110.078 Y105.279 E216.85706
G1 X109.817 Y105.408 E216.86342
G1 X109.548 Y105.499 E216.86962
G1 X109.257 Y105.556 E216.87609
G1 X108.969 Y105.574 E216.88239
G1 X108.85 Y105.566 E216.88499
G0 F810 X108.68 Y105.556
G0 X108.389 Y105.499
G0 X108.121 Y105.408
G0 X107.86 Y105.279
G0 X107.622 Y105.121
G0 X107.396 Y104.924
G0 X107.212 Y104.715
G0 F9000 X107.101 Y104.549
G0 X107.421 Y104.336
G0 X108.128 Y103.952
;TYPE:FILL
G1 F480 E216.92651
G1 F3000 X109.552 Y102.529 E216.97672
G1 X109.594 Y102.558 E216.978
G1 X109.698 Y102.646 E216.98139
G1 X109.797 Y102.758 E216.98512
G1 X109.859 Y102.852 E216.98793
G1 X109.924 Y102.983 E216.99158
G1 X109.961 Y103.09 E216.9944
G1 X109.993 Y103.242 E216.99828
G1 X110 Y103.367 E217.0014
G1 X109.993 Y103.493 E217.00455
G1 X109.963 Y103.636 E217.0082
G1 X109.923 Y103.752 E217.01126
G1 X109.864 Y103.871 E217.01457
G1 X109.786 Y103.988 E217.01808
G1 X109.699 Y104.086 E217.02135
G1 X109.607 Y104.167 E217.0244
G1 X109.473 Y104.258 E217.02844
G1 X109.37 Y104.307 E217.03129
G1 X109.23 Y104.355 E217.03498
G1 X109.113 Y104.377 E217.03795
G1 X108.965 Y104.386 E217.04165
G1 X108.834 Y104.38 E217.04492
G1 X108.701 Y104.352 E217.04831
G1 X108.573 Y104.309 E217.05168
G1 X108.445 Y104.246 E217.05524
G1 X108.344 Y104.179 E217.05826
G1 X108.234 Y104.083 E217.0619
G1 X108.158 Y103.996 E217.06479
G1 X108.064 Y103.856 E217.06899
G1 X108.021 Y103.769 E217.07141
G1 X107.976 Y103.635 E217.07494
G1 X107.945 Y103.488 E217.07869
G1 X107.939 Y103.367 E217.08171
G1 X107.945 Y103.244 E217.08478
G1 X107.976 Y103.098 E217.0885
G1 X108.02 Y102.967 E217.09195
G1 X108.068 Y102.872 E217.09461
G1 X108.161 Y102.734 E217.09876
G1 X108.236 Y102.648 E217.1016
G1 X108.33 Y102.566 E217.10472
G1 X108.456 Y102.481 E217.10851
G1 X108.571 Y102.425 E217.1117
G1 X108.696 Y102.383 E217.11499
G1 X108.851 Y102.352 E217.11893
G1 X108.968 Y102.346 E217.12185
G1 F1500 E215.62185
G1 F900 Z2.21
G0 F9000 X108.968 Y102.346 Z2.21
G0 X81.872 Y108.128
;TIME_ELAPSED:375.186407
;LAYER:7
G0 X81.872 Y108.128 Z2.36
;TYPE:WALL-OUTER
G1 F900 Z1.36
G1 F480 E217.18422
G1 F900 X96.127 Y108.128 E217.49536
G1 X96.127 Y88.872 E217.91566
G1 X81.872 Y88.872 E218.2268
G1 X81.872 Y106.226 E218.60559
G0 F810 X81.872 Y108.128
G0 F9000 X82.072 Y108.128
G0 X82.072 Y108.513
G0 X81.125 Y108.875
G1 F480 E218.6471
G1 F900 X81.125 Y88.125 E219.10001
G1 X96.875 Y88.125 E219.44379
G1 X96.875 Y108.875 E219.8967
G1 X83.027 Y108.875 E220.19896
G0 F810 X81.125 Y108.875
G0 F9000 X81.125 Y108.675
G0 X81.51 Y108.49
G0 X81.525 Y108.475
G1 F1500 E218.69896
G1 F900 Z2.36
G0 F9000 X81.525 Y108.475 Z2.36
G0 X88.119 Y101.175
;TYPE:WALL-INNER
G1 F900 Z1.36
G1 F480 E220.30283
G1 F1500 X87.967 Y101.016 E220.30832
G1 X87.816 Y100.808 E220.31473
G1 X87.693 Y100.588 E220.32102
G1 X87.588 Y100.333 E220.3279
G1 X87.514 Y100.07 E220.33471
G1 X87.466 Y99.784 E220.34195
G1 X87.45 Y99.5 E220.34904
G1 X87.466 Y99.215 E220.35616
G1 X87.514 Y98.93 E220.36337
G1 X87.587 Y98.671 E220.37009
G1 X87.695 Y98.407 E220.3772
G1 X87.816 Y98.192 E220.38336
G1 X87.967 Y97.984 E220.38977
G1 X88.119 Y97.825 E220.39525
G1 X88.297 Y97.682 E220.40095
G1 X88.469 Y97.58 E220.40594
G1 X88.637 Y97.511 E220.41047
G1 X88.82 Y97.468 E220.41516
G1 X89 Y97.454 E220.41966
G1 X89.18 Y97.468 E220.42417
G1 X89.363 Y97.511 E220.42885
G1 X89.531 Y97.58 E220.43338
G1 X89.703 Y97.682 E220.43837
G1 X89.881 Y97.825 E220.44407
G1 X90.033 Y97.984 E220.44956
G1 X90.184 Y98.192 E220.45597
G1 X90.305 Y98.407 E220.46212
G1 X90.413 Y98.671 E220.46924
G1 X90.486 Y98.93 E220.47595
G1 X90.534 Y99.215 E220.48316
G1 X90.55 Y99.5 E220.49028
G1 X90.534 Y99.784 E220.49738
G1 X90.486 Y100.07 E220.50461
G1 X90.412 Y100.333 E220.51142
G1 X90.307 Y100.588 E220.5183
G1 X90.184 Y100.808 E220.52459
G1 X90.033 Y101.016 E220.531
G1 X89.881 Y101.175 E220.53649
G1 X89.703 Y101.318 E220.54219
G1 X89.653 Y101.348 E220.54364
G0 F1350 X89.531 Y101.42
G0 X89.363 Y101.489
G0 X89.18 Y101.532
G0 X89 Y101.546
G0 X88.82 Y101.532
G0 X88.637 Y101.489
G0 X88.469 Y101.42
G0 X88.297 Y101.318
G0 X88.119 Y101.175
G0 F9000 X87.849 Y101.471
G1 F480 E220.58517
G1 F1500 X87.656 Y101.269 E220.59214
G1 X87.478 Y101.024 E220.5997
G1 X87.334 Y100.767 E220.60705
G1 X87.208 Y100.459 E220.61535
G1 X87.122 Y100.156 E220.6232
G1 X87.069 Y99.834 E220.63134
G1 X87.068 Y99.807 E220.63202
G1 X87.052 Y99.523 E220.63911
G1 X87.05 Y99.5 E220.63969
G1 X87.069 Y99.163 E220.64811
G1 X87.122 Y98.845 E220.65615
G1 X87.208 Y98.541 E220.66403
G1 X87.335 Y98.231 E220.67239
G1 X87.478 Y97.976 E220.67968
G1 X87.656 Y97.731 E220.68724
G1 X87.849 Y97.529 E220.69421
G1 X88.072 Y97.35 E220.70134
G1 X88.285 Y97.223 E220.70752
G1 X88.486 Y97.142 E220.71293
G1 X88.516 Y97.129 E220.71375
G1 X88.544 Y97.123 E220.71446
G1 X88.761 Y97.071 E220.72003
G1 X89 Y97.053 E220.72601
G1 X89.239 Y97.071 E220.73198
G1 X89.484 Y97.129 E220.73826
G1 X89.715 Y97.223 E220.74449
G1 X89.928 Y97.35 E220.75067
G1 X90.151 Y97.529 E220.75781
G1 X90.344 Y97.731 E220.76477
G1 X90.522 Y97.976 E220.77233
G1 X90.665 Y98.231 E220.77962
G1 X90.792 Y98.541 E220.78798
G1 X90.878 Y98.845 E220.79586
G1 X90.931 Y99.163 E220.8039
G1 X90.932 Y99.192 E220.80462
G1 X90.948 Y99.477 E220.81175
G1 X90.95 Y99.5 E220.81232
G1 X90.931 Y99.834 E220.82067
G1 X90.878 Y100.156 E220.82881
G1 X90.792 Y100.459 E220.83666
G1 X90.666 Y100.767 E220.84496
G1 X90.522 Y101.024 E220.85231
G1 X90.344 Y101.269 E220.85987
G1 X90.151 Y101.471 E220.86684
G1 X89.928 Y101.65 E220.87397
G1 X89.715 Y101.777 E220.88016
G1 X89.514 Y101.858 E220.88556
G1 X89.484 Y101.871 E220.88638
G1 X89.456 Y101.877 E220.88709
G1 X89.389 Y101.893 E220.88881
G0 F1350 X89.239 Y101.929
G0 X89 Y101.947
G0 X88.761 Y101.929
G0 X88.516 Y101.871
G0 X88.285 Y101.777
G0 X88.072 Y101.65
G0 X87.849 Y101.471
G0 F9000 X87.563 Y101.787
;TYPE:WALL-OUTER
G1 F480 E220.93034
G1 F900 X87.328 Y101.541 E220.93777
G1 X87.121 Y101.256 E220.94546
G1 X86.95 Y100.95 E220.95311
G1 X86.806 Y100.6 E220.96137
G1 X86.707 Y100.249 E220.96933
G1 X86.646 Y99.882 E220.97745
G1 X86.625 Y99.5 E220.9858
G1 X86.646 Y99.115 E220.99422
G1 X86.707 Y98.751 E221.00227
G1 X86.806 Y98.4 E221.01023
G1 X86.951 Y98.048 E221.01854
G1 X87.121 Y97.744 E221.02614
G1 X87.328 Y97.459 E221.03383
G1 X87.563 Y97.213 E221.04126
G1 X87.825 Y97.003 E221.04859
G1 X88.096 Y96.842 E221.05547
G1 X88.39 Y96.722 E221.0624
G1 X88.694 Y96.65 E221.06922
G1 X89 Y96.626 E221.07592
G1 X89.306 Y96.65 E221.08262
G1 X89.61 Y96.722 E221.08944
G1 X89.904 Y96.842 E221.09637
G1 X90.175 Y97.003 E221.10325
G1 X90.437 Y97.213 E221.11058
G1 X90.672 Y97.459 E221.118
G1 X90.879 Y97.744 E221.12569
G1 X91.049 Y98.048 E221.13329
G1 X91.194 Y98.4 E221.1416
G1 X91.293 Y98.751 E221.14956
G1 X91.354 Y99.115 E221.15762
G1 X91.375 Y99.5 E221.16603
G1 X91.354 Y99.882 E221.17438
G1 X91.293 Y100.249 E221.1825
G1 X91.194 Y100.6 E221.19046
G1 X91.05 Y100.95 E221.19873
G1 X90.879 Y101.256 E221.20638
G1 X90.672 Y101.541 E221.21407
G1 X90.437 Y101.787 E221.22149
G1 X90.175 Y101.997 E221.22882
G1 X89.904 Y102.158 E221.2357
G1 X89.61 Y102.278 E221.24263
G1 X89.316 Y102.348 E221.24923
G0 F810 X89.306 Y102.35
G0 X89 Y102.374
G0 X88.694 Y102.35
G0 X88.39 Y102.278
G0 X88.096 Y102.158
G0 X87.825 Y101.997
G0 X87.563 Y101.787
G0 F9000 X87.425 Y101.643
G0 X87.704 Y101.378
G0 X87.84 Y99.151
;TYPE:FILL
G1 F480 E221.29074
G1 F3000 X89.615 Y100.926 E221.35336
G1 X89.644 Y100.904 E221.35427
G1 X89.754 Y100.787 E221.35827
G1 X89.882 Y100.611 E221.3637
G1 X89.978 Y100.438 E221.36864
G1 X90.073 Y100.21 E221.3748
G1 X90.134 Y99.992 E221.38045
G1 X90.176 Y99.745 E221.3867
G1 X90.189 Y99.5 E221.39282
G1 X90.177 Y99.282 E221.39826
G1 X88.466 Y100.992 E221.45861
G1 X88.356 Y100.904 E221.46212
G1 X88.246 Y100.787 E221.46613
G1 X88.118 Y100.611 E221.47155
G1 X88.022 Y100.438 E221.47649
G1 X87.927 Y100.21 E221.48265
G1 X87.866 Y99.992 E221.4883
G1 X87.824 Y99.745 E221.49455
G1 X87.811 Y99.5 E221.50067
G1 X87.824 Y99.254 E221.50681
G1 X87.865 Y99.012 E221.51294
G1 X87.93 Y98.782 E221.5189
G1 X88.016 Y98.57 E221.5246
G1 X88.116 Y98.394 E221.52965
G1 X88.25 Y98.208 E221.53537
G1 X88.356 Y98.096 E221.53922
G1 X88.505 Y97.977 E221.54398
G1 X88.63 Y97.904 E221.54759
G1 X88.749 Y97.854 E221.55081
G1 X88.877 Y97.825 E221.55408
G1 X89 Y97.814 E221.55716
G1 F1500 E220.05716
G1 F900 Z2.36
G0 F9000 X89 Y97.814 Z2.36
G0 X101.81 Y107.694
;TYPE:WALL-OUTER
G1 F900 Z1.36
G1 F480 E221.61952
G1 F900 X115.189 Y107.694 E221.91155
G1 X115.189 Y95.306 E222.18194
G1 X101.81 Y95.306 E222.47396
G1 X101.81 Y105.792 E222.70284
G0 F810 X101.81 Y107.694
G0 F9000 X102.01 Y107.694
G0 X101.125 Y108.375
G1 F480 E222.74435
G1 F900 X101.125 Y94.625 E223.04448
G1 X115.875 Y94.625 E223.36642
G1 X115.875 Y108.375 E223.66654
G1 X103.027 Y108.375 E223.94698
G0 F810 X101.125 Y108.375
G0 F9000 X101.125 Y108.175
G0 X101.525 Y107.975
G1 F1500 E222.44698
G1 F900 Z2.36
G0 F9000 X101.525 Y107.975 Z2.36
G0 X107.866 Y104.208
;TYPE:WALL-INNER
G1 F900 Z1.36
G1 F480 E224.05085
G1 F1500 X107.758 Y104.048 E224.05567
G1 X107.684 Y103.899 E224.05982
G1 X107.627 Y103.731 E224.06425
G1 X107.588 Y103.539 E224.06913
G1 X107.578 Y103.367 E224.07343
G1 X107.588 Y103.193 E224.07778
G1 X107.627 Y103.002 E224.08264
G1 X107.684 Y102.834 E224.08707
G1 X107.756 Y102.689 E224.0911
G1 X107.875 Y102.514 E224.09638
G1 X107.977 Y102.397 E224.10026
G1 X108.118 Y102.274 E224.10492
G1 X108.274 Y102.17 E224.1096
G1 X108.437 Y102.09 E224.11413
G1 X108.605 Y102.033 E224.11855
G1 X108.789 Y101.996 E224.12324
G1 X108.968 Y101.985 E224.12771
G1 X109.149 Y101.996 E224.13223
G1 X109.328 Y102.032 E224.13679
G1 X109.502 Y102.091 E224.14137
G1 X109.67 Y102.174 E224.14605
G1 X109.817 Y102.272 E224.15045
G1 X109.95 Y102.387 E224.15484
G1 X110.077 Y102.531 E224.15963
G1 X110.174 Y102.677 E224.164
G1 X110.256 Y102.843 E224.16862
G1 X110.312 Y103.005 E224.1729
G1 X110.35 Y103.192 E224.17766
G1 X110.36 Y103.367 E224.18203
G1 X110.35 Y103.542 E224.1864
G1 X110.313 Y103.725 E224.19106
G1 X110.255 Y103.896 E224.19556
G1 X110.178 Y104.05 E224.19986
G1 X110.07 Y104.211 E224.20469
G1 X109.956 Y104.34 E224.20899
G1 X109.823 Y104.456 E224.21339
G1 X109.655 Y104.568 E224.21843
G1 X109.51 Y104.64 E224.22246
G1 X109.362 Y104.69 E224.22636
G0 F1350 X109.326 Y104.702
G0 X109.153 Y104.736
G0 X108.968 Y104.748
G0 X108.785 Y104.737
G0 X108.607 Y104.701
G0 X108.435 Y104.643
G0 X108.278 Y104.565
G0 X108.121 Y104.462
G0 X107.982 Y104.34
G0 X107.866 Y104.208
G0 F9000 X107.55 Y104.455
G1 F480 E224.2679
G1 F1500 X107.412 Y104.25 E224.27406
G1 X107.313 Y104.051 E224.2796
G1 X107.24 Y103.835 E224.28529
G1 X107.191 Y103.594 E224.29143
G1 X107.19 Y103.564 E224.29218
G1 X107.177 Y103.367 E224.2971
G1 X107.191 Y103.139 E224.3028
G1 X107.24 Y102.898 E224.30893
G1 X107.313 Y102.682 E224.31462
G1 X107.412 Y102.483 E224.32016
G1 X107.553 Y102.274 E224.32645
G1 X107.699 Y102.108 E224.33197
G1 X107.87 Y101.959 E224.33763
G1 X108.073 Y101.823 E224.34372
G1 X108.288 Y101.718 E224.34969
G1 X108.496 Y101.647 E224.35517
G1 X108.712 Y101.605 E224.36066
G1 X108.738 Y101.599 E224.36133
G1 X108.764 Y101.598 E224.36198
G1 X108.943 Y101.587 E224.36645
G1 X108.968 Y101.585 E224.36708
G1 X109.2 Y101.599 E224.37287
G1 X109.437 Y101.646 E224.3789
G1 X109.655 Y101.72 E224.38464
G1 X109.87 Y101.826 E224.39062
G1 X110.057 Y101.951 E224.39623
G1 X110.235 Y102.105 E224.40211
G1 X110.394 Y102.286 E224.40812
G1 X110.519 Y102.473 E224.41373
G1 X110.628 Y102.692 E224.41983
G1 X110.698 Y102.897 E224.42523
G1 X110.741 Y103.113 E224.43073
G1 X110.747 Y103.139 E224.43139
G1 X110.748 Y103.167 E224.43209
G1 X110.761 Y103.367 E224.43709
G1 X110.747 Y103.595 E224.44279
G1 X110.699 Y103.833 E224.44884
G1 X110.625 Y104.05 E224.45456
G1 X110.523 Y104.254 E224.46025
G1 X110.388 Y104.456 E224.46631
G1 X110.238 Y104.626 E224.47197
G1 X110.068 Y104.774 E224.47759
G1 X109.861 Y104.912 E224.4838
G1 X109.657 Y105.013 E224.48948
G1 X109.436 Y105.088 E224.4953
G1 X109.202 Y105.134 E224.50125
G1 X109.003 Y105.146 E224.50622
G0 F1350 X108.992 Y105.146
G0 X108.968 Y105.148
G0 X108.736 Y105.134
G0 X108.497 Y105.087
G0 X108.285 Y105.015
G0 X108.073 Y104.91
G0 X107.878 Y104.781
G0 X107.699 Y104.625
G0 X107.55 Y104.455
G0 F9000 X107.212 Y104.715
;TYPE:WALL-OUTER
G1 F480 E224.54775
G1 F900 X107.047 Y104.469 E224.55422
G1 X106.917 Y104.208 E224.56058
G1 X106.828 Y103.945 E224.56664
G1 X106.769 Y103.653 E224.57315
G1 X106.751 Y103.367 E224.5794
G1 X106.769 Y103.08 E224.58568
G1 X106.828 Y102.788 E224.59218
G1 X106.917 Y102.525 E224.59824
G1 X107.047 Y102.264 E224.6046
G1 X107.212 Y102.019 E224.61105
G1 X107.399 Y101.806 E224.61724
G1 X107.617 Y101.616 E224.62355
G1 X107.86 Y101.454 E224.62992
G1 X108.121 Y101.326 E224.63627
G1 X108.389 Y101.235 E224.64245
G1 X108.68 Y101.177 E224.64892
G1 X108.969 Y101.159 E224.65524
G1 X109.257 Y101.177 E224.66154
G1 X109.548 Y101.235 E224.66802
G1 X109.817 Y101.326 E224.67422
G1 X110.078 Y101.454 E224.68056
G1 X110.32 Y101.616 E224.68692
G1 X110.534 Y101.802 E224.69311
G1 X110.729 Y102.023 E224.69954
G1 X110.89 Y102.264 E224.70587
G1 X111.02 Y102.526 E224.71225
G1 X111.11 Y102.788 E224.7183
G1 X111.169 Y103.08 E224.7248
G1 X111.187 Y103.367 E224.73108
G1 X111.169 Y103.653 E224.73733
G1 X111.111 Y103.943 E224.74379
G1 X111.019 Y104.21 E224.74995
G1 X110.89 Y104.469 E224.75627
G1 X110.726 Y104.714 E224.7627
G1 X110.538 Y104.928 E224.76892
G1 X110.321 Y105.117 E224.7752
G1 X110.078 Y105.279 E224.78157
G1 X109.817 Y105.408 E224.78793
G1 X109.548 Y105.499 E224.79413
G1 X109.257 Y105.556 E224.8006
G1 X108.969 Y105.574 E224.8069
G1 X108.85 Y105.566 E224.8095
G0 F810 X108.68 Y105.556
G0 X108.389 Y105.499
G0 X108.121 Y105.408
G0 X107.86 Y105.279
G0 X107.622 Y105.121
G0 X107.396 Y104.924
G0 X107.212 Y104.715
G0 F9000 X107.101 Y104.549
G0 X107.421 Y104.336
G0 X108.128 Y103.952
;TYPE:FILL
G1 F480 E224.85102
G1 F3000 X109.552 Y102.529 E224.90123
G1 X109.594 Y102.558 E224.90251
G1 X109.698 Y102.646 E224.90591
G1 X109.797 Y102.758 E224.90963
G1 X109.859 Y102.852 E224.91244
G1 X109.924 Y102.983 E224.91609
G1 X109.961 Y103.09 E224.91892
G1 X109.993 Y103.242 E224.92279
G1 X110 Y103.367 E224.92591
G1 X109.993 Y103.493 E224.92906
G1 X109.963 Y103.636 E224.93271
G1 X109.923 Y103.752 E224.93577
G1 X109.864 Y103.871 E224.93908
G1 X109.786 Y103.988 E224.94259
G1 X109.699 Y104.086 E224.94586
G1 X109.607 Y104.167 E224.94891
G1 X109.473 Y104.258 E224.95295
G1 X109.37 Y104.307 E224.9558
G1 X109.23 Y104.355 E224.95949
G1 X109.113 Y104.377 E224.96246
G1 X108.965 Y104.386 E224.96616
G1 X108.834 Y104.38 E224.96943
G1 X108.701 Y104.352 E224.97282
G1 X108.573 Y104.309 E224.97619
G1 X108.445 Y104.246 E224.97975
G1 X108.344 Y104.179 E224.98277
G1 X108.234 Y104.083 E224.98641
G1 X108.158 Y103.996 E224.9893
G1 X108.064 Y103.856 E224.9935
G1 X108.021 Y103.769 E224.99592
G1 X107.976 Y103.635 E224.99945
G1 X107.945 Y103.488 E225.0032
G1 X107.939 Y103.367 E225.00622
G1 X107.945 Y103.244 E225.00929
G1 X107.976 Y103.098 E225.01301
G1 X108.02 Y102.967 E225.01646
G1 X108.068 Y102.872 E225.01912
G1 X108.161 Y102.734 E225.02327
G1 X108.236 Y102.648 E225.02611
G1 X108.33 Y102.566 E225.02923
G1 X108.456 Y102.482 E225.033
G1 X108.577 Y102.423 E225.03636
G1 X108.7 Y102.38 E225.03961
G1 X108.835 Y102.353 E225.04305
G1 X108.969 Y102.346 E225.04639
G1 F1500 E223.54639
G1 F900 Z2.36
G0 F9000 X108.969 Y102.346 Z2.36
G0 X81.872 Y108.128
;TIME_ELAPSED:400.974926
;LAYER:8
G0 X81.872 Y108.128 Z2.51
;TYPE:WALL-OUTER
G1 F900 Z1.51
G1 F480 E225.10876
G1 F900 X96.127 Y108.128 E225.4199
G1 X96.127 Y88.872 E225.8402
G1 X81.872 Y88.872 E226.15134
G1 X81.872 Y106.226 E226.53013
G0 F810 X81.872 Y108.128
G0 F9000 X82.072 Y108.128
G0 X82.072 Y108.513
G0 X81.125 Y108.875
G1 F480 E226.57164
G1 F900 X81.125 Y88.125 E227.02455
G1 X96.875 Y88.125 E227.36833
G1 X96.875 Y108.875 E227.82124
G1 X83.027 Y108.875 E228.1235
G0 F810 X81.125 Y108.875
G0 F9000 X81.125 Y108.675
G0 X81.51 Y108.49
G0 X81.525 Y108.475
G1 F1500 E226.6235
G1 F900 Z2.51
G0 F9000 X81.525 Y108.475 Z2.51
G0 X88.119 Y101.175
;TYPE:WALL-INNER
G1 F900 Z1.51
G1 F480 E228.22737
G1 F1500 X87.967 Y101.016 E228.23286
G1 X87.816 Y100.808 E228.23927
G1 X87.693 Y100.588 E228.24556
G1 X87.588 Y100.333 E228.25244
G1 X87.514 Y100.07 E228.25925
G1 X87.466 Y99.784 E228.26649
G1 X87.45 Y99.5 E228.27358
G1 X87.466 Y99.215 E228.2807
G1 X87.514 Y98.93 E228.28791
G1 X87.587 Y98.671 E228.29463
G1 X87.695 Y98.407 E228.30174
G1 X87.816 Y98.192 E228.3079
G1 X87.967 Y97.984 E228.31431
G1 X88.119 Y97.825 E228.31979
G1 X88.297 Y97.682 E228.32549
G1 X88.469 Y97.58 E228.33048
G1 X88.637 Y97.511 E228.33501
G1 X88.82 Y97.468 E228.3397
G1 X89 Y97.454 E228.3442
G1 X89.18 Y97.468 E228.34871
G1 X89.363 Y97.511 E228.3534
G1 X89.531 Y97.58 E228.35793
G1 X89.703 Y97.682 E228.36291
G1 X89.881 Y97.825 E228.36861
G1 X90.033 Y97.984 E228.3741
G1 X90.184 Y98.192 E228.38051
G1 X90.305 Y98.407 E228.38666
G1 X90.413 Y98.671 E228.39378
G1 X90.486 Y98.93 E228.40049
G1 X90.534 Y99.215 E228.4077
G1 X90.55 Y99.5 E228.41482
G1 X90.534 Y99.784 E228.42192
G1 X90.486 Y100.07 E228.42915
G1 X90.412 Y100.333 E228.43597
G1 X90.307 Y100.588 E228.44284
G1 X90.184 Y100.808 E228.44913
G1 X90.033 Y101.016 E228.45554
G1 X89.881 Y101.175 E228.46103
G1 X89.703 Y101.318 E228.46673
G1 X89.653 Y101.348 E228.46818
G0 F1350 X89.531 Y101.42
G0 X89.363 Y101.489
G0 X89.18 Y101.532
G0 X89 Y101.546
G0 X88.82 Y101.532
G0 X88.637 Y101.489
G0 X88.469 Y101.42
G0 X88.297 Y101.318
G0 X88.119 Y101.175
G0 F9000 X87.849 Y101.471
G1 F480 E228.50971
G1 F1500 X87.656 Y101.269 E228.51668
G1 X87.478 Y101.024 E228.52424
G1 X87.334 Y100.767 E228.53159
G1 X87.208 Y100.459 E228.53989
G1 X87.122 Y100.156 E228.54774
G1 X87.069 Y99.834 E228.55588
G1 X87.068 Y99.807 E228.55656
G1 X87.052 Y99.523 E228.56365
G1 X87.05 Y99.5 E228.56423
G1 X87.069 Y99.163 E228.57265
G1 X87.122 Y98.845 E228.58069
G1 X87.208 Y98.541 E228.58857
G1 X87.335 Y98.231 E228.59693
G1 X87.478 Y97.976 E228.60422
G1 X87.656 Y97.731 E228.61178
G1 X87.849 Y97.529 E228.61875
G1 X88.072 Y97.35 E228.62588
G1 X88.285 Y97.223 E228.63207
G1 X88.486 Y97.142 E228.63747
G1 X88.516 Y97.129 E228.63829
G1 X88.544 Y97.123 E228.639
G1 X88.761 Y97.071 E228.64457
G1 X89 Y97.053 E228.65055
G1 X89.239 Y97.071 E228.65653
G1 X89.484 Y97.129 E228.66281
G1 X89.715 Y97.223 E228.66903
G1 X89.928 Y97.35 E228.67521
G1 X90.151 Y97.529 E228.68235
G1 X90.344 Y97.731 E228.68932
G1 X90.522 Y97.976 E228.69687
G1 X90.665 Y98.231 E228.70416
G1 X90.792 Y98.541 E228.71252
G1 X90.878 Y98.845 E228.7204
G1 X90.931 Y99.163 E228.72844
G1 X90.932 Y99.192 E228.72917
G1 X90.948 Y99.477 E228.73629
G1 X90.95 Y99.5 E228.73686
G1 X90.931 Y99.834 E228.74521
G1 X90.878 Y100.156 E228.75335
G1 X90.792 Y100.459 E228.7612
G1 X90.666 Y100.767 E228.76951
G1 X90.522 Y101.024 E228.77685
G1 X90.344 Y101.269 E228.78441
G1 X90.151 Y101.471 E228.79138
G1 X89.928 Y101.65 E228.79851
G1 X89.715 Y101.777 E228.8047
G1 X89.514 Y101.858 E228.8101
G1 X89.484 Y101.871 E228.81092
G1 X89.456 Y101.877 E228.81163
G1 X89.389 Y101.893 E228.81335
G0 F1350 X89.239 Y101.929
G0 X89 Y101.947
G0 X88.761 Y101.929
G0 X88.516 Y101.871
G0 X88.285 Y101.777
G0 X88.072 Y101.65
G0 X87.849 Y101.471
G0 F9000 X87.563 Y101.787
;TYPE:WALL-OUTER
G1 F480 E228.85488
G1 F900 X87.328 Y101.541 E228.86231
G1 X87.121 Y101.256 E228.87
G1 X86.95 Y100.95 E228.87765
G1 X86.806 Y100.6 E228.88591
G1 X86.707 Y100.249 E228.89387
G1 X86.646 Y99.882 E228.90199
G1 X86.625 Y99.5 E228.91034
G1 X86.646 Y99.115 E228.91876
G1 X86.707 Y98.751 E228.92681
G1 X86.806 Y98.4 E228.93477
G1 X86.951 Y98.048 E228.94308
G1 X87.121 Y97.744 E228.95069
G1 X87.328 Y97.459 E228.95837
G1 X87.563 Y97.213 E228.9658
G1 X87.825 Y97.003 E228.97313
G1 X88.096 Y96.842 E228.98001
G1 X88.39 Y96.722 E228.98694
G1 X88.694 Y96.65 E228.99376
G1 X89 Y96.626 E229.00046
G1 X89.306 Y96.65 E229.00716
G1 X89.61 Y96.722 E229.01398
G1 X89.904 Y96.842 E229.02091
G1 X90.175 Y97.003 E229.02779
G1 X90.437 Y97.213 E229.03512
G1 X90.672 Y97.459 E229.04254
G1 X90.879 Y97.744 E229.05023
G1 X91.049 Y98.048 E229.05783
G1 X91.194 Y98.4 E229.06614
G1 X91.293 Y98.751 E229.0741
G1 X91.354 Y99.115 E229.08216
G1 X91.375 Y99.5 E229.09057
G1 X91.354 Y99.882 E229.09893
G1 X91.293 Y100.249 E229.10705
G1 X91.194 Y100.6 E229.11501
G1 X91.05 Y100.95 E229.12327
G1 X90.879 Y101.256 E229.13092
G1 X90.672 Y101.541 E229.13861
G1 X90.437 Y101.787 E229.14603
G1 X90.175 Y101.997 E229.15336
G1 X89.904 Y102.158 E229.16024
G1 X89.61 Y102.278 E229.16717
G1 X89.316 Y102.348 E229.17377
G0 F810 X89.306 Y102.35
G0 X89 Y102.374
G0 X88.694 Y102.35
G0 X88.39 Y102.278
G0 X88.096 Y102.158
G0 X87.825 Y101.997
G0 X87.563 Y101.787
G0 F9000 X87.425 Y101.643
G0 X87.704 Y101.378
G0 X87.84 Y99.151
;TYPE:FILL
G1 F480 E229.21528
G1 F3000 X89.615 Y100.926 E229.2779
G1 X89.644 Y100.904 E229.27881
G1 X89.754 Y100.787 E229.28282
G1 X89.882 Y100.611 E229.28824
G1 X89.978 Y100.438 E229.29318
G1 X90.073 Y100.21 E229.29934
G1 X90.134 Y99.992 E229.30499
G1 X90.176 Y99.745 E229.31124
G1 X90.189 Y99.5 E229.31736
G1 X90.177 Y99.282 E229.3228
G1 X88.466 Y100.992 E229.38315
G1 X88.356 Y100.904 E229.38666
G1 X88.246 Y100.787 E229.39067
G1 X88.118 Y100.611 E229.39609
G1 X88.022 Y100.438 E229.40103
G1 X87.927 Y100.21 E229.40719
G1 X87.866 Y99.992 E229.41284
G1 X87.824 Y99.745 E229.41909
G1 X87.811 Y99.5 E229.42521
G1 X87.824 Y99.254 E229.43135
G1 X87.865 Y99.012 E229.43748
G1 X87.93 Y98.782 E229.44344
G1 X88.016 Y98.57 E229.44915
G1 X88.116 Y98.394 E229.4542
G1 X88.25 Y98.208 E229.45991
G1 X88.356 Y98.096 E229.46376
G1 X88.505 Y97.977 E229.46852
G1 X88.63 Y97.904 E229.47213
G1 X88.749 Y97.854 E229.47535
G1 X88.877 Y97.825 E229.47862
G1 X89 Y97.814 E229.4817
G1 F1500 E227.9817
G1 F900 Z2.51
G0 F9000 X89 Y97.814 Z2.51
G0 X101.81 Y107.694
;TYPE:WALL-OUTER
G1 F900 Z1.51
G1 F480 E229.54406
G1 F900 X115.189 Y107.694 E229.83609
G1 X115.189 Y95.306 E230.10648
G1 X101.81 Y95.306 E230.3985
G1 X101.81 Y105.792 E230.62738
G0 F810 X101.81 Y107.694
G0 F9000 X102.01 Y107.694
G0 X101.125 Y108.375
G1 F480 E230.6689
G1 F900 X101.125 Y94.625 E230.96902
G1 X115.875 Y94.625 E231.29096
G1 X115.875 Y108.375 E231.59108
G1 X103.027 Y108.375 E231.87152
G0 F810 X101.125 Y108.375
G0 F9000 X101.125 Y108.175
G0 X101.525 Y107.975
G1 F1500 E230.37152
G1 F900 Z2.51
G0 F9000 X101.525 Y107.975 Z2.51
G0 X107.866 Y104.208
;TYPE:WALL-INNER
G1 F900 Z1.51
G1 F480 E231.9754
G1 F1500 X107.758 Y104.048 E231.98021
G1 X107.684 Y103.899 E231.98436
G1 X107.627 Y103.731 E231.98879
G1 X107.588 Y103.539 E231.99367
G1 X107.578 Y103.367 E231.99797
G1 X107.588 Y103.193 E232.00232
G1 X107.627 Y103.002 E232.00718
G1 X107.684 Y102.834 E232.01161
G1 X107.756 Y102.689 E232.01565
G1 X107.875 Y102.514 E232.02092
G1 X107.977 Y102.397 E232.0248
G1 X108.118 Y102.274 E232.02946
G1 X108.274 Y102.17 E232.03414
G1 X108.437 Y102.09 E232.03867
G1 X108.605 Y102.033 E232.0431
G1 X108.789 Y101.996 E232.04778
G1 X108.968 Y101.985 E232.05225
G1 X109.149 Y101.996 E232.05677
G1 X109.328 Y102.032 E232.06133
G1 X109.502 Y102.091 E232.06591
G1 X109.67 Y102.174 E232.07059
G1 X109.817 Y102.272 E232.07499
G1 X109.95 Y102.387 E232.07938
G1 X110.077 Y102.531 E232.08417
G1 X110.174 Y102.677 E232.08854
G1 X110.256 Y102.843 E232.09316
G1 X110.312 Y103.005 E232.09744
G1 X110.35 Y103.192 E232.1022
G1 X110.36 Y103.367 E232.10657
G1 X110.35 Y103.542 E232.11094
G1 X110.313 Y103.725 E232.1156
G1 X110.255 Y103.896 E232.1201
G1 X110.178 Y104.05 E232.1244
G1 X110.07 Y104.211 E232.12923
G1 X109.956 Y104.34 E232.13353
G1 X109.823 Y104.456 E232.13793
G1 X109.655 Y104.568 E232.14297
G1 X109.51 Y104.64 E232.14701
G1 X109.362 Y104.69 E232.1509
G0 F1350 X109.326 Y104.702
G0 X109.153 Y104.736
G0 X108.968 Y104.748
G0 X108.785 Y104.737
G0 X108.607 Y104.701
G0 X108.435 Y104.643
G0 X108.278 Y104.565
G0 X108.121 Y104.462
G0 X107.982 Y104.34
G0 X107.866 Y104.208
G0 F9000 X107.55 Y104.455
G1 F480 E232.19244
G1 F1500 X107.412 Y104.25 E232.1986
G1 X107.313 Y104.051 E232.20414
G1 X107.24 Y103.835 E232.20983
G1 X107.191 Y103.594 E232.21597
G1 X107.19 Y103.564 E232.21672
G1 X107.177 Y103.367 E232.22164
G1 X107.191 Y103.139 E232.22734
G1 X107.24 Y102.898 E232.23347
G1 X107.313 Y102.682 E232.23916
G1 X107.412 Y102.483 E232.24471
G1 X107.553 Y102.274 E232.25099
G1 X107.699 Y102.108 E232.25651
G1 X107.87 Y101.959 E232.26217
G1 X108.073 Y101.823 E232.26826
G1 X108.288 Y101.718 E232.27423
G1 X108.496 Y101.647 E232.27971
G1 X108.712 Y101.605 E232.2852
G1 X108.738 Y101.599 E232.28587
G1 X108.764 Y101.598 E232.28652
G1 X108.943 Y101.587 E232.29099
G1 X108.968 Y101.585 E232.29162
G1 X109.2 Y101.599 E232.29741
G1 X109.437 Y101.646 E232.30344
G1 X109.655 Y101.72 E232.30918
G1 X109.87 Y101.826 E232.31516
G1 X110.057 Y101.951 E232.32077
G1 X110.235 Y102.105 E232.32665
G1 X110.394 Y102.286 E232.33266
G1 X110.519 Y102.473 E232.33827
G1 X110.628 Y102.692 E232.34437
G1 X110.698 Y102.897 E232.34977
G1 X110.741 Y103.113 E232.35527
G1 X110.747 Y103.139 E232.35593
G1 X110.748 Y103.167 E232.35663
G1 X110.761 Y103.367 E232.36163
G1 X110.747 Y103.595 E232.36733
G1 X110.699 Y103.833 E232.37339
G1 X110.625 Y104.05 E232.3791
G1 X110.523 Y104.254 E232.38479
G1 X110.388 Y104.456 E232.39085
G1 X110.238 Y104.626 E232.39651
G1 X110.068 Y104.774 E232.40213
G1 X109.861 Y104.912 E232.40834
G1 X109.657 Y105.013 E232.41402
G1 X109.436 Y105.088 E232.41984
G1 X109.202 Y105.134 E232.42579
G1 X109.003 Y105.146 E232.43076
G0 F1350 X108.992 Y105.146
G0 X108.968 Y105.148
G0 X108.736 Y105.134
G0 X108.497 Y105.087
G0 X108.285 Y105.015
G0 X108.073 Y104.91
G0 X107.878 Y104.781
G0 X107.699 Y104.625
G0 X107.55 Y104.455
G0 F9000 X107.212 Y104.715
;TYPE:WALL-OUTER
G1 F480 E232.47229
G1 F900 X107.047 Y104.469 E232.47876
G1 X106.917 Y104.208 E232.48512
G1 X106.828 Y103.945 E232.49118
G1 X106.769 Y103.653 E232.49769
G1 X106.751 Y103.367 E232.50394
G1 X106.769 Y103.08 E232.51022
G1 X106.828 Y102.788 E232.51672
G1 X106.917 Y102.525 E232.52278
G1 X107.047 Y102.264 E232.52914
G1 X107.212 Y102.019 E232.53559
G1 X107.399 Y101.806 E232.54178
G1 X107.617 Y101.616 E232.54809
G1 X107.86 Y101.454 E232.55447
G1 X108.121 Y101.326 E232.56081
G1 X108.389 Y101.235 E232.56699
G1 X108.68 Y101.177 E232.57346
G1 X108.969 Y101.159 E232.57978
G1 X109.257 Y101.177 E232.58608
G1 X109.548 Y101.235 E232.59256
G1 X109.817 Y101.326 E232.59876
G1 X110.078 Y101.454 E232.6051
G1 X110.32 Y101.616 E232.61146
G1 X110.534 Y101.802 E232.61765
G1 X110.729 Y102.023 E232.62408
G1 X110.89 Y102.264 E232.63041
G1 X111.02 Y102.526 E232.63679
G1 X111.11 Y102.788 E232.64284
G1 X111.169 Y103.08 E232.64934
G1 X111.187 Y103.367 E232.65562
G1 X111.169 Y103.653 E232.66187
G1 X111.111 Y103.943 E232.66833
G1 X111.019 Y104.21 E232.67449
G1 X110.89 Y104.469 E232.68081
G1 X110.726 Y104.714 E232.68724
G1 X110.538 Y104.928 E232.69346
G1 X110.321 Y105.117 E232.69974
G1 X110.078 Y105.279 E232.70611
G1 X109.817 Y105.408 E232.71247
G1 X109.548 Y105.499 E232.71867
G1 X109.257 Y105.556 E232.72514
G1 X108.969 Y105.574 E232.73144
G1 X108.85 Y105.566 E232.73404
G0 F810 X108.68 Y105.556
G0 X108.389 Y105.499
G0 X108.121 Y105.408
G0 X107.86 Y105.279
G0 X107.622 Y105.121
G0 X107.396 Y104.924
G0 X107.212 Y104.715
G0 F9000 X107.101 Y104.549
G0 X107.421 Y104.336
G0 X108.128 Y103.952
;TYPE:FILL
G1 F480 E232.77556
G1 F3000 X109.552 Y102.529 E232.82577
G1 X109.594 Y102.558 E232.82705
G1 X109.698 Y102.646 E232.83045
G1 X109.797 Y102.758 E232.83417
G1 X109.859 Y102.852 E232.83698
G1 X109.924 Y102.983 E232.84063
G1 X109.961 Y103.09 E232.84346
G1 X109.993 Y103.242 E232.84733
G1 X110 Y103.367 E232.85045
G1 X109.993 Y103.493 E232.8536
G1 X109.963 Y103.636 E232.85725
G1 X109.923 Y103.752 E232.86031
G1 X109.864 Y103.871 E232.86362
G1 X109.786 Y103.988 E232.86713
G1 X109.699 Y104.086 E232.8704
G1 X109.607 Y104.167 E232.87345
G1 X109.473 Y104.258 E232.8775
G1 X109.37 Y104.307 E232.88034
G1 X109.23 Y104.355 E232.88403
G1 X109.113 Y104.377 E232.887
G1 X108.965 Y104.386 E232.8907
G1 X108.834 Y104.38 E232.89397
G1 X108.701 Y104.352 E232.89736
G1 X108.573 Y104.309 E232.90073
G1 X108.445 Y104.246 E232.90429
G1 X108.344 Y104.179 E232.90731
G1 X108.234 Y104.083 E232.91096
G1 X108.158 Y103.996 E232.91384
G1 X108.064 Y103.856 E232.91804
G1 X108.021 Y103.769 E232.92046
G1 X107.976 Y103.635 E232.92399
G1 X107.945 Y103.488 E232.92774
G1 X107.939 Y103.367 E232.93076
G1 X107.945 Y103.244 E232.93383
G1 X107.976 Y103.098 E232.93756
G1 X108.02 Y102.967 E232.941
G1 X108.068 Y102.872 E232.94366
G1 X108.161 Y102.734 E232.94781
G1 X108.236 Y102.648 E232.95065
G1 X108.33 Y102.566 E232.95377
G1 X108.456 Y102.482 E232.95754
G1 X108.577 Y102.423 E232.9609
G1 X108.7 Y102.38 E232.96415
G1 X108.835 Y102.353 E232.96759
G1 X108.969 Y102.346 E232.97093
G1 F1500 E231.47093
G1 F900 Z2.51
G0 F9000 X108.969 Y102.346 Z2.51
G0 X81.872 Y108.128
;TIME_ELAPSED:426.763446
;LAYER:9
G0 X81.872 Y108.128 Z2.66
;TYPE:WALL-OUTER
G1 F900 Z1.66
G1 F480 E233.0333
G1 F900 X96.127 Y108.128 E233.34444
G1 X96.127 Y88.872 E233.76474
G1 X81.872 Y88.872 E234.07588
G1 X81.872 Y106.226 E234.45467
G0 F810 X81.872 Y108.128
G0 F9000 X82.072 Y108.128
G0 X82.072 Y108.513
G0 X81.125 Y108.875
G1 F480 E234.49618
G1 F900 X81.125 Y88.125 E234.94909
G1 X96.875 Y88.125 E235.29287
G1 X96.875 Y108.875 E235.74578
G1 X83.027 Y108.875 E236.04804
G0 F810 X81.125 Y108.875
G0 F9000 X81.125 Y108.675
G0 X81.51 Y108.49
G0 X81.525 Y108.475
G1 F1500 E234.54804
G1 F900 Z2.66
G0 F9000 X81.525 Y108.475 Z2.66
G0 X88.119 Y101.175
;TYPE:WALL-INNER
G1 F900 Z1.66
G1 F480 E236.15191
G1 F1500 X87.967 Y101.016 E236.1574
G1 X87.816 Y100.808 E236.16381
G1 X87.693 Y100.588 E236.1701
G1 X87.588 Y100.333 E236.17698
G1 X87.514 Y100.07 E236.1838
G1 X87.466 Y99.784 E236.19103
G1 X87.45 Y99.5 E236.19812
G1 X87.466 Y99.215 E236.20525
G1 X87.514 Y98.93 E236.21245
G1 X87.587 Y98.671 E236.21917
G1 X87.695 Y98.407 E236.22628
G1 X87.816 Y98.192 E236.23244
G1 X87.967 Y97.984 E236.23885
G1 X88.119 Y97.825 E236.24434
G1 X88.297 Y97.682 E236.25003
G1 X88.469 Y97.58 E236.25502
G1 X88.637 Y97.511 E236.25955
G1 X88.82 Y97.468 E236.26424
G1 X89 Y97.454 E236.26874
G1 X89.18 Y97.468 E236.27325
G1 X89.363 Y97.511 E236.27794
G1 X89.531 Y97.58 E236.28247
G1 X89.703 Y97.682 E236.28745
G1 X89.881 Y97.825 E236.29315
G1 X90.033 Y97.984 E236.29864
G1 X90.184 Y98.192 E236.30505
G1 X90.305 Y98.407 E236.3112
G1 X90.413 Y98.671 E236.31832
G1 X90.486 Y98.93 E236.32503
G1 X90.534 Y99.215 E236.33224
G1 X90.55 Y99.5 E236.33936
G1 X90.534 Y99.784 E236.34646
G1 X90.486 Y100.07 E236.35369
G1 X90.412 Y100.333 E236.36051
G1 X90.307 Y100.588 E236.36739
G1 X90.184 Y100.808 E236.37367
G1 X90.033 Y101.016 E236.38008
G1 X89.881 Y101.175 E236.38557
G1 X89.703 Y101.318 E236.39127
G1 X89.653 Y101.348 E236.39272
G0 F1350 X89.531 Y101.42
G0 X89.363 Y101.489
G0 X89.18 Y101.532
G0 X89 Y101.546
G0 X88.82 Y101.532
G0 X88.637 Y101.489
G0 X88.469 Y101.42
G0 X88.297 Y101.318
G0 X88.119 Y101.175
G0 F9000 X87.849 Y101.471
G1 F480 E236.43426
G1 F1500 X87.656 Y101.269 E236.44122
G1 X87.478 Y101.024 E236.44878
G1 X87.334 Y100.767 E236.45613
G1 X87.208 Y100.459 E236.46443
G1 X87.122 Y100.156 E236.47229
G1 X87.069 Y99.834 E236.48043
G1 X87.068 Y99.807 E236.4811
G1 X87.052 Y99.523 E236.4882
G1 X87.05 Y99.5 E236.48877
G1 X87.069 Y99.163 E236.49719
G1 X87.122 Y98.845 E236.50523
G1 X87.208 Y98.541 E236.51311
G1 X87.335 Y98.231 E236.52147
G1 X87.478 Y97.976 E236.52876
G1 X87.656 Y97.731 E236.53632
G1 X87.849 Y97.529 E236.54329
G1 X88.072 Y97.35 E236.55042
G1 X88.285 Y97.223 E236.55661
G1 X88.486 Y97.142 E236.56201
G1 X88.516 Y97.129 E236.56283
G1 X88.544 Y97.123 E236.56354
G1 X88.761 Y97.071 E236.56911
G1 X89 Y97.053 E236.57509
G1 X89.239 Y97.071 E236.58107
G1 X89.484 Y97.129 E236.58735
G1 X89.715 Y97.223 E236.59357
G1 X89.928 Y97.35 E236.59975
G1 X90.151 Y97.529 E236.60689
G1 X90.344 Y97.731 E236.61386
G1 X90.522 Y97.976 E236.62141
G1 X90.665 Y98.231 E236.6287
G1 X90.792 Y98.541 E236.63706
G1 X90.878 Y98.845 E236.64494
G1 X90.931 Y99.163 E236.65298
G1 X90.932 Y99.192 E236.65371
G1 X90.948 Y99.477 E236.66083
G1 X90.95 Y99.5 E236.6614
G1 X90.931 Y99.834 E236.66975
G1 X90.878 Y100.156 E236.67789
G1 X90.792 Y100.459 E236.68575
G1 X90.666 Y100.767 E236.69405
G1 X90.522 Y101.024 E236.7014
G1 X90.344 Y101.269 E236.70895
G1 X90.151 Y101.471 E236.71592
G1 X89.928 Y101.65 E236.72305
G1 X89.715 Y101.777 E236.72924
G1 X89.514 Y101.858 E236.73464
G1 X89.484 Y101.871 E236.73546
G1 X89.456 Y101.877 E236.73617
G1 X89.389 Y101.893 E236.73789
G0 F1350 X89.239 Y101.929
G0 X89 Y101.947
G0 X88.761 Y101.929
G0 X88.516 Y101.871
G0 X88.285 Y101.777
G0 X88.072 Y101.65
G0 X87.849 Y101.471
G0 F9000 X87.563 Y101.787
;TYPE:WALL-OUTER
G1 F480 E236.77943
G1 F900 X87.328 Y101.541 E236.78685
G1 X87.121 Y101.256 E236.79454
G1 X86.95 Y100.95 E236.80219
G1 X86.806 Y100.6 E236.81045
G1 X86.707 Y100.249 E236.81841
G1 X86.646 Y99.882 E236.82653
G1 X86.625 Y99.5 E236.83488
G1 X86.646 Y99.115 E236.8433
G1 X86.707 Y98.751 E236.85135
G1 X86.806 Y98.4 E236.85931
G1 X86.951 Y98.048 E236.86762
G1 X87.121 Y97.744 E236.87523
G1 X87.328 Y97.459 E236.88291
G1 X87.563 Y97.213 E236.89034
G1 X87.825 Y97.003 E236.89767
G1 X88.096 Y96.842 E236.90455
G1 X88.39 Y96.722 E236.91148
G1 X88.694 Y96.65 E236.9183
G1 X89 Y96.626 E236.925
G1 X89.306 Y96.65 E236.9317
G1 X89.61 Y96.722 E236.93852
G1 X89.904 Y96.842 E236.94545
G1 X90.175 Y97.003 E236.95233
G1 X90.437 Y97.213 E236.95966
G1 X90.672 Y97.459 E236.96708
G1 X90.879 Y97.744 E236.97477
G1 X91.049 Y98.048 E236.98237
G1 X91.194 Y98.4 E236.99068
G1 X91.293 Y98.751 E236.99864
G1 X91.354 Y99.115 E237.0067
G1 X91.375 Y99.5 E237.01512
G1 X91.354 Y99.882 E237.02347
G1 X91.293 Y100.249 E237.03159
G1 X91.194 Y100.6 E237.03955
G1 X91.05 Y100.95 E237.04781
G1 X90.879 Y101.256 E237.05546
G1 X90.672 Y101.541 E237.06315
G1 X90.437 Y101.787 E237.07057
G1 X90.175 Y101.997 E237.0779
G1 X89.904 Y102.158 E237.08478
G1 X89.61 Y102.278 E237.09171
G1 X89.316 Y102.348 E237.09831
G0 F810 X89.306 Y102.35
G0 X89 Y102.374
G0 X88.694 Y102.35
G0 X88.39 Y102.278
G0 X88.096 Y102.158
G0 X87.825 Y101.997
G0 X87.563 Y101.787
G0 F9000 X87.425 Y101.643
G0 X87.704 Y101.378
G0 X87.84 Y99.151
;TYPE:FILL
G1 F480 E237.13982
G1 F3000 X89.615 Y100.926 E237.20244
G1 X89.644 Y100.904 E237.20335
G1 X89.754 Y100.787 E237.20736
G1 X89.882 Y100.611 E237.21278
G1 X89.978 Y100.438 E237.21772
G1 X90.073 Y100.21 E237.22388
G1 X90.134 Y99.992 E237.22953
G1 X90.176 Y99.745 E237.23578
G1 X90.189 Y99.5 E237.2419
G1 X90.177 Y99.282 E237.24734
G1 X88.466 Y100.992 E237.30769
G1 X88.356 Y100.904 E237.3112
G1 X88.246 Y100.787 E237.31521
G1 X88.118 Y100.611 E237.32064
G1 X88.022 Y100.438 E237.32557
G1 X87.927 Y100.21 E237.33173
G1 X87.866 Y99.992 E237.33738
G1 X87.824 Y99.745 E237.34363
G1 X87.811 Y99.5 E237.34975
G1 X87.824 Y99.254 E237.35589
G1 X87.865 Y99.012 E237.36202
G1 X87.93 Y98.782 E237.36798
G1 X88.016 Y98.57 E237.37369
G1 X88.116 Y98.394 E237.37874
G1 X88.25 Y98.208 E237.38445
G1 X88.356 Y98.096 E237.3883
G1 X88.505 Y97.977 E237.39306
G1 X88.63 Y97.904 E237.39667
G1 X88.749 Y97.854 E237.39989
G1 X88.877 Y97.825 E237.40316
G1 X89 Y97.814 E237.40624
G1 F1500 E235.90624
G1 F900 Z2.66
G0 F9000 X89 Y97.814 Z2.66
G0 X101.81 Y107.694
;TYPE:WALL-OUTER
G1 F900 Z1.66
G1 F480 E237.46861
G1 F900 X115.189 Y107.694 E237.76063
G1 X115.189 Y95.306 E238.03102
G1 X101.81 Y95.306 E238.32304
G1 X101.81 Y105.792 E238.55192
G0 F810 X101.81 Y107.694
G0 F9000 X102.01 Y107.694
G0 X101.125 Y108.375
G1 F480 E238.59344
G1 F900 X101.125 Y94.625 E238.89356
G1 X115.875 Y94.625 E239.2155
G1 X115.875 Y108.375 E239.51563
G1 X103.027 Y108.375 E239.79606
G0 F810 X101.125 Y108.375
G0 F9000 X101.125 Y108.175
G0 X101.525 Y107.975
G1 F1500 E238.29606
G1 F900 Z2.66
G0 F9000 X101.525 Y107.975 Z2.66
G0 X107.866 Y104.208
;TYPE:WALL-INNER
G1 F900 Z1.66
G1 F480 E239.89994
G1 F1500 X107.758 Y104.048 E239.90475
G1 X107.684 Y103.899 E239.9089
G1 X107.627 Y103.731 E239.91333
G1 X107.588 Y103.539 E239.91821
G1 X107.578 Y103.367 E239.92251
G1 X107.588 Y103.193 E239.92686
G1 X107.627 Y103.002 E239.93172
G1 X107.684 Y102.834 E239.93615
G1 X107.756 Y102.689 E239.94019
G1 X107.875 Y102.514 E239.94547
G1 X107.977 Y102.397 E239.94934
G1 X108.118 Y102.274 E239.954
G1 X108.274 Y102.17 E239.95868
G1 X108.437 Y102.09 E239.96321
G1 X108.605 Y102.033 E239.96764
G1 X108.789 Y101.996 E239.97232
G1 X108.968 Y101.985 E239.97679
G1 X109.149 Y101.996 E239.98132
G1 X109.328 Y102.032 E239.98587
G1 X109.502 Y102.091 E239.99045
G1 X109.67 Y102.174 E239.99513
G1 X109.817 Y102.272 E239.99953
G1 X109.95 Y102.387 E240.00392
G1 X110.077 Y102.531 E240.00871
G1 X110.174 Y102.677 E240.01308
G1 X110.256 Y102.843 E240.0177
G1 X110.312 Y103.005 E240.02198
G1 X110.35 Y103.192 E240.02674
G1 X110.36 Y103.367 E240.03111
G1 X110.35 Y103.542 E240.03548
G1 X110.313 Y103.725 E240.04014
G1 X110.255 Y103.896 E240.04464
G1 X110.178 Y104.05 E240.04894
G1 X110.07 Y104.211 E240.05377
G1 X109.956 Y104.34 E240.05807
G1 X109.823 Y104.456 E240.06247
G1 X109.655 Y104.568 E240.06751
G1 X109.51 Y104.64 E240.07155
G1 X109.362 Y104.69 E240.07544
G0 F1350 X109.326 Y104.702
G0 X109.153 Y104.736
G0 X108.968 Y104.748
G0 X108.785 Y104.737
G0 X108.607 Y104.701
G0 X108.435 Y104.643
G0 X108.278 Y104.565
G0 X108.121 Y104.462
G0 X107.982 Y104.34
G0 X107.866 Y104.208
G0 F9000 X107.55 Y104.455
G1 F480 E240.11698
G1 F1500 X107.412 Y104.25 E240.12314
G1 X107.313 Y104.051 E240.12869
G1 X107.24 Y103.835 E240.13437
G1 X107.191 Y103.594 E240.14051
G1 X107.19 Y103.564 E240.14126
G1 X107.177 Y103.367 E240.14618
G1 X107.191 Y103.139 E240.15188
G1 X107.24 Y102.898 E240.15801
G1 X107.313 Y102.682 E240.1637
G1 X107.412 Y102.483 E240.16925
G1 X107.553 Y102.274 E240.17554
G1 X107.699 Y102.108 E240.18105
G1 X107.87 Y101.959 E240.18671
G1 X108.073 Y101.823 E240.1928
G1 X108.288 Y101.718 E240.19877
G1 X108.496 Y101.647 E240.20425
G1 X108.712 Y101.605 E240.20974
G1 X108.738 Y101.599 E240.21041
G1 X108.764 Y101.598 E240.21106
G1 X108.943 Y101.587 E240.21553
G1 X108.968 Y101.585 E240.21616
G1 X109.2 Y101.599 E240.22196
G1 X109.437 Y101.646 E240.22798
G1 X109.655 Y101.72 E240.23372
G1 X109.87 Y101.826 E240.2397
G1 X110.057 Y101.951 E240.24532
G1 X110.235 Y102.105 E240.25119
G1 X110.394 Y102.286 E240.2572
G1 X110.519 Y102.473 E240.26281
G1 X110.628 Y102.692 E240.26891
G1 X110.698 Y102.897 E240.27431
G1 X110.741 Y103.113 E240.27981
G1 X110.747 Y103.139 E240.28047
G1 X110.748 Y103.167 E240.28117
G1 X110.761 Y103.367 E240.28617
G1 X110.747 Y103.595 E240.29187
G1 X110.699 Y103.833 E240.29793
G1 X110.625 Y104.05 E240.30365
G1 X110.523 Y104.254 E240.30933
G1 X110.388 Y104.456 E240.3154
G1 X110.238 Y104.626 E240.32105
G1 X110.068 Y104.774 E240.32667
G1 X109.861 Y104.912 E240.33288
G1 X109.657 Y105.013 E240.33856
G1 X109.436 Y105.088 E240.34438
G1 X109.202 Y105.134 E240.35033
G1 X109.003 Y105.146 E240.3553
G0 F1350 X108.992 Y105.146
G0 X108.968 Y105.148
G0 X108.736 Y105.134
G0 X108.497 Y105.087
G0 X108.285 Y105.015
G0 X108.073 Y104.91
G0 X107.878 Y104.781
G0 X107.699 Y104.625
G0 X107.55 Y104.455
G0 F9000 X107.212 Y104.715
;TYPE:WALL-OUTER
G1 F480 E240.39683
G1 F900 X107.047 Y104.469 E240.4033
G1 X106.917 Y104.208 E240.40966
G1 X106.828 Y103.945 E240.41572
G1 X106.769 Y103.653 E240.42223
G1 X106.751 Y103.367 E240.42848
G1 X106.769 Y103.08 E240.43476
G1 X106.828 Y102.788 E240.44126
G1 X106.917 Y102.525 E240.44732
G1 X107.047 Y102.264 E240.45369
G1 X107.212 Y102.019 E240.46013
G1 X107.399 Y101.806 E240.46632
G1 X107.617 Y101.616 E240.47263
G1 X107.86 Y101.454 E240.47901
G1 X108.121 Y101.326 E240.48535
G1 X108.389 Y101.235 E240.49153
G1 X108.68 Y101.177 E240.49801
G1 X108.969 Y101.159 E240.50433
G1 X109.257 Y101.177 E240.51062
G1 X109.548 Y101.235 E240.5171
G1 X109.817 Y101.326 E240.5233
G1 X110.078 Y101.454 E240.52964
G1 X110.32 Y101.616 E240.536
G1 X110.534 Y101.802 E240.54219
G1 X110.729 Y102.023 E240.54862
G1 X110.89 Y102.264 E240.55495
G1 X111.02 Y102.526 E240.56133
G1 X111.11 Y102.788 E240.56738
G1 X111.169 Y103.08 E240.57388
G1 X111.187 Y103.367 E240.58016
G1 X111.169 Y103.653 E240.58641
G1 X111.111 Y103.943 E240.59287
G1 X111.019 Y104.21 E240.59903
G1 X110.89 Y104.469 E240.60535
G1 X110.726 Y104.714 E240.61178
G1 X110.538 Y104.928 E240.618
G1 X110.321 Y105.117 E240.62428
G1 X110.078 Y105.279 E240.63066
G1 X109.817 Y105.408 E240.63701
G1 X109.548 Y105.499 E240.64321
G1 X109.257 Y105.556 E240.64968
G1 X108.969 Y105.574 E240.65598
G1 X108.85 Y105.566 E240.65858
G0 F810 X108.68 Y105.556
G0 X108.389 Y105.499
G0 X108.121 Y105.408
G0 X107.86 Y105.279
G0 X107.622 Y105.121
G0 X107.396 Y104.924
G0 X107.212 Y104.715
G0 F9000 X107.101 Y104.549
G0 X107.421 Y104.336
G0 X108.128 Y103.952
;TYPE:FILL
G1 F480 E240.7001
G1 F3000 X109.552 Y102.529 E240.75032
G1 X109.594 Y102.558 E240.75159
G1 X109.698 Y102.646 E240.75499
G1 X109.797 Y102.758 E240.75872
G1 X109.859 Y102.852 E240.76152
G1 X109.924 Y102.983 E240.76517
G1 X109.961 Y103.09 E240.768
G1 X109.993 Y103.242 E240.77187
G1 X110 Y103.367 E240.77499
G1 X109.993 Y103.493 E240.77814
G1 X109.963 Y103.636 E240.78179
G1 X109.923 Y103.752 E240.78485
G1 X109.864 Y103.871 E240.78816
G1 X109.786 Y103.988 E240.79167
G1 X109.699 Y104.086 E240.79494
G1 X109.607 Y104.167 E240.798
G1 X109.473 Y104.258 E240.80204
G1 X109.37 Y104.307 E240.80488
G1 X109.23 Y104.355 E240.80857
G1 X109.113 Y104.377 E240.81154
G1 X108.965 Y104.386 E240.81524
G1 X108.834 Y104.38 E240.81851
G1 X108.701 Y104.352 E240.8219
G1 X108.573 Y104.309 E240.82527
G1 X108.445 Y104.246 E240.82883
G1 X108.344 Y104.179 E240.83185
G1 X108.234 Y104.083 E240.8355
G1 X108.158 Y103.996 E240.83838
G1 X108.064 Y103.856 E240.84258
G1 X108.021 Y103.769 E240.84501
G1 X107.976 Y103.635 E240.84853
G1 X107.945 Y103.488 E240.85228
G1 X107.939 Y103.367 E240.8553
G1 X107.945 Y103.244 E240.85837
G1 X107.976 Y103.098 E240.8621
G1 X108.02 Y102.967 E240.86554
G1 X108.068 Y102.872 E240.8682
G1 X108.161 Y102.734 E240.87235
G1 X108.236 Y102.648 E240.8752
G1 X108.33 Y102.566 E240.87831
G1 X108.456 Y102.482 E240.88208
G1 X108.577 Y102.423 E240.88544
G1 X108.7 Y102.38 E240.88869
G1 X108.835 Y102.353 E240.89213
G1 X108.969 Y102.346 E240.89547
G1 F1500 E239.39547
G1 F900 Z2.66
G0 F9000 X108.969 Y102.346 Z2.66
G0 X81.872 Y108.128
;TIME_ELAPSED:452.551966
;LAYER:10
G0 X81.872 Y108.128 Z2.81
;TYPE:WALL-OUTER
G1 F900 Z1.81
G1 F480 E240.95784
G1 F900 X96.127 Y108.128 E241.26898
G1 X96.127 Y88.872 E241.68928
G1 X81.872 Y88.872 E242.00042
G1 X81.872 Y106.226 E242.37921
G0 F810 X81.872 Y108.128
G0 F9000 X82.072 Y108.128
G0 X82.072 Y108.513
G0 X81.125 Y108.875
G1 F480 E242.42072
G1 F900 X81.125 Y88.125 E242.87363
G1 X96.875 Y88.125 E243.21741
G1 X96.875 Y108.875 E243.67032
G1 X83.027 Y108.875 E243.97258
G0 F810 X81.125 Y108.875
G0 F9000 X81.125 Y108.675
G0 X81.51 Y108.49
G0 X81.525 Y108.475
G1 F1500 E242.47258
G1 F900 Z2.81
G0 F9000 X81.525 Y108.475 Z2.81
G0 X88.119 Y101.175
;TYPE:WALL-INNER
G1 F900 Z1.81
G1 F480 E244.07646
G1 F1500 X87.967 Y101.016 E244.08194
G1 X87.816 Y100.808 E244.08835
G1 X87.693 Y100.588 E244.09464
G1 X87.588 Y100.333 E244.10152
G1 X87.514 Y100.07 E244.10834
G1 X87.466 Y99.784 E244.11557
G1 X87.45 Y99.5 E244.12267
G1 X87.466 Y99.215 E244.12979
G1 X87.514 Y98.93 E244.137
G1 X87.587 Y98.671 E244.14371
G1 X87.695 Y98.407 E244.15082
G1 X87.816 Y98.192 E244.15698
G1 X87.967 Y97.984 E244.16339
G1 X88.119 Y97.825 E244.16888
G1 X88.297 Y97.682 E244.17457
G1 X88.469 Y97.58 E244.17956
G1 X88.637 Y97.511 E244.18409
G1 X88.82 Y97.468 E244.18878
G1 X89 Y97.454 E244.19328
G1 X89.18 Y97.468 E244.19779
G1 X89.363 Y97.511 E244.20248
G1 X89.531 Y97.58 E244.20701
G1 X89.703 Y97.682 E244.212
G1 X89.881 Y97.825 E244.21769
G1 X90.033 Y97.984 E244.22318
G1 X90.184 Y98.192 E244.22959
G1 X90.305 Y98.407 E244.23574
G1 X90.413 Y98.671 E244.24286
G1 X90.486 Y98.93 E244.24957
G1 X90.534 Y99.215 E244.25678
G1 X90.55 Y99.5 E244.2639
G1 X90.534 Y99.784 E244.271
G1 X90.486 Y100.07 E244.27823
G1 X90.412 Y100.333 E244.28505
G1 X90.307 Y100.588 E244.29193
G1 X90.184 Y100.808 E244.29821
G1 X90.033 Y101.016 E244.30463
G1 X89.881 Y101.175 E244.31011
G1 X89.703 Y101.318 E244.31581
G1 X89.653 Y101.348 E244.31726
G0 F1350 X89.531 Y101.42
G0 X89.363 Y101.489
G0 X89.18 Y101.532
G0 X89 Y101.546
G0 X88.82 Y101.532
G0 X88.637 Y101.489
G0 X88.469 Y101.42
G0 X88.297 Y101.318
G0 X88.119 Y101.175
G0 F9000 X87.849 Y101.471
G1 F480 E244.3588
G1 F1500 X87.656 Y101.269 E244.36577
G1 X87.478 Y101.024 E244.37332
G1 X87.334 Y100.767 E244.38067
G1 X87.208 Y100.459 E244.38897
G1 X87.122 Y100.156 E244.39683
G1 X87.069 Y99.834 E244.40497
G1 X87.068 Y99.807 E244.40564
G1 X87.052 Y99.523 E244.41274
G1 X87.05 Y99.5 E244.41331
G1 X87.069 Y99.163 E244.42173
G1 X87.122 Y98.845 E244.42977
G1 X87.208 Y98.541 E244.43765
G1 X87.335 Y98.231 E244.44601
G1 X87.478 Y97.976 E244.4533
G1 X87.656 Y97.731 E244.46086
G1 X87.849 Y97.529 E244.46783
G1 X88.072 Y97.35 E244.47496
G1 X88.285 Y97.223 E244.48115
G1 X88.486 Y97.142 E244.48655
G1 X88.516 Y97.129 E244.48737
G1 X88.544 Y97.123 E244.48808
G1 X88.761 Y97.071 E244.49365
G1 X89 Y97.053 E244.49963
G1 X89.239 Y97.071 E244.50561
G1 X89.484 Y97.129 E244.51189
G1 X89.715 Y97.223 E244.51811
G1 X89.928 Y97.35 E244.52429
G1 X90.151 Y97.529 E244.53143
G1 X90.344 Y97.731 E244.5384
G1 X90.522 Y97.976 E244.54595
G1 X90.665 Y98.231 E244.55324
G1 X90.792 Y98.541 E244.5616
G1 X90.878 Y98.845 E244.56948
G1 X90.931 Y99.163 E244.57752
G1 X90.932 Y99.192 E244.57825
G1 X90.948 Y99.477 E244.58537
G1 X90.95 Y99.5 E244.58594
G1 X90.931 Y99.834 E244.59429
G1 X90.878 Y100.156 E244.60243
G1 X90.792 Y100.459 E244.61029
G1 X90.666 Y100.767 E244.61859
G1 X90.522 Y101.024 E244.62594
G1 X90.344 Y101.269 E244.63349
G1 X90.151 Y101.471 E244.64046
G1 X89.928 Y101.65 E244.64759
G1 X89.715 Y101.777 E244.65378
G1 X89.514 Y101.858 E244.65918
G1 X89.484 Y101.871 E244.66
G1 X89.456 Y101.877 E244.66071
G1 X89.389 Y101.893 E244.66243
G0 F1350 X89.239 Y101.929
G0 X89 Y101.947
G0 X88.761 Y101.929
G0 X88.516 Y101.871
G0 X88.285 Y101.777
G0 X88.072 Y101.65
G0 X87.849 Y101.471
G0 F9000 X87.563 Y101.787
;TYPE:WALL-OUTER
G1 F480 E244.70397
G1 F900 X87.328 Y101.541 E244.71139
G1 X87.121 Y101.256 E244.71908
G1 X86.95 Y100.95 E244.72673
G1 X86.806 Y100.6 E244.73499
G1 X86.707 Y100.249 E244.74295
G1 X86.646 Y99.882 E244.75107
G1 X86.625 Y99.5 E244.75942
G1 X86.646 Y99.115 E244.76784
G1 X86.707 Y98.751 E244.77589
G1 X86.806 Y98.4 E244.78386
G1 X86.951 Y98.048 E244.79216
G1 X87.121 Y97.744 E244.79977
G1 X87.328 Y97.459 E244.80746
G1 X87.563 Y97.213 E244.81488
G1 X87.825 Y97.003 E244.82221
G1 X88.096 Y96.842 E244.82909
G1 X88.39 Y96.722 E244.83602
G1 X88.694 Y96.65 E244.84284
G1 X89 Y96.626 E244.84954
G1 X89.306 Y96.65 E244.85624
G1 X89.61 Y96.722 E244.86306
G1 X89.904 Y96.842 E244.86999
G1 X90.175 Y97.003 E244.87687
G1 X90.437 Y97.213 E244.8842
G1 X90.672 Y97.459 E244.89162
G1 X90.879 Y97.744 E244.89931
G1 X91.049 Y98.048 E244.90692
G1 X91.194 Y98.4 E244.91522
G1 X91.293 Y98.751 E244.92318
G1 X91.354 Y99.115 E244.93124
G1 X91.375 Y99.5 E244.93966
G1 X91.354 Y99.882 E244.94801
G1 X91.293 Y100.249 E244.95613
G1 X91.194 Y100.6 E244.96409
G1 X91.05 Y100.95 E244.97235
G1 X90.879 Y101.256 E244.98
G1 X90.672 Y101.541 E244.98769
G1 X90.437 Y101.787 E244.99511
G1 X90.175 Y101.997 E245.00244
G1 X89.904 Y102.158 E245.00932
G1 X89.61 Y102.278 E245.01625
G1 X89.316 Y102.348 E245.02285
G0 F810 X89.306 Y102.35
G0 X89 Y102.374
G0 X88.694 Y102.35
G0 X88.39 Y102.278
G0 X88.096 Y102.158
G0 X87.825 Y101.997
G0 X87.563 Y101.787
G0 F9000 X87.425 Y101.643
G0 X87.704 Y101.378
G0 X87.84 Y99.151
;TYPE:FILL
G1 F480 E245.06437
G1 F3000 X89.615 Y100.926 E245.12698
G1 X89.644 Y100.904 E245.12789
G1 X89.754 Y100.787 E245.1319
G1 X89.882 Y100.611 E245.13733
G1 X89.978 Y100.438 E245.14226
G1 X90.073 Y100.21 E245.14842
G1 X90.134 Y99.992 E245.15407
G1 X90.176 Y99.745 E245.16032
G1 X90.189 Y99.5 E245.16644
G1 X90.177 Y99.282 E245.17189
G1 X88.466 Y100.992 E245.23223
G1 X88.356 Y100.904 E245.23574
G1 X88.246 Y100.787 E245.23975
G1 X88.118 Y100.611 E245.24518
G1 X88.022 Y100.438 E245.25011
G1 X87.927 Y100.21 E245.25627
G1 X87.866 Y99.992 E245.26192
G1 X87.824 Y99.745 E245.26817
G1 X87.811 Y99.5 E245.27429
G1 X87.824 Y99.254 E245.28044
G1 X87.865 Y99.012 E245.28656
G1 X87.93 Y98.782 E245.29252
G1 X88.016 Y98.57 E245.29823
G1 X88.116 Y98.394 E245.30328
G1 X88.25 Y98.208 E245.309
G1 X88.356 Y98.096 E245.31284
G1 X88.505 Y97.977 E245.3176
G1 X88.63 Y97.904 E245.32121
G1 X88.749 Y97.854 E245.32443
G1 X88.877 Y97.825 E245.3277
G1 X89 Y97.814 E245.33078
G1 F1500 E243.83078
G1 F900 Z2.81
G0 F9000 X89 Y97.814 Z2.81
G0 X101.81 Y107.694
;TYPE:WALL-OUTER
G1 F900 Z1.81
G1 F480 E245.39315
G1 F900 X115.189 Y107.694 E245.68517
G1 X115.189 Y95.306 E245.95556
G1 X101.81 Y95.306 E246.24758
G1 X101.81 Y105.792 E246.47646
G0 F810 X101.81 Y107.694
G0 F9000 X102.01 Y107.694
G0 X101.125 Y108.375
G1 F480 E246.51798
G1 F900 X101.125 Y94.625 E246.8181
G1 X115.875 Y94.625 E247.14005
G1 X115.875 Y108.375 E247.44017
G1 X103.027 Y108.375 E247.7206
G0 F810 X101.125 Y108.375
G0 F9000 X101.125 Y108.175
G0 X101.525 Y107.975
G1 F1500 E246.2206
G1 F900 Z2.81
G0 F9000 X101.525 Y107.975 Z2.81
G0 X107.866 Y104.208
;TYPE:WALL-INNER
G1 F900 Z1.81
G1 F480 E247.82448
G1 F1500 X107.758 Y104.048 E247.82929
G1 X107.684 Y103.899 E247.83344
G1 X107.627 Y103.731 E247.83787
G1 X107.588 Y103.539 E247.84276
G1 X107.578 Y103.367 E247.84705
G1 X107.588 Y103.193 E247.8514
G1 X107.627 Y103.002 E247.85626
G1 X107.684 Y102.834 E247.86069
G1 X107.756 Y102.689 E247.86473
G1 X107.875 Y102.514 E247.87001
G1 X107.977 Y102.397 E247.87388
G1 X108.118 Y102.274 E247.87855
G1 X108.274 Y102.17 E247.88322
G1 X108.437 Y102.09 E247.88775
G1 X108.605 Y102.033 E247.89218
G1 X108.789 Y101.996 E247.89686
G1 X108.968 Y101.985 E247.90133
G1 X109.149 Y101.996 E247.90586
G1 X109.328 Y102.032 E247.91041
G1 X109.502 Y102.091 E247.91499
G1 X109.67 Y102.174 E247.91967
G1 X109.817 Y102.272 E247.92408
G1 X109.95 Y102.387 E247.92846
G1 X110.077 Y102.531 E247.93325
G1 X110.174 Y102.677 E247.93762
G1 X110.256 Y102.843 E247.94224
G1 X110.312 Y103.005 E247.94652
G1 X110.35 Y103.192 E247.95128
G1 X110.36 Y103.367 E247.95565
G1 X110.35 Y103.542 E247.96002
G1 X110.313 Y103.725 E247.96468
G1 X110.255 Y103.896 E247.96918
G1 X110.178 Y104.05 E247.97348
G1 X110.07 Y104.211 E247.97832
G1 X109.956 Y104.34 E247.98261
G1 X109.823 Y104.456 E247.98701
G1 X109.655 Y104.568 E247.99205
G1 X109.51 Y104.64 E247.99609
G1 X109.362 Y104.69 E247.99998
G0 F1350 X109.326 Y104.702
G0 X109.153 Y104.736
G0 X108.968 Y104.748
G0 X108.785 Y104.737
G0 X108.607 Y104.701
G0 X108.435 Y104.643
G0 X108.278 Y104.565
G0 X108.121 Y104.462
G0 X107.982 Y104.34
G0 X107.866 Y104.208
G0 F9000 X107.55 Y104.455
G1 F480 E248.04152
G1 F1500 X107.412 Y104.25 E248.04768
G1 X107.313 Y104.051 E248.05323
G1 X107.24 Y103.835 E248.05891
G1 X107.191 Y103.594 E248.06505
G1 X107.19 Y103.564 E248.0658
G1 X107.177 Y103.367 E248.07072
G1 X107.191 Y103.139 E248.07642
G1 X107.24 Y102.898 E248.08256
G1 X107.313 Y102.682 E248.08824
G1 X107.412 Y102.483 E248.09379
G1 X107.553 Y102.274 E248.10008
G1 X107.699 Y102.108 E248.10559
G1 X107.87 Y101.959 E248.11125
G1 X108.073 Y101.823 E248.11734
G1 X108.288 Y101.718 E248.12331
G1 X108.496 Y101.647 E248.1288
G1 X108.712 Y101.605 E248.13428
G1 X108.738 Y101.599 E248.13495
G1 X108.764 Y101.598 E248.1356
G1 X108.943 Y101.587 E248.14007
G1 X108.968 Y101.585 E248.1407
G1 X109.2 Y101.599 E248.1465
G1 X109.437 Y101.646 E248.15252
G1 X109.655 Y101.72 E248.15827
G1 X109.87 Y101.826 E248.16425
G1 X110.057 Y101.951 E248.16986
G1 X110.235 Y102.105 E248.17573
G1 X110.394 Y102.286 E248.18174
G1 X110.519 Y102.473 E248.18735
G1 X110.628 Y102.692 E248.19345
G1 X110.698 Y102.897 E248.19885
G1 X110.741 Y103.113 E248.20435
G1 X110.747 Y103.139 E248.20501
G1 X110.748 Y103.167 E248.20571
G1 X110.761 Y103.367 E248.21071
G1 X110.747 Y103.595 E248.21641
G1 X110.699 Y103.833 E248.22247
G1 X110.625 Y104.05 E248.22819
G1 X110.523 Y104.254 E248.23388
G1 X110.388 Y104.456 E248.23994
G1 X110.238 Y104.626 E248.24559
G1 X110.068 Y104.774 E248.25121
G1 X109.861 Y104.912 E248.25742
G1 X109.657 Y105.013 E248.2631
G1 X109.436 Y105.088 E248.26892
G1 X109.202 Y105.134 E248.27487
G1 X109.003 Y105.146 E248.27984
G0 F1350 X108.992 Y105.146
G0 X108.968 Y105.148
G0 X108.736 Y105.134
G0 X108.497 Y105.087
G0 X108.285 Y105.015
G0 X108.073 Y104.91
G0 X107.878 Y104.781
G0 X107.699 Y104.625
G0 X107.55 Y104.455
G0 F9000 X107.212 Y104.715
;TYPE:WALL-OUTER
G1 F480 E248.32138
G1 F900 X107.047 Y104.469 E248.32784
G1 X106.917 Y104.208 E248.33421
G1 X106.828 Y103.945 E248.34027
G1 X106.769 Y103.653 E248.34677
G1 X106.751 Y103.367 E248.35302
G1 X106.769 Y103.08 E248.3593
G1 X106.828 Y102.788 E248.3658
G1 X106.917 Y102.525 E248.37186
G1 X107.047 Y102.264 E248.37823
G1 X107.212 Y102.019 E248.38467
G1 X107.399 Y101.806 E248.39086
G1 X107.617 Y101.616 E248.39717
G1 X107.86 Y101.454 E248.40355
G1 X108.121 Y101.326 E248.40989
G1 X108.389 Y101.235 E248.41607
G1 X108.68 Y101.177 E248.42255
G1 X108.969 Y101.159 E248.42887
G1 X109.257 Y101.177 E248.43516
G1 X109.548 Y101.235 E248.44164
G1 X109.817 Y101.326 E248.44784
G1 X110.078 Y101.454 E248.45418
G1 X110.32 Y101.616 E248.46054
G1 X110.534 Y101.802 E248.46673
G1 X110.729 Y102.023 E248.47316
G1 X110.89 Y102.264 E248.47949
G1 X111.02 Y102.526 E248.48587
G1 X111.11 Y102.788 E248.49192
G1 X111.169 Y103.08 E248.49842
G1 X111.187 Y103.367 E248.5047
G1 X111.169 Y103.653 E248.51095
G1 X111.111 Y103.943 E248.51741
G1 X111.019 Y104.21 E248.52357
G1 X110.89 Y104.469 E248.52989
G1 X110.726 Y104.714 E248.53632
G1 X110.538 Y104.928 E248.54254
G1 X110.321 Y105.117 E248.54882
G1 X110.078 Y105.279 E248.5552
G1 X109.817 Y105.408 E248.56155
G1 X109.548 Y105.499 E248.56775
G1 X109.257 Y105.556 E248.57422
G1 X108.969 Y105.574 E248.58052
G1 X108.85 Y105.566 E248.58312
G0 F810 X108.68 Y105.556
G0 X108.389 Y105.499
G0 X108.121 Y105.408
G0 X107.86 Y105.279
G0 X107.622 Y105.121
G0 X107.396 Y104.924
G0 X107.212 Y104.715
G0 F9000 X107.101 Y104.549
G0 X107.421 Y104.336
G0 X108.128 Y103.952
;TYPE:FILL
G1 F480 E248.62464
G1 F3000 X109.552 Y102.529 E248.67486
G1 X109.594 Y102.558 E248.67613
G1 X109.698 Y102.646 E248.67953
G1 X109.797 Y102.758 E248.68326
G1 X109.859 Y102.852 E248.68607
G1 X109.924 Y102.983 E248.68971
G1 X109.961 Y103.09 E248.69254
G1 X109.993 Y103.242 E248.69641
G1 X110 Y103.367 E248.69954
G1 X109.993 Y103.493 E248.70268
G1 X109.963 Y103.636 E248.70633
G1 X109.923 Y103.752 E248.70939
G1 X109.864 Y103.871 E248.7127
G1 X109.786 Y103.988 E248.71621
G1 X109.699 Y104.086 E248.71948
G1 X109.607 Y104.167 E248.72254
G1 X109.473 Y104.258 E248.72658
G1 X109.37 Y104.307 E248.72942
G1 X109.23 Y104.355 E248.73311
G1 X109.113 Y104.377 E248.73608
G1 X108.965 Y104.386 E248.73978
G1 X108.834 Y104.38 E248.74305
G1 X108.701 Y104.352 E248.74644
G1 X108.573 Y104.309 E248.74981
G1 X108.445 Y104.246 E248.75337
G1 X108.344 Y104.179 E248.75639
G1 X108.234 Y104.083 E248.76004
G1 X108.158 Y103.996 E248.76292
G1 X108.064 Y103.856 E248.76713
G1 X108.021 Y103.769 E248.76955
G1 X107.976 Y103.635 E248.77307
G1 X107.945 Y103.488 E248.77682
G1 X107.939 Y103.367 E248.77984
G1 X107.945 Y103.244 E248.78291
G1 X107.976 Y103.098 E248.78664
G1 X108.02 Y102.967 E248.79008
G1 X108.068 Y102.872 E248.79274
G1 X108.161 Y102.734 E248.79689
G1 X108.236 Y102.648 E248.79974
G1 X108.33 Y102.566 E248.80285
G1 X108.456 Y102.482 E248.80663
G1 X108.577 Y102.423 E248.80998
G1 X108.7 Y102.38 E248.81323
G1 X108.835 Y102.353 E248.81667
G1 X108.969 Y102.346 E248.82002
G1 F1500 E247.32002
G1 F900 Z2.81
G0 F9000 X108.969 Y102.346 Z2.81
G0 X81.872 Y108.128
;TIME_ELAPSED:478.340485
;LAYER:11
G0 X81.872 Y108.128 Z2.96
;TYPE:WALL-OUTER
G1 F900 Z1.96
G1 F480 E248.88238
G1 F900 X96.127 Y108.128 E249.19352
G1 X96.127 Y88.872 E249.61382
G1 X81.872 Y88.872 E249.92497
G1 X81.872 Y106.226 E250.30375
G0 F810 X81.872 Y108.128
G0 F9000 X82.072 Y108.128
G0 X82.072 Y108.513
G0 X81.125 Y108.875
G1 F480 E250.34527
G1 F900 X81.125 Y88.125 E250.79817
G1 X96.875 Y88.125 E251.14195
G1 X96.875 Y108.875 E251.59486
G1 X83.027 Y108.875 E251.89712
G0 F810 X81.125 Y108.875
G0 F9000 X81.125 Y108.675
G0 X81.51 Y108.49
G0 X81.525 Y108.475
G1 F1500 E250.39712
G1 F900 Z2.96
G0 F9000 X81.525 Y108.475 Z2.96
G0 X88.119 Y101.175
;TYPE:WALL-INNER
G1 F900 Z1.96
G1 F480 E252.001
G1 F1500 X87.967 Y101.016 E252.00648
G1 X87.816 Y100.808 E252.01289
G1 X87.693 Y100.588 E252.01918
G1 X87.588 Y100.333 E252.02606
G1 X87.514 Y100.07 E252.03288
G1 X87.466 Y99.784 E252.04011
G1 X87.45 Y99.5 E252.04721
G1 X87.466 Y99.215 E252.05433
G1 X87.514 Y98.93 E252.06154
G1 X87.587 Y98.671 E252.06825
G1 X87.695 Y98.407 E252.07536
G1 X87.816 Y98.192 E252.08152
G1 X87.967 Y97.984 E252.08793
G1 X88.119 Y97.825 E252.09342
G1 X88.297 Y97.682 E252.09911
G1 X88.469 Y97.58 E252.1041
G1 X88.637 Y97.511 E252.10863
G1 X88.82 Y97.468 E252.11332
G1 X89 Y97.454 E252.11782
G1 X89.18 Y97.468 E252.12233
G1 X89.363 Y97.511 E252.12702
G1 X89.531 Y97.58 E252.13155
G1 X89.703 Y97.682 E252.13654
G1 X89.881 Y97.825 E252.14223
G1 X90.033 Y97.984 E252.14772
G1 X90.184 Y98.192 E252.15413
G1 X90.305 Y98.407 E252.16028
G1 X90.413 Y98.671 E252.1674
G1 X90.486 Y98.93 E252.17411
G1 X90.534 Y99.215 E252.18132
G1 X90.55 Y99.5 E252.18844
G1 X90.534 Y99.784 E252.19554
G1 X90.486 Y100.07 E252.20277
G1 X90.412 Y100.333 E252.20959
G1 X90.307 Y100.588 E252.21647
G1 X90.184 Y100.808 E252.22275
G1 X90.033 Y101.016 E252.22917
G1 X89.881 Y101.175 E252.23465
G1 X89.703 Y101.318 E252.24035
G1 X89.653 Y101.348 E252.2418
G0 F1350 X89.531 Y101.42
G0 X89.363 Y101.489
G0 X89.18 Y101.532
G0 X89 Y101.546
G0 X88.82 Y101.532
G0 X88.637 Y101.489
G0 X88.469 Y101.42
G0 X88.297 Y101.318
G0 X88.119 Y101.175
G0 F9000 X87.849 Y101.471
G1 F480 E252.28334
G1 F1500 X87.656 Y101.269 E252.29031
G1 X87.478 Y101.024 E252.29786
G1 X87.334 Y100.767 E252.30521
G1 X87.208 Y100.459 E252.31351
G1 X87.122 Y100.156 E252.32137
G1 X87.069 Y99.834 E252.32951
G1 X87.068 Y99.807 E252.33018
G1 X87.052 Y99.523 E252.33728
G1 X87.05 Y99.5 E252.33785
G1 X87.069 Y99.163 E252.34627
G1 X87.122 Y98.845 E252.35431
G1 X87.208 Y98.541 E252.3622
G1 X87.335 Y98.231 E252.37055
G1 X87.478 Y97.976 E252.37785
G1 X87.656 Y97.731 E252.3854
G1 X87.849 Y97.529 E252.39237
G1 X88.072 Y97.35 E252.3995
G1 X88.285 Y97.223 E252.40569
G1 X88.486 Y97.142 E252.41109
G1 X88.516 Y97.129 E252.41191
G1 X88.544 Y97.123 E252.41262
G1 X88.761 Y97.071 E252.41819
G1 X89 Y97.053 E252.42417
G1 X89.239 Y97.071 E252.43015
G1 X89.484 Y97.129 E252.43643
G1 X89.715 Y97.223 E252.44265
G1 X89.928 Y97.35 E252.44884
G1 X90.151 Y97.529 E252.45597
G1 X90.344 Y97.731 E252.46294
G1 X90.522 Y97.976 E252.47049
G1 X90.665 Y98.231 E252.47778
G1 X90.792 Y98.541 E252.48614
G1 X90.878 Y98.845 E252.49402
G1 X90.931 Y99.163 E252.50206
G1 X90.932 Y99.192 E252.50279
G1 X90.948 Y99.477 E252.50991
G1 X90.95 Y99.5 E252.51048
G1 X90.931 Y99.834 E252.51883
G1 X90.878 Y100.156 E252.52697
G1 X90.792 Y100.459 E252.53483
G1 X90.666 Y100.767 E252.54313
G1 X90.522 Y101.024 E252.55048
G1 X90.344 Y101.269 E252.55803
G1 X90.151 Y101.471 E252.565
G1 X89.928 Y101.65 E252.57213
G1 X89.715 Y101.777 E252.57832
G1 X89.514 Y101.858 E252.58373
G1 X89.484 Y101.871 E252.58454
G1 X89.456 Y101.877 E252.58526
G1 X89.389 Y101.893 E252.58697
G0 F1350 X89.239 Y101.929
G0 X89 Y101.947
G0 X88.761 Y101.929
G0 X88.516 Y101.871
G0 X88.285 Y101.777
G0 X88.072 Y101.65
G0 X87.849 Y101.471
G0 F9000 X87.563 Y101.787
;TYPE:WALL-OUTER
G1 F480 E252.62851
G1 F900 X87.328 Y101.541 E252.63593
G1 X87.121 Y101.256 E252.64362
G1 X86.95 Y100.95 E252.65127
G1 X86.806 Y100.6 E252.65953
G1 X86.707 Y100.249 E252.66749
G1 X86.646 Y99.882 E252.67561
G1 X86.625 Y99.5 E252.68396
G1 X86.646 Y99.115 E252.69238
G1 X86.707 Y98.751 E252.70044
G1 X86.806 Y98.4 E252.7084
G1 X86.951 Y98.048 E252.71671
G1 X87.121 Y97.744 E252.72431
G1 X87.328 Y97.459 E252.732
G1 X87.563 Y97.213 E252.73942
G1 X87.825 Y97.003 E252.74675
G1 X88.096 Y96.842 E252.75363
G1 X88.39 Y96.722 E252.76056
G1 X88.694 Y96.65 E252.76738
G1 X89 Y96.626 E252.77408
G1 X89.306 Y96.65 E252.78078
G1 X89.61 Y96.722 E252.7876
G1 X89.904 Y96.842 E252.79453
G1 X90.175 Y97.003 E252.80141
G1 X90.437 Y97.213 E252.80874
G1 X90.672 Y97.459 E252.81617
G1 X90.879 Y97.744 E252.82385
G1 X91.049 Y98.048 E252.83146
G1 X91.194 Y98.4 E252.83977
G1 X91.293 Y98.751 E252.84773
G1 X91.354 Y99.115 E252.85578
G1 X91.375 Y99.5 E252.8642
G1 X91.354 Y99.882 E252.87255
G1 X91.293 Y100.249 E252.88067
G1 X91.194 Y100.6 E252.88863
G1 X91.05 Y100.95 E252.89689
G1 X90.879 Y101.256 E252.90454
G1 X90.672 Y101.541 E252.91223
G1 X90.437 Y101.787 E252.91965
G1 X90.175 Y101.997 E252.92698
G1 X89.904 Y102.158 E252.93386
G1 X89.61 Y102.278 E252.94079
G1 X89.316 Y102.348 E252.94739
G0 F810 X89.306 Y102.35
G0 X89 Y102.374
G0 X88.694 Y102.35
G0 X88.39 Y102.278
G0 X88.096 Y102.158
G0 X87.825 Y101.997
G0 X87.563 Y101.787
G0 F9000 X87.425 Y101.643
G0 X87.704 Y101.378
G0 X87.84 Y99.151
;TYPE:FILL
G1 F480 E252.98891
G1 F3000 X89.615 Y100.926 E253.05152
G1 X89.644 Y100.904 E253.05243
G1 X89.754 Y100.787 E253.05644
G1 X89.882 Y100.611 E253.06187
G1 X89.978 Y100.438 E253.0668
G1 X90.073 Y100.21 E253.07296
G1 X90.134 Y99.992 E253.07861
G1 X90.176 Y99.745 E253.08486
G1 X90.189 Y99.5 E253.09098
G1 X90.177 Y99.282 E253.09643
G1 X88.466 Y100.992 E253.15677
G1 X88.356 Y100.904 E253.16028
G1 X88.246 Y100.787 E253.16429
G1 X88.118 Y100.611 E253.16972
G1 X88.022 Y100.438 E253.17465
G1 X87.927 Y100.21 E253.18081
G1 X87.866 Y99.992 E253.18646
G1 X87.824 Y99.745 E253.19271
G1 X87.811 Y99.5 E253.19883
G1 X87.824 Y99.254 E253.20498
G1 X87.865 Y99.012 E253.2111
G1 X87.93 Y98.782 E253.21706
G1 X88.016 Y98.57 E253.22277
G1 X88.116 Y98.394 E253.22782
G1 X88.25 Y98.208 E253.23354
G1 X88.356 Y98.096 E253.23738
G1 X88.505 Y97.977 E253.24214
G1 X88.63 Y97.904 E253.24575
G1 X88.749 Y97.854 E253.24897
G1 X88.877 Y97.825 E253.25224
G1 X89 Y97.814 E253.25532
G1 F1500 E251.75532
G1 F900 Z2.96
G0 F9000 X89 Y97.814 Z2.96
G0 X101.81 Y107.694
;TYPE:WALL-OUTER
G1 F900 Z1.96
G1 F480 E253.31769
G1 F900 X115.189 Y107.694 E253.60971
G1 X115.189 Y95.306 E253.8801
G1 X101.81 Y95.306 E254.17213
G1 X101.81 Y105.792 E254.401
G0 F810 X101.81 Y107.694
G0 F9000 X102.01 Y107.694
G0 X101.125 Y108.375
G1 F480 E254.44252
G1 F900 X101.125 Y94.625 E254.74264
G1 X115.875 Y94.625 E255.06459
G1 X115.875 Y108.375 E255.36471
G1 X103.027 Y108.375 E255.64514
G0 F810 X101.125 Y108.375
G0 F9000 X101.125 Y108.175
G0 X101.525 Y107.975
G1 F1500 E254.14514
G1 F900 Z2.96
G0 F9000 X101.525 Y107.975 Z2.96
G0 X107.866 Y104.208
;TYPE:WALL-INNER
G1 F900 Z1.96
G1 F480 E255.74902
G1 F1500 X107.758 Y104.048 E255.75383
G1 X107.684 Y103.899 E255.75798
G1 X107.627 Y103.731 E255.76241
G1 X107.588 Y103.539 E255.7673
G1 X107.578 Y103.367 E255.77159
G1 X107.588 Y103.193 E255.77594
G1 X107.627 Y103.002 E255.7808
G1 X107.684 Y102.834 E255.78523
G1 X107.756 Y102.689 E255.78927
G1 X107.875 Y102.514 E255.79455
G1 X107.977 Y102.397 E255.79842
G1 X108.118 Y102.274 E255.80309
G1 X108.274 Y102.17 E255.80776
G1 X108.437 Y102.09 E255.81229
G1 X108.605 Y102.033 E255.81672
G1 X108.789 Y101.996 E255.8214
G1 X108.968 Y101.985 E255.82587
G1 X109.149 Y101.996 E255.8304
G1 X109.328 Y102.032 E255.83495
G1 X109.502 Y102.091 E255.83953
G1 X109.67 Y102.174 E255.84421
G1 X109.817 Y102.272 E255.84862
G1 X109.95 Y102.387 E255.853
G1 X110.077 Y102.531 E255.85779
G1 X110.174 Y102.677 E255.86216
G1 X110.256 Y102.843 E255.86678
G1 X110.312 Y103.005 E255.87106
G1 X110.35 Y103.192 E255.87582
G1 X110.36 Y103.367 E255.88019
G1 X110.35 Y103.542 E255.88456
G1 X110.313 Y103.725 E255.88922
G1 X110.255 Y103.896 E255.89373
G1 X110.178 Y104.05 E255.89802
G1 X110.07 Y104.211 E255.90286
G1 X109.956 Y104.34 E255.90715
G1 X109.823 Y104.456 E255.91155
G1 X109.655 Y104.568 E255.91659
G1 X109.51 Y104.64 E255.92063
G1 X109.362 Y104.69 E255.92452
G0 F1350 X109.326 Y104.702
G0 X109.153 Y104.736
G0 X108.968 Y104.748
G0 X108.785 Y104.737
G0 X108.607 Y104.701
G0 X108.435 Y104.643
G0 X108.278 Y104.565
G0 X108.121 Y104.462
G0 X107.982 Y104.34
G0 X107.866 Y104.208
G0 F9000 X107.55 Y104.455
G1 F480 E255.96606
G1 F1500 X107.412 Y104.25 E255.97222
G1 X107.313 Y104.051 E255.97777
G1 X107.24 Y103.835 E255.98345
G1 X107.191 Y103.594 E255.98959
G1 X107.19 Y103.564 E255.99034
G1 X107.177 Y103.367 E255.99526
G1 X107.191 Y103.139 E256.00096
G1 X107.24 Y102.898 E256.0071
G1 X107.313 Y102.682 E256.01278
G1 X107.412 Y102.483 E256.01833
G1 X107.553 Y102.274 E256.02462
G1 X107.699 Y102.108 E256.03013
G1 X107.87 Y101.959 E256.03579
G1 X108.073 Y101.823 E256.04188
G1 X108.288 Y101.718 E256.04785
G1 X108.496 Y101.647 E256.05334
G1 X108.712 Y101.605 E256.05883
G1 X108.738 Y101.599 E256.05949
G1 X108.764 Y101.598 E256.06014
G1 X108.943 Y101.587 E256.06461
G1 X108.968 Y101.585 E256.06524
G1 X109.2 Y101.599 E256.07104
G1 X109.437 Y101.646 E256.07706
G1 X109.655 Y101.72 E256.08281
G1 X109.87 Y101.826 E256.08879
G1 X110.057 Y101.951 E256.0944
G1 X110.235 Y102.105 E256.10027
G1 X110.394 Y102.286 E256.10628
G1 X110.519 Y102.473 E256.11189
G1 X110.628 Y102.692 E256.11799
G1 X110.698 Y102.897 E256.1234
G1 X110.741 Y103.113 E256.12889
G1 X110.747 Y103.139 E256.12955
G1 X110.748 Y103.167 E256.13025
G1 X110.761 Y103.367 E256.13525
G1 X110.747 Y103.595 E256.14095
G1 X110.699 Y103.833 E256.14701
G1 X110.625 Y104.05 E256.15273
G1 X110.523 Y104.254 E256.15842
G1 X110.388 Y104.456 E256.16448
G1 X110.238 Y104.626 E256.17013
G1 X110.068 Y104.774 E256.17575
G1 X109.861 Y104.912 E256.18196
G1 X109.657 Y105.013 E256.18764
G1 X109.436 Y105.088 E256.19346
G1 X109.202 Y105.134 E256.19941
G1 X109.003 Y105.146 E256.20438
G0 F1350 X108.992 Y105.146
G0 X108.968 Y105.148
G0 X108.736 Y105.134
G0 X108.497 Y105.087
G0 X108.285 Y105.015
G0 X108.073 Y104.91
G0 X107.878 Y104.781
G0 X107.699 Y104.625
G0 X107.55 Y104.455
G0 F9000 X107.212 Y104.715
;TYPE:WALL-OUTER
G1 F480 E256.24592
G1 F900 X107.047 Y104.469 E256.25238
G1 X106.917 Y104.208 E256.25875
G1 X106.828 Y103.945 E256.26481
G1 X106.769 Y103.653 E256.27131
G1 X106.751 Y103.367 E256.27756
G1 X106.769 Y103.08 E256.28384
G1 X106.828 Y102.788 E256.29034
G1 X106.917 Y102.525 E256.2964
G1 X107.047 Y102.264 E256.30277
G1 X107.212 Y102.019 E256.30921
G1 X107.399 Y101.806 E256.3154
G1 X107.617 Y101.616 E256.32171
G1 X107.86 Y101.454 E256.32809
G1 X108.121 Y101.326 E256.33443
G1 X108.389 Y101.235 E256.34061
G1 X108.68 Y101.177 E256.34709
G1 X108.969 Y101.159 E256.35341
G1 X109.257 Y101.177 E256.35971
G1 X109.548 Y101.235 E256.36618
G1 X109.817 Y101.326 E256.37238
G1 X110.078 Y101.454 E256.37873
G1 X110.32 Y101.616 E256.38508
G1 X110.534 Y101.802 E256.39127
G1 X110.729 Y102.023 E256.3977
G1 X110.89 Y102.264 E256.40403
G1 X111.02 Y102.526 E256.41041
G1 X111.11 Y102.788 E256.41646
G1 X111.169 Y103.08 E256.42296
G1 X111.187 Y103.367 E256.42924
G1 X111.169 Y103.653 E256.43549
G1 X111.111 Y103.943 E256.44195
G1 X111.019 Y104.21 E256.44811
G1 X110.89 Y104.469 E256.45443
G1 X110.726 Y104.714 E256.46086
G1 X110.538 Y104.928 E256.46708
G1 X110.321 Y105.117 E256.47336
G1 X110.078 Y105.279 E256.47974
G1 X109.817 Y105.408 E256.48609
G1 X109.548 Y105.499 E256.49229
G1 X109.257 Y105.556 E256.49876
G1 X108.969 Y105.574 E256.50506
G1 X108.85 Y105.566 E256.50766
G0 F810 X108.68 Y105.556
G0 X108.389 Y105.499
G0 X108.121 Y105.408
G0 X107.86 Y105.279
G0 X107.622 Y105.121
G0 X107.396 Y104.924
G0 X107.212 Y104.715
G0 F9000 X107.101 Y104.549
G0 X107.421 Y104.336
G0 X108.128 Y103.952
;TYPE:FILL
G1 F480 E256.54918
G1 F3000 X109.552 Y102.529 E256.5994
G1 X109.594 Y102.558 E256.60067
G1 X109.698 Y102.646 E256.60407
G1 X109.797 Y102.758 E256.6078
G1 X109.859 Y102.852 E256.61061
G1 X109.924 Y102.983 E256.61425
G1 X109.961 Y103.09 E256.61708
G1 X109.993 Y103.242 E256.62095
G1 X110 Y103.367 E256.62408
G1 X109.993 Y103.493 E256.62722
G1 X109.963 Y103.636 E256.63087
G1 X109.923 Y103.752 E256.63393
G1 X109.864 Y103.871 E256.63724
G1 X109.786 Y103.988 E256.64075
G1 X109.699 Y104.086 E256.64402
G1 X109.607 Y104.167 E256.64708
G1 X109.473 Y104.258 E256.65112
G1 X109.37 Y104.307 E256.65396
G1 X109.23 Y104.355 E256.65766
G1 X109.113 Y104.377 E256.66062
G1 X108.965 Y104.386 E256.66432
G1 X108.834 Y104.38 E256.66759
G1 X108.701 Y104.352 E256.67099
G1 X108.573 Y104.309 E256.67435
G1 X108.445 Y104.246 E256.67791
G1 X108.344 Y104.179 E256.68094
G1 X108.234 Y104.083 E256.68458
G1 X108.158 Y103.996 E256.68746
G1 X108.064 Y103.856 E256.69167
G1 X108.021 Y103.769 E256.69409
G1 X107.976 Y103.635 E256.69761
G1 X107.945 Y103.488 E256.70136
G1 X107.939 Y103.367 E256.70438
G1 X107.945 Y103.244 E256.70745
G1 X107.976 Y103.098 E256.71118
G1 X108.02 Y102.967 E256.71462
G1 X108.068 Y102.872 E256.71728
G1 X108.161 Y102.734 E256.72143
G1 X108.236 Y102.648 E256.72428
G1 X108.33 Y102.566 E256.72739
G1 X108.456 Y102.482 E256.73117
G1 X108.577 Y102.423 E256.73452
G1 X108.7 Y102.38 E256.73777
G1 X108.835 Y102.353 E256.74121
G1 X108.969 Y102.346 E256.74456
G1 F1500 E255.24456
G1 F900 Z2.96
G0 F9000 X108.969 Y102.346 Z2.96
G0 X81.872 Y108.128
;TIME_ELAPSED:504.129005
;LAYER:12
G0 X81.872 Y108.128 Z3.11
;TYPE:WALL-OUTER
G1 F900 Z2.11
G1 F480 E256.80692
G1 F900 X96.127 Y108.128 E257.11806
G1 X96.127 Y88.872 E257.53836
G1 X81.872 Y88.872 E257.84951
G1 X81.872 Y106.226 E258.22829
G0 F810 X81.872 Y108.128
G0 F9000 X82.072 Y108.128
G0 X82.072 Y108.513
G0 X81.125 Y108.875
G1 F480 E258.26981
G1 F900 X81.125 Y88.125 E258.72272
G1 X96.875 Y88.125 E259.06649
G1 X96.875 Y108.875 E259.5194
G1 X83.027 Y108.875 E259.82166
G0 F810 X81.125 Y108.875
G0 F9000 X81.125 Y108.675
G0 X81.51 Y108.49
G0 X81.525 Y108.475
G1 F1500 E258.32166
G1 F900 Z3.11
G0 F9000 X81.525 Y108.475 Z3.11
G0 X88.119 Y101.175
;TYPE:WALL-INNER
G1 F900 Z2.11
G1 F480 E259.92554
G1 F1500 X87.967 Y101.016 E259.93102
G1 X87.816 Y100.808 E259.93744
G1 X87.693 Y100.588 E259.94372
G1 X87.588 Y100.333 E259.9506
G1 X87.514 Y100.07 E259.95742
G1 X87.466 Y99.784 E259.96465
G1 X87.45 Y99.5 E259.97175
G1 X87.466 Y99.215 E259.97887
G1 X87.514 Y98.93 E259.98608
G1 X87.587 Y98.671 E259.99279
G1 X87.695 Y98.407 E259.99991
G1 X87.816 Y98.192 E260.00606
G1 X87.967 Y97.984 E260.01247
G1 X88.119 Y97.825 E260.01796
G1 X88.297 Y97.682 E260.02365
G1 X88.469 Y97.58 E260.02864
G1 X88.637 Y97.511 E260.03317
G1 X88.82 Y97.468 E260.03786
G1 X89 Y97.454 E260.04237
G1 X89.18 Y97.468 E260.04687
G1 X89.363 Y97.511 E260.05156
G1 X89.531 Y97.58 E260.05609
G1 X89.703 Y97.682 E260.06108
G1 X89.881 Y97.825 E260.06677
G1 X90.033 Y97.984 E260.07226
G1 X90.184 Y98.192 E260.07867
G1 X90.305 Y98.407 E260.08483
G1 X90.413 Y98.671 E260.09194
G1 X90.486 Y98.93 E260.09865
G1 X90.534 Y99.215 E260.10586
G1 X90.55 Y99.5 E260.11298
G1 X90.534 Y99.784 E260.12008
G1 X90.486 Y100.07 E260.12731
G1 X90.412 Y100.333 E260.13413
G1 X90.307 Y100.588 E260.14101
G1 X90.184 Y100.808 E260.1473
G1 X90.033 Y101.016 E260.15371
G1 X89.881 Y101.175 E260.15919
G1 X89.703 Y101.318 E260.16489
G1 X89.653 Y101.348 E260.16634
G0 F1350 X89.531 Y101.42
G0 X89.363 Y101.489
G0 X89.18 Y101.532
G0 X89 Y101.546
G0 X88.82 Y101.532
G0 X88.637 Y101.489
G0 X88.469 Y101.42
G0 X88.297 Y101.318
G0 X88.119 Y101.175
G0 F9000 X87.849 Y101.471
G1 F480 E260.20788
G1 F1500 X87.656 Y101.269 E260.21485
G1 X87.478 Y101.024 E260.2224
G1 X87.334 Y100.767 E260.22975
G1 X87.208 Y100.459 E260.23805
G1 X87.122 Y100.156 E260.24591
G1 X87.069 Y99.834 E260.25405
G1 X87.068 Y99.807 E260.25472
G1 X87.052 Y99.523 E260.26182
G1 X87.05 Y99.5 E260.26239
G1 X87.069 Y99.163 E260.27081
G1 X87.122 Y98.845 E260.27886
G1 X87.208 Y98.541 E260.28674
G1 X87.335 Y98.231 E260.29509
G1 X87.478 Y97.976 E260.30239
G1 X87.656 Y97.731 E260.30994
G1 X87.849 Y97.529 E260.31691
G1 X88.072 Y97.35 E260.32404
G1 X88.285 Y97.223 E260.33023
G1 X88.486 Y97.142 E260.33563
G1 X88.516 Y97.129 E260.33645
G1 X88.544 Y97.123 E260.33716
G1 X88.761 Y97.071 E260.34273
G1 X89 Y97.053 E260.34871
G1 X89.239 Y97.071 E260.35469
G1 X89.484 Y97.129 E260.36097
G1 X89.715 Y97.223 E260.36719
G1 X89.928 Y97.35 E260.37338
G1 X90.151 Y97.529 E260.38051
G1 X90.344 Y97.731 E260.38748
G1 X90.522 Y97.976 E260.39503
G1 X90.665 Y98.231 E260.40233
G1 X90.792 Y98.541 E260.41068
G1 X90.878 Y98.845 E260.41856
G1 X90.931 Y99.163 E260.42661
G1 X90.932 Y99.192 E260.42733
G1 X90.948 Y99.477 E260.43445
G1 X90.95 Y99.5 E260.43503
G1 X90.931 Y99.834 E260.44337
G1 X90.878 Y100.156 E260.45151
G1 X90.792 Y100.459 E260.45937
G1 X90.666 Y100.767 E260.46767
G1 X90.522 Y101.024 E260.47502
G1 X90.344 Y101.269 E260.48257
G1 X90.151 Y101.471 E260.48954
G1 X89.928 Y101.65 E260.49667
G1 X89.715 Y101.777 E260.50286
G1 X89.514 Y101.858 E260.50827
G1 X89.484 Y101.871 E260.50908
G1 X89.456 Y101.877 E260.5098
G1 X89.389 Y101.893 E260.51151
G0 F1350 X89.239 Y101.929
G0 X89 Y101.947
G0 X88.761 Y101.929
G0 X88.516 Y101.871
G0 X88.285 Y101.777
G0 X88.072 Y101.65
G0 X87.849 Y101.471
G0 F9000 X87.563 Y101.787
;TYPE:WALL-OUTER
G1 F480 E260.55305
G1 F900 X87.328 Y101.541 E260.56047
G1 X87.121 Y101.256 E260.56816
G1 X86.95 Y100.95 E260.57581
G1 X86.806 Y100.6 E260.58407
G1 X86.707 Y100.249 E260.59203
G1 X86.646 Y99.882 E260.60015
G1 X86.625 Y99.5 E260.6085
G1 X86.646 Y99.115 E260.61692
G1 X86.707 Y98.751 E260.62498
G1 X86.806 Y98.4 E260.63294
G1 X86.951 Y98.048 E260.64125
G1 X87.121 Y97.744 E260.64885
G1 X87.328 Y97.459 E260.65654
G1 X87.563 Y97.213 E260.66396
G1 X87.825 Y97.003 E260.67129
G1 X88.096 Y96.842 E260.67817
G1 X88.39 Y96.722 E260.6851
G1 X88.694 Y96.65 E260.69192
G1 X89 Y96.626 E260.69862
G1 X89.306 Y96.65 E260.70532
G1 X89.61 Y96.722 E260.71214
G1 X89.904 Y96.842 E260.71907
G1 X90.175 Y97.003 E260.72595
G1 X90.437 Y97.213 E260.73328
G1 X90.672 Y97.459 E260.74071
G1 X90.879 Y97.744 E260.74839
G1 X91.049 Y98.048 E260.756
G1 X91.194 Y98.4 E260.76431
G1 X91.293 Y98.751 E260.77227
G1 X91.354 Y99.115 E260.78032
G1 X91.375 Y99.5 E260.78874
G1 X91.354 Y99.882 E260.79709
G1 X91.293 Y100.249 E260.80521
G1 X91.194 Y100.6 E260.81317
G1 X91.05 Y100.95 E260.82143
G1 X90.879 Y101.256 E260.82908
G1 X90.672 Y101.541 E260.83677
G1 X90.437 Y101.787 E260.8442
G1 X90.175 Y101.997 E260.85152
G1 X89.904 Y102.158 E260.8584
G1 X89.61 Y102.278 E260.86534
G1 X89.316 Y102.348 E260.87193
G0 F810 X89.306 Y102.35
G0 X89 Y102.374
G0 X88.694 Y102.35
G0 X88.39 Y102.278
G0 X88.096 Y102.158
G0 X87.825 Y101.997
G0 X87.563 Y101.787
G0 F9000 X87.425 Y101.643
G0 X87.704 Y101.378
G0 X87.84 Y99.151
;TYPE:FILL
G1 F480 E260.91345
G1 F3000 X89.615 Y100.926 E260.97606
G1 X89.644 Y100.904 E260.97697
G1 X89.754 Y100.787 E260.98098
G1 X89.882 Y100.611 E260.98641
G1 X89.978 Y100.438 E260.99134
G1 X90.073 Y100.21 E260.9975
G1 X90.134 Y99.992 E261.00315
G1 X90.176 Y99.745 E261.0094
G1 X90.189 Y99.5 E261.01552
G1 X90.177 Y99.282 E261.02097
G1 X88.466 Y100.992 E261.08131
G1 X88.356 Y100.904 E261.08482
G1 X88.246 Y100.787 E261.08883
G1 X88.118 Y100.611 E261.09426
G1 X88.022 Y100.438 E261.09919
G1 X87.927 Y100.21 E261.10536
G1 X87.866 Y99.992 E261.111
G1 X87.824 Y99.745 E261.11725
G1 X87.811 Y99.5 E261.12337
G1 X87.824 Y99.254 E261.12952
G1 X87.865 Y99.012 E261.13564
G1 X87.93 Y98.782 E261.1416
G1 X88.016 Y98.57 E261.14731
G1 X88.116 Y98.394 E261.15236
G1 X88.25 Y98.208 E261.15808
G1 X88.356 Y98.096 E261.16192
G1 X88.505 Y97.977 E261.16668
G1 X88.63 Y97.904 E261.17029
G1 X88.749 Y97.854 E261.17351
G1 X88.877 Y97.825 E261.17679
G1 X89 Y97.814 E261.17987
G1 F1500 E259.67987
G1 F900 Z3.11
G0 F9000 X89 Y97.814 Z3.11
G0 X101.81 Y107.694
;TYPE:WALL-OUTER
G1 F900 Z2.11
G1 F480 E261.24223
G1 F900 X115.189 Y107.694 E261.53425
G1 X115.189 Y95.306 E261.80464
G1 X101.81 Y95.306 E262.09667
G1 X101.81 Y105.792 E262.32554
G0 F810 X101.81 Y107.694
G0 F9000 X102.01 Y107.694
G0 X101.125 Y108.375
G1 F480 E262.36706
G1 F900 X101.125 Y94.625 E262.66718
G1 X115.875 Y94.625 E262.98913
G1 X115.875 Y108.375 E263.28925
G1 X103.027 Y108.375 E263.56968
G0 F810 X101.125 Y108.375
G0 F9000 X101.125 Y108.175
G0 X101.525 Y107.975
G1 F1500 E262.06968
G1 F900 Z3.11
G0 F9000 X101.525 Y107.975 Z3.11
G0 X107.866 Y104.208
;TYPE:WALL-INNER
G1 F900 Z2.11
G1 F480 E263.67356
G1 F1500 X107.758 Y104.048 E263.67837
G1 X107.684 Y103.899 E263.68252
G1 X107.627 Y103.731 E263.68695
G1 X107.588 Y103.539 E263.69184
G1 X107.578 Y103.367 E263.69613
G1 X107.588 Y103.193 E263.70048
G1 X107.627 Y103.002 E263.70534
G1 X107.684 Y102.834 E263.70977
G1 X107.756 Y102.689 E263.71381
G1 X107.875 Y102.514 E263.71909
G1 X107.977 Y102.397 E263.72296
G1 X108.118 Y102.274 E263.72763
G1 X108.274 Y102.17 E263.7323
G1 X108.437 Y102.09 E263.73683
G1 X108.605 Y102.033 E263.74126
G1 X108.789 Y101.996 E263.74594
G1 X108.968 Y101.985 E263.75041
G1 X109.149 Y101.996 E263.75494
G1 X109.328 Y102.032 E263.75949
G1 X109.502 Y102.091 E263.76408
G1 X109.67 Y102.174 E263.76875
G1 X109.817 Y102.272 E263.77316
G1 X109.95 Y102.387 E263.77754
G1 X110.077 Y102.531 E263.78233
G1 X110.174 Y102.677 E263.7867
G1 X110.256 Y102.843 E263.79132
G1 X110.312 Y103.005 E263.7956
G1 X110.35 Y103.192 E263.80036
G1 X110.36 Y103.367 E263.80473
G1 X110.35 Y103.542 E263.8091
G1 X110.313 Y103.725 E263.81376
G1 X110.255 Y103.896 E263.81827
G1 X110.178 Y104.05 E263.82256
G1 X110.07 Y104.211 E263.8274
G1 X109.956 Y104.34 E263.83169
G1 X109.823 Y104.456 E263.83609
G1 X109.655 Y104.568 E263.84113
G1 X109.51 Y104.64 E263.84517
G1 X109.362 Y104.69 E263.84907
G0 F1350 X109.326 Y104.702
G0 X109.153 Y104.736
G0 X108.968 Y104.748
G0 X108.785 Y104.737
G0 X108.607 Y104.701
G0 X108.435 Y104.643
G0 X108.278 Y104.565
G0 X108.121 Y104.462
G0 X107.982 Y104.34
G0 X107.866 Y104.208
G0 F9000 X107.55 Y104.455
G1 F480 E263.8906
G1 F1500 X107.412 Y104.25 E263.89676
G1 X107.313 Y104.051 E263.90231
G1 X107.24 Y103.835 E263.908
G1 X107.191 Y103.594 E263.91413
G1 X107.19 Y103.564 E263.91488
G1 X107.177 Y103.367 E263.9198
G1 X107.191 Y103.139 E263.9255
G1 X107.24 Y102.898 E263.93164
G1 X107.313 Y102.682 E263.93732
G1 X107.412 Y102.483 E263.94287
G1 X107.553 Y102.274 E263.94916
G1 X107.699 Y102.108 E263.95467
G1 X107.87 Y101.959 E263.96033
G1 X108.073 Y101.823 E263.96643
G1 X108.288 Y101.718 E263.97239
G1 X108.496 Y101.647 E263.97788
G1 X108.712 Y101.605 E263.98337
G1 X108.738 Y101.599 E263.98403
G1 X108.764 Y101.598 E263.98468
G1 X108.943 Y101.587 E263.98915
G1 X108.968 Y101.585 E263.98978
G1 X109.2 Y101.599 E263.99558
G1 X109.437 Y101.646 E264.0016
G1 X109.655 Y101.72 E264.00735
G1 X109.87 Y101.826 E264.01333
G1 X110.057 Y101.951 E264.01894
G1 X110.235 Y102.105 E264.02481
G1 X110.394 Y102.286 E264.03082
G1 X110.519 Y102.473 E264.03643
G1 X110.628 Y102.692 E264.04253
G1 X110.698 Y102.897 E264.04794
G1 X110.741 Y103.113 E264.05343
G1 X110.747 Y103.139 E264.0541
G1 X110.748 Y103.167 E264.05479
G1 X110.761 Y103.367 E264.05979
G1 X110.747 Y103.595 E264.06549
G1 X110.699 Y103.833 E264.07155
G1 X110.625 Y104.05 E264.07727
G1 X110.523 Y104.254 E264.08296
G1 X110.388 Y104.456 E264.08902
G1 X110.238 Y104.626 E264.09467
G1 X110.068 Y104.774 E264.1003
G1 X109.861 Y104.912 E264.1065
G1 X109.657 Y105.013 E264.11218
G1 X109.436 Y105.088 E264.118
G1 X109.202 Y105.134 E264.12395
G1 X109.003 Y105.146 E264.12892
G0 F1350 X108.992 Y105.146
G0 X108.968 Y105.148
G0 X108.736 Y105.134
G0 X108.497 Y105.087
G0 X108.285 Y105.015
G0 X108.073 Y104.91
G0 X107.878 Y104.781
G0 X107.699 Y104.625
G0 X107.55 Y104.455
G0 F9000 X107.212 Y104.715
;TYPE:WALL-OUTER
G1 F480 E264.17046
G1 F900 X107.047 Y104.469 E264.17692
G1 X106.917 Y104.208 E264.18329
G1 X106.828 Y103.945 E264.18935
G1 X106.769 Y103.653 E264.19585
G1 X106.751 Y103.367 E264.2021
G1 X106.769 Y103.08 E264.20838
G1 X106.828 Y102.788 E264.21488
G1 X106.917 Y102.525 E264.22094
G1 X107.047 Y102.264 E264.22731
G1 X107.212 Y102.019 E264.23376
G1 X107.399 Y101.806 E264.23994
G1 X107.617 Y101.616 E264.24625
G1 X107.86 Y101.454 E264.25263
G1 X108.121 Y101.326 E264.25897
G1 X108.389 Y101.235 E264.26515
G1 X108.68 Y101.177 E264.27163
G1 X108.969 Y101.159 E264.27795
G1 X109.257 Y101.177 E264.28425
G1 X109.548 Y101.235 E264.29072
G1 X109.817 Y101.326 E264.29692
G1 X110.078 Y101.454 E264.30327
G1 X110.32 Y101.616 E264.30962
G1 X110.534 Y101.802 E264.31581
G1 X110.729 Y102.023 E264.32224
G1 X110.89 Y102.264 E264.32857
G1 X111.02 Y102.526 E264.33495
G1 X111.11 Y102.788 E264.341
G1 X111.169 Y103.08 E264.3475
G1 X111.187 Y103.367 E264.35378
G1 X111.169 Y103.653 E264.36003
G1 X111.111 Y103.943 E264.36649
G1 X111.019 Y104.21 E264.37265
G1 X110.89 Y104.469 E264.37897
G1 X110.726 Y104.714 E264.3854
G1 X110.538 Y104.928 E264.39162
G1 X110.321 Y105.117 E264.3979
G1 X110.078 Y105.279 E264.40428
G1 X109.817 Y105.408 E264.41063
G1 X109.548 Y105.499 E264.41683
G1 X109.257 Y105.556 E264.4233
G1 X108.969 Y105.574 E264.4296
G1 X108.85 Y105.566 E264.4322
G0 F810 X108.68 Y105.556
G0 X108.389 Y105.499
G0 X108.121 Y105.408
G0 X107.86 Y105.279
G0 X107.622 Y105.121
G0 X107.396 Y104.924
G0 X107.212 Y104.715
G0 F9000 X107.101 Y104.549
G0 X107.421 Y104.336
G0 X108.128 Y103.952
;TYPE:FILL
G1 F480 E264.47372
G1 F3000 X109.552 Y102.529 E264.52394
G1 X109.594 Y102.558 E264.52521
G1 X109.698 Y102.646 E264.52861
G1 X109.797 Y102.758 E264.53234
G1 X109.859 Y102.852 E264.53515
G1 X109.924 Y102.983 E264.5388
G1 X109.961 Y103.09 E264.54162
G1 X109.993 Y103.242 E264.54549
G1 X110 Y103.367 E264.54862
G1 X109.993 Y103.493 E264.55176
G1 X109.963 Y103.636 E264.55541
G1 X109.923 Y103.752 E264.55847
G1 X109.864 Y103.871 E264.56178
G1 X109.786 Y103.988 E264.56529
G1 X109.699 Y104.086 E264.56856
G1 X109.607 Y104.167 E264.57162
G1 X109.473 Y104.258 E264.57566
G1 X109.37 Y104.307 E264.5785
G1 X109.23 Y104.355 E264.5822
G1 X109.113 Y104.377 E264.58517
G1 X108.965 Y104.386 E264.58886
G1 X108.834 Y104.38 E264.59214
G1 X108.701 Y104.352 E264.59553
G1 X108.573 Y104.309 E264.59889
G1 X108.445 Y104.246 E264.60245
G1 X108.344 Y104.179 E264.60548
G1 X108.234 Y104.083 E264.60912
G1 X108.158 Y103.996 E264.612
G1 X108.064 Y103.856 E264.61621
G1 X108.021 Y103.769 E264.61863
G1 X107.976 Y103.635 E264.62215
G1 X107.945 Y103.488 E264.6259
G1 X107.939 Y103.367 E264.62892
G1 X107.945 Y103.244 E264.632
G1 X107.976 Y103.098 E264.63572
G1 X108.02 Y102.967 E264.63917
G1 X108.068 Y102.872 E264.64182
G1 X108.161 Y102.734 E264.64597
G1 X108.236 Y102.648 E264.64882
G1 X108.33 Y102.566 E264.65193
G1 X108.456 Y102.482 E264.65571
G1 X108.577 Y102.423 E264.65907
G1 X108.7 Y102.38 E264.66232
G1 X108.835 Y102.353 E264.66575
G1 X108.969 Y102.346 E264.6691
G1 F1500 E263.1691
G1 F900 Z3.11
G0 F9000 X108.969 Y102.346 Z3.11
G0 X81.872 Y108.128
;TIME_ELAPSED:529.917524
;LAYER:13
G0 X81.872 Y108.128 Z3.26
;TYPE:WALL-OUTER
G1 F900 Z2.26
G1 F480 E264.73146
G1 F900 X96.127 Y108.128 E265.0426
G1 X96.127 Y88.872 E265.4629
G1 X81.872 Y88.872 E265.77405
G1 X81.872 Y106.226 E266.15283
G0 F810 X81.872 Y108.128
G0 F9000 X82.072 Y108.128
G0 X82.072 Y108.513
G0 X81.125 Y108.875
G1 F480 E266.19435
G1 F900 X81.125 Y88.125 E266.64726
G1 X96.875 Y88.125 E266.99103
G1 X96.875 Y108.875 E267.44394
G1 X83.027 Y108.875 E267.7462
G0 F810 X81.125 Y108.875
G0 F9000 X81.125 Y108.675
G0 X81.51 Y108.49
G0 X81.525 Y108.475
G1 F1500 E266.2462
G1 F900 Z3.26
G0 F9000 X81.525 Y108.475 Z3.26
G0 X88.119 Y101.175
;TYPE:WALL-INNER
G1 F900 Z2.26
G1 F480 E267.85008
G1 F1500 X87.967 Y101.016 E267.85556
G1 X87.816 Y100.808 E267.86198
G1 X87.693 Y100.588 E267.86826
G1 X87.588 Y100.333 E267.87514
G1 X87.514 Y100.07 E267.88196
G1 X87.466 Y99.784 E267.88919
G1 X87.45 Y99.5 E267.89629
G1 X87.466 Y99.215 E267.90341
G1 X87.514 Y98.93 E267.91062
G1 X87.587 Y98.671 E267.91733
G1 X87.695 Y98.407 E267.92445
G1 X87.816 Y98.192 E267.9306
G1 X87.967 Y97.984 E267.93701
G1 X88.119 Y97.825 E267.9425
G1 X88.297 Y97.682 E267.94819
G1 X88.469 Y97.58 E267.95318
G1 X88.637 Y97.511 E267.95771
G1 X88.82 Y97.468 E267.9624
G1 X89 Y97.454 E267.96691
G1 X89.18 Y97.468 E267.97141
G1 X89.363 Y97.511 E267.9761
G1 X89.531 Y97.58 E267.98063
G1 X89.703 Y97.682 E267.98562
G1 X89.881 Y97.825 E267.99131
G1 X90.033 Y97.984 E267.9968
G1 X90.184 Y98.192 E268.00321
G1 X90.305 Y98.407 E268.00937
G1 X90.413 Y98.671 E268.01648
G1 X90.486 Y98.93 E268.02319
G1 X90.534 Y99.215 E268.0304
G1 X90.55 Y99.5 E268.03752
G1 X90.534 Y99.784 E268.04462
G1 X90.486 Y100.07 E268.05185
G1 X90.412 Y100.333 E268.05867
G1 X90.307 Y100.588 E268.06555
G1 X90.184 Y100.808 E268.07184
G1 X90.033 Y101.016 E268.07825
G1 X89.881 Y101.175 E268.08373
G1 X89.703 Y101.318 E268.08943
G1 X89.653 Y101.348 E268.09088
G0 F1350 X89.531 Y101.42
G0 X89.363 Y101.489
G0 X89.18 Y101.532
G0 X89 Y101.546
G0 X88.82 Y101.532
G0 X88.637 Y101.489
G0 X88.469 Y101.42
G0 X88.297 Y101.318
G0 X88.119 Y101.175
G0 F9000 X87.849 Y101.471
G1 F480 E268.13242
G1 F1500 X87.656 Y101.269 E268.13939
G1 X87.478 Y101.024 E268.14694
G1 X87.334 Y100.767 E268.15429
G1 X87.208 Y100.459 E268.16259
G1 X87.122 Y100.156 E268.17045
G1 X87.069 Y99.834 E268.17859
G1 X87.068 Y99.807 E268.17926
G1 X87.052 Y99.523 E268.18636
G1 X87.05 Y99.5 E268.18693
G1 X87.069 Y99.163 E268.19535
G1 X87.122 Y98.845 E268.2034
G1 X87.208 Y98.541 E268.21128
G1 X87.335 Y98.231 E268.21963
G1 X87.478 Y97.976 E268.22693
G1 X87.656 Y97.731 E268.23448
G1 X87.849 Y97.529 E268.24145
G1 X88.072 Y97.35 E268.24858
G1 X88.285 Y97.223 E268.25477
G1 X88.486 Y97.142 E268.26018
G1 X88.516 Y97.129 E268.26099
G1 X88.544 Y97.123 E268.26171
G1 X88.761 Y97.071 E268.26727
G1 X89 Y97.053 E268.27325
G1 X89.239 Y97.071 E268.27923
G1 X89.484 Y97.129 E268.28551
G1 X89.715 Y97.223 E268.29173
G1 X89.928 Y97.35 E268.29792
G1 X90.151 Y97.529 E268.30505
G1 X90.344 Y97.731 E268.31202
G1 X90.522 Y97.976 E268.31957
G1 X90.665 Y98.231 E268.32687
G1 X90.792 Y98.541 E268.33522
G1 X90.878 Y98.845 E268.3431
G1 X90.931 Y99.163 E268.35115
G1 X90.932 Y99.192 E268.35187
G1 X90.948 Y99.477 E268.35899
G1 X90.95 Y99.5 E268.35957
G1 X90.931 Y99.834 E268.36791
G1 X90.878 Y100.156 E268.37605
G1 X90.792 Y100.459 E268.38391
G1 X90.666 Y100.767 E268.39221
G1 X90.522 Y101.024 E268.39956
G1 X90.344 Y101.269 E268.40711
G1 X90.151 Y101.471 E268.41408
G1 X89.928 Y101.65 E268.42122
G1 X89.715 Y101.777 E268.4274
G1 X89.514 Y101.858 E268.43281
G1 X89.484 Y101.871 E268.43362
G1 X89.456 Y101.877 E268.43434
G1 X89.389 Y101.893 E268.43606
G0 F1350 X89.239 Y101.929
G0 X89 Y101.947
G0 X88.761 Y101.929
G0 X88.516 Y101.871
G0 X88.285 Y101.777
G0 X88.072 Y101.65
G0 X87.849 Y101.471
G0 F9000 X87.563 Y101.787
;TYPE:WALL-OUTER
G1 F480 E268.47759
G1 F900 X87.328 Y101.541 E268.48501
G1 X87.121 Y101.256 E268.4927
G1 X86.95 Y100.95 E268.50035
G1 X86.806 Y100.6 E268.50861
G1 X86.707 Y100.249 E268.51657
G1 X86.646 Y99.882 E268.5247
G1 X86.625 Y99.5 E268.53305
G1 X86.646 Y99.115 E268.54146
G1 X86.707 Y98.751 E268.54952
G1 X86.806 Y98.4 E268.55748
G1 X86.951 Y98.048 E268.56579
G1 X87.121 Y97.744 E268.57339
G1 X87.328 Y97.459 E268.58108
G1 X87.563 Y97.213 E268.5885
G1 X87.825 Y97.003 E268.59583
G1 X88.096 Y96.842 E268.60271
G1 X88.39 Y96.722 E268.60964
G1 X88.694 Y96.65 E268.61646
G1 X89 Y96.626 E268.62316
G1 X89.306 Y96.65 E268.62986
G1 X89.61 Y96.722 E268.63668
G1 X89.904 Y96.842 E268.64361
G1 X90.175 Y97.003 E268.65049
G1 X90.437 Y97.213 E268.65782
G1 X90.672 Y97.459 E268.66525
G1 X90.879 Y97.744 E268.67294
G1 X91.049 Y98.048 E268.68054
G1 X91.194 Y98.4 E268.68885
G1 X91.293 Y98.751 E268.69681
G1 X91.354 Y99.115 E268.70486
G1 X91.375 Y99.5 E268.71328
G1 X91.354 Y99.882 E268.72163
G1 X91.293 Y100.249 E268.72975
G1 X91.194 Y100.6 E268.73771
G1 X91.05 Y100.95 E268.74597
G1 X90.879 Y101.256 E268.75362
G1 X90.672 Y101.541 E268.76131
G1 X90.437 Y101.787 E268.76874
G1 X90.175 Y101.997 E268.77606
G1 X89.904 Y102.158 E268.78295
G1 X89.61 Y102.278 E268.78988
G1 X89.316 Y102.348 E268.79647
G0 F810 X89.306 Y102.35
G0 X89 Y102.374
G0 X88.694 Y102.35
G0 X88.39 Y102.278
G0 X88.096 Y102.158
G0 X87.825 Y101.997
G0 X87.563 Y101.787
G0 F9000 X87.425 Y101.643
G0 X87.704 Y101.378
G0 X87.84 Y99.151
;TYPE:FILL
G1 F480 E268.83799
G1 F3000 X89.615 Y100.926 E268.90061
G1 X89.644 Y100.904 E268.90151
G1 X89.754 Y100.787 E268.90552
G1 X89.882 Y100.611 E268.91095
G1 X89.978 Y100.438 E268.91588
G1 X90.073 Y100.21 E268.92204
G1 X90.134 Y99.992 E268.92769
G1 X90.176 Y99.745 E268.93394
G1 X90.189 Y99.5 E268.94006
G1 X90.177 Y99.282 E268.94551
G1 X88.466 Y100.992 E269.00585
G1 X88.356 Y100.904 E269.00936
G1 X88.246 Y100.787 E269.01337
G1 X88.118 Y100.611 E269.0188
G1 X88.022 Y100.438 E269.02373
G1 X87.927 Y100.21 E269.0299
G1 X87.866 Y99.992 E269.03554
G1 X87.824 Y99.745 E269.04179
G1 X87.811 Y99.5 E269.04791
G1 X87.824 Y99.254 E269.05406
G1 X87.865 Y99.012 E269.06018
G1 X87.93 Y98.782 E269.06614
G1 X88.016 Y98.57 E269.07185
G1 X88.116 Y98.394 E269.0769
G1 X88.25 Y98.208 E269.08262
G1 X88.356 Y98.096 E269.08646
G1 X88.505 Y97.977 E269.09122
G1 X88.63 Y97.904 E269.09483
G1 X88.749 Y97.854 E269.09805
G1 X88.877 Y97.825 E269.10133
G1 X89 Y97.814 E269.10441
G1 F1500 E267.60441
G1 F900 Z3.26
G0 F9000 X89 Y97.814 Z3.26
G0 X101.81 Y107.694
;TYPE:WALL-OUTER
G1 F900 Z2.26
G1 F480 E269.16677
G1 F900 X115.189 Y107.694 E269.45879
G1 X115.189 Y95.306 E269.72918
G1 X101.81 Y95.306 E270.02121
G1 X101.81 Y105.792 E270.25008
G0 F810 X101.81 Y107.694
G0 F9000 X102.01 Y107.694
G0 X101.125 Y108.375
G1 F480 E270.2916
G1 F900 X101.125 Y94.625 E270.59172
G1 X115.875 Y94.625 E270.91367
G1 X115.875 Y108.375 E271.21379
G1 X103.027 Y108.375 E271.49422
G0 F810 X101.125 Y108.375
G0 F9000 X101.125 Y108.175
G0 X101.525 Y107.975
G1 F1500 E269.99422
G1 F900 Z3.26
G0 F9000 X101.525 Y107.975 Z3.26
G0 X107.866 Y104.208
;TYPE:WALL-INNER
G1 F900 Z2.26
G1 F480 E271.5981
G1 F1500 X107.758 Y104.048 E271.60291
G1 X107.684 Y103.899 E271.60706
G1 X107.627 Y103.731 E271.61149
G1 X107.588 Y103.539 E271.61638
G1 X107.578 Y103.367 E271.62068
G1 X107.588 Y103.193 E271.62502
G1 X107.627 Y103.002 E271.62989
G1 X107.684 Y102.834 E271.63431
G1 X107.756 Y102.689 E271.63835
G1 X107.875 Y102.514 E271.64363
G1 X107.977 Y102.397 E271.6475
G1 X108.118 Y102.274 E271.65217
G1 X108.274 Y102.17 E271.65685
G1 X108.437 Y102.09 E271.66137
G1 X108.605 Y102.033 E271.6658
G1 X108.789 Y101.996 E271.67048
G1 X108.968 Y101.985 E271.67496
G1 X109.149 Y101.996 E271.67948
G1 X109.328 Y102.032 E271.68403
G1 X109.502 Y102.091 E271.68862
G1 X109.67 Y102.174 E271.69329
G1 X109.817 Y102.272 E271.6977
G1 X109.95 Y102.387 E271.70208
G1 X110.077 Y102.531 E271.70687
G1 X110.174 Y102.677 E271.71125
G1 X110.256 Y102.843 E271.71586
G1 X110.312 Y103.005 E271.72014
G1 X110.35 Y103.192 E271.7249
G1 X110.36 Y103.367 E271.72927
G1 X110.35 Y103.542 E271.73365
G1 X110.313 Y103.725 E271.7383
G1 X110.255 Y103.896 E271.74281
G1 X110.178 Y104.05 E271.7471
G1 X110.07 Y104.211 E271.75194
G1 X109.956 Y104.34 E271.75623
G1 X109.823 Y104.456 E271.76063
G1 X109.655 Y104.568 E271.76567
G1 X109.51 Y104.64 E271.76971
G1 X109.362 Y104.69 E271.77361
G0 F1350 X109.326 Y104.702
G0 X109.153 Y104.736
G0 X108.968 Y104.748
G0 X108.785 Y104.737
G0 X108.607 Y104.701
G0 X108.435 Y104.643
G0 X108.278 Y104.565
G0 X108.121 Y104.462
G0 X107.982 Y104.34
G0 X107.866 Y104.208
G0 F9000 X107.55 Y104.455
G1 F480 E271.81514
G1 F1500 X107.412 Y104.25 E271.8213
G1 X107.313 Y104.051 E271.82685
G1 X107.24 Y103.835 E271.83254
G1 X107.191 Y103.594 E271.83867
G1 X107.19 Y103.564 E271.83942
G1 X107.177 Y103.367 E271.84434
G1 X107.191 Y103.139 E271.85004
G1 X107.24 Y102.898 E271.85618
G1 X107.313 Y102.682 E271.86187
G1 X107.412 Y102.483 E271.86741
G1 X107.553 Y102.274 E271.8737
G1 X107.699 Y102.108 E271.87921
G1 X107.87 Y101.959 E271.88487
G1 X108.073 Y101.823 E271.89097
G1 X108.288 Y101.718 E271.89694
G1 X108.496 Y101.647 E271.90242
G1 X108.712 Y101.605 E271.90791
G1 X108.738 Y101.599 E271.90857
G1 X108.764 Y101.598 E271.90922
G1 X108.943 Y101.587 E271.91369
G1 X108.968 Y101.585 E271.91432
G1 X109.2 Y101.599 E271.92012
G1 X109.437 Y101.646 E271.92615
G1 X109.655 Y101.72 E271.93189
G1 X109.87 Y101.826 E271.93787
G1 X110.057 Y101.951 E271.94348
G1 X110.235 Y102.105 E271.94935
G1 X110.394 Y102.286 E271.95536
G1 X110.519 Y102.473 E271.96097
G1 X110.628 Y102.692 E271.96707
G1 X110.698 Y102.897 E271.97248
G1 X110.741 Y103.113 E271.97797
G1 X110.747 Y103.139 E271.97864
G1 X110.748 Y103.167 E271.97934
G1 X110.761 Y103.367 E271.98433
G1 X110.747 Y103.595 E271.99003
G1 X110.699 Y103.833 E271.99609
G1 X110.625 Y104.05 E272.00181
G1 X110.523 Y104.254 E272.0075
G1 X110.388 Y104.456 E272.01356
G1 X110.238 Y104.626 E272.01921
G1 X110.068 Y104.774 E272.02484
G1 X109.861 Y104.912 E272.03104
G1 X109.657 Y105.013 E272.03672
G1 X109.436 Y105.088 E272.04254
G1 X109.202 Y105.134 E272.04849
G1 X109.003 Y105.146 E272.05346
G0 F1350 X108.992 Y105.146
G0 X108.968 Y105.148
G0 X108.736 Y105.134
G0 X108.497 Y105.087
G0 X108.285 Y105.015
G0 X108.073 Y104.91
G0 X107.878 Y104.781
G0 X107.699 Y104.625
G0 X107.55 Y104.455
G0 F9000 X107.212 Y104.715
;TYPE:WALL-OUTER
G1 F480 E272.095
G1 F900 X107.047 Y104.469 E272.10146
G1 X106.917 Y104.208 E272.10783
G1 X106.828 Y103.945 E272.11389
G1 X106.769 Y103.653 E272.12039
G1 X106.751 Y103.367 E272.12665
G1 X106.769 Y103.08 E272.13292
G1 X106.828 Y102.788 E272.13942
G1 X106.917 Y102.525 E272.14548
G1 X107.047 Y102.264 E272.15185
G1 X107.212 Y102.019 E272.1583
G1 X107.399 Y101.806 E272.16448
G1 X107.617 Y101.616 E272.17079
G1 X107.86 Y101.454 E272.17717
G1 X108.121 Y101.326 E272.18351
G1 X108.389 Y101.235 E272.18969
G1 X108.68 Y101.177 E272.19617
G1 X108.969 Y101.159 E272.20249
G1 X109.257 Y101.177 E272.20879
G1 X109.548 Y101.235 E272.21526
G1 X109.817 Y101.326 E272.22146
G1 X110.078 Y101.454 E272.22781
G1 X110.32 Y101.616 E272.23416
G1 X110.534 Y101.802 E272.24035
G1 X110.729 Y102.023 E272.24679
G1 X110.89 Y102.264 E272.25311
G1 X111.02 Y102.526 E272.2595
G1 X111.11 Y102.788 E272.26554
G1 X111.169 Y103.08 E272.27204
G1 X111.187 Y103.367 E272.27832
G1 X111.169 Y103.653 E272.28458
G1 X111.111 Y103.943 E272.29103
G1 X111.019 Y104.21 E272.2972
G1 X110.89 Y104.469 E272.30351
G1 X110.726 Y104.714 E272.30995
G1 X110.538 Y104.928 E272.31616
G1 X110.321 Y105.117 E272.32244
G1 X110.078 Y105.279 E272.32882
G1 X109.817 Y105.408 E272.33517
G1 X109.548 Y105.499 E272.34137
G1 X109.257 Y105.556 E272.34784
G1 X108.969 Y105.574 E272.35414
G1 X108.85 Y105.566 E272.35675
G0 F810 X108.68 Y105.556
G0 X108.389 Y105.499
G0 X108.121 Y105.408
G0 X107.86 Y105.279
G0 X107.622 Y105.121
G0 X107.396 Y104.924
G0 X107.212 Y104.715
G0 F9000 X107.101 Y104.549
G0 X107.421 Y104.336
G0 X108.128 Y103.952
;TYPE:FILL
G1 F480 E272.39826
G1 F3000 X109.552 Y102.529 E272.44848
G1 X109.594 Y102.558 E272.44975
G1 X109.698 Y102.646 E272.45315
G1 X109.797 Y102.758 E272.45688
G1 X109.859 Y102.852 E272.45969
G1 X109.924 Y102.983 E272.46334
G1 X109.961 Y103.09 E272.46616
G1 X109.993 Y103.242 E272.47003
G1 X110 Y103.367 E272.47316
G1 X109.993 Y103.493 E272.47631
G1 X109.963 Y103.636 E272.47995
G1 X109.923 Y103.752 E272.48301
G1 X109.864 Y103.871 E272.48632
G1 X109.786 Y103.988 E272.48983
G1 X109.699 Y104.086 E272.4931
G1 X109.607 Y104.167 E272.49616
G1 X109.473 Y104.258 E272.5002
G1 X109.37 Y104.307 E272.50304
G1 X109.23 Y104.355 E272.50674
G1 X109.113 Y104.377 E272.50971
G1 X108.965 Y104.386 E272.51341
G1 X108.834 Y104.38 E272.51668
G1 X108.701 Y104.352 E272.52007
G1 X108.573 Y104.309 E272.52344
G1 X108.445 Y104.246 E272.52699
G1 X108.344 Y104.179 E272.53002
G1 X108.234 Y104.083 E272.53366
G1 X108.158 Y103.996 E272.53654
G1 X108.064 Y103.856 E272.54075
G1 X108.021 Y103.769 E272.54317
G1 X107.976 Y103.635 E272.54669
G1 X107.945 Y103.488 E272.55044
G1 X107.939 Y103.367 E272.55346
G1 X107.945 Y103.244 E272.55654
G1 X107.976 Y103.098 E272.56026
G1 X108.02 Y102.967 E272.56371
G1 X108.068 Y102.872 E272.56636
G1 X108.161 Y102.734 E272.57051
G1 X108.236 Y102.648 E272.57336
G1 X108.33 Y102.566 E272.57647
G1 X108.456 Y102.482 E272.58025
G1 X108.577 Y102.423 E272.58361
G1 X108.7 Y102.38 E272.58686
G1 X108.835 Y102.353 E272.59029
G1 X108.969 Y102.346 E272.59364
G1 F1500 E271.09364
G1 F900 Z3.26
G0 F9000 X108.969 Y102.346 Z3.26
G0 X81.872 Y108.128
;TIME_ELAPSED:555.706044
;LAYER:14
G0 X81.872 Y108.128 Z3.41
;TYPE:WALL-OUTER
G1 F900 Z2.41
G1 F480 E272.656
G1 F900 X96.127 Y108.128 E272.96714
G1 X96.127 Y88.872 E273.38744
G1 X81.872 Y88.872 E273.69859
G1 X81.872 Y106.226 E274.07737
G0 F810 X81.872 Y108.128
G0 F9000 X82.072 Y108.128
G0 X82.072 Y108.513
G0 X81.125 Y108.875
G1 F480 E274.11889
G1 F900 X81.125 Y88.125 E274.5718
G1 X96.875 Y88.125 E274.91557
G1 X96.875 Y108.875 E275.36848
G1 X83.027 Y108.875 E275.67074
G0 F810 X81.125 Y108.875
G0 F9000 X81.125 Y108.675
G0 X81.51 Y108.49
G0 X81.525 Y108.475
G1 F1500 E274.17074
G1 F900 Z3.41
G0 F9000 X81.525 Y108.475 Z3.41
G0 X88.119 Y101.175
;TYPE:WALL-INNER
G1 F900 Z2.41
G1 F480 E275.77462
G1 F1500 X87.967 Y101.016 E275.78011
G1 X87.816 Y100.808 E275.78652
G1 X87.693 Y100.588 E275.7928
G1 X87.588 Y100.333 E275.79968
G1 X87.514 Y100.07 E275.8065
G1 X87.466 Y99.784 E275.81373
G1 X87.45 Y99.5 E275.82083
G1 X87.466 Y99.215 E275.82795
G1 X87.514 Y98.93 E275.83516
G1 X87.587 Y98.671 E275.84187
G1 X87.695 Y98.407 E275.84899
G1 X87.816 Y98.192 E275.85514
G1 X87.967 Y97.984 E275.86155
G1 X88.119 Y97.825 E275.86704
G1 X88.297 Y97.682 E275.87274
G1 X88.469 Y97.58 E275.87772
G1 X88.637 Y97.511 E275.88225
G1 X88.82 Y97.468 E275.88694
G1 X89 Y97.454 E275.89145
G1 X89.18 Y97.468 E275.89595
G1 X89.363 Y97.511 E275.90064
G1 X89.531 Y97.58 E275.90517
G1 X89.703 Y97.682 E275.91016
G1 X89.881 Y97.825 E275.91585
G1 X90.033 Y97.984 E275.92134
G1 X90.184 Y98.192 E275.92775
G1 X90.305 Y98.407 E275.93391
G1 X90.413 Y98.671 E275.94102
G1 X90.486 Y98.93 E275.94774
G1 X90.534 Y99.215 E275.95494
G1 X90.55 Y99.5 E275.96207
G1 X90.534 Y99.784 E275.96916
G1 X90.486 Y100.07 E275.97639
G1 X90.412 Y100.333 E275.98321
G1 X90.307 Y100.588 E275.99009
G1 X90.184 Y100.808 E275.99638
G1 X90.033 Y101.016 E276.00279
G1 X89.881 Y101.175 E276.00828
G1 X89.703 Y101.318 E276.01397
G1 X89.653 Y101.348 E276.01543
G0 F1350 X89.531 Y101.42
G0 X89.363 Y101.489
G0 X89.18 Y101.532
G0 X89 Y101.546
G0 X88.82 Y101.532
G0 X88.637 Y101.489
G0 X88.469 Y101.42
G0 X88.297 Y101.318
G0 X88.119 Y101.175
G0 F9000 X87.849 Y101.471
G1 F480 E276.05696
G1 F1500 X87.656 Y101.269 E276.06393
G1 X87.478 Y101.024 E276.07148
G1 X87.334 Y100.767 E276.07883
G1 X87.208 Y100.459 E276.08713
G1 X87.122 Y100.156 E276.09499
G1 X87.069 Y99.834 E276.10313
G1 X87.068 Y99.807 E276.1038
G1 X87.052 Y99.523 E276.1109
G1 X87.05 Y99.5 E276.11148
G1 X87.069 Y99.163 E276.1199
G1 X87.122 Y98.845 E276.12794
G1 X87.208 Y98.541 E276.13582
G1 X87.335 Y98.231 E276.14417
G1 X87.478 Y97.976 E276.15147
G1 X87.656 Y97.731 E276.15902
G1 X87.849 Y97.529 E276.16599
G1 X88.072 Y97.35 E276.17312
G1 X88.285 Y97.223 E276.17931
G1 X88.486 Y97.142 E276.18472
G1 X88.516 Y97.129 E276.18553
G1 X88.544 Y97.123 E276.18625
G1 X88.761 Y97.071 E276.19181
G1 X89 Y97.053 E276.19779
G1 X89.239 Y97.071 E276.20377
G1 X89.484 Y97.129 E276.21005
G1 X89.715 Y97.223 E276.21627
G1 X89.928 Y97.35 E276.22246
G1 X90.151 Y97.529 E276.22959
G1 X90.344 Y97.731 E276.23656
G1 X90.522 Y97.976 E276.24411
G1 X90.665 Y98.231 E276.25141
G1 X90.792 Y98.541 E276.25976
G1 X90.878 Y98.845 E276.26764
G1 X90.931 Y99.163 E276.27569
G1 X90.932 Y99.192 E276.27641
G1 X90.948 Y99.477 E276.28353
G1 X90.95 Y99.5 E276.28411
G1 X90.931 Y99.834 E276.29245
G1 X90.878 Y100.156 E276.30059
G1 X90.792 Y100.459 E276.30845
G1 X90.666 Y100.767 E276.31675
G1 X90.522 Y101.024 E276.3241
G1 X90.344 Y101.269 E276.33165
G1 X90.151 Y101.471 E276.33862
G1 X89.928 Y101.65 E276.34576
G1 X89.715 Y101.777 E276.35194
G1 X89.514 Y101.858 E276.35735
G1 X89.484 Y101.871 E276.35816
G1 X89.456 Y101.877 E276.35888
G1 X89.389 Y101.893 E276.3606
G0 F1350 X89.239 Y101.929
G0 X89 Y101.947
G0 X88.761 Y101.929
G0 X88.516 Y101.871
G0 X88.285 Y101.777
G0 X88.072 Y101.65
G0 X87.849 Y101.471
G0 F9000 X87.563 Y101.787
;TYPE:WALL-OUTER
G1 F480 E276.40213
G1 F900 X87.328 Y101.541 E276.40956
G1 X87.121 Y101.256 E276.41724
G1 X86.95 Y100.95 E276.42489
G1 X86.806 Y100.6 E276.43316
G1 X86.707 Y100.249 E276.44112
G1 X86.646 Y99.882 E276.44924
G1 X86.625 Y99.5 E276.45759
G1 X86.646 Y99.115 E276.466
G1 X86.707 Y98.751 E276.47406
G1 X86.806 Y98.4 E276.48202
G1 X86.951 Y98.048 E276.49033
G1 X87.121 Y97.744 E276.49793
G1 X87.328 Y97.459 E276.50562
G1 X87.563 Y97.213 E276.51304
G1 X87.825 Y97.003 E276.52037
G1 X88.096 Y96.842 E276.52725
G1 X88.39 Y96.722 E276.53418
G1 X88.694 Y96.65 E276.541
G1 X89 Y96.626 E276.5477
G1 X89.306 Y96.65 E276.5544
G1 X89.61 Y96.722 E276.56122
G1 X89.904 Y96.842 E276.56815
G1 X90.175 Y97.003 E276.57503
G1 X90.437 Y97.213 E276.58236
G1 X90.672 Y97.459 E276.58979
G1 X90.879 Y97.744 E276.59748
G1 X91.049 Y98.048 E276.60508
G1 X91.194 Y98.4 E276.61339
G1 X91.293 Y98.751 E276.62135
G1 X91.354 Y99.115 E276.6294
G1 X91.375 Y99.5 E276.63782
G1 X91.354 Y99.882 E276.64617
G1 X91.293 Y100.249 E276.65429
G1 X91.194 Y100.6 E276.66225
G1 X91.05 Y100.95 E276.67051
G1 X90.879 Y101.256 E276.67816
G1 X90.672 Y101.541 E276.68585
G1 X90.437 Y101.787 E276.69328
G1 X90.175 Y101.997 E276.70061
G1 X89.904 Y102.158 E276.70749
G1 X89.61 Y102.278 E276.71442
G1 X89.316 Y102.348 E276.72101
G0 F810 X89.306 Y102.35
G0 X89 Y102.374
G0 X88.694 Y102.35
G0 X88.39 Y102.278
G0 X88.096 Y102.158
G0 X87.825 Y101.997
G0 X87.563 Y101.787
G0 F9000 X87.425 Y101.643
G0 X87.704 Y101.378
G0 X87.84 Y99.151
;TYPE:FILL
G1 F480 E276.76253
G1 F3000 X89.615 Y100.926 E276.82515
G1 X89.644 Y100.904 E276.82605
G1 X89.754 Y100.787 E276.83006
G1 X89.882 Y100.611 E276.83549
G1 X89.978 Y100.438 E276.84042
G1 X90.073 Y100.21 E276.84659
G1 X90.134 Y99.992 E276.85223
G1 X90.176 Y99.745 E276.85848
G1 X90.189 Y99.5 E276.8646
G1 X90.177 Y99.282 E276.87005
G1 X88.466 Y100.992 E276.93039
G1 X88.356 Y100.904 E276.93391
G1 X88.246 Y100.787 E276.93791
G1 X88.118 Y100.611 E276.94334
G1 X88.022 Y100.438 E276.94828
G1 X87.927 Y100.21 E276.95444
G1 X87.866 Y99.992 E276.96008
G1 X87.824 Y99.745 E276.96633
G1 X87.811 Y99.5 E276.97245
G1 X87.824 Y99.254 E276.9786
G1 X87.865 Y99.012 E276.98472
G1 X87.93 Y98.782 E276.99068
G1 X88.016 Y98.57 E276.99639
G1 X88.116 Y98.394 E277.00144
G1 X88.25 Y98.208 E277.00716
G1 X88.356 Y98.096 E277.01101
G1 X88.505 Y97.977 E277.01576
G1 X88.63 Y97.904 E277.01937
G1 X88.749 Y97.854 E277.02259
G1 X88.877 Y97.825 E277.02587
G1 X89 Y97.814 E277.02895
G1 F1500 E275.52895
G1 F900 Z3.41
G0 F9000 X89 Y97.814 Z3.41
G0 X101.81 Y107.694
;TYPE:WALL-OUTER
G1 F900 Z2.41
G1 F480 E277.09131
G1 F900 X115.189 Y107.694 E277.38333
G1 X115.189 Y95.306 E277.65373
G1 X101.81 Y95.306 E277.94575
G1 X101.81 Y105.792 E278.17463
G0 F810 X101.81 Y107.694
G0 F9000 X102.01 Y107.694
G0 X101.125 Y108.375
G1 F480 E278.21614
G1 F900 X101.125 Y94.625 E278.51626
G1 X115.875 Y94.625 E278.83821
G1 X115.875 Y108.375 E279.13833
G1 X103.027 Y108.375 E279.41876
G0 F810 X101.125 Y108.375
G0 F9000 X101.125 Y108.175
G0 X101.525 Y107.975
G1 F1500 E277.91876
G1 F900 Z3.41
G0 F9000 X101.525 Y107.975 Z3.41
G0 X107.866 Y104.208
;TYPE:WALL-INNER
G1 F900 Z2.41
G1 F480 E279.52264
G1 F1500 X107.758 Y104.048 E279.52746
G1 X107.684 Y103.899 E279.53161
G1 X107.627 Y103.731 E279.53603
G1 X107.588 Y103.539 E279.54092
G1 X107.578 Y103.367 E279.54522
G1 X107.588 Y103.193 E279.54956
G1 X107.627 Y103.002 E279.55443
G1 X107.684 Y102.834 E279.55885
G1 X107.756 Y102.689 E279.56289
G1 X107.875 Y102.514 E279.56817
G1 X107.977 Y102.397 E279.57204
G1 X108.118 Y102.274 E279.57671
G1 X108.274 Y102.17 E279.58139
G1 X108.437 Y102.09 E279.58592
G1 X108.605 Y102.033 E279.59034
G1 X108.789 Y101.996 E279.59502
G1 X108.968 Y101.985 E279.5995
G1 X109.149 Y101.996 E279.60402
G1 X109.328 Y102.032 E279.60857
G1 X109.502 Y102.091 E279.61316
G1 X109.67 Y102.174 E279.61783
G1 X109.817 Y102.272 E279.62224
G1 X109.95 Y102.387 E279.62662
G1 X110.077 Y102.531 E279.63141
G1 X110.174 Y102.677 E279.63579
G1 X110.256 Y102.843 E279.64041
G1 X110.312 Y103.005 E279.64468
G1 X110.35 Y103.192 E279.64944
G1 X110.36 Y103.367 E279.65381
G1 X110.35 Y103.542 E279.65819
G1 X110.313 Y103.725 E279.66284
G1 X110.255 Y103.896 E279.66735
G1 X110.178 Y104.05 E279.67164
G1 X110.07 Y104.211 E279.67648
G1 X109.956 Y104.34 E279.68077
G1 X109.823 Y104.456 E279.68518
G1 X109.655 Y104.568 E279.69021
G1 X109.51 Y104.64 E279.69425
G1 X109.362 Y104.69 E279.69815
G0 F1350 X109.326 Y104.702
G0 X109.153 Y104.736
G0 X108.968 Y104.748
G0 X108.785 Y104.737
G0 X108.607 Y104.701
G0 X108.435 Y104.643
G0 X108.278 Y104.565
G0 X108.121 Y104.462
G0 X107.982 Y104.34
G0 X107.866 Y104.208
G0 F9000 X107.55 Y104.455
G1 F480 E279.73968
G1 F1500 X107.412 Y104.25 E279.74585
G1 X107.313 Y104.051 E279.75139
G1 X107.24 Y103.835 E279.75708
G1 X107.191 Y103.594 E279.76321
G1 X107.19 Y103.564 E279.76396
G1 X107.177 Y103.367 E279.76889
G1 X107.191 Y103.139 E279.77458
G1 X107.24 Y102.898 E279.78072
G1 X107.313 Y102.682 E279.78641
G1 X107.412 Y102.483 E279.79195
G1 X107.553 Y102.274 E279.79824
G1 X107.699 Y102.108 E279.80375
G1 X107.87 Y101.959 E279.80941
G1 X108.073 Y101.823 E279.81551
G1 X108.288 Y101.718 E279.82148
G1 X108.496 Y101.647 E279.82696
G1 X108.712 Y101.605 E279.83245
G1 X108.738 Y101.599 E279.83311
G1 X108.764 Y101.598 E279.83376
G1 X108.943 Y101.587 E279.83824
G1 X108.968 Y101.585 E279.83886
G1 X109.2 Y101.599 E279.84466
G1 X109.437 Y101.646 E279.85069
G1 X109.655 Y101.72 E279.85643
G1 X109.87 Y101.826 E279.86241
G1 X110.057 Y101.951 E279.86802
G1 X110.235 Y102.105 E279.87389
G1 X110.394 Y102.286 E279.8799
G1 X110.519 Y102.473 E279.88551
G1 X110.628 Y102.692 E279.89161
G1 X110.698 Y102.897 E279.89702
G1 X110.741 Y103.113 E279.90251
G1 X110.747 Y103.139 E279.90318
G1 X110.748 Y103.167 E279.90388
G1 X110.761 Y103.367 E279.90888
G1 X110.747 Y103.595 E279.91457
G1 X110.699 Y103.833 E279.92063
G1 X110.625 Y104.05 E279.92635
G1 X110.523 Y104.254 E279.93204
G1 X110.388 Y104.456 E279.9381
G1 X110.238 Y104.626 E279.94375
G1 X110.068 Y104.774 E279.94938
G1 X109.861 Y104.912 E279.95558
G1 X109.657 Y105.013 E279.96126
G1 X109.436 Y105.088 E279.96708
G1 X109.202 Y105.134 E279.97303
G1 X109.003 Y105.146 E279.97801
G0 F1350 X108.992 Y105.146
G0 X108.968 Y105.148
G0 X108.736 Y105.134
G0 X108.497 Y105.087
G0 X108.285 Y105.015
G0 X108.073 Y104.91
G0 X107.878 Y104.781
G0 X107.699 Y104.625
G0 X107.55 Y104.455
G0 F9000 X107.212 Y104.715
;TYPE:WALL-OUTER
G1 F480 E280.01954
G1 F900 X107.047 Y104.469 E280.026
G1 X106.917 Y104.208 E280.03237
G1 X106.828 Y103.945 E280.03843
G1 X106.769 Y103.653 E280.04493
G1 X106.751 Y103.367 E280.05119
G1 X106.769 Y103.08 E280.05746
G1 X106.828 Y102.788 E280.06397
G1 X106.917 Y102.525 E280.07003
G1 X107.047 Y102.264 E280.07639
G1 X107.212 Y102.019 E280.08284
G1 X107.399 Y101.806 E280.08902
G1 X107.617 Y101.616 E280.09534
G1 X107.86 Y101.454 E280.10171
G1 X108.121 Y101.326 E280.10806
G1 X108.389 Y101.235 E280.11423
G1 X108.68 Y101.177 E280.12071
G1 X108.969 Y101.159 E280.12703
G1 X109.257 Y101.177 E280.13333
G1 X109.548 Y101.235 E280.1398
G1 X109.817 Y101.326 E280.146
G1 X110.078 Y101.454 E280.15235
G1 X110.32 Y101.616 E280.1587
G1 X110.534 Y101.802 E280.16489
G1 X110.729 Y102.023 E280.17133
G1 X110.89 Y102.264 E280.17765
G1 X111.02 Y102.526 E280.18404
G1 X111.11 Y102.788 E280.19008
G1 X111.169 Y103.08 E280.19659
G1 X111.187 Y103.367 E280.20286
G1 X111.169 Y103.653 E280.20912
G1 X111.111 Y103.943 E280.21557
G1 X111.019 Y104.21 E280.22174
G1 X110.89 Y104.469 E280.22805
G1 X110.726 Y104.714 E280.23449
G1 X110.538 Y104.928 E280.2407
G1 X110.321 Y105.117 E280.24699
G1 X110.078 Y105.279 E280.25336
G1 X109.817 Y105.408 E280.25971
G1 X109.548 Y105.499 E280.26591
G1 X109.257 Y105.556 E280.27238
G1 X108.969 Y105.574 E280.27868
G1 X108.85 Y105.566 E280.28129
G0 F810 X108.68 Y105.556
G0 X108.389 Y105.499
G0 X108.121 Y105.408
G0 X107.86 Y105.279
G0 X107.622 Y105.121
G0 X107.396 Y104.924
G0 X107.212 Y104.715
G0 F9000 X107.101 Y104.549
G0 X107.421 Y104.336
G0 X108.128 Y103.952
;TYPE:FILL
G1 F480 E280.3228
G1 F3000 X109.552 Y102.529 E280.37302
G1 X109.594 Y102.558 E280.37429
G1 X109.698 Y102.646 E280.37769
G1 X109.797 Y102.758 E280.38142
G1 X109.859 Y102.852 E280.38423
G1 X109.924 Y102.983 E280.38788
G1 X109.961 Y103.09 E280.3907
G1 X109.993 Y103.242 E280.39458
G1 X110 Y103.367 E280.3977
G1 X109.993 Y103.493 E280.40085
G1 X109.963 Y103.636 E280.40449
G1 X109.923 Y103.752 E280.40755
G1 X109.864 Y103.871 E280.41087
G1 X109.786 Y103.988 E280.41437
G1 X109.699 Y104.086 E280.41764
G1 X109.607 Y104.167 E280.4207
G1 X109.473 Y104.258 E280.42474
G1 X109.37 Y104.307 E280.42759
G1 X109.23 Y104.355 E280.43128
G1 X109.113 Y104.377 E280.43425
G1 X108.965 Y104.386 E280.43795
G1 X108.834 Y104.38 E280.44122
G1 X108.701 Y104.352 E280.44461
G1 X108.573 Y104.309 E280.44798
G1 X108.445 Y104.246 E280.45153
G1 X108.344 Y104.179 E280.45456
G1 X108.234 Y104.083 E280.4582
G1 X108.158 Y103.996 E280.46108
G1 X108.064 Y103.856 E280.46529
G1 X108.021 Y103.769 E280.46771
G1 X107.976 Y103.635 E280.47124
G1 X107.945 Y103.488 E280.47498
G1 X107.939 Y103.367 E280.478
G1 X107.945 Y103.244 E280.48108
G1 X107.976 Y103.098 E280.4848
G1 X108.02 Y102.967 E280.48825
G1 X108.068 Y102.872 E280.4909
G1 X108.161 Y102.734 E280.49505
G1 X108.236 Y102.648 E280.4979
G1 X108.33 Y102.566 E280.50101
G1 X108.456 Y102.482 E280.50479
G1 X108.577 Y102.423 E280.50815
G1 X108.7 Y102.38 E280.5114
G1 X108.835 Y102.353 E280.51483
G1 X108.969 Y102.346 E280.51818
G1 F1500 E279.01818
G1 F900 Z3.41
G0 F9000 X108.969 Y102.346 Z3.41
G0 X81.872 Y108.128
;TIME_ELAPSED:581.494564
;LAYER:15
G0 X81.872 Y108.128 Z3.56
;TYPE:WALL-OUTER
G1 F900 Z2.56
G1 F480 E280.58054
G1 F900 X96.127 Y108.128 E280.89169
G1 X96.127 Y88.872 E281.31199
G1 X81.872 Y88.872 E281.62313
G1 X81.872 Y106.226 E282.00191
G0 F810 X81.872 Y108.128
G0 F9000 X82.072 Y108.128
G0 X82.072 Y108.513
G0 X81.125 Y108.875
G1 F480 E282.04343
G1 F900 X81.125 Y88.125 E282.49634
G1 X96.875 Y88.125 E282.84011
G1 X96.875 Y108.875 E283.29302
G1 X83.027 Y108.875 E283.59528
G0 F810 X81.125 Y108.875
G0 F9000 X81.125 Y108.675
G0 X81.51 Y108.49
G0 X81.525 Y108.475
G1 F1500 E282.09528
G1 F900 Z3.56
G0 F9000 X81.525 Y108.475 Z3.56
G0 X88.119 Y101.175
;TYPE:WALL-INNER
G1 F900 Z2.56
G1 F480 E283.69916
G1 F1500 X87.967 Y101.016 E283.70465
G1 X87.816 Y100.808 E283.71106
G1 X87.693 Y100.588 E283.71735
G1 X87.588 Y100.333 E283.72422
G1 X87.514 Y100.07 E283.73104
G1 X87.466 Y99.784 E283.73827
G1 X87.45 Y99.5 E283.74537
G1 X87.466 Y99.215 E283.75249
G1 X87.514 Y98.93 E283.7597
G1 X87.587 Y98.671 E283.76641
G1 X87.695 Y98.407 E283.77353
G1 X87.816 Y98.192 E283.77968
G1 X87.967 Y97.984 E283.78609
G1 X88.119 Y97.825 E283.79158
G1 X88.297 Y97.682 E283.79728
G1 X88.469 Y97.58 E283.80226
G1 X88.637 Y97.511 E283.80679
G1 X88.82 Y97.468 E283.81148
G1 X89 Y97.454 E283.81599
G1 X89.18 Y97.468 E283.82049
G1 X89.363 Y97.511 E283.82518
G1 X89.531 Y97.58 E283.82971
G1 X89.703 Y97.682 E283.8347
G1 X89.881 Y97.825 E283.8404
G1 X90.033 Y97.984 E283.84588
G1 X90.184 Y98.192 E283.85229
G1 X90.305 Y98.407 E283.85845
G1 X90.413 Y98.671 E283.86556
G1 X90.486 Y98.93 E283.87228
G1 X90.534 Y99.215 E283.87949
G1 X90.55 Y99.5 E283.88661
G1 X90.534 Y99.784 E283.8937
G1 X90.486 Y100.07 E283.90094
G1 X90.412 Y100.333 E283.90775
G1 X90.307 Y100.588 E283.91463
G1 X90.184 Y100.808 E283.92092
G1 X90.033 Y101.016 E283.92733
G1 X89.881 Y101.175 E283.93282
G1 X89.703 Y101.318 E283.93851
G1 X89.653 Y101.348 E283.93997
G0 F1350 X89.531 Y101.42
G0 X89.363 Y101.489
G0 X89.18 Y101.532
G0 X89 Y101.546
G0 X88.82 Y101.532
G0 X88.637 Y101.489
G0 X88.469 Y101.42
G0 X88.297 Y101.318
G0 X88.119 Y101.175
G0 F9000 X87.849 Y101.471
G1 F480 E283.9815
G1 F1500 X87.656 Y101.269 E283.98847
G1 X87.478 Y101.024 E283.99602
G1 X87.334 Y100.767 E284.00337
G1 X87.208 Y100.459 E284.01167
G1 X87.122 Y100.156 E284.01953
G1 X87.069 Y99.834 E284.02767
G1 X87.068 Y99.807 E284.02834
G1 X87.052 Y99.523 E284.03544
G1 X87.05 Y99.5 E284.03602
G1 X87.069 Y99.163 E284.04444
G1 X87.122 Y98.845 E284.05248
G1 X87.208 Y98.541 E284.06036
G1 X87.335 Y98.231 E284.06872
G1 X87.478 Y97.976 E284.07601
G1 X87.656 Y97.731 E284.08356
G1 X87.849 Y97.529 E284.09053
G1 X88.072 Y97.35 E284.09767
G1 X88.285 Y97.223 E284.10385
G1 X88.486 Y97.142 E284.10926
G1 X88.516 Y97.129 E284.11007
G1 X88.544 Y97.123 E284.11079
G1 X88.761 Y97.071 E284.11635
G1 X89 Y97.053 E284.12233
G1 X89.239 Y97.071 E284.12831
G1 X89.484 Y97.129 E284.13459
G1 X89.715 Y97.223 E284.14081
G1 X89.928 Y97.35 E284.147
G1 X90.151 Y97.529 E284.15413
G1 X90.344 Y97.731 E284.1611
G1 X90.522 Y97.976 E284.16866
G1 X90.665 Y98.231 E284.17595
G1 X90.792 Y98.541 E284.1843
G1 X90.878 Y98.845 E284.19219
G1 X90.931 Y99.163 E284.20023
G1 X90.932 Y99.192 E284.20095
G1 X90.948 Y99.477 E284.20807
G1 X90.95 Y99.5 E284.20865
G1 X90.931 Y99.834 E284.21699
G1 X90.878 Y100.156 E284.22513
G1 X90.792 Y100.459 E284.23299
G1 X90.666 Y100.767 E284.24129
G1 X90.522 Y101.024 E284.24864
G1 X90.344 Y101.269 E284.25619
G1 X90.151 Y101.471 E284.26316
G1 X89.928 Y101.65 E284.2703
G1 X89.715 Y101.777 E284.27648
G1 X89.514 Y101.858 E284.28189
G1 X89.484 Y101.871 E284.2827
G1 X89.456 Y101.877 E284.28342
G1 X89.389 Y101.893 E284.28514
G0 F1350 X89.239 Y101.929
G0 X89 Y101.947
G0 X88.761 Y101.929
G0 X88.516 Y101.871
G0 X88.285 Y101.777
G0 X88.072 Y101.65
G0 X87.849 Y101.471
G0 F9000 X87.563 Y101.787
;TYPE:WALL-OUTER
G1 F480 E284.32667
G1 F900 X87.328 Y101.541 E284.3341
G1 X87.121 Y101.256 E284.34178
G1 X86.95 Y100.95 E284.34944
G1 X86.806 Y100.6 E284.3577
G1 X86.707 Y100.249 E284.36566
G1 X86.646 Y99.882 E284.37378
G1 X86.625 Y99.5 E284.38213
G1 X86.646 Y99.115 E284.39054
G1 X86.707 Y98.751 E284.3986
G1 X86.806 Y98.4 E284.40656
G1 X86.951 Y98.048 E284.41487
G1 X87.121 Y97.744 E284.42247
G1 X87.328 Y97.459 E284.43016
G1 X87.563 Y97.213 E284.43759
G1 X87.825 Y97.003 E284.44491
G1 X88.096 Y96.842 E284.45179
G1 X88.39 Y96.722 E284.45873
G1 X88.694 Y96.65 E284.46554
G1 X89 Y96.626 E284.47224
G1 X89.306 Y96.65 E284.47894
G1 X89.61 Y96.722 E284.48576
G1 X89.904 Y96.842 E284.49269
G1 X90.175 Y97.003 E284.49957
G1 X90.437 Y97.213 E284.5069
G1 X90.672 Y97.459 E284.51433
G1 X90.879 Y97.744 E284.52202
G1 X91.049 Y98.048 E284.52962
G1 X91.194 Y98.4 E284.53793
G1 X91.293 Y98.751 E284.54589
G1 X91.354 Y99.115 E284.55394
G1 X91.375 Y99.5 E284.56236
G1 X91.354 Y99.882 E284.57071
G1 X91.293 Y100.249 E284.57883
G1 X91.194 Y100.6 E284.58679
G1 X91.05 Y100.95 E284.59505
G1 X90.879 Y101.256 E284.6027
G1 X90.672 Y101.541 E284.61039
G1 X90.437 Y101.787 E284.61782
G1 X90.175 Y101.997 E284.62515
G1 X89.904 Y102.158 E284.63203
G1 X89.61 Y102.278 E284.63896
G1 X89.316 Y102.348 E284.64555
G0 F810 X89.306 Y102.35
G0 X89 Y102.374
G0 X88.694 Y102.35
G0 X88.39 Y102.278
G0 X88.096 Y102.158
G0 X87.825 Y101.997
G0 X87.563 Y101.787
G0 F9000 X87.425 Y101.643
G0 X87.704 Y101.378
G0 X87.84 Y99.151
;TYPE:FILL
G1 F480 E284.68707
G1 F3000 X89.615 Y100.926 E284.74969
G1 X89.644 Y100.904 E284.7506
G1 X89.754 Y100.787 E284.7546
G1 X89.882 Y100.611 E284.76003
G1 X89.978 Y100.438 E284.76497
G1 X90.073 Y100.21 E284.77113
G1 X90.134 Y99.992 E284.77677
G1 X90.176 Y99.745 E284.78302
G1 X90.189 Y99.5 E284.78914
G1 X90.177 Y99.282 E284.79459
G1 X88.466 Y100.992 E284.85493
G1 X88.356 Y100.904 E284.85845
G1 X88.246 Y100.787 E284.86245
G1 X88.118 Y100.611 E284.86788
G1 X88.022 Y100.438 E284.87282
G1 X87.927 Y100.21 E284.87898
G1 X87.866 Y99.992 E284.88462
G1 X87.824 Y99.745 E284.89087
G1 X87.811 Y99.5 E284.89699
G1 X87.824 Y99.254 E284.90314
G1 X87.865 Y99.012 E284.90926
G1 X87.93 Y98.782 E284.91522
G1 X88.016 Y98.57 E284.92093
G1 X88.116 Y98.394 E284.92598
G1 X88.25 Y98.208 E284.9317
G1 X88.356 Y98.096 E284.93555
G1 X88.505 Y97.977 E284.9403
G1 X88.63 Y97.904 E284.94391
G1 X88.749 Y97.854 E284.94713
G1 X88.877 Y97.825 E284.95041
G1 X89 Y97.814 E284.95349
G1 F1500 E283.45349
G1 F900 Z3.56
G0 F9000 X89 Y97.814 Z3.56
G0 X101.81 Y107.694
;TYPE:WALL-OUTER
G1 F900 Z2.56
G1 F480 E285.01585
G1 F900 X115.189 Y107.694 E285.30787
G1 X115.189 Y95.306 E285.57827
G1 X101.81 Y95.306 E285.87029
G1 X101.81 Y105.792 E286.09917
G0 F810 X101.81 Y107.694
G0 F9000 X102.01 Y107.694
G0 X101.125 Y108.375
G1 F480 E286.14068
G1 F900 X101.125 Y94.625 E286.4408
G1 X115.875 Y94.625 E286.76275
G1 X115.875 Y108.375 E287.06287
G1 X103.027 Y108.375 E287.3433
G0 F810 X101.125 Y108.375
G0 F9000 X101.125 Y108.175
G0 X101.525 Y107.975
G1 F1500 E285.8433
G1 F900 Z3.56
G0 F9000 X101.525 Y107.975 Z3.56
G0 X107.866 Y104.208
;TYPE:WALL-INNER
G1 F900 Z2.56
G1 F480 E287.44718
G1 F1500 X107.758 Y104.048 E287.452
G1 X107.684 Y103.899 E287.45615
G1 X107.627 Y103.731 E287.46057
G1 X107.588 Y103.539 E287.46546
G1 X107.578 Y103.367 E287.46976
G1 X107.588 Y103.193 E287.4741
G1 X107.627 Y103.002 E287.47897
G1 X107.684 Y102.834 E287.48339
G1 X107.756 Y102.689 E287.48743
G1 X107.875 Y102.514 E287.49271
G1 X107.977 Y102.397 E287.49658
G1 X108.118 Y102.274 E287.50125
G1 X108.274 Y102.17 E287.50593
G1 X108.437 Y102.09 E287.51046
G1 X108.605 Y102.033 E287.51488
G1 X108.789 Y101.996 E287.51956
G1 X108.968 Y101.985 E287.52404
G1 X109.149 Y101.996 E287.52856
G1 X109.328 Y102.032 E287.53311
G1 X109.502 Y102.091 E287.5377
G1 X109.67 Y102.174 E287.54237
G1 X109.817 Y102.272 E287.54678
G1 X109.95 Y102.387 E287.55117
G1 X110.077 Y102.531 E287.55595
G1 X110.174 Y102.677 E287.56033
G1 X110.256 Y102.843 E287.56495
G1 X110.312 Y103.005 E287.56922
G1 X110.35 Y103.192 E287.57398
G1 X110.36 Y103.367 E287.57835
G1 X110.35 Y103.542 E287.58273
G1 X110.313 Y103.725 E287.58738
G1 X110.255 Y103.896 E287.59189
G1 X110.178 Y104.05 E287.59618
G1 X110.07 Y104.211 E287.60102
G1 X109.956 Y104.34 E287.60531
G1 X109.823 Y104.456 E287.60972
G1 X109.655 Y104.568 E287.61475
G1 X109.51 Y104.64 E287.61879
G1 X109.362 Y104.69 E287.62269
G0 F1350 X109.326 Y104.702
G0 X109.153 Y104.736
G0 X108.968 Y104.748
G0 X108.785 Y104.737
G0 X108.607 Y104.701
G0 X108.435 Y104.643
G0 X108.278 Y104.565
G0 X108.121 Y104.462
G0 X107.982 Y104.34
G0 X107.866 Y104.208
G0 F9000 X107.55 Y104.455
G1 F480 E287.66422
G1 F1500 X107.412 Y104.25 E287.67039
G1 X107.313 Y104.051 E287.67593
G1 X107.24 Y103.835 E287.68162
G1 X107.191 Y103.594 E287.68775
G1 X107.19 Y103.564 E287.6885
G1 X107.177 Y103.367 E287.69343
G1 X107.191 Y103.139 E287.69912
G1 X107.24 Y102.898 E287.70526
G1 X107.313 Y102.682 E287.71095
G1 X107.412 Y102.483 E287.71649
G1 X107.553 Y102.274 E287.72278
G1 X107.699 Y102.108 E287.7283
G1 X107.87 Y101.959 E287.73395
G1 X108.073 Y101.823 E287.74005
G1 X108.288 Y101.718 E287.74602
G1 X108.496 Y101.647 E287.7515
G1 X108.712 Y101.605 E287.75699
G1 X108.738 Y101.599 E287.75765
G1 X108.764 Y101.598 E287.7583
G1 X108.943 Y101.587 E287.76278
G1 X108.968 Y101.585 E287.7634
G1 X109.2 Y101.599 E287.7692
G1 X109.437 Y101.646 E287.77523
G1 X109.655 Y101.72 E287.78097
G1 X109.87 Y101.826 E287.78695
G1 X110.057 Y101.951 E287.79256
G1 X110.235 Y102.105 E287.79843
G1 X110.394 Y102.286 E287.80444
G1 X110.519 Y102.473 E287.81005
G1 X110.628 Y102.692 E287.81615
G1 X110.698 Y102.897 E287.82156
G1 X110.741 Y103.113 E287.82705
G1 X110.747 Y103.139 E287.82772
G1 X110.748 Y103.167 E287.82842
G1 X110.761 Y103.367 E287.83342
G1 X110.747 Y103.595 E287.83911
G1 X110.699 Y103.833 E287.84517
G1 X110.625 Y104.05 E287.85089
G1 X110.523 Y104.254 E287.85658
G1 X110.388 Y104.456 E287.86264
G1 X110.238 Y104.626 E287.8683
G1 X110.068 Y104.774 E287.87392
G1 X109.861 Y104.912 E287.88012
G1 X109.657 Y105.013 E287.8858
G1 X109.436 Y105.088 E287.89162
G1 X109.202 Y105.134 E287.89757
G1 X109.003 Y105.146 E287.90255
G0 F1350 X108.992 Y105.146
G0 X108.968 Y105.148
G0 X108.736 Y105.134
G0 X108.497 Y105.087
G0 X108.285 Y105.015
G0 X108.073 Y104.91
G0 X107.878 Y104.781
G0 X107.699 Y104.625
G0 X107.55 Y104.455
G0 F9000 X107.212 Y104.715
;TYPE:WALL-OUTER
G1 F480 E287.94408
G1 F900 X107.047 Y104.469 E287.95055
G1 X106.917 Y104.208 E287.95691
G1 X106.828 Y103.945 E287.96297
G1 X106.769 Y103.653 E287.96947
G1 X106.751 Y103.367 E287.97573
G1 X106.769 Y103.08 E287.982
G1 X106.828 Y102.788 E287.98851
G1 X106.917 Y102.525 E287.99457
G1 X107.047 Y102.264 E288.00093
G1 X107.212 Y102.019 E288.00738
G1 X107.399 Y101.806 E288.01356
G1 X107.617 Y101.616 E288.01988
G1 X107.86 Y101.454 E288.02625
G1 X108.121 Y101.326 E288.0326
G1 X108.389 Y101.235 E288.03877
G1 X108.68 Y101.177 E288.04525
G1 X108.969 Y101.159 E288.05157
G1 X109.257 Y101.177 E288.05787
G1 X109.548 Y101.235 E288.06435
G1 X109.817 Y101.326 E288.07054
G1 X110.078 Y101.454 E288.07689
G1 X110.32 Y101.616 E288.08325
G1 X110.534 Y101.802 E288.08943
G1 X110.729 Y102.023 E288.09587
G1 X110.89 Y102.264 E288.10219
G1 X111.02 Y102.526 E288.10858
G1 X111.11 Y102.788 E288.11462
G1 X111.169 Y103.08 E288.12113
G1 X111.187 Y103.367 E288.1274
G1 X111.169 Y103.653 E288.13366
G1 X111.111 Y103.943 E288.14011
G1 X111.019 Y104.21 E288.14628
G1 X110.89 Y104.469 E288.15259
G1 X110.726 Y104.714 E288.15903
G1 X110.538 Y104.928 E288.16524
G1 X110.321 Y105.117 E288.17153
G1 X110.078 Y105.279 E288.1779
G1 X109.817 Y105.408 E288.18426
G1 X109.548 Y105.499 E288.19045
G1 X109.257 Y105.556 E288.19693
G1 X108.969 Y105.574 E288.20322
G1 X108.85 Y105.566 E288.20583
G0 F810 X108.68 Y105.556
G0 X108.389 Y105.499
G0 X108.121 Y105.408
G0 X107.86 Y105.279
G0 X107.622 Y105.121
G0 X107.396 Y104.924
G0 X107.212 Y104.715
G0 F9000 X107.101 Y104.549
G0 X107.421 Y104.336
G0 X108.128 Y103.952
;TYPE:FILL
G1 F480 E288.24734
G1 F3000 X109.552 Y102.529 E288.29756
G1 X109.594 Y102.558 E288.29883
G1 X109.698 Y102.646 E288.30223
G1 X109.797 Y102.758 E288.30596
G1 X109.859 Y102.852 E288.30877
G1 X109.924 Y102.983 E288.31242
G1 X109.961 Y103.09 E288.31524
G1 X109.993 Y103.242 E288.31912
G1 X110 Y103.367 E288.32224
G1 X109.993 Y103.493 E288.32539
G1 X109.963 Y103.636 E288.32903
G1 X109.923 Y103.752 E288.33209
G1 X109.864 Y103.871 E288.33541
G1 X109.786 Y103.988 E288.33891
G1 X109.699 Y104.086 E288.34218
G1 X109.607 Y104.167 E288.34524
G1 X109.473 Y104.258 E288.34928
G1 X109.37 Y104.307 E288.35213
G1 X109.23 Y104.355 E288.35582
G1 X109.113 Y104.377 E288.35879
G1 X108.965 Y104.386 E288.36249
G1 X108.834 Y104.38 E288.36576
G1 X108.701 Y104.352 E288.36915
G1 X108.573 Y104.309 E288.37252
G1 X108.445 Y104.246 E288.37608
G1 X108.344 Y104.179 E288.3791
G1 X108.234 Y104.083 E288.38274
G1 X108.158 Y103.996 E288.38562
G1 X108.064 Y103.856 E288.38983
G1 X108.021 Y103.769 E288.39225
G1 X107.976 Y103.635 E288.39578
G1 X107.945 Y103.488 E288.39952
G1 X107.939 Y103.367 E288.40255
G1 X107.945 Y103.244 E288.40562
G1 X107.976 Y103.098 E288.40934
G1 X108.02 Y102.967 E288.41279
G1 X108.068 Y102.872 E288.41544
G1 X108.161 Y102.734 E288.41959
G1 X108.236 Y102.648 E288.42244
G1 X108.33 Y102.566 E288.42555
G1 X108.456 Y102.482 E288.42933
G1 X108.577 Y102.423 E288.43269
G1 X108.7 Y102.38 E288.43594
G1 X108.835 Y102.353 E288.43937
G1 X108.969 Y102.346 E288.44272
G1 F1500 E286.94272
G1 F900 Z3.56
G0 F9000 X108.969 Y102.346 Z3.56
G0 X81.872 Y108.128
;TIME_ELAPSED:607.283083
;LAYER:16
G0 X81.872 Y108.128 Z3.71
;TYPE:WALL-OUTER
G1 F900 Z2.71
G1 F480 E288.50508
G1 F900 X96.127 Y108.128 E288.81623
G1 X96.127 Y88.872 E289.23653
G1 X81.872 Y88.872 E289.54767
G1 X81.872 Y106.226 E289.92645
G0 F810 X81.872 Y108.128
G0 F9000 X82.072 Y108.128
G0 X82.072 Y108.513
G0 X81.125 Y108.875
G1 F480 E289.96797
G1 F900 X81.125 Y88.125 E290.42088
G1 X96.875 Y88.125 E290.76465
G1 X96.875 Y108.875 E291.21756
G1 X83.027 Y108.875 E291.51982
G0 F810 X81.125 Y108.875
G0 F9000 X81.125 Y108.675
G0 X81.51 Y108.49
G0 X81.525 Y108.475
G1 F1500 E290.01982
G1 F900 Z3.71
G0 F9000 X81.525 Y108.475 Z3.71
G0 X88.119 Y101.175
;TYPE:WALL-INNER
G1 F900 Z2.71
G1 F480 E291.6237
G1 F1500 X87.967 Y101.016 E291.62919
G1 X87.816 Y100.808 E291.6356
G1 X87.693 Y100.588 E291.64189
G1 X87.588 Y100.333 E291.64877
G1 X87.514 Y100.07 E291.65558
G1 X87.466 Y99.784 E291.66282
G1 X87.45 Y99.5 E291.66991
G1 X87.466 Y99.215 E291.67703
G1 X87.514 Y98.93 E291.68424
G1 X87.587 Y98.671 E291.69095
G1 X87.695 Y98.407 E291.69807
G1 X87.816 Y98.192 E291.70422
G1 X87.967 Y97.984 E291.71063
G1 X88.119 Y97.825 E291.71612
G1 X88.297 Y97.682 E291.72182
G1 X88.469 Y97.58 E291.72681
G1 X88.637 Y97.511 E291.73134
G1 X88.82 Y97.468 E291.73603
G1 X89 Y97.454 E291.74053
G1 X89.18 Y97.468 E291.74503
G1 X89.363 Y97.511 E291.74972
G1 X89.531 Y97.58 E291.75425
G1 X89.703 Y97.682 E291.75924
G1 X89.881 Y97.825 E291.76494
G1 X90.033 Y97.984 E291.77042
G1 X90.184 Y98.192 E291.77683
G1 X90.305 Y98.407 E291.78299
G1 X90.413 Y98.671 E291.7901
G1 X90.486 Y98.93 E291.79682
G1 X90.534 Y99.215 E291.80403
G1 X90.55 Y99.5 E291.81115
G1 X90.534 Y99.784 E291.81824
G1 X90.486 Y100.07 E291.82548
G1 X90.412 Y100.333 E291.83229
G1 X90.307 Y100.588 E291.83917
G1 X90.184 Y100.808 E291.84546
G1 X90.033 Y101.016 E291.85187
G1 X89.881 Y101.175 E291.85736
G1 X89.703 Y101.318 E291.86305
G1 X89.653 Y101.348 E291.86451
G0 F1350 X89.531 Y101.42
G0 X89.363 Y101.489
G0 X89.18 Y101.532
G0 X89 Y101.546
G0 X88.82 Y101.532
G0 X88.637 Y101.489
G0 X88.469 Y101.42
G0 X88.297 Y101.318
G0 X88.119 Y101.175
G0 F9000 X87.849 Y101.471
G1 F480 E291.90604
G1 F1500 X87.656 Y101.269 E291.91301
G1 X87.478 Y101.024 E291.92056
G1 X87.334 Y100.767 E291.92791
G1 X87.208 Y100.459 E291.93621
G1 X87.122 Y100.156 E291.94407
G1 X87.069 Y99.834 E291.95221
G1 X87.068 Y99.807 E291.95289
G1 X87.052 Y99.523 E291.95998
G1 X87.05 Y99.5 E291.96056
G1 X87.069 Y99.163 E291.96898
G1 X87.122 Y98.845 E291.97702
G1 X87.208 Y98.541 E291.9849
G1 X87.335 Y98.231 E291.99326
G1 X87.478 Y97.976 E292.00055
G1 X87.656 Y97.731 E292.0081
G1 X87.849 Y97.529 E292.01507
G1 X88.072 Y97.35 E292.02221
G1 X88.285 Y97.223 E292.02839
G1 X88.486 Y97.142 E292.0338
G1 X88.516 Y97.129 E292.03461
G1 X88.544 Y97.123 E292.03533
G1 X88.761 Y97.071 E292.04089
G1 X89 Y97.053 E292.04687
G1 X89.239 Y97.071 E292.05285
G1 X89.484 Y97.129 E292.05913
G1 X89.715 Y97.223 E292.06535
G1 X89.928 Y97.35 E292.07154
G1 X90.151 Y97.529 E292.07867
G1 X90.344 Y97.731 E292.08564
G1 X90.522 Y97.976 E292.0932
G1 X90.665 Y98.231 E292.10049
G1 X90.792 Y98.541 E292.10885
G1 X90.878 Y98.845 E292.11673
G1 X90.931 Y99.163 E292.12477
G1 X90.932 Y99.192 E292.12549
G1 X90.948 Y99.477 E292.13261
G1 X90.95 Y99.5 E292.13319
G1 X90.931 Y99.834 E292.14153
G1 X90.878 Y100.156 E292.14967
G1 X90.792 Y100.459 E292.15753
G1 X90.666 Y100.767 E292.16583
G1 X90.522 Y101.024 E292.17318
G1 X90.344 Y101.269 E292.18074
G1 X90.151 Y101.471 E292.1877
G1 X89.928 Y101.65 E292.19484
G1 X89.715 Y101.777 E292.20102
G1 X89.514 Y101.858 E292.20643
G1 X89.484 Y101.871 E292.20724
G1 X89.456 Y101.877 E292.20796
G1 X89.389 Y101.893 E292.20968
G0 F1350 X89.239 Y101.929
G0 X89 Y101.947
G0 X88.761 Y101.929
G0 X88.516 Y101.871
G0 X88.285 Y101.777
G0 X88.072 Y101.65
G0 X87.849 Y101.471
G0 F9000 X87.563 Y101.787
;TYPE:WALL-OUTER
G1 F480 E292.25121
G1 F900 X87.328 Y101.541 E292.25864
G1 X87.121 Y101.256 E292.26633
G1 X86.95 Y100.95 E292.27398
G1 X86.806 Y100.6 E292.28224
G1 X86.707 Y100.249 E292.2902
G1 X86.646 Y99.882 E292.29832
G1 X86.625 Y99.5 E292.30667
G1 X86.646 Y99.115 E292.31508
G1 X86.707 Y98.751 E292.32314
G1 X86.806 Y98.4 E292.3311
G1 X86.951 Y98.048 E292.33941
G1 X87.121 Y97.744 E292.34701
G1 X87.328 Y97.459 E292.3547
G1 X87.563 Y97.213 E292.36213
G1 X87.825 Y97.003 E292.36945
G1 X88.096 Y96.842 E292.37634
G1 X88.39 Y96.722 E292.38327
G1 X88.694 Y96.65 E292.39009
G1 X89 Y96.626 E292.39678
G1 X89.306 Y96.65 E292.40348
G1 X89.61 Y96.722 E292.4103
G1 X89.904 Y96.842 E292.41723
G1 X90.175 Y97.003 E292.42411
G1 X90.437 Y97.213 E292.43144
G1 X90.672 Y97.459 E292.43887
G1 X90.879 Y97.744 E292.44656
G1 X91.049 Y98.048 E292.45416
G1 X91.194 Y98.4 E292.46247
G1 X91.293 Y98.751 E292.47043
G1 X91.354 Y99.115 E292.47849
G1 X91.375 Y99.5 E292.4869
G1 X91.354 Y99.882 E292.49525
G1 X91.293 Y100.249 E292.50337
G1 X91.194 Y100.6 E292.51133
G1 X91.05 Y100.95 E292.51959
G1 X90.879 Y101.256 E292.52724
G1 X90.672 Y101.541 E292.53493
G1 X90.437 Y101.787 E292.54236
G1 X90.175 Y101.997 E292.54969
G1 X89.904 Y102.158 E292.55657
G1 X89.61 Y102.278 E292.5635
G1 X89.316 Y102.348 E292.5701
G0 F810 X89.306 Y102.35
G0 X89 Y102.374
G0 X88.694 Y102.35
G0 X88.39 Y102.278
G0 X88.096 Y102.158
G0 X87.825 Y101.997
G0 X87.563 Y101.787
G0 F9000 X87.425 Y101.643
G0 X87.704 Y101.378
G0 X88.266 Y100.766
;TYPE:SKIN
G1 F480 E292.61161
G1 F2400 X88.148 Y100.603 E292.61663
G1 X88.046 Y100.419 E292.62188
G1 X87.958 Y100.206 E292.62763
G1 X87.891 Y99.969 E292.63377
G1 X87.856 Y99.753 E292.63923
G1 X87.842 Y99.5 E292.64555
G1 X87.856 Y99.248 E292.65185
G1 X87.895 Y99.017 E292.65769
G1 X87.956 Y98.799 E292.66334
G1 X88.047 Y98.576 E292.66934
G1 X88.144 Y98.403 E292.67429
G1 X88.266 Y98.234 E292.67949
G1 X88.382 Y98.113 E292.68367
G1 X88.516 Y98.006 E292.68795
G1 X88.643 Y97.931 E292.69163
G1 X88.757 Y97.884 E292.69471
G1 X88.888 Y97.853 E292.69806
G1 X89 Y97.844 E292.70087
G1 X89.112 Y97.853 E292.70367
G1 X89.243 Y97.884 E292.70703
G1 X89.357 Y97.931 E292.7101
G1 X89.484 Y98.006 E292.71378
G1 X89.618 Y98.113 E292.71806
G1 X89.734 Y98.234 E292.72224
G1 X89.856 Y98.403 E292.72744
G1 X89.953 Y98.576 E292.73239
G1 X90.044 Y98.799 E292.7384
G1 X90.105 Y99.017 E292.74404
G1 X90.144 Y99.248 E292.74989
G1 X90.158 Y99.5 E292.75618
G1 X90.144 Y99.753 E292.7625
G1 X90.109 Y99.969 E292.76796
G1 X90.042 Y100.206 E292.77411
G1 X89.954 Y100.419 E292.77985
G1 X89.852 Y100.603 E292.7851
G1 X89.734 Y100.766 E292.79012
G1 X89.704 Y100.798 E292.79122
G0 F2160 X89.618 Y100.887
G0 X89.484 Y100.994
G0 X89.357 Y101.069
G0 X89.243 Y101.116
G0 X89.112 Y101.147
G0 X89 Y101.156
G0 X88.888 Y101.147
G0 X88.757 Y101.116
G0 X88.643 Y101.069
G0 X88.516 Y100.994
G0 X88.382 Y100.887
G0 X88.266 Y100.766
G0 F9000 X89.086 Y100.966
G1 F480 E292.83275
G1 F2400 X88.071 Y99.95 E292.86857
G0 F9000 X88.031 Y99.344
G1 F2400 X89.465 Y100.778 E292.91916
G0 F9000 X89.72 Y100.468
G1 F2400 X88.122 Y98.87 E292.97554
G0 F9000 X88.304 Y98.486
G1 F2400 X89.893 Y100.075 E293.03159
G0 F9000 X89.972 Y99.588
G1 F2400 X88.572 Y98.189 E293.08096
G0 F9000 X88.974 Y98.025
G1 F2400 X89.9 Y98.951 E293.11363
G1 F1500 E291.61363
G1 F900 Z3.71
G0 F9000 X89.9 Y98.951 Z3.71
G0 X101.81 Y107.694
;TYPE:WALL-OUTER
G1 F900 Z2.71
G1 F480 E293.17599
G1 F900 X115.189 Y107.694 E293.46802
G1 X115.189 Y95.306 E293.73841
G1 X101.81 Y95.306 E294.03043
G1 X101.81 Y105.792 E294.25931
G0 F810 X101.81 Y107.694
G0 F9000 X102.01 Y107.694
G0 X101.125 Y108.375
G1 F480 E294.30082
G1 F900 X101.125 Y94.625 E294.60095
G1 X115.875 Y94.625 E294.92289
G1 X115.875 Y108.375 E295.22301
G1 X103.027 Y108.375 E295.50345
G0 F810 X101.125 Y108.375
G0 F9000 X101.125 Y108.175
G0 X101.525 Y107.975
G1 F1500 E294.00345
G1 F900 Z3.71
G0 F9000 X101.525 Y107.975 Z3.71
G0 X107.866 Y104.208
;TYPE:WALL-INNER
G1 F900 Z2.71
G1 F480 E295.60732
G1 F1500 X107.758 Y104.048 E295.61214
G1 X107.684 Y103.899 E295.61629
G1 X107.627 Y103.731 E295.62071
G1 X107.588 Y103.539 E295.6256
G1 X107.578 Y103.367 E295.6299
G1 X107.588 Y103.193 E295.63425
G1 X107.627 Y103.002 E295.63911
G1 X107.684 Y102.834 E295.64354
G1 X107.756 Y102.689 E295.64757
G1 X107.875 Y102.514 E295.65285
G1 X107.977 Y102.397 E295.65673
G1 X108.118 Y102.274 E295.66139
G1 X108.274 Y102.17 E295.66607
G1 X108.437 Y102.09 E295.6706
G1 X108.605 Y102.033 E295.67502
G1 X108.789 Y101.996 E295.67971
G1 X108.968 Y101.985 E295.68418
G1 X109.149 Y101.996 E295.6887
G1 X109.328 Y102.032 E295.69326
G1 X109.502 Y102.091 E295.69784
G1 X109.67 Y102.174 E295.70252
G1 X109.817 Y102.272 E295.70692
G1 X109.95 Y102.387 E295.71131
G1 X110.077 Y102.531 E295.7161
G1 X110.174 Y102.677 E295.72047
G1 X110.256 Y102.843 E295.72509
G1 X110.312 Y103.005 E295.72936
G1 X110.35 Y103.192 E295.73412
G1 X110.36 Y103.367 E295.7385
G1 X110.35 Y103.542 E295.74287
G1 X110.313 Y103.725 E295.74753
G1 X110.255 Y103.896 E295.75203
G1 X110.178 Y104.05 E295.75633
G1 X110.07 Y104.211 E295.76116
G1 X109.956 Y104.34 E295.76546
G1 X109.823 Y104.456 E295.76986
G1 X109.655 Y104.568 E295.7749
G1 X109.51 Y104.64 E295.77893
G1 X109.362 Y104.69 E295.78283
G0 F1350 X109.326 Y104.702
G0 X109.153 Y104.736
G0 X108.968 Y104.748
G0 X108.785 Y104.737
G0 X108.607 Y104.701
G0 X108.435 Y104.643
G0 X108.278 Y104.565
G0 X108.121 Y104.462
G0 X107.982 Y104.34
G0 X107.866 Y104.208
G0 F9000 X107.55 Y104.455
G1 F480 E295.82436
G1 F1500 X107.412 Y104.25 E295.83053
G1 X107.313 Y104.051 E295.83607
G1 X107.24 Y103.835 E295.84176
G1 X107.191 Y103.594 E295.8479
G1 X107.19 Y103.564 E295.84864
G1 X107.177 Y103.367 E295.85357
G1 X107.191 Y103.139 E295.85927
G1 X107.24 Y102.898 E295.8654
G1 X107.313 Y102.682 E295.87109
G1 X107.412 Y102.483 E295.87663
G1 X107.553 Y102.274 E295.88292
G1 X107.699 Y102.108 E295.88844
G1 X107.87 Y101.959 E295.8941
G1 X108.073 Y101.823 E295.90019
G1 X108.288 Y101.718 E295.90616
G1 X108.496 Y101.647 E295.91164
G1 X108.712 Y101.605 E295.91713
G1 X108.738 Y101.599 E295.9178
G1 X108.764 Y101.598 E295.91845
G1 X108.943 Y101.587 E295.92292
G1 X108.968 Y101.585 E295.92355
G1 X109.2 Y101.599 E295.92934
G1 X109.437 Y101.646 E295.93537
G1 X109.655 Y101.72 E295.94111
G1 X109.87 Y101.826 E295.94709
G1 X110.057 Y101.951 E295.9527
G1 X110.235 Y102.105 E295.95857
G1 X110.394 Y102.286 E295.96458
G1 X110.519 Y102.473 E295.9702
G1 X110.628 Y102.692 E295.9763
G1 X110.698 Y102.897 E295.9817
G1 X110.741 Y103.113 E295.9872
G1 X110.747 Y103.139 E295.98786
G1 X110.748 Y103.167 E295.98856
G1 X110.761 Y103.367 E295.99356
G1 X110.747 Y103.595 E295.99926
G1 X110.699 Y103.833 E296.00531
G1 X110.625 Y104.05 E296.01103
G1 X110.523 Y104.254 E296.01672
G1 X110.388 Y104.456 E296.02278
G1 X110.238 Y104.626 E296.02844
G1 X110.068 Y104.774 E296.03406
G1 X109.861 Y104.912 E296.04027
G1 X109.657 Y105.013 E296.04595
G1 X109.436 Y105.088 E296.05177
G1 X109.202 Y105.134 E296.05772
G1 X109.003 Y105.146 E296.06269
G0 F1350 X108.992 Y105.146
G0 X108.968 Y105.148
G0 X108.736 Y105.134
G0 X108.497 Y105.087
G0 X108.285 Y105.015
G0 X108.073 Y104.91
G0 X107.878 Y104.781
G0 X107.699 Y104.625
G0 X107.55 Y104.455
G0 F9000 X107.212 Y104.715
;TYPE:WALL-OUTER
G1 F480 E296.10422
G1 F900 X107.047 Y104.469 E296.11069
G1 X106.917 Y104.208 E296.11705
G1 X106.828 Y103.945 E296.12311
G1 X106.769 Y103.653 E296.12962
G1 X106.751 Y103.367 E296.13587
G1 X106.769 Y103.08 E296.14215
G1 X106.828 Y102.788 E296.14865
G1 X106.917 Y102.525 E296.15471
G1 X107.047 Y102.264 E296.16107
G1 X107.212 Y102.019 E296.16752
G1 X107.399 Y101.806 E296.17371
G1 X107.617 Y101.616 E296.18002
G1 X107.86 Y101.454 E296.18639
G1 X108.121 Y101.326 E296.19274
G1 X108.389 Y101.235 E296.19892
G1 X108.68 Y101.177 E296.20539
G1 X108.969 Y101.159 E296.21171
G1 X109.257 Y101.177 E296.21801
G1 X109.548 Y101.235 E296.22449
G1 X109.817 Y101.326 E296.23069
G1 X110.078 Y101.454 E296.23703
G1 X110.32 Y101.616 E296.24339
G1 X110.534 Y101.802 E296.24958
G1 X110.729 Y102.023 E296.25601
G1 X110.89 Y102.264 E296.26234
G1 X111.02 Y102.526 E296.26872
G1 X111.11 Y102.788 E296.27477
G1 X111.169 Y103.08 E296.28127
G1 X111.187 Y103.367 E296.28755
G1 X111.169 Y103.653 E296.2938
G1 X111.111 Y103.943 E296.30026
G1 X111.019 Y104.21 E296.30642
G1 X110.89 Y104.469 E296.31274
G1 X110.726 Y104.714 E296.31917
G1 X110.538 Y104.928 E296.32539
G1 X110.321 Y105.117 E296.33167
G1 X110.078 Y105.279 E296.33804
G1 X109.817 Y105.408 E296.3444
G1 X109.548 Y105.499 E296.3506
G1 X109.257 Y105.556 E296.35707
G1 X108.969 Y105.574 E296.36337
G1 X108.85 Y105.566 E296.36597
G0 F810 X108.68 Y105.556
G0 X108.389 Y105.499
G0 X108.121 Y105.408
G0 X107.86 Y105.279
G0 X107.622 Y105.121
G0 X107.396 Y104.924
G0 X107.212 Y104.715
G0 F9000 X107.101 Y104.549
G0 X107.421 Y104.336
G0 X108.092 Y103.845
;TYPE:SKIN
G1 F480 E296.40749
G1 F2400 X108.046 Y103.752 E296.41007
G1 X108.004 Y103.629 E296.41332
G1 X107.976 Y103.494 E296.41676
G1 X107.97 Y103.366 E296.41995
G1 X107.976 Y103.238 E296.42315
G1 X108.004 Y103.104 E296.42656
G1 X108.045 Y102.983 E296.42975
G1 X108.099 Y102.876 E296.43274
G1 X108.179 Y102.758 E296.4363
G1 X108.254 Y102.673 E296.43912
G1 X108.358 Y102.582 E296.44257
G1 X108.46 Y102.514 E296.44563
G1 X108.595 Y102.448 E296.44938
G1 X108.706 Y102.41 E296.4523
G1 X108.832 Y102.384 E296.45551
G1 X108.968 Y102.377 E296.45891
G1 X109.106 Y102.384 E296.46236
G1 X109.227 Y102.409 E296.46544
G1 X109.353 Y102.452 E296.46876
G1 X109.475 Y102.512 E296.47215
G1 X109.577 Y102.58 E296.47521
G1 X109.677 Y102.666 E296.4785
G1 X109.765 Y102.766 E296.48182
G1 X109.836 Y102.873 E296.48503
G1 X109.894 Y102.992 E296.48833
G1 X109.935 Y103.11 E296.49144
G1 X109.962 Y103.239 E296.49473
G1 X109.968 Y103.367 E296.49793
G1 X109.962 Y103.498 E296.5012
G1 X109.937 Y103.621 E296.50433
G1 X109.893 Y103.748 E296.50768
G1 X109.842 Y103.851 E296.51055
G1 X109.76 Y103.974 E296.51424
G1 X109.681 Y104.062 E296.51719
G1 X109.583 Y104.148 E296.52044
G1 X109.539 Y104.178 E296.52177
G0 F2160 X109.46 Y104.23
G0 X109.365 Y104.277
G0 X109.222 Y104.325
G0 X109.111 Y104.348
G0 X108.967 Y104.356
G0 X108.83 Y104.349
G0 X108.712 Y104.324
G0 X108.58 Y104.28
G0 X108.475 Y104.228
G0 X108.356 Y104.15
G0 X108.263 Y104.068
G0 X108.175 Y103.967
G0 X108.092 Y103.845
G0 F9000 X108.629 Y104.103
G1 F480 E296.5633
G1 F2400 X108.217 Y103.691 E296.57784
G0 F9000 X108.193 Y103.102
G1 F2400 X109.223 Y104.132 E296.61417
G0 F9000 X109.571 Y103.914
G1 F2400 X108.422 Y102.765 E296.65471
G0 F9000 X108.797 Y102.575
G1 F2400 X109.767 Y103.545 E296.68893
G1 F1500 E295.18893
G1 F900 Z3.71
G0 F9000 X109.767 Y103.545 Z3.71
G0 X81.872 Y108.128
;TIME_ELAPSED:634.153062
;LAYER:17
G0 X81.872 Y108.128 Z3.86
;TYPE:WALL-OUTER
G1 F900 Z2.86
G1 F480 E296.75129
G1 F900 X96.127 Y108.128 E297.06243
G1 X96.127 Y88.872 E297.48273
G1 X81.872 Y88.872 E297.79388
G1 X81.872 Y106.226 E298.17266
G0 F810 X81.872 Y108.128
G0 F9000 X82.072 Y108.128
G0 X82.072 Y108.513
G0 X81.125 Y108.875
G1 F480 E298.21418
G1 F900 X81.125 Y88.125 E298.66709
G1 X96.875 Y88.125 E299.01086
G1 X96.875 Y108.875 E299.46377
G1 X83.027 Y108.875 E299.76603
G0 F810 X81.125 Y108.875
G0 F9000 X81.125 Y108.675
G0 X81.51 Y108.49
G0 X81.525 Y108.475
G1 F1500 E298.26603
G1 F900 Z3.86
G0 F9000 X81.525 Y108.475 Z3.86
G0 X88.119 Y101.175
;TYPE:WALL-INNER
G1 F900 Z2.86
G1 F480 E299.86991
G1 F1500 X87.967 Y101.016 E299.87539
G1 X87.816 Y100.808 E299.88181
G1 X87.693 Y100.588 E299.88809
G1 X87.588 Y100.333 E299.89497
G1 X87.514 Y100.07 E299.90179
G1 X87.466 Y99.784 E299.90902
G1 X87.45 Y99.5 E299.91612
G1 X87.466 Y99.215 E299.92324
G1 X87.514 Y98.93 E299.93045
G1 X87.587 Y98.671 E299.93716
G1 X87.695 Y98.407 E299.94428
G1 X87.816 Y98.192 E299.95043
G1 X87.967 Y97.984 E299.95684
G1 X88.119 Y97.825 E299.96233
G1 X88.297 Y97.682 E299.96802
G1 X88.469 Y97.58 E299.97301
G1 X88.637 Y97.511 E299.97754
G1 X88.82 Y97.468 E299.98223
G1 X89 Y97.454 E299.98674
G1 X89.18 Y97.468 E299.99124
G1 X89.363 Y97.511 E299.99593
G1 X89.531 Y97.58 E300.00046
G1 X89.703 Y97.682 E300.00545
G1 X89.881 Y97.825 E300.01114
G1 X90.033 Y97.984 E300.01663
G1 X90.184 Y98.192 E300.02304
G1 X90.305 Y98.407 E300.0292
G1 X90.413 Y98.671 E300.03631
G1 X90.486 Y98.93 E300.04302
G1 X90.534 Y99.215 E300.05023
G1 X90.55 Y99.5 E300.05735
G1 X90.534 Y99.784 E300.06445
G1 X90.486 Y100.07 E300.07168
G1 X90.412 Y100.333 E300.0785
G1 X90.307 Y100.588 E300.08538
G1 X90.184 Y100.808 E300.09167
G1 X90.033 Y101.016 E300.09808
G1 X89.881 Y101.175 E300.10356
G1 X89.703 Y101.318 E300.10926
G1 X89.653 Y101.348 E300.11071
G0 F1350 X89.531 Y101.42
G0 X89.363 Y101.489
G0 X89.18 Y101.532
G0 X89 Y101.546
G0 X88.82 Y101.532
G0 X88.637 Y101.489
G0 X88.469 Y101.42
G0 X88.297 Y101.318
G0 X88.119 Y101.175
G0 F9000 X87.849 Y101.471
G1 F480 E300.15225
G1 F1500 X87.656 Y101.269 E300.15922
G1 X87.478 Y101.024 E300.16677
G1 X87.334 Y100.767 E300.17412
G1 X87.208 Y100.459 E300.18242
G1 X87.122 Y100.156 E300.19028
G1 X87.069 Y99.834 E300.19842
G1 X87.068 Y99.807 E300.19909
G1 X87.052 Y99.523 E300.20619
G1 X87.05 Y99.5 E300.20676
G1 X87.069 Y99.163 E300.21518
G1 X87.122 Y98.845 E300.22323
G1 X87.208 Y98.541 E300.23111
G1 X87.335 Y98.231 E300.23946
G1 X87.478 Y97.976 E300.24676
G1 X87.656 Y97.731 E300.25431
G1 X87.849 Y97.529 E300.26128
G1 X88.072 Y97.35 E300.26841
G1 X88.285 Y97.223 E300.2746
G1 X88.486 Y97.142 E300.28
G1 X88.516 Y97.129 E300.28082
G1 X88.544 Y97.123 E300.28153
G1 X88.761 Y97.071 E300.2871
G1 X89 Y97.053 E300.29308
G1 X89.239 Y97.071 E300.29906
G1 X89.484 Y97.129 E300.30534
G1 X89.715 Y97.223 E300.31156
G1 X89.928 Y97.35 E300.31775
G1 X90.151 Y97.529 E300.32488
G1 X90.344 Y97.731 E300.33185
G1 X90.522 Y97.976 E300.3394
G1 X90.665 Y98.231 E300.3467
G1 X90.792 Y98.541 E300.35505
G1 X90.878 Y98.845 E300.36293
G1 X90.931 Y99.163 E300.37098
G1 X90.932 Y99.192 E300.3717
G1 X90.948 Y99.477 E300.37882
G1 X90.95 Y99.5 E300.3794
G1 X90.931 Y99.834 E300.38774
G1 X90.878 Y100.156 E300.39588
G1 X90.792 Y100.459 E300.40374
G1 X90.666 Y100.767 E300.41204
G1 X90.522 Y101.024 E300.41939
G1 X90.344 Y101.269 E300.42694
G1 X90.151 Y101.471 E300.43391
G1 X89.928 Y101.65 E300.44104
G1 X89.715 Y101.777 E300.44723
G1 X89.514 Y101.858 E300.45264
G1 X89.484 Y101.871 E300.45345
G1 X89.456 Y101.877 E300.45417
G1 X89.389 Y101.893 E300.45588
G0 F1350 X89.239 Y101.929
G0 X89 Y101.947
G0 X88.761 Y101.929
G0 X88.516 Y101.871
G0 X88.285 Y101.777
G0 X88.072 Y101.65
G0 X87.849 Y101.471
G0 F9000 X87.563 Y101.787
;TYPE:WALL-OUTER
G1 F480 E300.49742
G1 F900 X87.328 Y101.541 E300.50484
G1 X87.121 Y101.256 E300.51253
G1 X86.95 Y100.95 E300.52018
G1 X86.806 Y100.6 E300.52844
G1 X86.707 Y100.249 E300.5364
G1 X86.646 Y99.882 E300.54452
G1 X86.625 Y99.5 E300.55287
G1 X86.646 Y99.115 E300.56129
G1 X86.707 Y98.751 E300.56935
G1 X86.806 Y98.4 E300.57731
G1 X86.951 Y98.048 E300.58562
G1 X87.121 Y97.744 E300.59322
G1 X87.328 Y97.459 E300.60091
G1 X87.563 Y97.213 E300.60833
G1 X87.825 Y97.003 E300.61566
G1 X88.096 Y96.842 E300.62254
G1 X88.39 Y96.722 E300.62947
G1 X88.694 Y96.65 E300.63629
G1 X89 Y96.626 E300.64299
G1 X89.306 Y96.65 E300.64969
G1 X89.61 Y96.722 E300.65651
G1 X89.904 Y96.842 E300.66344
G1 X90.175 Y97.003 E300.67032
G1 X90.437 Y97.213 E300.67765
G1 X90.672 Y97.459 E300.68508
G1 X90.879 Y97.744 E300.69276
G1 X91.049 Y98.048 E300.70037
G1 X91.194 Y98.4 E300.70868
G1 X91.293 Y98.751 E300.71664
G1 X91.354 Y99.115 E300.72469
G1 X91.375 Y99.5 E300.73311
G1 X91.354 Y99.882 E300.74146
G1 X91.293 Y100.249 E300.74958
G1 X91.194 Y100.6 E300.75754
G1 X91.05 Y100.95 E300.7658
G1 X90.879 Y101.256 E300.77345
G1 X90.672 Y101.541 E300.78114
G1 X90.437 Y101.787 E300.78856
G1 X90.175 Y101.997 E300.79589
G1 X89.904 Y102.158 E300.80277
G1 X89.61 Y102.278 E300.80971
G1 X89.316 Y102.348 E300.8163
G0 F810 X89.306 Y102.35
G0 X89 Y102.374
G0 X88.694 Y102.35
G0 X88.39 Y102.278
G0 X88.096 Y102.158
G0 X87.825 Y101.997
G0 X87.563 Y101.787
G0 F9000 X87.425 Y101.643
G0 X87.704 Y101.378
G0 X88.266 Y100.766
;TYPE:SKIN
G1 F480 E300.85782
G1 F2400 X88.148 Y100.603 E300.86284
G1 X88.046 Y100.419 E300.86808
G1 X87.958 Y100.206 E300.87383
G1 X87.891 Y99.969 E300.87998
G1 X87.856 Y99.753 E300.88544
G1 X87.842 Y99.5 E300.89176
G1 X87.856 Y99.248 E300.89805
G1 X87.895 Y99.017 E300.9039
G1 X87.956 Y98.799 E300.90954
G1 X88.047 Y98.576 E300.91555
G1 X88.144 Y98.403 E300.9205
G1 X88.266 Y98.234 E300.9257
G1 X88.382 Y98.113 E300.92988
G1 X88.516 Y98.006 E300.93416
G1 X88.643 Y97.931 E300.93784
G1 X88.757 Y97.884 E300.94091
G1 X88.888 Y97.853 E300.94427
G1 X89 Y97.844 E300.94707
G1 X89.112 Y97.853 E300.94988
G1 X89.243 Y97.884 E300.95323
G1 X89.357 Y97.931 E300.95631
G1 X89.484 Y98.006 E300.95999
G1 X89.618 Y98.113 E300.96427
G1 X89.734 Y98.234 E300.96845
G1 X89.856 Y98.403 E300.97365
G1 X89.953 Y98.576 E300.97859
G1 X90.044 Y98.799 E300.9846
G1 X90.105 Y99.017 E300.99025
G1 X90.144 Y99.248 E300.99609
G1 X90.158 Y99.5 E301.00239
G1 X90.144 Y99.753 E301.00871
G1 X90.109 Y99.969 E301.01417
G1 X90.042 Y100.206 E301.02031
G1 X89.954 Y100.419 E301.02606
G1 X89.852 Y100.603 E301.03131
G1 X89.734 Y100.766 E301.03633
G1 X89.704 Y100.798 E301.03742
G0 F2160 X89.618 Y100.887
G0 X89.484 Y100.994
G0 X89.357 Y101.069
G0 X89.243 Y101.116
G0 X89.112 Y101.147
G0 X89 Y101.156
G0 X88.888 Y101.147
G0 X88.757 Y101.116
G0 X88.643 Y101.069
G0 X88.516 Y100.994
G0 X88.382 Y100.887
G0 X88.266 Y100.766
G0 F9000 X89.108 Y100.962
G1 F480 E301.07896
G1 F2400 X89.835 Y100.235 E301.1046
G0 F9000 X89.975 Y99.529
G1 F2400 X88.643 Y100.861 E301.15159
G0 F9000 X88.356 Y100.582
G1 F2400 X89.918 Y99.02 E301.2067
G0 F9000 X89.765 Y98.608
G1 F2400 X88.157 Y100.216 E301.26342
G0 F9000 X88.041 Y99.766
G1 F2400 X89.528 Y98.278 E301.3159
G0 F9000 X89.187 Y98.054
G1 F2400 X88.047 Y99.194 E301.35612
G1 F1500 E299.85612
G1 F900 Z3.86
G0 F9000 X88.047 Y99.194 Z3.86
G0 X101.81 Y107.694
;TYPE:WALL-OUTER
G1 F900 Z2.86
G1 F480 E301.41848
G1 F900 X115.189 Y107.694 E301.7105
G1 X115.189 Y95.306 E301.98089
G1 X101.81 Y95.306 E302.27292
G1 X101.81 Y105.792 E302.50179
G0 F810 X101.81 Y107.694
G0 F9000 X102.01 Y107.694
G0 X101.125 Y108.375
G1 F480 E302.54331
G1 F900 X101.125 Y94.625 E302.84343
G1 X115.875 Y94.625 E303.16538
G1 X115.875 Y108.375 E303.4655
G1 X103.027 Y108.375 E303.74593
G0 F810 X101.125 Y108.375
G0 F9000 X101.125 Y108.175
G0 X101.525 Y107.975
G1 F1500 E302.24593
G1 F900 Z3.86
G0 F9000 X101.525 Y107.975 Z3.86
G0 X107.866 Y104.208
;TYPE:WALL-INNER
G1 F900 Z2.86
G1 F480 E303.84981
G1 F1500 X107.758 Y104.048 E303.85462
G1 X107.684 Y103.899 E303.85877
G1 X107.627 Y103.731 E303.8632
G1 X107.588 Y103.539 E303.86809
G1 X107.578 Y103.367 E303.87238
G1 X107.588 Y103.193 E303.87673
G1 X107.627 Y103.002 E303.8816
G1 X107.684 Y102.834 E303.88602
G1 X107.756 Y102.689 E303.89006
G1 X107.875 Y102.514 E303.89534
G1 X107.977 Y102.397 E303.89921
G1 X108.118 Y102.274 E303.90388
G1 X108.274 Y102.17 E303.90855
G1 X108.437 Y102.09 E303.91308
G1 X108.605 Y102.033 E303.91751
G1 X108.789 Y101.996 E303.92219
G1 X108.968 Y101.985 E303.92666
G1 X109.149 Y101.996 E303.93119
G1 X109.328 Y102.032 E303.93574
G1 X109.502 Y102.091 E303.94033
G1 X109.67 Y102.174 E303.945
G1 X109.817 Y102.272 E303.94941
G1 X109.95 Y102.387 E303.95379
G1 X110.077 Y102.531 E303.95858
G1 X110.174 Y102.677 E303.96296
G1 X110.256 Y102.843 E303.96757
G1 X110.312 Y103.005 E303.97185
G1 X110.35 Y103.192 E303.97661
G1 X110.36 Y103.367 E303.98098
G1 X110.35 Y103.542 E303.98535
G1 X110.313 Y103.725 E303.99001
G1 X110.255 Y103.896 E303.99452
G1 X110.178 Y104.05 E303.99881
G1 X110.07 Y104.211 E304.00365
G1 X109.956 Y104.34 E304.00794
G1 X109.823 Y104.456 E304.01234
G1 X109.655 Y104.568 E304.01738
G1 X109.51 Y104.64 E304.02142
G1 X109.362 Y104.69 E304.02532
G0 F1350 X109.326 Y104.702
G0 X109.153 Y104.736
G0 X108.968 Y104.748
G0 X108.785 Y104.737
G0 X108.607 Y104.701
G0 X108.435 Y104.643
G0 X108.278 Y104.565
G0 X108.121 Y104.462
G0 X107.982 Y104.34
G0 X107.866 Y104.208
G0 F9000 X107.55 Y104.455
G1 F480 E304.06685
G1 F1500 X107.412 Y104.25 E304.07301
G1 X107.313 Y104.051 E304.07856
G1 X107.24 Y103.835 E304.08425
G1 X107.191 Y103.594 E304.09038
G1 X107.19 Y103.564 E304.09113
G1 X107.177 Y103.367 E304.09605
G1 X107.191 Y103.139 E304.10175
G1 X107.24 Y102.898 E304.10789
G1 X107.313 Y102.682 E304.11357
G1 X107.412 Y102.483 E304.11912
G1 X107.553 Y102.274 E304.12541
G1 X107.699 Y102.108 E304.13092
G1 X107.87 Y101.959 E304.13658
G1 X108.073 Y101.823 E304.14268
G1 X108.288 Y101.718 E304.14864
G1 X108.496 Y101.647 E304.15413
G1 X108.712 Y101.605 E304.15962
G1 X108.738 Y101.599 E304.16028
G1 X108.764 Y101.598 E304.16093
G1 X108.943 Y101.587 E304.1654
G1 X108.968 Y101.585 E304.16603
G1 X109.2 Y101.599 E304.17183
G1 X109.437 Y101.646 E304.17785
G1 X109.655 Y101.72 E304.1836
G1 X109.87 Y101.826 E304.18958
G1 X110.057 Y101.951 E304.19519
G1 X110.235 Y102.105 E304.20106
G1 X110.394 Y102.286 E304.20707
G1 X110.519 Y102.473 E304.21268
G1 X110.628 Y102.692 E304.21878
G1 X110.698 Y102.897 E304.22419
G1 X110.741 Y103.113 E304.22968
G1 X110.747 Y103.139 E304.23035
G1 X110.748 Y103.167 E304.23104
G1 X110.761 Y103.367 E304.23604
G1 X110.747 Y103.595 E304.24174
G1 X110.699 Y103.833 E304.2478
G1 X110.625 Y104.05 E304.25352
G1 X110.523 Y104.254 E304.25921
G1 X110.388 Y104.456 E304.26527
G1 X110.238 Y104.626 E304.27092
G1 X110.068 Y104.774 E304.27655
G1 X109.861 Y104.912 E304.28275
G1 X109.657 Y105.013 E304.28843
G1 X109.436 Y105.088 E304.29425
G1 X109.202 Y105.134 E304.3002
G1 X109.003 Y105.146 E304.30517
G0 F1350 X108.992 Y105.146
G0 X108.968 Y105.148
G0 X108.736 Y105.134
G0 X108.497 Y105.087
G0 X108.285 Y105.015
G0 X108.073 Y104.91
G0 X107.878 Y104.781
G0 X107.699 Y104.625
G0 X107.55 Y104.455
G0 F9000 X107.212 Y104.715
;TYPE:WALL-OUTER
G1 F480 E304.34671
G1 F900 X107.047 Y104.469 E304.35317
G1 X106.917 Y104.208 E304.35954
G1 X106.828 Y103.945 E304.3656
G1 X106.769 Y103.653 E304.3721
G1 X106.751 Y103.367 E304.37835
G1 X106.769 Y103.08 E304.38463
G1 X106.828 Y102.788 E304.39113
G1 X106.917 Y102.525 E304.39719
G1 X107.047 Y102.264 E304.40356
G1 X107.212 Y102.019 E304.41001
G1 X107.399 Y101.806 E304.41619
G1 X107.617 Y101.616 E304.4225
G1 X107.86 Y101.454 E304.42888
G1 X108.121 Y101.326 E304.43522
G1 X108.389 Y101.235 E304.4414
G1 X108.68 Y101.177 E304.44788
G1 X108.969 Y101.159 E304.4542
G1 X109.257 Y101.177 E304.4605
G1 X109.548 Y101.235 E304.46697
G1 X109.817 Y101.326 E304.47317
G1 X110.078 Y101.454 E304.47952
G1 X110.32 Y101.616 E304.48587
G1 X110.534 Y101.802 E304.49206
G1 X110.729 Y102.023 E304.49849
G1 X110.89 Y102.264 E304.50482
G1 X111.02 Y102.526 E304.5112
G1 X111.11 Y102.788 E304.51725
G1 X111.169 Y103.08 E304.52375
G1 X111.187 Y103.367 E304.53003
G1 X111.169 Y103.653 E304.53629
G1 X111.111 Y103.943 E304.54274
G1 X111.019 Y104.21 E304.5489
G1 X110.89 Y104.469 E304.55522
G1 X110.726 Y104.714 E304.56166
G1 X110.538 Y104.928 E304.56787
G1 X110.321 Y105.117 E304.57415
G1 X110.078 Y105.279 E304.58053
G1 X109.817 Y105.408 E304.58688
G1 X109.548 Y105.499 E304.59308
G1 X109.257 Y105.556 E304.59955
G1 X108.969 Y105.574 E304.60585
G1 X108.85 Y105.566 E304.60846
G0 F810 X108.68 Y105.556
G0 X108.389 Y105.499
G0 X108.121 Y105.408
G0 X107.86 Y105.279
G0 X107.622 Y105.121
G0 X107.396 Y104.924
G0 X107.212 Y104.715
G0 F9000 X107.101 Y104.549
G0 X107.421 Y104.336
G0 X108.092 Y103.845
;TYPE:SKIN
G1 F480 E304.64997
G1 F2400 X108.046 Y103.752 E304.65256
G1 X108.004 Y103.629 E304.6558
G1 X107.976 Y103.494 E304.65924
G1 X107.97 Y103.366 E304.66244
G1 X107.976 Y103.238 E304.66563
G1 X108.004 Y103.104 E304.66905
G1 X108.045 Y102.983 E304.67223
G1 X108.099 Y102.876 E304.67522
G1 X108.179 Y102.758 E304.67878
G1 X108.254 Y102.673 E304.68161
G1 X108.358 Y102.582 E304.68506
G1 X108.46 Y102.514 E304.68811
G1 X108.595 Y102.448 E304.69186
G1 X108.706 Y102.41 E304.69479
G1 X108.832 Y102.384 E304.698
G1 X108.968 Y102.377 E304.70139
G1 X109.106 Y102.384 E304.70484
G1 X109.227 Y102.409 E304.70792
G1 X109.353 Y102.452 E304.71124
G1 X109.475 Y102.512 E304.71464
G1 X109.577 Y102.58 E304.71769
G1 X109.677 Y102.666 E304.72098
G1 X109.765 Y102.766 E304.72431
G1 X109.836 Y102.873 E304.72751
G1 X109.894 Y102.992 E304.73081
G1 X109.935 Y103.11 E304.73393
G1 X109.962 Y103.239 E304.73722
G1 X109.968 Y103.367 E304.74041
G1 X109.962 Y103.498 E304.74368
G1 X109.937 Y103.621 E304.74682
G1 X109.893 Y103.748 E304.75017
G1 X109.842 Y103.851 E304.75304
G1 X109.76 Y103.974 E304.75672
G1 X109.681 Y104.062 E304.75967
G1 X109.583 Y104.148 E304.76293
G1 X109.539 Y104.178 E304.76425
G0 F2160 X109.46 Y104.23
G0 X109.365 Y104.277
G0 X109.222 Y104.325
G0 X109.111 Y104.348
G0 X108.967 Y104.356
G0 X108.83 Y104.349
G0 X108.712 Y104.324
G0 X108.58 Y104.28
G0 X108.475 Y104.228
G0 X108.356 Y104.15
G0 X108.263 Y104.068
G0 X108.175 Y103.967
G0 X108.092 Y103.845
G0 F9000 X108.151 Y103.414
G1 F480 E304.80579
G1 F2400 X109.006 Y102.559 E304.83595
G0 F9000 X109.432 Y102.699
G1 F2400 X108.3 Y103.831 E304.87588
G0 F9000 X108.605 Y104.092
G1 F2400 X109.696 Y103.001 E304.91437
G0 F9000 X109.781 Y103.482
G1 F2400 X109.095 Y104.167 E304.93855
G1 F1500 E303.43855
G1 F900 Z3.86
G0 F9000 X109.095 Y104.167 Z3.86
G0 X81.872 Y108.128
;TIME_ELAPSED:661.024033
;LAYER:18
G0 X81.872 Y108.128 Z4.01
;TYPE:WALL-OUTER
G1 F900 Z3.01
G1 F480 E305.00092
G1 F900 X96.127 Y108.128 E305.31206
G1 X96.127 Y88.872 E305.73236
G1 X81.872 Y88.872 E306.0435
G1 X81.872 Y106.226 E306.42229
G0 F810 X81.872 Y108.128
G0 F9000 X82.072 Y108.128
G0 X82.072 Y108.513
G0 X81.125 Y108.875
G1 F480 E306.4638
G1 F900 X81.125 Y88.125 E306.91671
G1 X96.875 Y88.125 E307.26049
G1 X96.875 Y108.875 E307.7134
G1 X83.027 Y108.875 E308.01566
G0 F810 X81.125 Y108.875
G0 F9000 X81.125 Y108.675
G0 X81.51 Y108.49
G0 X81.525 Y108.475
G1 F1500 E306.51566
G1 F900 Z4.01
G0 F9000 X81.525 Y108.475 Z4.01
G0 X88.119 Y101.175
;TYPE:WALL-INNER
G1 F900 Z3.01
G1 F480 E308.11954
G1 F1500 X87.967 Y101.016 E308.12502
G1 X87.816 Y100.808 E308.13143
G1 X87.693 Y100.588 E308.13772
G1 X87.588 Y100.333 E308.1446
G1 X87.514 Y100.07 E308.15142
G1 X87.466 Y99.784 E308.15865
G1 X87.45 Y99.5 E308.16575
G1 X87.466 Y99.215 E308.17287
G1 X87.514 Y98.93 E308.18008
G1 X87.587 Y98.671 E308.18679
G1 X87.695 Y98.407 E308.1939
G1 X87.816 Y98.192 E308.20006
G1 X87.967 Y97.984 E308.20647
G1 X88.119 Y97.825 E308.21196
G1 X88.297 Y97.682 E308.21765
G1 X88.469 Y97.58 E308.22264
G1 X88.637 Y97.511 E308.22717
G1 X88.82 Y97.468 E308.23186
G1 X89 Y97.454 E308.23636
G1 X89.18 Y97.468 E308.24087
G1 X89.363 Y97.511 E308.24556
G1 X89.531 Y97.58 E308.25009
G1 X89.703 Y97.682 E308.25508
G1 X89.881 Y97.825 E308.26077
G1 X90.033 Y97.984 E308.26626
G1 X90.184 Y98.192 E308.27267
G1 X90.305 Y98.407 E308.27882
G1 X90.413 Y98.671 E308.28594
G1 X90.486 Y98.93 E308.29265
G1 X90.534 Y99.215 E308.29986
G1 X90.55 Y99.5 E308.30698
G1 X90.534 Y99.784 E308.31408
G1 X90.486 Y100.07 E308.32131
G1 X90.412 Y100.333 E308.32813
G1 X90.307 Y100.588 E308.33501
G1 X90.184 Y100.808 E308.34129
G1 X90.033 Y101.016 E308.34771
G1 X89.881 Y101.175 E308.35319
G1 X89.703 Y101.318 E308.35889
G1 X89.653 Y101.348 E308.36034
G0 F1350 X89.531 Y101.42
G0 X89.363 Y101.489
G0 X89.18 Y101.532
G0 X89 Y101.546
G0 X88.82 Y101.532
G0 X88.637 Y101.489
G0 X88.469 Y101.42
G0 X88.297 Y101.318
G0 X88.119 Y101.175
G0 F9000 X87.849 Y101.471
G1 F480 E308.40188
G1 F1500 X87.656 Y101.269 E308.40885
G1 X87.478 Y101.024 E308.4164
G1 X87.334 Y100.767 E308.42375
G1 X87.208 Y100.459 E308.43205
G1 X87.122 Y100.156 E308.43991
G1 X87.069 Y99.834 E308.44805
G1 X87.068 Y99.807 E308.44872
G1 X87.052 Y99.523 E308.45582
G1 X87.05 Y99.5 E308.45639
G1 X87.069 Y99.163 E308.46481
G1 X87.122 Y98.845 E308.47285
G1 X87.208 Y98.541 E308.48073
G1 X87.335 Y98.231 E308.48909
G1 X87.478 Y97.976 E308.49638
G1 X87.656 Y97.731 E308.50394
G1 X87.849 Y97.529 E308.51091
G1 X88.072 Y97.35 E308.51804
G1 X88.285 Y97.223 E308.52423
G1 X88.486 Y97.142 E308.52963
G1 X88.516 Y97.129 E308.53045
G1 X88.544 Y97.123 E308.53116
G1 X88.761 Y97.071 E308.53673
G1 X89 Y97.053 E308.54271
G1 X89.239 Y97.071 E308.54869
G1 X89.484 Y97.129 E308.55497
G1 X89.715 Y97.223 E308.56119
G1 X89.928 Y97.35 E308.56737
G1 X90.151 Y97.529 E308.57451
G1 X90.344 Y97.731 E308.58148
G1 X90.522 Y97.976 E308.58903
G1 X90.665 Y98.231 E308.59632
G1 X90.792 Y98.541 E308.60468
G1 X90.878 Y98.845 E308.61256
G1 X90.931 Y99.163 E308.6206
G1 X90.932 Y99.192 E308.62133
G1 X90.948 Y99.477 E308.62845
G1 X90.95 Y99.5 E308.62902
G1 X90.931 Y99.834 E308.63737
G1 X90.878 Y100.156 E308.64551
G1 X90.792 Y100.459 E308.65337
G1 X90.666 Y100.767 E308.66167
G1 X90.522 Y101.024 E308.66902
G1 X90.344 Y101.269 E308.67657
G1 X90.151 Y101.471 E308.68354
G1 X89.928 Y101.65 E308.69067
G1 X89.715 Y101.777 E308.69686
G1 X89.514 Y101.858 E308.70226
G1 X89.484 Y101.871 E308.70308
G1 X89.456 Y101.877 E308.70379
G1 X89.389 Y101.893 E308.70551
G0 F1350 X89.239 Y101.929
G0 X89 Y101.947
G0 X88.761 Y101.929
G0 X88.516 Y101.871
G0 X88.285 Y101.777
G0 X88.072 Y101.65
G0 X87.849 Y101.471
G0 F9000 X87.563 Y101.787
;TYPE:WALL-OUTER
G1 F480 E308.74705
G1 F900 X87.328 Y101.541 E308.75447
G1 X87.121 Y101.256 E308.76216
G1 X86.95 Y100.95 E308.76981
G1 X86.806 Y100.6 E308.77807
G1 X86.707 Y100.249 E308.78603
G1 X86.646 Y99.882 E308.79415
G1 X86.625 Y99.5 E308.8025
G1 X86.646 Y99.115 E308.81092
G1 X86.707 Y98.751 E308.81898
G1 X86.806 Y98.4 E308.82694
G1 X86.951 Y98.048 E308.83524
G1 X87.121 Y97.744 E308.84285
G1 X87.328 Y97.459 E308.85054
G1 X87.563 Y97.213 E308.85796
G1 X87.825 Y97.003 E308.86529
G1 X88.096 Y96.842 E308.87217
G1 X88.39 Y96.722 E308.8791
G1 X88.694 Y96.65 E308.88592
G1 X89 Y96.626 E308.89262
G1 X89.306 Y96.65 E308.89932
G1 X89.61 Y96.722 E308.90614
G1 X89.904 Y96.842 E308.91307
G1 X90.175 Y97.003 E308.91995
G1 X90.437 Y97.213 E308.92728
G1 X90.672 Y97.459 E308.9347
G1 X90.879 Y97.744 E308.94239
G1 X91.049 Y98.048 E308.95
G1 X91.194 Y98.4 E308.9583
G1 X91.293 Y98.751 E308.96626
G1 X91.354 Y99.115 E308.97432
G1 X91.375 Y99.5 E308.98274
G1 X91.354 Y99.882 E308.99109
G1 X91.293 Y100.249 E308.99921
G1 X91.194 Y100.6 E309.00717
G1 X91.05 Y100.95 E309.01543
G1 X90.879 Y101.256 E309.02308
G1 X90.672 Y101.541 E309.03077
G1 X90.437 Y101.787 E309.03819
G1 X90.175 Y101.997 E309.04552
G1 X89.904 Y102.158 E309.0524
G1 X89.61 Y102.278 E309.05933
G1 X89.316 Y102.348 E309.06593
G0 F810 X89.306 Y102.35
G0 X89 Y102.374
G0 X88.694 Y102.35
G0 X88.39 Y102.278
G0 X88.096 Y102.158
G0 X87.825 Y101.997
G0 X87.563 Y101.787
G0 F9000 X87.425 Y101.643
G0 X87.704 Y101.378
G0 X88.266 Y100.766
;TYPE:SKIN
G1 F480 E309.10745
G1 F2400 X88.148 Y100.603 E309.11246
G1 X88.046 Y100.419 E309.11771
G1 X87.958 Y100.206 E309.12346
G1 X87.891 Y99.969 E309.12961
G1 X87.856 Y99.753 E309.13506
G1 X87.842 Y99.5 E309.14138
G1 X87.856 Y99.248 E309.14768
G1 X87.895 Y99.017 E309.15352
G1 X87.956 Y98.799 E309.15917
G1 X88.047 Y98.576 E309.16518
G1 X88.144 Y98.403 E309.17013
G1 X88.266 Y98.234 E309.17533
G1 X88.382 Y98.113 E309.17951
G1 X88.516 Y98.006 E309.18379
G1 X88.643 Y97.931 E309.18746
G1 X88.757 Y97.884 E309.19054
G1 X88.888 Y97.853 E309.1939
G1 X89 Y97.844 E309.1967
G1 X89.112 Y97.853 E309.1995
G1 X89.243 Y97.884 E309.20286
G1 X89.357 Y97.931 E309.20594
G1 X89.484 Y98.006 E309.20962
G1 X89.618 Y98.113 E309.21389
G1 X89.734 Y98.234 E309.21808
G1 X89.856 Y98.403 E309.22328
G1 X89.953 Y98.576 E309.22822
G1 X90.044 Y98.799 E309.23423
G1 X90.105 Y99.017 E309.23988
G1 X90.144 Y99.248 E309.24572
G1 X90.158 Y99.5 E309.25202
G1 X90.144 Y99.753 E309.25834
G1 X90.109 Y99.969 E309.2638
G1 X90.042 Y100.206 E309.26994
G1 X89.954 Y100.419 E309.27569
G1 X89.852 Y100.603 E309.28094
G1 X89.734 Y100.766 E309.28596
G1 X89.704 Y100.798 E309.28705
G0 F2160 X89.618 Y100.887
G0 X89.484 Y100.994
G0 X89.357 Y101.069
G0 X89.243 Y101.116
G0 X89.112 Y101.147
G0 X89 Y101.156
G0 X88.888 Y101.147
G0 X88.757 Y101.116
G0 X88.643 Y101.069
G0 X88.516 Y100.994
G0 X88.382 Y100.887
G0 X88.266 Y100.766
G0 F9000 X89.086 Y100.966
G1 F480 E309.32859
G1 F2400 X88.071 Y99.95 E309.36441
G0 F9000 X88.031 Y99.344
G1 F2400 X89.465 Y100.778 E309.415
G0 F9000 X89.72 Y100.468
G1 F2400 X88.122 Y98.87 E309.47137
G0 F9000 X88.304 Y98.486
G1 F2400 X89.893 Y100.075 E309.52743
G0 F9000 X89.972 Y99.588
G1 F2400 X88.572 Y98.189 E309.5768
G0 F9000 X88.974 Y98.025
G1 F2400 X89.9 Y98.951 E309.60947
G1 F1500 E308.10947
G1 F900 Z4.01
G0 F9000 X89.9 Y98.951 Z4.01
G0 X101.81 Y107.694
;TYPE:WALL-OUTER
G1 F900 Z3.01
G1 F480 E309.67183
G1 F900 X115.189 Y107.694 E309.96385
G1 X115.189 Y95.306 E310.23424
G1 X101.81 Y95.306 E310.52627
G1 X101.81 Y105.792 E310.75514
G0 F810 X101.81 Y107.694
G0 F9000 X102.01 Y107.694
G0 X101.125 Y108.375
G1 F480 E310.79666
G1 F900 X101.125 Y94.625 E311.09678
G1 X115.875 Y94.625 E311.41873
G1 X115.875 Y108.375 E311.71885
G1 X103.027 Y108.375 E311.99928
G0 F810 X101.125 Y108.375
G0 F9000 X101.125 Y108.175
G0 X101.525 Y107.975
G1 F1500 E310.49928
G1 F900 Z4.01
G0 F9000 X101.525 Y107.975 Z4.01
G0 X107.866 Y104.208
;TYPE:WALL-INNER
G1 F900 Z3.01
G1 F480 E312.10316
G1 F1500 X107.758 Y104.048 E312.10797
G1 X107.684 Y103.899 E312.11212
G1 X107.627 Y103.731 E312.11655
G1 X107.588 Y103.539 E312.12144
G1 X107.578 Y103.367 E312.12574
G1 X107.588 Y103.193 E312.13008
G1 X107.627 Y103.002 E312.13495
G1 X107.684 Y102.834 E312.13937
G1 X107.756 Y102.689 E312.14341
G1 X107.875 Y102.514 E312.14869
G1 X107.977 Y102.397 E312.15256
G1 X108.118 Y102.274 E312.15723
G1 X108.274 Y102.17 E312.1619
G1 X108.437 Y102.09 E312.16643
G1 X108.605 Y102.033 E312.17086
G1 X108.789 Y101.996 E312.17554
G1 X108.968 Y101.985 E312.18001
G1 X109.149 Y101.996 E312.18454
G1 X109.328 Y102.032 E312.18909
G1 X109.502 Y102.091 E312.19368
G1 X109.67 Y102.174 E312.19835
G1 X109.817 Y102.272 E312.20276
G1 X109.95 Y102.387 E312.20714
G1 X110.077 Y102.531 E312.21193
G1 X110.174 Y102.677 E312.21631
G1 X110.256 Y102.843 E312.22092
G1 X110.312 Y103.005 E312.2252
G1 X110.35 Y103.192 E312.22996
G1 X110.36 Y103.367 E312.23433
G1 X110.35 Y103.542 E312.2387
G1 X110.313 Y103.725 E312.24336
G1 X110.255 Y103.896 E312.24787
G1 X110.178 Y104.05 E312.25216
G1 X110.07 Y104.211 E312.257
G1 X109.956 Y104.34 E312.26129
G1 X109.823 Y104.456 E312.26569
G1 X109.655 Y104.568 E312.27073
G1 X109.51 Y104.64 E312.27477
G1 X109.362 Y104.69 E312.27867
G0 F1350 X109.326 Y104.702
G0 X109.153 Y104.736
G0 X108.968 Y104.748
G0 X108.785 Y104.737
G0 X108.607 Y104.701
G0 X108.435 Y104.643
G0 X108.278 Y104.565
G0 X108.121 Y104.462
G0 X107.982 Y104.34
G0 X107.866 Y104.208
G0 F9000 X107.55 Y104.455
G1 F480 E312.3202
G1 F1500 X107.412 Y104.25 E312.32636
G1 X107.313 Y104.051 E312.33191
G1 X107.24 Y103.835 E312.3376
G1 X107.191 Y103.594 E312.34373
G1 X107.19 Y103.564 E312.34448
G1 X107.177 Y103.367 E312.3494
G1 X107.191 Y103.139 E312.3551
G1 X107.24 Y102.898 E312.36124
G1 X107.313 Y102.682 E312.36693
G1 X107.412 Y102.483 E312.37247
G1 X107.553 Y102.274 E312.37876
G1 X107.699 Y102.108 E312.38427
G1 X107.87 Y101.959 E312.38993
G1 X108.073 Y101.823 E312.39603
G1 X108.288 Y101.718 E312.40199
G1 X108.496 Y101.647 E312.40748
G1 X108.712 Y101.605 E312.41297
G1 X108.738 Y101.599 E312.41363
G1 X108.764 Y101.598 E312.41428
G1 X108.943 Y101.587 E312.41875
G1 X108.968 Y101.585 E312.41938
G1 X109.2 Y101.599 E312.42518
G1 X109.437 Y101.646 E312.43121
G1 X109.655 Y101.72 E312.43695
G1 X109.87 Y101.826 E312.44293
G1 X110.057 Y101.951 E312.44854
G1 X110.235 Y102.105 E312.45441
G1 X110.394 Y102.286 E312.46042
G1 X110.519 Y102.473 E312.46603
G1 X110.628 Y102.692 E312.47213
G1 X110.698 Y102.897 E312.47754
G1 X110.741 Y103.113 E312.48303
G1 X110.747 Y103.139 E312.4837
G1 X110.748 Y103.167 E312.48439
G1 X110.761 Y103.367 E312.48939
G1 X110.747 Y103.595 E312.49509
G1 X110.699 Y103.833 E312.50115
G1 X110.625 Y104.05 E312.50687
G1 X110.523 Y104.254 E312.51256
G1 X110.388 Y104.456 E312.51862
G1 X110.238 Y104.626 E312.52427
G1 X110.068 Y104.774 E312.5299
G1 X109.861 Y104.912 E312.5361
G1 X109.657 Y105.013 E312.54178
G1 X109.436 Y105.088 E312.5476
G1 X109.202 Y105.134 E312.55355
G1 X109.003 Y105.146 E312.55852
G0 F1350 X108.992 Y105.146
G0 X108.968 Y105.148
G0 X108.736 Y105.134
G0 X108.497 Y105.087
G0 X108.285 Y105.015
G0 X108.073 Y104.91
G0 X107.878 Y104.781
G0 X107.699 Y104.625
G0 X107.55 Y104.455
G0 F9000 X107.212 Y104.715
;TYPE:WALL-OUTER
G1 F480 E312.60006
G1 F900 X107.047 Y104.469 E312.60652
G1 X106.917 Y104.208 E312.61289
G1 X106.828 Y103.945 E312.61895
G1 X106.769 Y103.653 E312.62545
G1 X106.751 Y103.367 E312.63171
G1 X106.769 Y103.08 E312.63798
G1 X106.828 Y102.788 E312.64448
G1 X106.917 Y102.525 E312.65054
G1 X107.047 Y102.264 E312.65691
G1 X107.212 Y102.019 E312.66336
G1 X107.399 Y101.806 E312.66954
G1 X107.617 Y101.616 E312.67585
G1 X107.86 Y101.454 E312.68223
G1 X108.121 Y101.326 E312.68857
G1 X108.389 Y101.235 E312.69475
G1 X108.68 Y101.177 E312.70123
G1 X108.969 Y101.159 E312.70755
G1 X109.257 Y101.177 E312.71385
G1 X109.548 Y101.235 E312.72032
G1 X109.817 Y101.326 E312.72652
G1 X110.078 Y101.454 E312.73287
G1 X110.32 Y101.616 E312.73922
G1 X110.534 Y101.802 E312.74541
G1 X110.729 Y102.023 E312.75185
G1 X110.89 Y102.264 E312.75817
G1 X111.02 Y102.526 E312.76456
G1 X111.11 Y102.788 E312.7706
G1 X111.169 Y103.08 E312.7771
G1 X111.187 Y103.367 E312.78338
G1 X111.169 Y103.653 E312.78964
G1 X111.111 Y103.943 E312.79609
G1 X111.019 Y104.21 E312.80225
G1 X110.89 Y104.469 E312.80857
G1 X110.726 Y104.714 E312.81501
G1 X110.538 Y104.928 E312.82122
G1 X110.321 Y105.117 E312.8275
G1 X110.078 Y105.279 E312.83388
G1 X109.817 Y105.408 E312.84023
G1 X109.548 Y105.499 E312.84643
G1 X109.257 Y105.556 E312.8529
G1 X108.969 Y105.574 E312.8592
G1 X108.85 Y105.566 E312.86181
G0 F810 X108.68 Y105.556
G0 X108.389 Y105.499
G0 X108.121 Y105.408
G0 X107.86 Y105.279
G0 X107.622 Y105.121
G0 X107.396 Y104.924
G0 X107.212 Y104.715
G0 F9000 X107.101 Y104.549
G0 X107.421 Y104.336
G0 X108.092 Y103.845
;TYPE:SKIN
G1 F480 E312.90332
G1 F2400 X108.046 Y103.752 E312.90591
G1 X108.004 Y103.629 E312.90915
G1 X107.976 Y103.494 E312.91259
G1 X107.97 Y103.366 E312.91579
G1 X107.976 Y103.238 E312.91898
G1 X108.004 Y103.104 E312.9224
G1 X108.045 Y102.983 E312.92558
G1 X108.099 Y102.876 E312.92857
G1 X108.179 Y102.758 E312.93213
G1 X108.254 Y102.673 E312.93496
G1 X108.358 Y102.582 E312.93841
G1 X108.46 Y102.514 E312.94146
G1 X108.595 Y102.448 E312.94521
G1 X108.706 Y102.41 E312.94814
G1 X108.832 Y102.384 E312.95135
G1 X108.968 Y102.377 E312.95475
G1 X109.106 Y102.384 E312.95819
G1 X109.227 Y102.409 E312.96127
G1 X109.353 Y102.452 E312.9646
G1 X109.475 Y102.512 E312.96799
G1 X109.577 Y102.58 E312.97104
G1 X109.677 Y102.666 E312.97433
G1 X109.765 Y102.766 E312.97766
G1 X109.836 Y102.873 E312.98086
G1 X109.894 Y102.992 E312.98416
G1 X109.935 Y103.11 E312.98728
G1 X109.962 Y103.239 E312.99057
G1 X109.968 Y103.367 E312.99376
G1 X109.962 Y103.498 E312.99703
G1 X109.937 Y103.621 E313.00017
G1 X109.893 Y103.748 E313.00352
G1 X109.842 Y103.851 E313.00639
G1 X109.76 Y103.974 E313.01007
G1 X109.681 Y104.062 E313.01302
G1 X109.583 Y104.148 E313.01628
G1 X109.539 Y104.178 E313.0176
G0 F2160 X109.46 Y104.23
G0 X109.365 Y104.277
G0 X109.222 Y104.325
G0 X109.111 Y104.348
G0 X108.967 Y104.356
G0 X108.83 Y104.349
G0 X108.712 Y104.324
G0 X108.58 Y104.28
G0 X108.475 Y104.228
G0 X108.356 Y104.15
G0 X108.263 Y104.068
G0 X108.175 Y103.967
G0 X108.092 Y103.845
G0 F9000 X108.629 Y104.103
G1 F480 E313.05914
G1 F2400 X108.217 Y103.691 E313.07367
G0 F9000 X108.193 Y103.102
G1 F2400 X109.223 Y104.132 E313.11001
G0 F9000 X109.571 Y103.914
G1 F2400 X108.422 Y102.765 E313.15054
G0 F9000 X108.797 Y102.575
G1 F2400 X109.767 Y103.545 E313.18476
G1 F1500 E311.68476
G1 F900 Z4.01
G0 F9000 X109.767 Y103.545 Z4.01
G0 X81.872 Y108.128
;TIME_ELAPSED:687.894012
;LAYER:19
G0 X81.872 Y108.128 Z4.16
;TYPE:WALL-OUTER
G1 F900 Z3.16
G1 F480 E313.24712
G1 F900 X96.127 Y108.128 E313.55827
G1 X96.127 Y88.872 E313.97857
G1 X81.872 Y88.872 E314.28971
G1 X81.872 Y106.226 E314.6685
G0 F810 X81.872 Y108.128
G0 F9000 X82.072 Y108.128
G0 X82.072 Y108.513
G0 X81.125 Y108.875
G1 F480 E314.71001
G1 F900 X81.125 Y88.125 E315.16292
G1 X96.875 Y88.125 E315.5067
G1 X96.875 Y108.875 E315.9596
G1 X83.027 Y108.875 E316.26186
G0 F810 X81.125 Y108.875
G0 F9000 X81.125 Y108.675
G0 X81.51 Y108.49
G0 X81.525 Y108.475
G1 F1500 E314.76186
G1 F900 Z4.16
G0 F9000 X81.525 Y108.475 Z4.16
G0 X88.119 Y101.175
;TYPE:WALL-INNER
G1 F900 Z3.16
G1 F480 E316.36574
G1 F1500 X87.967 Y101.016 E316.37123
G1 X87.816 Y100.808 E316.37764
G1 X87.693 Y100.588 E316.38393
G1 X87.588 Y100.333 E316.39081
G1 X87.514 Y100.07 E316.39762
G1 X87.466 Y99.784 E316.40486
G1 X87.45 Y99.5 E316.41195
G1 X87.466 Y99.215 E316.41907
G1 X87.514 Y98.93 E316.42628
G1 X87.587 Y98.671 E316.43299
G1 X87.695 Y98.407 E316.44011
G1 X87.816 Y98.192 E316.44626
G1 X87.967 Y97.984 E316.45268
G1 X88.119 Y97.825 E316.45816
G1 X88.297 Y97.682 E316.46386
G1 X88.469 Y97.58 E316.46885
G1 X88.637 Y97.511 E316.47338
G1 X88.82 Y97.468 E316.47807
G1 X89 Y97.454 E316.48257
G1 X89.18 Y97.468 E316.48707
G1 X89.363 Y97.511 E316.49176
G1 X89.531 Y97.58 E316.49629
G1 X89.703 Y97.682 E316.50128
G1 X89.881 Y97.825 E316.50698
G1 X90.033 Y97.984 E316.51246
G1 X90.184 Y98.192 E316.51888
G1 X90.305 Y98.407 E316.52503
G1 X90.413 Y98.671 E316.53215
G1 X90.486 Y98.93 E316.53886
G1 X90.534 Y99.215 E316.54607
G1 X90.55 Y99.5 E316.55319
G1 X90.534 Y99.784 E316.56028
G1 X90.486 Y100.07 E316.56752
G1 X90.412 Y100.333 E316.57433
G1 X90.307 Y100.588 E316.58121
G1 X90.184 Y100.808 E316.5875
G1 X90.033 Y101.016 E316.59391
G1 X89.881 Y101.175 E316.5994
G1 X89.703 Y101.318 E316.60509
G1 X89.653 Y101.348 E316.60655
G0 F1350 X89.531 Y101.42
G0 X89.363 Y101.489
G0 X89.18 Y101.532
G0 X89 Y101.546
G0 X88.82 Y101.532
G0 X88.637 Y101.489
G0 X88.469 Y101.42
G0 X88.297 Y101.318
G0 X88.119 Y101.175
G0 F9000 X87.849 Y101.471
G1 F480 E316.64808
G1 F1500 X87.656 Y101.269 E316.65505
G1 X87.478 Y101.024 E316.66261
G1 X87.334 Y100.767 E316.66995
G1 X87.208 Y100.459 E316.67826
G1 X87.122 Y100.156 E316.68611
G1 X87.069 Y99.834 E316.69425
G1 X87.068 Y99.807 E316.69493
G1 X87.052 Y99.523 E316.70202
G1 X87.05 Y99.5 E316.7026
G1 X87.069 Y99.163 E316.71102
G1 X87.122 Y98.845 E316.71906
G1 X87.208 Y98.541 E316.72694
G1 X87.335 Y98.231 E316.7353
G1 X87.478 Y97.976 E316.74259
G1 X87.656 Y97.731 E316.75015
G1 X87.849 Y97.529 E316.75711
G1 X88.072 Y97.35 E316.76425
G1 X88.285 Y97.223 E316.77043
G1 X88.486 Y97.142 E316.77584
G1 X88.516 Y97.129 E316.77666
G1 X88.544 Y97.123 E316.77737
G1 X88.761 Y97.071 E316.78294
G1 X89 Y97.053 E316.78891
G1 X89.239 Y97.071 E316.79489
G1 X89.484 Y97.129 E316.80117
G1 X89.715 Y97.223 E316.80739
G1 X89.928 Y97.35 E316.81358
G1 X90.151 Y97.529 E316.82071
G1 X90.344 Y97.731 E316.82768
G1 X90.522 Y97.976 E316.83524
G1 X90.665 Y98.231 E316.84253
G1 X90.792 Y98.541 E316.85089
G1 X90.878 Y98.845 E316.85877
G1 X90.931 Y99.163 E316.86681
G1 X90.932 Y99.192 E316.86753
G1 X90.948 Y99.477 E316.87465
G1 X90.95 Y99.5 E316.87523
G1 X90.931 Y99.834 E316.88358
G1 X90.878 Y100.156 E316.89172
G1 X90.792 Y100.459 E316.89957
G1 X90.666 Y100.767 E316.90787
G1 X90.522 Y101.024 E316.91522
G1 X90.344 Y101.269 E316.92278
G1 X90.151 Y101.471 E316.92975
G1 X89.928 Y101.65 E316.93688
G1 X89.715 Y101.777 E316.94307
G1 X89.514 Y101.858 E316.94847
G1 X89.484 Y101.871 E316.94929
G1 X89.456 Y101.877 E316.95
G1 X89.389 Y101.893 E316.95172
G0 F1350 X89.239 Y101.929
G0 X89 Y101.947
G0 X88.761 Y101.929
G0 X88.516 Y101.871
G0 X88.285 Y101.777
G0 X88.072 Y101.65
G0 X87.849 Y101.471
G0 F9000 X87.563 Y101.787
;TYPE:WALL-OUTER
G1 F480 E316.99325
G1 F900 X87.328 Y101.541 E317.00068
G1 X87.121 Y101.256 E317.00837
G1 X86.95 Y100.95 E317.01602
G1 X86.806 Y100.6 E317.02428
G1 X86.707 Y100.249 E317.03224
G1 X86.646 Y99.882 E317.04036
G1 X86.625 Y99.5 E317.04871
G1 X86.646 Y99.115 E317.05713
G1 X86.707 Y98.751 E317.06518
G1 X86.806 Y98.4 E317.07314
G1 X86.951 Y98.048 E317.08145
G1 X87.121 Y97.744 E317.08905
G1 X87.328 Y97.459 E317.09674
G1 X87.563 Y97.213 E317.10417
G1 X87.825 Y97.003 E317.1115
G1 X88.096 Y96.842 E317.11838
G1 X88.39 Y96.722 E317.12531
G1 X88.694 Y96.65 E317.13213
G1 X89 Y96.626 E317.13883
G1 X89.306 Y96.65 E317.14553
G1 X89.61 Y96.722 E317.15234
G1 X89.904 Y96.842 E317.15928
G1 X90.175 Y97.003 E317.16616
G1 X90.437 Y97.213 E317.17349
G1 X90.672 Y97.459 E317.18091
G1 X90.879 Y97.744 E317.1886
G1 X91.049 Y98.048 E317.1962
G1 X91.194 Y98.4 E317.20451
G1 X91.293 Y98.751 E317.21247
G1 X91.354 Y99.115 E317.22053
G1 X91.375 Y99.5 E317.22894
G1 X91.354 Y99.882 E317.23729
G1 X91.293 Y100.249 E317.24541
G1 X91.194 Y100.6 E317.25337
G1 X91.05 Y100.95 E317.26163
G1 X90.879 Y101.256 E317.26929
G1 X90.672 Y101.541 E317.27697
G1 X90.437 Y101.787 E317.2844
G1 X90.175 Y101.997 E317.29173
G1 X89.904 Y102.158 E317.29861
G1 X89.61 Y102.278 E317.30554
G1 X89.316 Y102.348 E317.31214
G0 F810 X89.306 Y102.35
G0 X89 Y102.374
G0 X88.694 Y102.35
G0 X88.39 Y102.278
G0 X88.096 Y102.158
G0 X87.825 Y101.997
G0 X87.563 Y101.787
G0 F9000 X87.425 Y101.643
G0 X87.704 Y101.378
G0 X88.266 Y100.766
;TYPE:SKIN
G1 F480 E317.35365
G1 F2400 X88.148 Y100.603 E317.35867
G1 X88.046 Y100.419 E317.36392
G1 X87.958 Y100.206 E317.36967
G1 X87.891 Y99.969 E317.37581
G1 X87.856 Y99.753 E317.38127
G1 X87.842 Y99.5 E317.38759
G1 X87.856 Y99.248 E317.39389
G1 X87.895 Y99.017 E317.39973
G1 X87.956 Y98.799 E317.40538
G1 X88.047 Y98.576 E317.41139
G1 X88.144 Y98.403 E317.41633
G1 X88.266 Y98.234 E317.42153
G1 X88.382 Y98.113 E317.42571
G1 X88.516 Y98.006 E317.42999
G1 X88.643 Y97.931 E317.43367
G1 X88.757 Y97.884 E317.43675
G1 X88.888 Y97.853 E317.4401
G1 X89 Y97.844 E317.44291
G1 X89.112 Y97.853 E317.44571
G1 X89.243 Y97.884 E317.44907
G1 X89.357 Y97.931 E317.45214
G1 X89.484 Y98.006 E317.45582
G1 X89.618 Y98.113 E317.4601
G1 X89.734 Y98.234 E317.46428
G1 X89.856 Y98.403 E317.46948
G1 X89.953 Y98.576 E317.47443
G1 X90.044 Y98.799 E317.48044
G1 X90.105 Y99.017 E317.48608
G1 X90.144 Y99.248 E317.49193
G1 X90.158 Y99.5 E317.49822
G1 X90.144 Y99.753 E317.50455
G1 X90.109 Y99.969 E317.51
G1 X90.042 Y100.206 E317.51615
G1 X89.954 Y100.419 E317.5219
G1 X89.852 Y100.603 E317.52714
G1 X89.734 Y100.766 E317.53216
G1 X89.704 Y100.798 E317.53326
G0 F2160 X89.618 Y100.887
G0 X89.484 Y100.994
G0 X89.357 Y101.069
G0 X89.243 Y101.116
G0 X89.112 Y101.147
G0 X89 Y101.156
G0 X88.888 Y101.147
G0 X88.757 Y101.116
G0 X88.643 Y101.069
G0 X88.516 Y100.994
G0 X88.382 Y100.887
G0 X88.266 Y100.766
G0 F9000 X89.108 Y100.962
G1 F480 E317.57479
G1 F2400 X89.835 Y100.235 E317.60044
G0 F9000 X89.975 Y99.529
G1 F2400 X88.643 Y100.861 E317.64743
G0 F9000 X88.356 Y100.582
G1 F2400 X89.918 Y99.02 E317.70253
G0 F9000 X89.765 Y98.608
G1 F2400 X88.157 Y100.216 E317.75926
G0 F9000 X88.041 Y99.766
G1 F2400 X89.528 Y98.278 E317.81173
G0 F9000 X89.187 Y98.054
G1 F2400 X88.047 Y99.194 E317.85195
G1 F1500 E316.35195
G1 F900 Z4.16
G0 F9000 X88.047 Y99.194 Z4.16
G0 X101.81 Y107.694
;TYPE:WALL-OUTER
G1 F900 Z3.16
G1 F480 E317.91431
G1 F900 X115.189 Y107.694 E318.20634
G1 X115.189 Y95.306 E318.47673
G1 X101.81 Y95.306 E318.76875
G1 X101.81 Y105.792 E318.99763
G0 F810 X101.81 Y107.694
G0 F9000 X102.01 Y107.694
G0 X101.125 Y108.375
G1 F480 E319.03914
G1 F900 X101.125 Y94.625 E319.33927
G1 X115.875 Y94.625 E319.66121
G1 X115.875 Y108.375 E319.96133
G1 X103.027 Y108.375 E320.24177
G0 F810 X101.125 Y108.375
G0 F9000 X101.125 Y108.175
G0 X101.525 Y107.975
G1 F1500 E318.74177
G1 F900 Z4.16
G0 F9000 X101.525 Y107.975 Z4.16
G0 X107.866 Y104.208
;TYPE:WALL-INNER
G1 F900 Z3.16
G1 F480 E320.34564
G1 F1500 X107.758 Y104.048 E320.35046
G1 X107.684 Y103.899 E320.35461
G1 X107.627 Y103.731 E320.35903
G1 X107.588 Y103.539 E320.36392
G1 X107.578 Y103.367 E320.36822
G1 X107.588 Y103.193 E320.37257
G1 X107.627 Y103.002 E320.37743
G1 X107.684 Y102.834 E320.38186
G1 X107.756 Y102.689 E320.38589
G1 X107.875 Y102.514 E320.39117
G1 X107.977 Y102.397 E320.39505
G1 X108.118 Y102.274 E320.39971
G1 X108.274 Y102.17 E320.40439
G1 X108.437 Y102.09 E320.40892
G1 X108.605 Y102.033 E320.41334
G1 X108.789 Y101.996 E320.41803
G1 X108.968 Y101.985 E320.4225
G1 X109.149 Y101.996 E320.42702
G1 X109.328 Y102.032 E320.43158
G1 X109.502 Y102.091 E320.43616
G1 X109.67 Y102.174 E320.44084
G1 X109.817 Y102.272 E320.44524
G1 X109.95 Y102.387 E320.44963
G1 X110.077 Y102.531 E320.45442
G1 X110.174 Y102.677 E320.45879
G1 X110.256 Y102.843 E320.46341
G1 X110.312 Y103.005 E320.46768
G1 X110.35 Y103.192 E320.47244
G1 X110.36 Y103.367 E320.47682
G1 X110.35 Y103.542 E320.48119
G1 X110.313 Y103.725 E320.48585
G1 X110.255 Y103.896 E320.49035
G1 X110.178 Y104.05 E320.49465
G1 X110.07 Y104.211 E320.49948
G1 X109.956 Y104.34 E320.50378
G1 X109.823 Y104.456 E320.50818
G1 X109.655 Y104.568 E320.51322
G1 X109.51 Y104.64 E320.51725
G1 X109.362 Y104.69 E320.52115
G0 F1350 X109.326 Y104.702
G0 X109.153 Y104.736
G0 X108.968 Y104.748
G0 X108.785 Y104.737
G0 X108.607 Y104.701
G0 X108.435 Y104.643
G0 X108.278 Y104.565
G0 X108.121 Y104.462
G0 X107.982 Y104.34
G0 X107.866 Y104.208
G0 F9000 X107.55 Y104.455
G1 F480 E320.56268
G1 F1500 X107.412 Y104.25 E320.56885
G1 X107.313 Y104.051 E320.57439
G1 X107.24 Y103.835 E320.58008
G1 X107.191 Y103.594 E320.58622
G1 X107.19 Y103.564 E320.58696
G1 X107.177 Y103.367 E320.59189
G1 X107.191 Y103.139 E320.59759
G1 X107.24 Y102.898 E320.60372
G1 X107.313 Y102.682 E320.60941
G1 X107.412 Y102.483 E320.61495
G1 X107.553 Y102.274 E320.62124
G1 X107.699 Y102.108 E320.62676
G1 X107.87 Y101.959 E320.63242
G1 X108.073 Y101.823 E320.63851
G1 X108.288 Y101.718 E320.64448
G1 X108.496 Y101.647 E320.64996
G1 X108.712 Y101.605 E320.65545
G1 X108.738 Y101.599 E320.65612
G1 X108.764 Y101.598 E320.65677
G1 X108.943 Y101.587 E320.66124
G1 X108.968 Y101.585 E320.66187
G1 X109.2 Y101.599 E320.66766
G1 X109.437 Y101.646 E320.67369
G1 X109.655 Y101.72 E320.67943
G1 X109.87 Y101.826 E320.68541
G1 X110.057 Y101.951 E320.69102
G1 X110.235 Y102.105 E320.69689
G1 X110.394 Y102.286 E320.7029
G1 X110.519 Y102.473 E320.70852
G1 X110.628 Y102.692 E320.71462
G1 X110.698 Y102.897 E320.72002
G1 X110.741 Y103.113 E320.72552
G1 X110.747 Y103.139 E320.72618
G1 X110.748 Y103.167 E320.72688
G1 X110.761 Y103.367 E320.73188
G1 X110.747 Y103.595 E320.73758
G1 X110.699 Y103.833 E320.74363
G1 X110.625 Y104.05 E320.74935
G1 X110.523 Y104.254 E320.75504
G1 X110.388 Y104.456 E320.7611
G1 X110.238 Y104.626 E320.76676
G1 X110.068 Y104.774 E320.77238
G1 X109.861 Y104.912 E320.77859
G1 X109.657 Y105.013 E320.78427
G1 X109.436 Y105.088 E320.79009
G1 X109.202 Y105.134 E320.79604
G1 X109.003 Y105.146 E320.80101
G0 F1350 X108.992 Y105.146
G0 X108.968 Y105.148
G0 X108.736 Y105.134
G0 X108.497 Y105.087
G0 X108.285 Y105.015
G0 X108.073 Y104.91
G0 X107.878 Y104.781
G0 X107.699 Y104.625
G0 X107.55 Y104.455
G0 F9000 X107.212 Y104.715
;TYPE:WALL-OUTER
G1 F480 E320.84254
G1 F900 X107.047 Y104.469 E320.84901
G1 X106.917 Y104.208 E320.85537
G1 X106.828 Y103.945 E320.86143
G1 X106.769 Y103.653 E320.86794
G1 X106.751 Y103.367 E320.87419
G1 X106.769 Y103.08 E320.88047
G1 X106.828 Y102.788 E320.88697
G1 X106.917 Y102.525 E320.89303
G1 X107.047 Y102.264 E320.89939
G1 X107.212 Y102.019 E320.90584
G1 X107.399 Y101.806 E320.91203
G1 X107.617 Y101.616 E320.91834
G1 X107.86 Y101.454 E320.92471
G1 X108.121 Y101.326 E320.93106
G1 X108.389 Y101.235 E320.93724
G1 X108.68 Y101.177 E320.94371
G1 X108.969 Y101.159 E320.95003
G1 X109.257 Y101.177 E320.95633
G1 X109.548 Y101.235 E320.96281
G1 X109.817 Y101.326 E320.96901
G1 X110.078 Y101.454 E320.97535
G1 X110.32 Y101.616 E320.98171
G1 X110.534 Y101.802 E320.9879
G1 X110.729 Y102.023 E320.99433
G1 X110.89 Y102.264 E321.00066
G1 X111.02 Y102.526 E321.00704
G1 X111.11 Y102.788 E321.01309
G1 X111.169 Y103.08 E321.01959
G1 X111.187 Y103.367 E321.02587
G1 X111.169 Y103.653 E321.03212
G1 X111.111 Y103.943 E321.03858
G1 X111.019 Y104.21 E321.04474
G1 X110.89 Y104.469 E321.05106
G1 X110.726 Y104.714 E321.05749
G1 X110.538 Y104.928 E321.06371
G1 X110.321 Y105.117 E321.06999
G1 X110.078 Y105.279 E321.07636
G1 X109.817 Y105.408 E321.08272
G1 X109.548 Y105.499 E321.08892
G1 X109.257 Y105.556 E321.09539
G1 X108.969 Y105.574 E321.10169
G1 X108.85 Y105.566 E321.10429
G0 F810 X108.68 Y105.556
G0 X108.389 Y105.499
G0 X108.121 Y105.408
G0 X107.86 Y105.279
G0 X107.622 Y105.121
G0 X107.396 Y104.924
G0 X107.212 Y104.715
G0 F9000 X107.101 Y104.549
G0 X107.421 Y104.336
G0 X108.092 Y103.845
;TYPE:SKIN
G1 F480 E321.14581
G1 F2400 X108.046 Y103.752 E321.14839
G1 X108.004 Y103.629 E321.15164
G1 X107.976 Y103.494 E321.15507
G1 X107.97 Y103.366 E321.15827
G1 X107.976 Y103.238 E321.16147
G1 X108.004 Y103.104 E321.16488
G1 X108.045 Y102.983 E321.16807
G1 X108.099 Y102.876 E321.17106
G1 X108.179 Y102.758 E321.17462
G1 X108.254 Y102.673 E321.17744
G1 X108.358 Y102.582 E321.18089
G1 X108.46 Y102.514 E321.18395
G1 X108.595 Y102.448 E321.1877
G1 X108.706 Y102.41 E321.19062
G1 X108.832 Y102.384 E321.19383
G1 X108.968 Y102.377 E321.19723
G1 X109.106 Y102.384 E321.20068
G1 X109.227 Y102.409 E321.20376
G1 X109.353 Y102.452 E321.20708
G1 X109.475 Y102.512 E321.21047
G1 X109.577 Y102.58 E321.21353
G1 X109.677 Y102.666 E321.21682
G1 X109.765 Y102.766 E321.22014
G1 X109.836 Y102.873 E321.22335
G1 X109.894 Y102.992 E321.22665
G1 X109.935 Y103.11 E321.22976
G1 X109.962 Y103.239 E321.23305
G1 X109.968 Y103.367 E321.23625
G1 X109.962 Y103.498 E321.23952
G1 X109.937 Y103.621 E321.24265
G1 X109.893 Y103.748 E321.246
G1 X109.842 Y103.851 E321.24887
G1 X109.76 Y103.974 E321.25256
G1 X109.681 Y104.062 E321.25551
G1 X109.583 Y104.148 E321.25876
G1 X109.539 Y104.178 E321.26009
G0 F2160 X109.46 Y104.23
G0 X109.365 Y104.277
G0 X109.222 Y104.325
G0 X109.111 Y104.348
G0 X108.967 Y104.356
G0 X108.83 Y104.349
G0 X108.712 Y104.324
G0 X108.58 Y104.28
G0 X108.475 Y104.228
G0 X108.356 Y104.15
G0 X108.263 Y104.068
G0 X108.175 Y103.967
G0 X108.092 Y103.845
G0 F9000 X108.151 Y103.414
G1 F480 E321.30162
G1 F2400 X109.006 Y102.559 E321.33178
G0 F9000 X109.432 Y102.699
G1 F2400 X108.3 Y103.831 E321.37172
G0 F9000 X108.605 Y104.092
G1 F2400 X109.696 Y103.001 E321.41021
G0 F9000 X109.781 Y103.482
G1 F2400 X109.095 Y104.167 E321.43439
G1 F1500 E319.93439
G1 F900 Z4.16
G0 F9000 X109.095 Y104.167 Z4.16
G0 X81.872 Y108.128
;TIME_ELAPSED:714.764982
;LAYER:20
G0 X81.872 Y108.128 Z4.31
;TYPE:WALL-OUTER
G1 F900 Z3.31
G1 F480 E321.49675
G1 F900 X96.127 Y108.128 E321.8079
G1 X96.127 Y88.872 E322.2282
G1 X81.872 Y88.872 E322.53934
G1 X81.872 Y106.226 E322.91812
G0 F810 X81.872 Y108.128
G0 F9000 X82.072 Y108.128
G0 X82.072 Y108.513
G0 X81.125 Y108.875
G1 F480 E322.95964
G1 F900 X81.125 Y88.125 E323.41255
G1 X96.875 Y88.125 E323.75632
G1 X96.875 Y108.875 E324.20923
G1 X83.027 Y108.875 E324.51149
G0 F810 X81.125 Y108.875
G0 F9000 X81.125 Y108.675
G0 X81.51 Y108.49
G0 X81.525 Y108.475
G1 F1500 E323.01149
G1 F900 Z4.31
G0 F9000 X81.525 Y108.475 Z4.31
G0 X88.119 Y101.175
;TYPE:WALL-INNER
G1 F900 Z3.31
G1 F480 E324.61537
G1 F1500 X87.967 Y101.016 E324.62086
G1 X87.816 Y100.808 E324.62727
G1 X87.693 Y100.588 E324.63356
G1 X87.588 Y100.333 E324.64044
G1 X87.514 Y100.07 E324.64725
G1 X87.466 Y99.784 E324.65449
G1 X87.45 Y99.5 E324.66158
G1 X87.466 Y99.215 E324.6687
G1 X87.514 Y98.93 E324.67591
G1 X87.587 Y98.671 E324.68262
G1 X87.695 Y98.407 E324.68974
G1 X87.816 Y98.192 E324.69589
G1 X87.967 Y97.984 E324.7023
G1 X88.119 Y97.825 E324.70779
G1 X88.3 Y97.68 E324.71358
G1 X88.463 Y97.583 E324.71831
G1 X88.619 Y97.519 E324.72251
G1 X88.822 Y97.468 E324.72774
G1 X89.002 Y97.454 E324.73224
G1 X89.18 Y97.468 E324.73669
G1 X89.363 Y97.511 E324.74138
G1 X89.531 Y97.58 E324.74591
G1 X89.703 Y97.682 E324.7509
G1 X89.881 Y97.825 E324.7566
G1 X90.033 Y97.984 E324.76208
G1 X90.184 Y98.192 E324.7685
G1 X90.305 Y98.407 E324.77465
G1 X90.413 Y98.671 E324.78177
G1 X90.486 Y98.93 E324.78848
G1 X90.534 Y99.215 E324.79569
G1 X90.55 Y99.5 E324.80281
G1 X90.534 Y99.784 E324.8099
G1 X90.486 Y100.07 E324.81714
G1 X90.412 Y100.333 E324.82395
G1 X90.307 Y100.588 E324.83083
G1 X90.184 Y100.808 E324.83712
G1 X90.033 Y101.016 E324.84353
G1 X89.881 Y101.175 E324.84902
G1 X89.703 Y101.318 E324.85471
G1 X89.653 Y101.348 E324.85617
G0 F1350 X89.531 Y101.42
G0 X89.363 Y101.489
G0 X89.18 Y101.532
G0 X89 Y101.546
G0 X88.82 Y101.532
G0 X88.637 Y101.489
G0 X88.469 Y101.42
G0 X88.297 Y101.318
G0 X88.119 Y101.175
G0 F9000 X87.849 Y101.471
G1 F480 E324.8977
G1 F1500 X87.656 Y101.269 E324.90467
G1 X87.478 Y101.024 E324.91223
G1 X87.334 Y100.767 E324.91957
G1 X87.208 Y100.459 E324.92788
G1 X87.122 Y100.156 E324.93573
G1 X87.069 Y99.834 E324.94387
G1 X87.068 Y99.807 E324.94455
G1 X87.052 Y99.523 E324.95164
G1 X87.05 Y99.5 E324.95222
G1 X87.069 Y99.163 E324.96064
G1 X87.122 Y98.845 E324.96868
G1 X87.208 Y98.541 E324.97656
G1 X87.335 Y98.231 E324.98492
G1 X87.478 Y97.976 E324.99221
G1 X87.656 Y97.731 E324.99976
G1 X87.849 Y97.529 E325.00673
G1 X88.072 Y97.35 E325.01387
G1 X88.284 Y97.224 E325.02002
G1 X88.494 Y97.138 E325.02568
G1 X88.725 Y97.081 E325.03161
G1 X88.759 Y97.072 E325.03249
G1 X89.001 Y97.053 E325.03855
G1 X89.239 Y97.071 E325.0445
G1 X89.484 Y97.129 E325.05078
G1 X89.715 Y97.223 E325.057
G1 X89.928 Y97.35 E325.06319
G1 X90.151 Y97.529 E325.07032
G1 X90.344 Y97.731 E325.07729
G1 X90.522 Y97.976 E325.08485
G1 X90.665 Y98.231 E325.09214
G1 X90.792 Y98.541 E325.1005
G1 X90.878 Y98.845 E325.10838
G1 X90.931 Y99.163 E325.11642
G1 X90.932 Y99.192 E325.11714
G1 X90.948 Y99.477 E325.12426
G1 X90.95 Y99.5 E325.12484
G1 X90.931 Y99.834 E325.13318
G1 X90.878 Y100.156 E325.14132
G1 X90.792 Y100.459 E325.14918
G1 X90.666 Y100.767 E325.15748
G1 X90.522 Y101.024 E325.16483
G1 X90.344 Y101.269 E325.17238
G1 X90.151 Y101.471 E325.17935
G1 X89.928 Y101.65 E325.18649
G1 X89.715 Y101.777 E325.19267
G1 X89.514 Y101.858 E325.19808
G1 X89.484 Y101.871 E325.19889
G1 X89.456 Y101.877 E325.19961
G1 X89.389 Y101.893 E325.20133
G0 F1350 X89.239 Y101.929
G0 X89 Y101.947
G0 X88.761 Y101.929
G0 X88.516 Y101.871
G0 X88.285 Y101.777
G0 X88.072 Y101.65
G0 X87.849 Y101.471
G0 F9000 X87.563 Y101.787
;TYPE:WALL-OUTER
G1 F480 E325.24286
G1 F900 X87.328 Y101.541 E325.25029
G1 X87.121 Y101.256 E325.25797
G1 X86.95 Y100.95 E325.26563
G1 X86.806 Y100.6 E325.27389
G1 X86.707 Y100.249 E325.28185
G1 X86.646 Y99.882 E325.28997
G1 X86.625 Y99.5 E325.29832
G1 X86.646 Y99.115 E325.30673
G1 X86.707 Y98.751 E325.31479
G1 X86.806 Y98.4 E325.32275
G1 X86.951 Y98.048 E325.33106
G1 X87.121 Y97.744 E325.33866
G1 X87.328 Y97.459 E325.34635
G1 X87.563 Y97.213 E325.35378
G1 X87.825 Y97.003 E325.3611
G1 X88.096 Y96.842 E325.36798
G1 X88.363 Y96.732 E325.37429
G1 X88.69 Y96.651 E325.38164
G1 X89 Y96.626 E325.38843
G1 X89.306 Y96.65 E325.39513
G1 X89.61 Y96.722 E325.40195
G1 X89.904 Y96.842 E325.40888
G1 X90.175 Y97.003 E325.41576
G1 X90.437 Y97.213 E325.42309
G1 X90.672 Y97.459 E325.43051
G1 X90.879 Y97.744 E325.4382
G1 X91.049 Y98.048 E325.4458
G1 X91.194 Y98.4 E325.45411
G1 X91.293 Y98.751 E325.46207
G1 X91.354 Y99.115 E325.47013
G1 X91.375 Y99.5 E325.47855
G1 X91.354 Y99.882 E325.4869
G1 X91.293 Y100.249 E325.49502
G1 X91.194 Y100.6 E325.50298
G1 X91.05 Y100.95 E325.51124
G1 X90.879 Y101.256 E325.51889
G1 X90.672 Y101.541 E325.52658
G1 X90.437 Y101.787 E325.534
G1 X90.175 Y101.997 E325.54133
G1 X89.904 Y102.158 E325.54821
G1 X89.61 Y102.278 E325.55514
G1 X89.316 Y102.348 E325.56174
G0 F810 X89.306 Y102.35
G0 X89 Y102.374
G0 X88.694 Y102.35
G0 X88.39 Y102.278
G0 X88.096 Y102.158
G0 X87.825 Y101.997
G0 X87.563 Y101.787
G0 F9000 X87.425 Y101.643
G0 X87.704 Y101.378
G0 X88.266 Y100.766
;TYPE:SKIN
G1 F480 E325.60325
G1 F2400 X88.148 Y100.603 E325.60827
G1 X88.046 Y100.419 E325.61352
G1 X87.958 Y100.206 E325.61927
G1 X87.891 Y99.969 E325.62541
G1 X87.856 Y99.753 E325.63087
G1 X87.842 Y99.5 E325.63719
G1 X87.856 Y99.248 E325.64349
G1 X87.895 Y99.017 E325.64933
G1 X87.956 Y98.799 E325.65498
G1 X88.047 Y98.576 E325.66099
G1 X88.144 Y98.403 E325.66594
G1 X88.266 Y98.234 E325.67114
G1 X88.381 Y98.114 E325.67528
G1 X88.525 Y98 E325.67986
G1 X88.634 Y97.935 E325.68303
G1 X88.744 Y97.89 E325.68599
G1 X88.888 Y97.854 E325.6897
G1 X89.003 Y97.844 E325.69258
G1 X89.111 Y97.853 E325.69528
G1 X89.243 Y97.884 E325.69866
G1 X89.357 Y97.931 E325.70174
G1 X89.484 Y98.006 E325.70542
G1 X89.618 Y98.113 E325.70969
G1 X89.734 Y98.234 E325.71388
G1 X89.856 Y98.403 E325.71907
G1 X89.953 Y98.576 E325.72402
G1 X90.044 Y98.799 E325.73003
G1 X90.105 Y99.017 E325.73568
G1 X90.144 Y99.248 E325.74152
G1 X90.158 Y99.5 E325.74782
G1 X90.144 Y99.753 E325.75414
G1 X90.109 Y99.969 E325.7596
G1 X90.042 Y100.206 E325.76574
G1 X89.954 Y100.419 E325.77149
G1 X89.852 Y100.603 E325.77674
G1 X89.734 Y100.766 E325.78176
G1 X89.704 Y100.798 E325.78285
G0 F2160 X89.618 Y100.887
G0 X89.484 Y100.994
G0 X89.357 Y101.069
G0 X89.243 Y101.116
G0 X89.112 Y101.147
G0 X89 Y101.156
G0 X88.888 Y101.147
G0 X88.757 Y101.116
G0 X88.643 Y101.069
G0 X88.516 Y100.994
G0 X88.382 Y100.887
G0 X88.266 Y100.766
G0 F9000 X89.086 Y100.966
G1 F480 E325.82438
G1 F2400 X88.071 Y99.95 E325.86021
G0 F9000 X88.031 Y99.344
G1 F2400 X89.465 Y100.778 E325.9108
G0 F9000 X89.72 Y100.468
G1 F2400 X88.122 Y98.87 E325.96717
G0 F9000 X88.304 Y98.486
G1 F2400 X89.893 Y100.075 E326.02323
G0 F9000 X89.972 Y99.588
G1 F2400 X88.573 Y98.19 E326.07256
G0 F9000 X88.975 Y98.026
G1 F2400 X89.9 Y98.951 E326.10519
G1 F1500 E324.60519
G1 F900 Z4.31
G0 F9000 X89.9 Y98.951 Z4.31
G0 X101.81 Y107.694
;TYPE:WALL-OUTER
G1 F900 Z3.31
G1 F480 E326.16756
G1 F900 X115.189 Y107.694 E326.45958
G1 X115.189 Y95.306 E326.72997
G1 X101.81 Y95.306 E327.022
G1 X101.81 Y105.792 E327.25087
G0 F810 X101.81 Y107.694
G0 F9000 X102.01 Y107.694
G0 X101.125 Y108.375
G1 F480 E327.29239
G1 F900 X101.125 Y94.625 E327.59251
G1 X115.875 Y94.625 E327.91446
G1 X115.875 Y108.375 E328.21458
G1 X103.027 Y108.375 E328.49501
G0 F810 X101.125 Y108.375
G0 F9000 X101.125 Y108.175
G0 X101.525 Y107.975
G1 F1500 E326.99501
G1 F900 Z4.31
G0 F9000 X101.525 Y107.975 Z4.31
G0 X107.866 Y104.208
;TYPE:WALL-INNER
G1 F900 Z3.31
G1 F480 E328.59889
G1 F1500 X107.758 Y104.048 E328.6037
G1 X107.684 Y103.899 E328.60785
G1 X107.627 Y103.731 E328.61228
G1 X107.588 Y103.539 E328.61717
G1 X107.578 Y103.367 E328.62146
G1 X107.588 Y103.193 E328.62581
G1 X107.627 Y103.002 E328.63067
G1 X107.684 Y102.834 E328.6351
G1 X107.756 Y102.689 E328.63914
G1 X107.875 Y102.514 E328.64442
G1 X107.977 Y102.397 E328.64829
G1 X108.118 Y102.274 E328.65296
G1 X108.274 Y102.17 E328.65763
G1 X108.439 Y102.089 E328.66222
G1 X108.605 Y102.033 E328.66659
G1 X108.758 Y102.002 E328.67048
G1 X108.998 Y101.987 E328.67648
G1 X109.15 Y101.997 E328.68028
G1 X109.327 Y102.032 E328.68478
G1 X109.502 Y102.091 E328.68939
G1 X109.67 Y102.174 E328.69406
G1 X109.817 Y102.272 E328.69847
G1 X109.95 Y102.387 E328.70286
G1 X110.077 Y102.531 E328.70765
G1 X110.174 Y102.677 E328.71202
G1 X110.256 Y102.843 E328.71664
G1 X110.312 Y103.005 E328.72091
G1 X110.35 Y103.192 E328.72567
G1 X110.36 Y103.367 E328.73005
G1 X110.35 Y103.542 E328.73442
G1 X110.313 Y103.725 E328.73908
G1 X110.255 Y103.896 E328.74358
G1 X110.178 Y104.05 E328.74787
G1 X110.07 Y104.211 E328.75271
G1 X109.956 Y104.34 E328.757
G1 X109.823 Y104.456 E328.76141
G1 X109.655 Y104.568 E328.76644
G1 X109.51 Y104.64 E328.77048
G1 X109.362 Y104.69 E328.77438
G0 F1350 X109.326 Y104.702
G0 X109.153 Y104.736
G0 X108.968 Y104.748
G0 X108.785 Y104.737
G0 X108.607 Y104.701
G0 X108.435 Y104.643
G0 X108.278 Y104.565
G0 X108.121 Y104.462
G0 X107.982 Y104.34
G0 X107.866 Y104.208
G0 F9000 X107.55 Y104.455
G1 F480 E328.81591
G1 F1500 X107.412 Y104.25 E328.82208
G1 X107.313 Y104.051 E328.82762
G1 X107.24 Y103.835 E328.83331
G1 X107.191 Y103.594 E328.83944
G1 X107.19 Y103.564 E328.84019
G1 X107.177 Y103.367 E328.84512
G1 X107.191 Y103.139 E328.85082
G1 X107.24 Y102.898 E328.85695
G1 X107.313 Y102.682 E328.86264
G1 X107.412 Y102.483 E328.86818
G1 X107.553 Y102.274 E328.87447
G1 X107.699 Y102.108 E328.87999
G1 X107.87 Y101.959 E328.88564
G1 X108.073 Y101.823 E328.89174
G1 X108.288 Y101.718 E328.89771
G1 X108.501 Y101.646 E328.90332
G1 X108.703 Y101.605 E328.90846
G1 X108.732 Y101.604 E328.90918
G1 X108.998 Y101.586 E328.91583
G1 X109.199 Y101.599 E328.92086
G1 X109.437 Y101.646 E328.92691
G1 X109.655 Y101.72 E328.93265
G1 X109.87 Y101.826 E328.93863
G1 X110.057 Y101.951 E328.94424
G1 X110.235 Y102.105 E328.95011
G1 X110.394 Y102.286 E328.95612
G1 X110.519 Y102.473 E328.96173
G1 X110.628 Y102.692 E328.96784
G1 X110.698 Y102.897 E328.97324
G1 X110.741 Y103.113 E328.97873
G1 X110.747 Y103.139 E328.9794
G1 X110.748 Y103.167 E328.9801
G1 X110.761 Y103.367 E328.9851
G1 X110.747 Y103.595 E328.9908
G1 X110.699 Y103.833 E328.99685
G1 X110.625 Y104.05 E329.00257
G1 X110.523 Y104.254 E329.00826
G1 X110.388 Y104.456 E329.01432
G1 X110.238 Y104.626 E329.01998
G1 X110.068 Y104.774 E329.0256
G1 X109.861 Y104.912 E329.03181
G1 X109.657 Y105.013 E329.03748
G1 X109.436 Y105.088 E329.04331
G1 X109.202 Y105.134 E329.04925
G1 X109.003 Y105.146 E329.05423
G0 F1350 X108.992 Y105.146
G0 X108.968 Y105.148
G0 X108.736 Y105.134
G0 X108.497 Y105.087
G0 X108.285 Y105.015
G0 X108.073 Y104.91
G0 X107.878 Y104.781
G0 X107.699 Y104.625
G0 X107.55 Y104.455
G0 F9000 X107.212 Y104.715
;TYPE:WALL-OUTER
G1 F480 E329.09576
G1 F900 X107.047 Y104.469 E329.10223
G1 X106.917 Y104.208 E329.10859
G1 X106.828 Y103.945 E329.11465
G1 X106.769 Y103.653 E329.12115
G1 X106.751 Y103.367 E329.12741
G1 X106.769 Y103.08 E329.13369
G1 X106.828 Y102.788 E329.14019
G1 X106.917 Y102.525 E329.14625
G1 X107.047 Y102.264 E329.15261
G1 X107.212 Y102.019 E329.15906
G1 X107.399 Y101.806 E329.16525
G1 X107.617 Y101.616 E329.17156
G1 X107.86 Y101.454 E329.17793
G1 X108.121 Y101.326 E329.18428
G1 X108.395 Y101.233 E329.19059
G1 X108.643 Y101.183 E329.19612
G1 X108.999 Y101.16 E329.2039
G1 X109.257 Y101.177 E329.20955
G1 X109.548 Y101.235 E329.21602
G1 X109.817 Y101.326 E329.22222
G1 X110.078 Y101.454 E329.22857
G1 X110.32 Y101.616 E329.23492
G1 X110.534 Y101.802 E329.24111
G1 X110.729 Y102.023 E329.24754
G1 X110.89 Y102.264 E329.25387
G1 X111.02 Y102.526 E329.26025
G1 X111.11 Y102.788 E329.2663
G1 X111.169 Y103.08 E329.2728
G1 X111.187 Y103.367 E329.27908
G1 X111.169 Y103.653 E329.28533
G1 X111.111 Y103.943 E329.29179
G1 X111.019 Y104.21 E329.29795
G1 X110.89 Y104.469 E329.30427
G1 X110.726 Y104.714 E329.3107
G1 X110.538 Y104.928 E329.31692
G1 X110.321 Y105.117 E329.3232
G1 X110.078 Y105.279 E329.32958
G1 X109.817 Y105.408 E329.33593
G1 X109.548 Y105.499 E329.34213
G1 X109.257 Y105.556 E329.3486
G1 X108.969 Y105.574 E329.3549
G1 X108.85 Y105.566 E329.3575
G0 F810 X108.68 Y105.556
G0 X108.389 Y105.499
G0 X108.121 Y105.408
G0 X107.86 Y105.279
G0 X107.622 Y105.121
G0 X107.396 Y104.924
G0 X107.212 Y104.715
G0 F9000 X107.101 Y104.549
G0 X107.421 Y104.336
G0 X108.092 Y103.845
;TYPE:SKIN
G1 F480 E329.39902
G1 F2400 X108.046 Y103.752 E329.40161
G1 X108.004 Y103.629 E329.40485
G1 X107.976 Y103.494 E329.40829
G1 X107.97 Y103.366 E329.41148
G1 X107.976 Y103.238 E329.41468
G1 X108.004 Y103.104 E329.4181
G1 X108.045 Y102.983 E329.42128
G1 X108.099 Y102.876 E329.42427
G1 X108.179 Y102.758 E329.42783
G1 X108.254 Y102.673 E329.43066
G1 X108.358 Y102.582 E329.4341
G1 X108.46 Y102.514 E329.43716
G1 X108.593 Y102.449 E329.44085
G1 X108.71 Y102.41 E329.44393
G1 X108.804 Y102.39 E329.44633
G1 X108.996 Y102.379 E329.45113
G1 X109.107 Y102.385 E329.4539
G1 X109.223 Y102.409 E329.45685
G1 X109.357 Y102.454 E329.46038
G1 X109.475 Y102.512 E329.46366
G1 X109.577 Y102.58 E329.46672
G1 X109.677 Y102.666 E329.47001
G1 X109.765 Y102.766 E329.47333
G1 X109.836 Y102.873 E329.47653
G1 X109.894 Y102.992 E329.47984
G1 X109.935 Y103.11 E329.48295
G1 X109.962 Y103.239 E329.48624
G1 X109.968 Y103.367 E329.48944
G1 X109.962 Y103.498 E329.49271
G1 X109.937 Y103.621 E329.49584
G1 X109.893 Y103.748 E329.49919
G1 X109.842 Y103.851 E329.50206
G1 X109.76 Y103.974 E329.50575
G1 X109.681 Y104.062 E329.5087
G1 X109.583 Y104.148 E329.51195
G1 X109.539 Y104.178 E329.51328
G0 F2160 X109.46 Y104.23
G0 X109.365 Y104.277
G0 X109.222 Y104.325
G0 X109.111 Y104.348
G0 X108.967 Y104.356
G0 X108.83 Y104.349
G0 X108.712 Y104.324
G0 X108.58 Y104.28
G0 X108.475 Y104.228
G0 X108.356 Y104.15
G0 X108.263 Y104.068
G0 X108.175 Y103.967
G0 X108.092 Y103.845
G0 F9000 X108.629 Y104.103
G1 F480 E329.55481
G1 F2400 X108.217 Y103.691 E329.56934
G0 F9000 X108.193 Y103.102
G1 F2400 X109.223 Y104.132 E329.60568
G0 F9000 X109.571 Y103.914
G1 F2400 X108.422 Y102.765 E329.64622
G0 F9000 X108.798 Y102.575
G1 F2400 X109.767 Y103.545 E329.68042
G1 F1500 E328.18042
G1 F900 Z4.31
G0 F9000 X109.767 Y103.545 Z4.31
G0 X81.872 Y108.128
;TIME_ELAPSED:741.634756
;LAYER:21
G0 X81.872 Y108.128 Z4.46
;TYPE:WALL-OUTER
G1 F900 Z3.46
G1 F480 E329.74278
G1 F900 X96.127 Y108.128 E330.05392
G1 X96.127 Y88.872 E330.47422
G1 X81.872 Y88.872 E330.78537
G1 X81.872 Y106.226 E331.16415
G0 F810 X81.872 Y108.128
G0 F9000 X82.072 Y108.128
G0 X82.072 Y108.513
G0 X81.125 Y108.875
G1 F480 E331.20567
G1 F900 X81.125 Y88.125 E331.65858
G1 X96.875 Y88.125 E332.00235
G1 X96.875 Y108.875 E332.45526
G1 X83.027 Y108.875 E332.75752
G0 F810 X81.125 Y108.875
G0 F9000 X81.125 Y108.675
G0 X81.51 Y108.49
G0 X81.525 Y108.475
G1 F1500 E331.25752
G1 F900 Z4.46
G0 F9000 X81.525 Y108.475 Z4.46
G0 X88.119 Y101.175
;TYPE:WALL-INNER
G1 F900 Z3.46
G1 F480 E332.8614
G1 F1500 X87.967 Y101.016 E332.86688
G1 X87.816 Y100.808 E332.8733
G1 X87.693 Y100.588 E332.87958
G1 X87.588 Y100.333 E332.88646
G1 X87.514 Y100.07 E332.89328
G1 X87.466 Y99.784 E332.90051
G1 X87.45 Y99.5 E332.90761
G1 X87.466 Y99.215 E332.91473
G1 X87.514 Y98.93 E332.92194
G1 X87.587 Y98.671 E332.92865
G1 X87.695 Y98.407 E332.93577
G1 X87.816 Y98.192 E332.94192
G1 X87.967 Y97.984 E332.94833
G1 X88.119 Y97.825 E332.95382
G1 X88.297 Y97.682 E332.95951
G1 X88.465 Y97.582 E332.96439
G1 X88.635 Y97.513 E332.96897
G1 X88.802 Y97.472 E332.97326
G1 X89.015 Y97.455 E332.97859
G1 X89.18 Y97.468 E332.98272
G1 X89.363 Y97.511 E332.98741
G1 X89.531 Y97.58 E332.99194
G1 X89.703 Y97.682 E332.99692
G1 X89.881 Y97.825 E333.00262
G1 X90.033 Y97.984 E333.00811
G1 X90.184 Y98.192 E333.01452
G1 X90.305 Y98.407 E333.02067
G1 X90.413 Y98.671 E333.02779
G1 X90.486 Y98.93 E333.0345
G1 X90.534 Y99.215 E333.04171
G1 X90.55 Y99.5 E333.04883
G1 X90.534 Y99.784 E333.05593
G1 X90.486 Y100.07 E333.06316
G1 X90.412 Y100.333 E333.06998
G1 X90.307 Y100.588 E333.07685
G1 X90.184 Y100.808 E333.08314
G1 X90.033 Y101.016 E333.08955
G1 X89.881 Y101.175 E333.09504
G1 X89.703 Y101.318 E333.10074
G1 X89.653 Y101.348 E333.10219
G0 F1350 X89.531 Y101.42
G0 X89.363 Y101.489
G0 X89.18 Y101.532
G0 X89 Y101.546
G0 X88.82 Y101.532
G0 X88.637 Y101.489
G0 X88.469 Y101.42
G0 X88.297 Y101.318
G0 X88.119 Y101.175
G0 F9000 X87.849 Y101.471
G1 F480 E333.14372
G1 F1500 X87.656 Y101.269 E333.15069
G1 X87.478 Y101.024 E333.15825
G1 X87.334 Y100.767 E333.1656
G1 X87.208 Y100.459 E333.1739
G1 X87.122 Y100.156 E333.18175
G1 X87.069 Y99.834 E333.1899
G1 X87.068 Y99.807 E333.19057
G1 X87.052 Y99.523 E333.19766
G1 X87.05 Y99.5 E333.19824
G1 X87.069 Y99.163 E333.20666
G1 X87.122 Y98.845 E333.2147
G1 X87.208 Y98.541 E333.22258
G1 X87.335 Y98.231 E333.23094
G1 X87.478 Y97.976 E333.23823
G1 X87.656 Y97.731 E333.24579
G1 X87.849 Y97.529 E333.25276
G1 X88.072 Y97.35 E333.25989
G1 X88.285 Y97.223 E333.26608
G1 X88.512 Y97.131 E333.27219
G1 X88.739 Y97.076 E333.27801
G1 X89.014 Y97.053 E333.2849
G1 X89.239 Y97.071 E333.29053
G1 X89.484 Y97.129 E333.29681
G1 X89.715 Y97.223 E333.30303
G1 X89.928 Y97.35 E333.30921
G1 X90.151 Y97.529 E333.31635
G1 X90.344 Y97.731 E333.32332
G1 X90.522 Y97.976 E333.33087
G1 X90.665 Y98.231 E333.33816
G1 X90.792 Y98.541 E333.34652
G1 X90.878 Y98.845 E333.3544
G1 X90.931 Y99.163 E333.36244
G1 X90.932 Y99.192 E333.36317
G1 X90.948 Y99.477 E333.37029
G1 X90.95 Y99.5 E333.37086
G1 X90.931 Y99.834 E333.37921
G1 X90.878 Y100.156 E333.38735
G1 X90.792 Y100.459 E333.39521
G1 X90.666 Y100.767 E333.40351
G1 X90.522 Y101.024 E333.41086
G1 X90.344 Y101.269 E333.41841
G1 X90.151 Y101.471 E333.42538
G1 X89.928 Y101.65 E333.43251
G1 X89.715 Y101.777 E333.4387
G1 X89.514 Y101.858 E333.4441
G1 X89.484 Y101.871 E333.44492
G1 X89.456 Y101.877 E333.44563
G1 X89.389 Y101.893 E333.44735
G0 F1350 X89.239 Y101.929
G0 X89 Y101.947
G0 X88.761 Y101.929
G0 X88.516 Y101.871
G0 X88.285 Y101.777
G0 X88.072 Y101.65
G0 X87.849 Y101.471
G0 F9000 X87.563 Y101.787
;TYPE:WALL-OUTER
G1 F480 E333.48889
G1 F900 X87.328 Y101.541 E333.49631
G1 X87.121 Y101.256 E333.504
G1 X86.95 Y100.95 E333.51165
G1 X86.806 Y100.6 E333.51991
G1 X86.707 Y100.249 E333.52787
G1 X86.646 Y99.882 E333.53599
G1 X86.625 Y99.5 E333.54434
G1 X86.646 Y99.115 E333.55276
G1 X86.707 Y98.751 E333.56081
G1 X86.806 Y98.4 E333.56878
G1 X86.951 Y98.048 E333.57708
G1 X87.121 Y97.744 E333.58469
G1 X87.328 Y97.459 E333.59238
G1 X87.563 Y97.213 E333.5998
G1 X87.825 Y97.003 E333.60713
G1 X88.096 Y96.842 E333.61401
G1 X88.382 Y96.725 E333.62075
G1 X88.674 Y96.654 E333.62731
G1 X89.014 Y96.626 E333.63476
G1 X89.306 Y96.65 E333.64116
G1 X89.61 Y96.722 E333.64797
G1 X89.904 Y96.842 E333.65491
G1 X90.175 Y97.003 E333.66179
G1 X90.437 Y97.213 E333.66911
G1 X90.672 Y97.459 E333.67654
G1 X90.879 Y97.744 E333.68423
G1 X91.049 Y98.048 E333.69183
G1 X91.194 Y98.4 E333.70014
G1 X91.293 Y98.751 E333.7081
G1 X91.354 Y99.115 E333.71616
G1 X91.375 Y99.5 E333.72457
G1 X91.354 Y99.882 E333.73292
G1 X91.293 Y100.249 E333.74104
G1 X91.194 Y100.6 E333.749
G1 X91.05 Y100.95 E333.75726
G1 X90.879 Y101.256 E333.76492
G1 X90.672 Y101.541 E333.7726
G1 X90.437 Y101.787 E333.78003
G1 X90.175 Y101.997 E333.78736
G1 X89.904 Y102.158 E333.79424
G1 X89.61 Y102.278 E333.80117
G1 X89.316 Y102.348 E333.80777
G0 F810 X89.306 Y102.35
G0 X89 Y102.374
G0 X88.694 Y102.35
G0 X88.39 Y102.278
G0 X88.096 Y102.158
G0 X87.825 Y101.997
G0 X87.563 Y101.787
G0 F9000 X87.425 Y101.643
G0 X87.704 Y101.378
G0 X88.266 Y100.766
;TYPE:SKIN
G1 F480 E333.84928
G1 F2400 X88.148 Y100.603 E333.8543
G1 X88.046 Y100.419 E333.85955
G1 X87.958 Y100.206 E333.8653
G1 X87.891 Y99.969 E333.87144
G1 X87.856 Y99.753 E333.8769
G1 X87.842 Y99.5 E333.88322
G1 X87.856 Y99.248 E333.88952
G1 X87.895 Y99.017 E333.89536
G1 X87.956 Y98.799 E333.90101
G1 X88.047 Y98.576 E333.90702
G1 X88.144 Y98.403 E333.91196
G1 X88.266 Y98.234 E333.91716
G1 X88.382 Y98.113 E333.92134
G1 X88.518 Y98.005 E333.92568
G1 X88.643 Y97.929 E333.92932
G1 X88.749 Y97.887 E333.93217
G1 X88.87 Y97.857 E333.93528
G1 X89.016 Y97.845 E333.93893
G1 X89.111 Y97.853 E333.94131
G1 X89.243 Y97.884 E333.94469
G1 X89.357 Y97.931 E333.94777
G1 X89.484 Y98.006 E333.95145
G1 X89.618 Y98.113 E333.95573
G1 X89.734 Y98.234 E333.95991
G1 X89.856 Y98.403 E333.96511
G1 X89.953 Y98.576 E333.97005
G1 X90.044 Y98.799 E333.97606
G1 X90.105 Y99.017 E333.98171
G1 X90.144 Y99.248 E333.98755
G1 X90.158 Y99.5 E333.99385
G1 X90.144 Y99.753 E334.00017
G1 X90.109 Y99.969 E334.00563
G1 X90.042 Y100.206 E334.01177
G1 X89.954 Y100.419 E334.01752
G1 X89.852 Y100.603 E334.02277
G1 X89.734 Y100.766 E334.02779
G1 X89.704 Y100.798 E334.02888
G0 F2160 X89.618 Y100.887
G0 X89.484 Y100.994
G0 X89.357 Y101.069
G0 X89.243 Y101.116
G0 X89.112 Y101.147
G0 X89 Y101.156
G0 X88.888 Y101.147
G0 X88.757 Y101.116
G0 X88.643 Y101.069
G0 X88.516 Y100.994
G0 X88.382 Y100.887
G0 X88.266 Y100.766
G0 F9000 X89.108 Y100.962
G1 F480 E334.07042
G1 F2400 X89.835 Y100.235 E334.09606
G0 F9000 X89.975 Y99.529
G1 F2400 X88.643 Y100.861 E334.14305
G0 F9000 X88.356 Y100.582
G1 F2400 X89.918 Y99.02 E334.19816
G0 F9000 X89.765 Y98.608
G1 F2400 X88.157 Y100.216 E334.25488
G0 F9000 X88.041 Y99.766
G1 F2400 X89.528 Y98.278 E334.30736
G0 F9000 X89.187 Y98.054
G1 F2400 X88.047 Y99.194 E334.34758
G1 F1500 E332.84758
G1 F900 Z4.46
G0 F9000 X88.047 Y99.194 Z4.46
G0 X101.81 Y107.694
;TYPE:WALL-OUTER
G1 F900 Z3.46
G1 F480 E334.40994
G1 F900 X115.189 Y107.694 E334.70196
G1 X115.189 Y95.306 E334.97235
G1 X101.81 Y95.306 E335.26438
G1 X101.81 Y105.792 E335.49325
G0 F810 X101.81 Y107.694
G0 F9000 X102.01 Y107.694
G0 X101.125 Y108.375
G1 F480 E335.53477
G1 F900 X101.125 Y94.625 E335.83489
G1 X115.875 Y94.625 E336.15684
G1 X115.875 Y108.375 E336.45696
G1 X103.027 Y108.375 E336.73739
G0 F810 X101.125 Y108.375
G0 F9000 X101.125 Y108.175
G0 X101.525 Y107.975
G1 F1500 E335.23739
G1 F900 Z4.46
G0 F9000 X101.525 Y107.975 Z4.46
G0 X107.866 Y104.208
;TYPE:WALL-INNER
G1 F900 Z3.46
G1 F480 E336.84127
G1 F1500 X107.758 Y104.048 E336.84608
G1 X107.684 Y103.899 E336.85023
G1 X107.627 Y103.731 E336.85466
G1 X107.588 Y103.539 E336.85955
G1 X107.578 Y103.367 E336.86384
G1 X107.588 Y103.193 E336.86819
G1 X107.627 Y103.002 E336.87306
G1 X107.684 Y102.834 E336.87748
G1 X107.756 Y102.689 E336.88152
G1 X107.875 Y102.514 E336.8868
G1 X107.977 Y102.397 E336.89067
G1 X108.118 Y102.274 E336.89534
G1 X108.274 Y102.17 E336.90001
G1 X108.434 Y102.091 E336.90447
G1 X108.602 Y102.035 E336.90888
G1 X108.782 Y101.998 E336.91347
G1 X108.979 Y101.986 E336.91839
G1 X109.15 Y101.997 E336.92266
G1 X109.327 Y102.032 E336.92717
G1 X109.502 Y102.091 E336.93177
G1 X109.67 Y102.174 E336.93645
G1 X109.817 Y102.272 E336.94085
G1 X109.95 Y102.387 E336.94524
G1 X110.077 Y102.531 E336.95003
G1 X110.174 Y102.677 E336.9544
G1 X110.256 Y102.843 E336.95902
G1 X110.312 Y103.005 E336.9633
G1 X110.35 Y103.192 E336.96806
G1 X110.36 Y103.367 E336.97243
G1 X110.35 Y103.542 E336.9768
G1 X110.313 Y103.725 E336.98146
G1 X110.255 Y103.896 E336.98596
G1 X110.178 Y104.05 E336.99026
G1 X110.07 Y104.211 E336.99509
G1 X109.956 Y104.34 E336.99939
G1 X109.823 Y104.456 E337.00379
G1 X109.655 Y104.568 E337.00883
G1 X109.51 Y104.64 E337.01287
G1 X109.362 Y104.69 E337.01676
G0 F1350 X109.326 Y104.702
G0 X109.153 Y104.736
G0 X108.968 Y104.748
G0 X108.785 Y104.737
G0 X108.607 Y104.701
G0 X108.435 Y104.643
G0 X108.278 Y104.565
G0 X108.121 Y104.462
G0 X107.982 Y104.34
G0 X107.866 Y104.208
G0 F9000 X107.55 Y104.455
G1 F480 E337.0583
G1 F1500 X107.412 Y104.25 E337.06446
G1 X107.313 Y104.051 E337.07
G1 X107.24 Y103.835 E337.07569
G1 X107.191 Y103.594 E337.08183
G1 X107.19 Y103.564 E337.08258
G1 X107.177 Y103.367 E337.0875
G1 X107.191 Y103.139 E337.0932
G1 X107.24 Y102.898 E337.09933
G1 X107.313 Y102.682 E337.10502
G1 X107.412 Y102.483 E337.11057
G1 X107.553 Y102.274 E337.11685
G1 X107.699 Y102.108 E337.12237
G1 X107.87 Y101.959 E337.12803
G1 X108.073 Y101.823 E337.13412
G1 X108.283 Y101.72 E337.13996
G1 X108.497 Y101.648 E337.14559
G1 X108.703 Y101.607 E337.15083
G1 X108.729 Y101.601 E337.15149
G1 X108.756 Y101.6 E337.15217
G1 X108.98 Y101.585 E337.15777
G1 X109.199 Y101.599 E337.16324
G1 X109.437 Y101.646 E337.16929
G1 X109.655 Y101.72 E337.17504
G1 X109.87 Y101.826 E337.18102
G1 X110.057 Y101.951 E337.18663
G1 X110.235 Y102.105 E337.1925
G1 X110.394 Y102.286 E337.19851
G1 X110.519 Y102.473 E337.20412
G1 X110.628 Y102.692 E337.21022
G1 X110.698 Y102.897 E337.21563
G1 X110.741 Y103.113 E337.22112
G1 X110.747 Y103.139 E337.22179
G1 X110.748 Y103.167 E337.22248
G1 X110.761 Y103.367 E337.22748
G1 X110.747 Y103.595 E337.23318
G1 X110.699 Y103.833 E337.23924
G1 X110.625 Y104.05 E337.24496
G1 X110.523 Y104.254 E337.25065
G1 X110.388 Y104.456 E337.25671
G1 X110.238 Y104.626 E337.26236
G1 X110.068 Y104.774 E337.26799
G1 X109.861 Y104.912 E337.27419
G1 X109.657 Y105.013 E337.27987
G1 X109.436 Y105.088 E337.28569
G1 X109.202 Y105.134 E337.29164
G1 X109.003 Y105.146 E337.29661
G0 F1350 X108.992 Y105.146
G0 X108.968 Y105.148
G0 X108.736 Y105.134
G0 X108.497 Y105.087
G0 X108.285 Y105.015
G0 X108.073 Y104.91
G0 X107.878 Y104.781
G0 X107.699 Y104.625
G0 X107.55 Y104.455
G0 F9000 X107.212 Y104.715
;TYPE:WALL-OUTER
G1 F480 E337.33815
G1 F900 X107.047 Y104.469 E337.34461
G1 X106.917 Y104.208 E337.35098
G1 X106.828 Y103.945 E337.35704
G1 X106.769 Y103.653 E337.36354
G1 X106.751 Y103.367 E337.36979
G1 X106.769 Y103.08 E337.37607
G1 X106.828 Y102.788 E337.38257
G1 X106.917 Y102.525 E337.38863
G1 X107.047 Y102.264 E337.395
G1 X107.212 Y102.019 E337.40145
G1 X107.399 Y101.806 E337.40763
G1 X107.617 Y101.616 E337.41394
G1 X107.86 Y101.454 E337.42032
G1 X108.121 Y101.326 E337.42666
G1 X108.387 Y101.236 E337.43279
G1 X108.669 Y101.179 E337.43907
G1 X108.981 Y101.159 E337.4459
G1 X109.257 Y101.177 E337.45193
G1 X109.548 Y101.235 E337.45841
G1 X109.817 Y101.326 E337.46461
G1 X110.078 Y101.454 E337.47095
G1 X110.32 Y101.616 E337.47731
G1 X110.534 Y101.802 E337.4835
G1 X110.729 Y102.023 E337.48993
G1 X110.89 Y102.264 E337.49626
G1 X111.02 Y102.526 E337.50264
G1 X111.11 Y102.788 E337.50869
G1 X111.169 Y103.08 E337.51519
G1 X111.187 Y103.367 E337.52147
G1 X111.169 Y103.653 E337.52772
G1 X111.111 Y103.943 E337.53418
G1 X111.019 Y104.21 E337.54034
G1 X110.89 Y104.469 E337.54666
G1 X110.726 Y104.714 E337.55309
G1 X110.538 Y104.928 E337.55931
G1 X110.321 Y105.117 E337.56559
G1 X110.078 Y105.279 E337.57196
G1 X109.817 Y105.408 E337.57832
G1 X109.548 Y105.499 E337.58452
G1 X109.257 Y105.556 E337.59099
G1 X108.969 Y105.574 E337.59729
G1 X108.85 Y105.566 E337.59989
G0 F810 X108.68 Y105.556
G0 X108.389 Y105.499
G0 X108.121 Y105.408
G0 X107.86 Y105.279
G0 X107.622 Y105.121
G0 X107.396 Y104.924
G0 X107.212 Y104.715
G0 F9000 X107.101 Y104.549
G0 X107.421 Y104.336
G0 X108.092 Y103.845
;TYPE:SKIN
G1 F480 E337.64141
G1 F2400 X108.046 Y103.752 E337.64399
G1 X108.004 Y103.629 E337.64724
G1 X107.976 Y103.494 E337.65068
G1 X107.97 Y103.366 E337.65387
G1 X107.976 Y103.238 E337.65707
G1 X108.004 Y103.104 E337.66048
G1 X108.045 Y102.983 E337.66367
G1 X108.099 Y102.876 E337.66666
G1 X108.179 Y102.758 E337.67022
G1 X108.254 Y102.673 E337.67304
G1 X108.358 Y102.582 E337.67649
G1 X108.469 Y102.508 E337.67982
G1 X108.58 Y102.453 E337.68291
G1 X108.703 Y102.412 E337.68614
G1 X108.827 Y102.386 E337.6893
G1 X108.978 Y102.378 E337.69308
G1 X109.107 Y102.385 E337.6963
G1 X109.223 Y102.409 E337.69925
G1 X109.357 Y102.454 E337.70278
G1 X109.475 Y102.512 E337.70606
G1 X109.577 Y102.58 E337.70912
G1 X109.677 Y102.666 E337.71241
G1 X109.765 Y102.766 E337.71573
G1 X109.836 Y102.873 E337.71893
G1 X109.894 Y102.992 E337.72224
G1 X109.935 Y103.11 E337.72535
G1 X109.962 Y103.239 E337.72864
G1 X109.968 Y103.367 E337.73184
G1 X109.962 Y103.498 E337.73511
G1 X109.937 Y103.621 E337.73824
G1 X109.893 Y103.748 E337.74159
G1 X109.842 Y103.851 E337.74446
G1 X109.76 Y103.974 E337.74815
G1 X109.681 Y104.062 E337.7511
G1 X109.583 Y104.148 E337.75435
G1 X109.539 Y104.178 E337.75568
G0 F2160 X109.46 Y104.23
G0 X109.365 Y104.277
G0 X109.222 Y104.325
G0 X109.111 Y104.348
G0 X108.967 Y104.356
G0 X108.83 Y104.349
G0 X108.712 Y104.324
G0 X108.58 Y104.28
G0 X108.475 Y104.228
G0 X108.356 Y104.15
G0 X108.263 Y104.068
G0 X108.175 Y103.967
G0 X108.092 Y103.845
G0 F9000 X108.151 Y103.414
G1 F480 E337.79721
G1 F2400 X109.006 Y102.56 E337.82736
G0 F9000 X109.432 Y102.699
G1 F2400 X108.3 Y103.831 E337.86729
G0 F9000 X108.605 Y104.092
G1 F2400 X109.696 Y103.001 E337.90578
G0 F9000 X109.781 Y103.482
G1 F2400 X109.095 Y104.167 E337.92996
G1 F1500 E336.42996
G1 F900 Z4.46
G0 F9000 X109.095 Y104.167 Z4.46
G0 X81.872 Y108.128
;TIME_ELAPSED:768.505561
;LAYER:22
G0 X81.872 Y108.128 Z4.61
;TYPE:WALL-OUTER
G1 F900 Z3.61
G1 F480 E337.99232
G1 F761.1 X96.127 Y108.128 E338.30347
G1 X96.127 Y88.872 E338.72377
G1 X81.872 Y88.872 E339.03491
G1 X81.872 Y106.226 E339.4137
G0 F685 X81.872 Y108.128
G0 F9000 X82.072 Y108.128
G0 X82.072 Y108.513
G0 X81.125 Y108.875
G1 F480 E339.45521
G1 F761.1 X81.125 Y88.125 E339.90812
G1 X96.875 Y88.125 E340.25189
G1 X96.875 Y108.875 E340.7048
G1 X83.027 Y108.875 E341.00706
G0 F685 X81.125 Y108.875
G0 F9000 X81.125 Y108.675
G0 X81.51 Y108.49
G0 X81.525 Y108.475
G1 F1500 E339.50706
G1 F900 Z4.61
G0 F9000 X81.525 Y108.475 Z4.61
G0 X101.81 Y107.694
G1 F900 Z3.61
G1 F480 E341.11094
G1 F761.1 X115.189 Y107.694 E341.40296
G1 X115.189 Y95.306 E341.67336
G1 X101.81 Y95.306 E341.96538
G1 X101.81 Y105.792 E342.19426
G0 F685 X101.81 Y107.694
G0 F9000 X102.01 Y107.694
G0 X101.125 Y108.375
G1 F480 E342.23577
G1 F761.1 X101.125 Y94.625 E342.53589
G1 X115.875 Y94.625 E342.85784
G1 X115.875 Y108.375 E343.15796
G1 X103.027 Y108.375 E343.43839
G0 F685 X101.125 Y108.375
G0 F9000 X101.125 Y108.175
G0 X101.525 Y107.975
G1 F1500 E341.93839
G1 F900 Z4.61
G0 F9000 X101.525 Y107.975 Z4.61
G0 X81.872 Y108.128
;TIME_ELAPSED:790.481627
;LAYER:23
G0 X81.872 Y108.128 Z4.76
;TYPE:WALL-OUTER
G1 F900 Z3.76
G1 F480 E343.54227
G1 F759.1 X96.127 Y108.128 E343.85342
G1 X96.127 Y88.872 E344.27372
G1 X81.872 Y88.872 E344.58486
G1 X81.872 Y106.226 E344.96364
G0 F683.2 X81.872 Y108.128
G0 F9000 X82.072 Y108.128
G0 X82.072 Y108.513
G0 X81.125 Y108.875
G1 F480 E345.00516
G1 F759.1 X81.125 Y88.125 E345.45807
G1 X96.875 Y88.125 E345.80184
G1 X96.875 Y108.875 E346.25475
G1 X83.027 Y108.875 E346.55701
G0 F683.2 X81.125 Y108.875
G0 F9000 X81.125 Y108.675
G0 X81.51 Y108.49
G0 X81.525 Y108.475
G1 F1500 E345.05701
G1 F900 Z4.76
G0 F9000 X81.525 Y108.475 Z4.76
G0 X101.81 Y107.694
G1 F900 Z3.76
G1 F480 E346.66089
G1 F759.1 X115.189 Y107.694 E346.95291
G1 X115.189 Y95.306 E347.22331
G1 X101.81 Y95.306 E347.51533
G1 X101.81 Y105.792 E347.74421
G0 F683.2 X101.81 Y107.694
G0 F9000 X102.01 Y107.694
G0 X101.125 Y108.375
G1 F480 E347.78572
G1 F759.1 X101.125 Y94.625 E348.08584
G1 X115.875 Y94.625 E348.40779
G1 X115.875 Y108.375 E348.70791
G1 X103.027 Y108.375 E348.98834
G0 F683.2 X101.125 Y108.375
G0 F9000 X101.125 Y108.175
G0 X101.525 Y107.975
G1 F1500 E347.48834
G1 F900 Z4.76
G0 F9000 X101.525 Y107.975 Z4.76
G0 X81.872 Y108.128
;TIME_ELAPSED:812.509450
;LAYER:24
G0 X81.872 Y108.128 Z4.91
;TYPE:WALL-OUTER
G1 F900 Z3.91
G1 F480 E349.09222
G1 F759.1 X96.127 Y108.128 E349.40336
G1 X96.127 Y88.872 E349.82366
G1 X81.872 Y88.872 E350.13481
G1 X81.872 Y106.226 E350.51359
G0 F683.2 X81.872 Y108.128
G0 F9000 X82.072 Y108.128
G0 X82.072 Y108.513
G0 X81.125 Y108.875
G1 F480 E350.55511
G1 F759.1 X81.125 Y88.125 E351.00802
G1 X96.875 Y88.125 E351.35179
G1 X96.875 Y108.875 E351.8047
G1 X83.027 Y108.875 E352.10696
G0 F683.2 X81.125 Y108.875
G0 F9000 X81.125 Y108.675
G0 X81.51 Y108.49
G0 X81.525 Y108.475
G1 F1500 E350.60696
G1 F900 Z4.91
G0 F9000 X81.525 Y108.475 Z4.91
G0 X101.81 Y107.694
G1 F900 Z3.91
G1 F480 E352.21084
G1 F759.1 X115.189 Y107.694 E352.50286
G1 X115.189 Y95.306 E352.77325
G1 X101.81 Y95.306 E353.06528
G1 X101.81 Y105.792 E353.29415
G0 F683.2 X101.81 Y107.694
G0 F9000 X102.01 Y107.694
G0 X101.125 Y108.375
G1 F480 E353.33567
G1 F759.1 X101.125 Y94.625 E353.63579
G1 X115.875 Y94.625 E353.95774
G1 X115.875 Y108.375 E354.25786
G1 X103.027 Y108.375 E354.53829
G0 F683.2 X101.125 Y108.375
G0 F9000 X101.125 Y108.175
G0 X101.525 Y107.975
G1 F1500 E353.03829
G1 F900 Z4.91
G0 F9000 X101.525 Y107.975 Z4.91
G0 X81.872 Y108.128
;TIME_ELAPSED:834.537274
;LAYER:25
G0 X81.872 Y108.128 Z5.06
;TYPE:WALL-OUTER
G1 F900 Z4.06
G1 F480 E354.64217
G1 F759.1 X96.127 Y108.128 E354.95331
G1 X96.127 Y88.872 E355.37361
G1 X81.872 Y88.872 E355.68476
G1 X81.872 Y106.226 E356.06354
G0 F683.2 X81.872 Y108.128
G0 F9000 X82.072 Y108.128
G0 X82.072 Y108.513
G0 X81.125 Y108.875
G1 F480 E356.10506
G1 F759.1 X81.125 Y88.125 E356.55796
G1 X96.875 Y88.125 E356.90174
G1 X96.875 Y108.875 E357.35465
G1 X83.027 Y108.875 E357.65691
G0 F683.2 X81.125 Y108.875
G0 F9000 X81.125 Y108.675
G0 X81.51 Y108.49
G0 X81.525 Y108.475
G1 F1500 E356.15691
G1 F900 Z5.06
G0 F9000 X81.525 Y108.475 Z5.06
G0 X101.81 Y107.694
G1 F900 Z4.06
G1 F480 E357.76079
G1 F759.1 X115.189 Y107.694 E358.05281
G1 X115.189 Y95.306 E358.3232
G1 X101.81 Y95.306 E358.61522
G1 X101.81 Y105.792 E358.8441
G0 F683.2 X101.81 Y107.694
G0 F9000 X102.01 Y107.694
G0 X101.125 Y108.375
G1 F480 E358.88562
G1 F759.1 X101.125 Y94.625 E359.18574
G1 X115.875 Y94.625 E359.50769
G1 X115.875 Y108.375 E359.80781
G1 X103.027 Y108.375 E360.08824
G0 F683.2 X101.125 Y108.375
G0 F9000 X101.125 Y108.175
G0 X101.525 Y107.975
G1 F1500 E358.58824
G1 F900 Z5.06
G0 F9000 X101.525 Y107.975 Z5.06
G0 X81.872 Y108.128
;TIME_ELAPSED:856.565098
;LAYER:26
G0 X81.872 Y108.128 Z5.21
;TYPE:WALL-OUTER
G1 F900 Z4.21
G1 F480 E360.19212
G1 F759.1 X96.127 Y108.128 E360.50326
G1 X96.127 Y88.872 E360.92356
G1 X81.872 Y88.872 E361.2347
G1 X81.872 Y106.226 E361.61349
G0 F683.2 X81.872 Y108.128
G0 F9000 X82.072 Y108.128
G0 X82.072 Y108.513
G0 X81.125 Y108.875
G1 F480 E361.655
G1 F759.1 X81.125 Y88.125 E362.10791
G1 X96.875 Y88.125 E362.45169
G1 X96.875 Y108.875 E362.9046
G1 X83.027 Y108.875 E363.20686
G0 F683.2 X81.125 Y108.875
G0 F9000 X81.125 Y108.675
G0 X81.51 Y108.49
G0 X81.525 Y108.475
G1 F1500 E361.70686
G1 F900 Z5.21
G0 F9000 X81.525 Y108.475 Z5.21
G0 X101.81 Y107.694
G1 F900 Z4.21
G1 F480 E363.31073
G1 F759.1 X115.189 Y107.694 E363.60276
G1 X115.189 Y95.306 E363.87315
G1 X101.81 Y95.306 E364.16517
G1 X101.81 Y105.792 E364.39405
G0 F683.2 X101.81 Y107.694
G0 F9000 X102.01 Y107.694
G0 X101.125 Y108.375
G1 F480 E364.43557
G1 F759.1 X101.125 Y94.625 E364.73569
G1 X115.875 Y94.625 E365.05763
G1 X115.875 Y108.375 E365.35775
G1 X103.027 Y108.375 E365.63819
G0 F683.2 X101.125 Y108.375
G0 F9000 X101.125 Y108.175
G0 X101.525 Y107.975
G1 F1500 E364.13819
G1 F900 Z5.21
G0 F9000 X101.525 Y107.975 Z5.21
G0 X81.872 Y108.128
;TIME_ELAPSED:878.592922
;LAYER:27
G0 X81.872 Y108.128 Z5.36
;TYPE:WALL-OUTER
G1 F900 Z4.36
G1 F480 E365.74207
G1 F759.1 X96.127 Y108.128 E366.05321
G1 X96.127 Y88.872 E366.47351
G1 X81.872 Y88.872 E366.78465
G1 X81.872 Y106.226 E367.16344
G0 F683.2 X81.872 Y108.128
G0 F9000 X82.072 Y108.128
G0 X82.072 Y108.513
G0 X81.125 Y108.875
G1 F480 E367.20495
G1 F759.1 X81.125 Y88.125 E367.65786
G1 X96.875 Y88.125 E368.00164
G1 X96.875 Y108.875 E368.45455
G1 X83.027 Y108.875 E368.75681
G0 F683.2 X81.125 Y108.875
G0 F9000 X81.125 Y108.675
G0 X81.51 Y108.49
G0 X81.525 Y108.475
G1 F1500 E367.25681
G1 F900 Z5.36
G0 F9000 X81.525 Y108.475 Z5.36
G0 X101.81 Y107.694
G1 F900 Z4.36
G1 F480 E368.86068
G1 F759.1 X115.189 Y107.694 E369.15271
G1 X115.189 Y95.306 E369.4231
G1 X101.81 Y95.306 E369.71512
G1 X101.81 Y105.792 E369.944
G0 F683.2 X101.81 Y107.694
G0 F9000 X102.01 Y107.694
G0 X101.125 Y108.375
G1 F480 E369.98551
G1 F759.1 X101.125 Y94.625 E370.28563
G1 X115.875 Y94.625 E370.60758
G1 X115.875 Y108.375 E370.9077
G1 X103.027 Y108.375 E371.18814
G0 F683.2 X101.125 Y108.375
G0 F9000 X101.125 Y108.175
G0 X101.525 Y107.975
G1 F1500 E369.68814
G1 F900 Z5.36
G0 F9000 X101.525 Y107.975 Z5.36
G0 X81.872 Y108.128
;TIME_ELAPSED:900.620746
;LAYER:28
G0 X81.872 Y108.128 Z5.51
;TYPE:WALL-OUTER
G1 F900 Z4.51
G1 F480 E371.29201
G1 F759.1 X96.127 Y108.128 E371.60316
G1 X96.127 Y88.872 E372.02346
G1 X81.872 Y88.872 E372.3346
G1 X81.872 Y106.226 E372.71339
G0 F683.2 X81.872 Y108.128
G0 F9000 X82.072 Y108.128
G0 X82.072 Y108.513
G0 X81.125 Y108.875
G1 F480 E372.7549
G1 F759.1 X81.125 Y88.125 E373.20781
G1 X96.875 Y88.125 E373.55158
G1 X96.875 Y108.875 E374.00449
G1 X83.027 Y108.875 E374.30675
G0 F683.2 X81.125 Y108.875
G0 F9000 X81.125 Y108.675
G0 X81.51 Y108.49
G0 X81.525 Y108.475
G1 F1500 E372.80675
G1 F900 Z5.51
G0 F9000 X81.525 Y108.475 Z5.51
G0 X101.81 Y107.694
G1 F900 Z4.51
G1 F480 E374.41063
G1 F759.1 X115.189 Y107.694 E374.70265
G1 X115.189 Y95.306 E374.97305
G1 X101.81 Y95.306 E375.26507
G1 X101.81 Y105.792 E375.49395
G0 F683.2 X101.81 Y107.694
G0 F9000 X102.01 Y107.694
G0 X101.125 Y108.375
G1 F480 E375.53546
G1 F759.1 X101.125 Y94.625 E375.83558
G1 X115.875 Y94.625 E376.15753
G1 X115.875 Y108.375 E376.45765
G1 X103.027 Y108.375 E376.73808
G0 F683.2 X101.125 Y108.375
G0 F9000 X101.125 Y108.175
G0 X101.525 Y107.975
G1 F1500 E375.23808
G1 F900 Z5.51
G0 F9000 X101.525 Y107.975 Z5.51
G0 X81.872 Y108.128
;TIME_ELAPSED:922.648570
;LAYER:29
G0 X81.872 Y108.128 Z5.66
;TYPE:WALL-OUTER
G1 F900 Z4.66
G1 F480 E376.84196
G1 F759.1 X96.127 Y108.128 E377.15311
G1 X96.127 Y88.872 E377.57341
G1 X81.872 Y88.872 E377.88455
G1 X81.872 Y106.226 E378.26333
G0 F683.2 X81.872 Y108.128
G0 F9000 X82.072 Y108.128
G0 X82.072 Y108.513
G0 X81.125 Y108.875
G1 F480 E378.30485
G1 F759.1 X81.125 Y88.125 E378.75776
G1 X96.875 Y88.125 E379.10153
G1 X96.875 Y108.875 E379.55444
G1 X83.027 Y108.875 E379.8567
G0 F683.2 X81.125 Y108.875
G0 F9000 X81.125 Y108.675
G0 X81.51 Y108.49
G0 X81.525 Y108.475
G1 F1500 E378.3567
G1 F900 Z5.66
G0 F9000 X81.525 Y108.475 Z5.66
G0 X101.81 Y107.694
G1 F900 Z4.66
G1 F480 E379.96058
G1 F759.1 X115.189 Y107.694 E380.2526
G1 X115.189 Y95.306 E380.52299
G1 X101.81 Y95.306 E380.81502
G1 X101.81 Y105.792 E381.0439
G0 F683.2 X101.81 Y107.694
G0 F9000 X102.01 Y107.694
G0 X101.125 Y108.375
G1 F480 E381.08541
G1 F759.1 X101.125 Y94.625 E381.38553
G1 X115.875 Y94.625 E381.70748
G1 X115.875 Y108.375 E382.0076
G1 X103.027 Y108.375 E382.28803
G0 F683.2 X101.125 Y108.375
G0 F9000 X101.125 Y108.175
G0 X101.525 Y107.975
G1 F1500 E380.78803
G1 F900 Z5.66
G0 F9000 X101.525 Y107.975 Z5.66
G0 X81.872 Y108.128
;TIME_ELAPSED:944.676394
;LAYER:30
G0 X81.872 Y108.128 Z5.81
;TYPE:WALL-OUTER
G1 F900 Z4.81
G1 F480 E382.39191
G1 F759.1 X96.127 Y108.128 E382.70305
G1 X96.127 Y88.872 E383.12335
G1 X81.872 Y88.872 E383.4345
G1 X81.872 Y106.226 E383.81328
G0 F683.2 X81.872 Y108.128
G0 F9000 X82.072 Y108.128
G0 X82.072 Y108.513
G0 X81.125 Y108.875
G1 F480 E383.8548
G1 F759.1 X81.125 Y88.125 E384.30771
G1 X96.875 Y88.125 E384.65148
G1 X96.875 Y108.875 E385.10439
G1 X83.027 Y108.875 E385.40665
G0 F683.2 X81.125 Y108.875
G0 F9000 X81.125 Y108.675
G0 X81.51 Y108.49
G0 X81.525 Y108.475
G1 F1500 E383.90665
G1 F900 Z5.81
G0 F9000 X81.525 Y108.475 Z5.81
G0 X101.81 Y107.694
G1 F900 Z4.81
G1 F480 E385.51053
G1 F759.1 X115.189 Y107.694 E385.80255
G1 X115.189 Y95.306 E386.07294
G1 X101.81 Y95.306 E386.36497
G1 X101.81 Y105.792 E386.59384
G0 F683.2 X101.81 Y107.694
G0 F9000 X102.01 Y107.694
G0 X101.125 Y108.375
G1 F480 E386.63536
G1 F759.1 X101.125 Y94.625 E386.93548
G1 X115.875 Y94.625 E387.25743
G1 X115.875 Y108.375 E387.55755
G1 X103.027 Y108.375 E387.83798
G0 F683.2 X101.125 Y108.375
G0 F9000 X101.125 Y108.175
G0 X101.525 Y107.975
G1 F1500 E386.33798
G1 F900 Z5.81
G0 F9000 X101.525 Y107.975 Z5.81
G0 X81.872 Y108.128
;TIME_ELAPSED:966.704218
;LAYER:31
G0 X81.872 Y108.128 Z5.96
;TYPE:WALL-OUTER
G1 F900 Z4.96
G1 F480 E387.94186
G1 F759.1 X96.127 Y108.128 E388.253
G1 X96.127 Y88.872 E388.6733
G1 X81.872 Y88.872 E388.98445
G1 X81.872 Y106.226 E389.36323
G0 F683.2 X81.872 Y108.128
G0 F9000 X82.072 Y108.128
G0 X82.072 Y108.513
G0 X81.125 Y108.875
G1 F480 E389.40475
G1 F759.1 X81.125 Y88.125 E389.85765
G1 X96.875 Y88.125 E390.20143
G1 X96.875 Y108.875 E390.65434
G1 X83.027 Y108.875 E390.9566
G0 F683.2 X81.125 Y108.875
G0 F9000 X81.125 Y108.675
G0 X81.51 Y108.49
G0 X81.525 Y108.475
G1 F1500 E389.4566
G1 F900 Z5.96
G0 F9000 X81.525 Y108.475 Z5.96
G0 X101.81 Y107.694
G1 F900 Z4.96
G1 F480 E391.06048
G1 F759.1 X115.189 Y107.694 E391.3525
G1 X115.189 Y95.306 E391.62289
G1 X101.81 Y95.306 E391.91491
G1 X101.81 Y105.792 E392.14379
G0 F683.2 X101.81 Y107.694
G0 F9000 X102.01 Y107.694
G0 X101.125 Y108.375
G1 F480 E392.18531
G1 F759.1 X101.125 Y94.625 E392.48543
G1 X115.875 Y94.625 E392.80738
G1 X115.875 Y108.375 E393.1075
G1 X103.027 Y108.375 E393.38793
G0 F683.2 X101.125 Y108.375
G0 F9000 X101.125 Y108.175
G0 X101.525 Y107.975
G1 F1500 E391.88793
G1 F900 Z5.96
G0 F9000 X101.525 Y107.975 Z5.96
G0 X81.872 Y108.128
;TIME_ELAPSED:988.732042
;LAYER:32
G0 X81.872 Y108.128 Z6.11
;TYPE:WALL-OUTER
G1 F900 Z5.11
G1 F480 E393.49181
G1 F759.1 X96.127 Y108.128 E393.80295
G1 X96.127 Y88.872 E394.22325
G1 X81.872 Y88.872 E394.53439
G1 X81.872 Y106.226 E394.91318
G0 F683.2 X81.872 Y108.128
G0 F9000 X82.072 Y108.128
G0 X82.072 Y108.513
G0 X81.125 Y108.875
G1 F480 E394.95469
G1 F759.1 X81.125 Y88.125 E395.4076
G1 X96.875 Y88.125 E395.75138
G1 X96.875 Y108.875 E396.20429
G1 X83.027 Y108.875 E396.50655
G0 F683.2 X81.125 Y108.875
G0 F9000 X81.125 Y108.675
G0 X81.51 Y108.49
G0 X81.525 Y108.475
G1 F1500 E395.00655
G1 F900 Z6.11
G0 F9000 X81.525 Y108.475 Z6.11
G0 X101.81 Y107.694
G1 F900 Z5.11
G1 F480 E396.61042
G1 F759.1 X115.189 Y107.694 E396.90245
G1 X115.189 Y95.306 E397.17284
G1 X101.81 Y95.306 E397.46486
G1 X101.81 Y105.792 E397.69374
G0 F683.2 X101.81 Y107.694
G0 F9000 X102.01 Y107.694
G0 X101.125 Y108.375
G1 F480 E397.73526
G1 F759.1 X101.125 Y94.625 E398.03538
G1 X115.875 Y94.625 E398.35732
G1 X115.875 Y108.375 E398.65744
G1 X103.027 Y108.375 E398.93788
G0 F683.2 X101.125 Y108.375
G0 F9000 X101.125 Y108.175
G0 X101.525 Y107.975
G1 F1500 E397.43788
G1 F900 Z6.11
G0 F9000 X101.525 Y107.975 Z6.11
G0 X81.872 Y108.128
;TIME_ELAPSED:1010.759865
;LAYER:33
G0 X81.872 Y108.128 Z6.26
;TYPE:WALL-OUTER
G1 F900 Z5.26
G1 F480 E399.04175
G1 F759.1 X96.127 Y108.128 E399.3529
G1 X96.127 Y88.872 E399.7732
G1 X81.872 Y88.872 E400.08434
G1 X81.872 Y106.226 E400.46313
G0 F683.2 X81.872 Y108.128
G0 F9000 X82.072 Y108.128
G0 X82.072 Y108.513
G0 X81.125 Y108.875
G1 F480 E400.50464
G1 F759.1 X81.125 Y88.125 E400.95755
G1 X96.875 Y88.125 E401.30133
G1 X96.875 Y108.875 E401.75424
G1 X83.027 Y108.875 E402.0565
G0 F683.2 X81.125 Y108.875
G0 F9000 X81.125 Y108.675
G0 X81.51 Y108.49
G0 X81.525 Y108.475
G1 F1500 E400.5565
G1 F900 Z6.26
G0 F9000 X81.525 Y108.475 Z6.26
G0 X101.81 Y107.694
G1 F900 Z5.26
G1 F480 E402.16037
G1 F759.1 X115.189 Y107.694 E402.4524
G1 X115.189 Y95.306 E402.72279
G1 X101.81 Y95.306 E403.01481
G1 X101.81 Y105.792 E403.24369
G0 F683.2 X101.81 Y107.694
G0 F9000 X102.01 Y107.694
G0 X101.125 Y108.375
G1 F480 E403.2852
G1 F759.1 X101.125 Y94.625 E403.58532
G1 X115.875 Y94.625 E403.90727
G1 X115.875 Y108.375 E404.20739
G1 X103.027 Y108.375 E404.48783
G0 F683.2 X101.125 Y108.375
G0 F9000 X101.125 Y108.175
G0 X101.525 Y107.975
G1 F1500 E402.98783
G1 F900 Z6.26
G0 F9000 X101.525 Y107.975 Z6.26
G0 X81.872 Y108.128
;TIME_ELAPSED:1032.787689
;LAYER:34
G0 X81.872 Y108.128 Z6.41
;TYPE:WALL-OUTER
G1 F900 Z5.41
G1 F480 E404.5917
G1 F759.1 X96.127 Y108.128 E404.90285
G1 X96.127 Y88.872 E405.32315
G1 X81.872 Y88.872 E405.63429
G1 X81.872 Y106.226 E406.01308
G0 F683.2 X81.872 Y108.128
G0 F9000 X82.072 Y108.128
G0 X82.072 Y108.513
G0 X81.125 Y108.875
G1 F480 E406.05459
G1 F759.1 X81.125 Y88.125 E406.5075
G1 X96.875 Y88.125 E406.85127
G1 X96.875 Y108.875 E407.30418
G1 X83.027 Y108.875 E407.60644
G0 F683.2 X81.125 Y108.875
G0 F9000 X81.125 Y108.675
G0 X81.51 Y108.49
G0 X81.525 Y108.475
G1 F1500 E406.10644
G1 F900 Z6.41
G0 F9000 X81.525 Y108.475 Z6.41
G0 X101.81 Y107.694
G1 F900 Z5.41
G1 F480 E407.71032
G1 F759.1 X115.189 Y107.694 E408.00234
G1 X115.189 Y95.306 E408.27274
G1 X101.81 Y95.306 E408.56476
G1 X101.81 Y105.792 E408.79364
G0 F683.2 X101.81 Y107.694
G0 F9000 X102.01 Y107.694
G0 X101.125 Y108.375
G1 F480 E408.83515
G1 F759.1 X101.125 Y94.625 E409.13527
G1 X115.875 Y94.625 E409.45722
G1 X115.875 Y108.375 E409.75734
G1 X103.027 Y108.375 E410.03777
G0 F683.2 X101.125 Y108.375
G0 F9000 X101.125 Y108.175
G0 X101.525 Y107.975
G1 F1500 E408.53777
G1 F900 Z6.41
G0 F9000 X101.525 Y107.975 Z6.41
G0 X81.872 Y108.128
;TIME_ELAPSED:1054.815513
;LAYER:35
G0 X81.872 Y108.128 Z6.56
;TYPE:WALL-OUTER
G1 F900 Z5.56
G1 F480 E410.14165
G1 F759.1 X96.127 Y108.128 E410.45279
G1 X96.127 Y88.872 E410.87309
G1 X81.872 Y88.872 E411.18424
G1 X81.872 Y106.226 E411.56302
G0 F683.2 X81.872 Y108.128
G0 F9000 X82.072 Y108.128
G0 X82.072 Y108.513
G0 X81.125 Y108.875
G1 F480 E411.60454
G1 F759.1 X81.125 Y88.125 E412.05745
G1 X96.875 Y88.125 E412.40122
G1 X96.875 Y108.875 E412.85413
G1 X83.027 Y108.875 E413.15639
G0 F683.2 X81.125 Y108.875
G0 F9000 X81.125 Y108.675
G0 X81.51 Y108.49
G0 X81.525 Y108.475
G1 F1500 E411.65639
G1 F900 Z6.56
G0 F9000 X81.525 Y108.475 Z6.56
G0 X101.81 Y107.694
G1 F900 Z5.56
G1 F480 E413.26027
G1 F759.1 X115.189 Y107.694 E413.55229
G1 X115.189 Y95.306 E413.82268
G1 X101.81 Y95.306 E414.11471
G1 X101.81 Y105.792 E414.34359
G0 F683.2 X101.81 Y107.694
G0 F9000 X102.01 Y107.694
G0 X101.125 Y108.375
G1 F480 E414.3851
G1 F759.1 X101.125 Y94.625 E414.68522
G1 X115.875 Y94.625 E415.00717
G1 X115.875 Y108.375 E415.30729
G1 X103.027 Y108.375 E415.58772
G0 F683.2 X101.125 Y108.375
G0 F9000 X101.125 Y108.175
G0 X101.525 Y107.975
G1 F1500 E414.08772
G1 F900 Z6.56
G0 F9000 X101.525 Y107.975 Z6.56
G0 X81.872 Y108.128
;TIME_ELAPSED:1076.843337
;LAYER:36
G0 X81.872 Y108.128 Z6.71
;TYPE:WALL-OUTER
G1 F900 Z5.71
G1 F480 E415.6916
G1 F759.1 X96.127 Y108.128 E416.00274
G1 X96.127 Y88.872 E416.42304
G1 X81.872 Y88.872 E416.73419
G1 X81.872 Y106.226 E417.11297
G0 F683.2 X81.872 Y108.128
G0 F9000 X82.072 Y108.128
G0 X82.072 Y108.513
G0 X81.125 Y108.875
G1 F480 E417.15449
G1 F759.1 X81.125 Y88.125 E417.6074
G1 X96.875 Y88.125 E417.95117
G1 X96.875 Y108.875 E418.40408
G1 X83.027 Y108.875 E418.70634
G0 F683.2 X81.125 Y108.875
G0 F9000 X81.125 Y108.675
G0 X81.51 Y108.49
G0 X81.525 Y108.475
G1 F1500 E417.20634
G1 F900 Z6.71
G0 F9000 X81.525 Y108.475 Z6.71
G0 X101.81 Y107.694
G1 F900 Z5.71
G1 F480 E418.81022
G1 F759.1 X115.189 Y107.694 E419.10224
G1 X115.189 Y95.306 E419.37263
G1 X101.81 Y95.306 E419.66466
G1 X101.81 Y105.792 E419.89353
G0 F683.2 X101.81 Y107.694
G0 F9000 X102.01 Y107.694
G0 X101.125 Y108.375
G1 F480 E419.93505
G1 F759.1 X101.125 Y94.625 E420.23517
G1 X115.875 Y94.625 E420.55712
G1 X115.875 Y108.375 E420.85724
G1 X103.027 Y108.375 E421.13767
G0 F683.2 X101.125 Y108.375
G0 F9000 X101.125 Y108.175
G0 X101.525 Y107.975
G1 F1500 E419.63767
G1 F900 Z6.71
G0 F9000 X101.525 Y107.975 Z6.71
G0 X81.872 Y108.128
;TIME_ELAPSED:1098.871161
;LAYER:37
G0 X81.872 Y108.128 Z6.86
;TYPE:WALL-OUTER
G1 F900 Z5.86
G1 F480 E421.24155
G1 F759.1 X96.127 Y108.128 E421.55269
G1 X96.127 Y88.872 E421.97299
G1 X81.872 Y88.872 E422.28413
G1 X81.872 Y106.226 E422.66292
G0 F683.2 X81.872 Y108.128
G0 F9000 X82.072 Y108.128
G0 X82.072 Y108.513
G0 X81.125 Y108.875
G1 F480 E422.70443
G1 F759.1 X81.125 Y88.125 E423.15734
G1 X96.875 Y88.125 E423.50112
G1 X96.875 Y108.875 E423.95403
G1 X83.027 Y108.875 E424.25629
G0 F683.2 X81.125 Y108.875
G0 F9000 X81.125 Y108.675
G0 X81.51 Y108.49
G0 X81.525 Y108.475
G1 F1500 E422.75629
G1 F900 Z6.86
G0 F9000 X81.525 Y108.475 Z6.86
G0 X101.81 Y107.694
G1 F900 Z5.86
G1 F480 E424.36017
G1 F759.1 X115.189 Y107.694 E424.65219
G1 X115.189 Y95.306 E424.92258
G1 X101.81 Y95.306 E425.2146
G1 X101.81 Y105.792 E425.44348
G0 F683.2 X101.81 Y107.694
G0 F9000 X102.01 Y107.694
G0 X101.125 Y108.375
G1 F480 E425.485
G1 F759.1 X101.125 Y94.625 E425.78512
G1 X115.875 Y94.625 E426.10707
G1 X115.875 Y108.375 E426.40719
G1 X103.027 Y108.375 E426.68762
G0 F683.2 X101.125 Y108.375
G0 F9000 X101.125 Y108.175
G0 X101.525 Y107.975
G1 F1500 E425.18762
G1 F900 Z6.86
G0 F9000 X101.525 Y107.975 Z6.86
G0 X81.872 Y108.128
;TIME_ELAPSED:1120.898985
;LAYER:38
G0 X81.872 Y108.128 Z7.01
;TYPE:WALL-OUTER
G1 F900 Z6.01
G1 F480 E426.7915
G1 F759.1 X96.127 Y108.128 E427.10264
G1 X96.127 Y88.872 E427.52294
G1 X81.872 Y88.872 E427.83408
G1 X81.872 Y106.226 E428.21287
G0 F683.2 X81.872 Y108.128
G0 F9000 X82.072 Y108.128
G0 X82.072 Y108.513
G0 X81.125 Y108.875
G1 F480 E428.25438
G1 F759.1 X81.125 Y88.125 E428.70729
G1 X96.875 Y88.125 E429.05107
G1 X96.875 Y108.875 E429.50398
G1 X83.027 Y108.875 E429.80624
G0 F683.2 X81.125 Y108.875
G0 F9000 X81.125 Y108.675
G0 X81.51 Y108.49
G0 X81.525 Y108.475
G1 F1500 E428.30624
G1 F900 Z7.01
G0 F9000 X81.525 Y108.475 Z7.01
G0 X101.81 Y107.694
G1 F900 Z6.01
G1 F480 E429.91011
G1 F759.1 X115.189 Y107.694 E430.20214
G1 X115.189 Y95.306 E430.47253
G1 X101.81 Y95.306 E430.76455
G1 X101.81 Y105.792 E430.99343
G0 F683.2 X101.81 Y107.694
G0 F9000 X102.01 Y107.694
G0 X101.125 Y108.375
G1 F480 E431.03494
G1 F759.1 X101.125 Y94.625 E431.33507
G1 X115.875 Y94.625 E431.65701
G1 X115.875 Y108.375 E431.95713
G1 X103.027 Y108.375 E432.23757
G0 F683.2 X101.125 Y108.375
G0 F9000 X101.125 Y108.175
G0 X101.525 Y107.975
G1 F1500 E430.73757
G1 F900 Z7.01
G0 F9000 X101.525 Y107.975 Z7.01
G0 X81.872 Y108.128
;TIME_ELAPSED:1142.926809
;LAYER:39
G0 X81.872 Y108.128 Z7.16
;TYPE:WALL-OUTER
G1 F900 Z6.16
G1 F480 E432.34144
G1 F759.1 X96.127 Y108.128 E432.65259
G1 X96.127 Y88.872 E433.07289
G1 X81.872 Y88.872 E433.38403
G1 X81.872 Y106.226 E433.76282
G0 F683.2 X81.872 Y108.128
G0 F9000 X82.072 Y108.128
G0 X82.072 Y108.513
G0 X81.125 Y108.875
G1 F480 E433.80433
G1 F759.1 X81.125 Y88.125 E434.25724
G1 X96.875 Y88.125 E434.60102
G1 X96.875 Y108.875 E435.05392
G1 X83.027 Y108.875 E435.35618
G0 F683.2 X81.125 Y108.875
G0 F9000 X81.125 Y108.675
G0 X81.51 Y108.49
G0 X81.525 Y108.475
G1 F1500 E433.85618
G1 F900 Z7.16
G0 F9000 X81.525 Y108.475 Z7.16
G0 X101.81 Y107.694
G1 F900 Z6.16
G1 F480 E435.46006
G1 F759.1 X115.189 Y107.694 E435.75209
G1 X115.189 Y95.306 E436.02248
G1 X101.81 Y95.306 E436.3145
G1 X101.81 Y105.792 E436.54338
G0 F683.2 X101.81 Y107.694
G0 F9000 X102.01 Y107.694
G0 X101.125 Y108.375
G1 F480 E436.58489
G1 F759.1 X101.125 Y94.625 E436.88501
G1 X115.875 Y94.625 E437.20696
G1 X115.875 Y108.375 E437.50708
G1 X103.027 Y108.375 E437.78752
G0 F683.2 X101.125 Y108.375
G0 F9000 X101.125 Y108.175
G0 X101.525 Y107.975
G1 F1500 E436.28752
G1 F900 Z7.16
G0 F9000 X101.525 Y107.975 Z7.16
G0 X81.872 Y108.128
;TIME_ELAPSED:1164.954633
;LAYER:40
G0 X81.872 Y108.128 Z7.31
;TYPE:WALL-OUTER
G1 F900 Z6.31
G1 F480 E437.89139
G1 F759.1 X96.127 Y108.128 E438.20254
G1 X96.127 Y88.872 E438.62284
G1 X81.872 Y88.872 E438.93398
G1 X81.872 Y106.226 E439.31276
G0 F683.2 X81.872 Y108.128
G0 F9000 X82.072 Y108.128
G0 X82.072 Y108.513
G0 X81.125 Y108.875
G1 F480 E439.35428
G1 F759.1 X81.125 Y88.125 E439.80719
G1 X96.875 Y88.125 E440.15096
G1 X96.875 Y108.875 E440.60387
G1 X83.027 Y108.875 E440.90613
G0 F683.2 X81.125 Y108.875
G0 F9000 X81.125 Y108.675
G0 X81.51 Y108.49
G0 X81.525 Y108.475
G1 F1500 E439.40613
G1 F900 Z7.31
G0 F9000 X81.525 Y108.475 Z7.31
G0 X101.81 Y107.694
G1 F900 Z6.31
G1 F480 E441.01001
G1 F759.1 X115.189 Y107.694 E441.30203
G1 X115.189 Y95.306 E441.57243
G1 X101.81 Y95.306 E441.86445
G1 X101.81 Y105.792 E442.09333
G0 F683.2 X101.81 Y107.694
G0 F9000 X102.01 Y107.694
G0 X101.125 Y108.375
G1 F480 E442.13484
G1 F759.1 X101.125 Y94.625 E442.43496
G1 X115.875 Y94.625 E442.75691
G1 X115.875 Y108.375 E443.05703
G1 X103.027 Y108.375 E443.33746
G0 F683.2 X101.125 Y108.375
G0 F9000 X101.125 Y108.175
G0 X101.525 Y107.975
G1 F1500 E441.83746
G1 F900 Z7.31
G0 F9000 X101.525 Y107.975 Z7.31
G0 X81.872 Y108.128
;TIME_ELAPSED:1186.982456
;LAYER:41
G0 X81.872 Y108.128 Z7.46
;TYPE:WALL-OUTER
G1 F900 Z6.46
G1 F480 E443.44134
G1 F759.1 X96.127 Y108.128 E443.75248
G1 X96.127 Y88.872 E444.17278
G1 X81.872 Y88.872 E444.48393
G1 X81.872 Y106.226 E444.86271
G0 F683.2 X81.872 Y108.128
G0 F9000 X82.072 Y108.128
G0 X82.072 Y108.513
G0 X81.125 Y108.875
G1 F480 E444.90423
G1 F759.1 X81.125 Y88.125 E445.35714
G1 X96.875 Y88.125 E445.70091
G1 X96.875 Y108.875 E446.15382
G1 X83.027 Y108.875 E446.45608
G0 F683.2 X81.125 Y108.875
G0 F9000 X81.125 Y108.675
G0 X81.51 Y108.49
G0 X81.525 Y108.475
G1 F1500 E444.95608
G1 F900 Z7.46
G0 F9000 X81.525 Y108.475 Z7.46
G0 X101.81 Y107.694
G1 F900 Z6.46
G1 F480 E446.55996
G1 F759.1 X115.189 Y107.694 E446.85198
G1 X115.189 Y95.306 E447.12237
G1 X101.81 Y95.306 E447.4144
G1 X101.81 Y105.792 E447.64327
G0 F683.2 X101.81 Y107.694
G0 F9000 X102.01 Y107.694
G0 X101.125 Y108.375
G1 F480 E447.68479
G1 F759.1 X101.125 Y94.625 E447.98491
G1 X115.875 Y94.625 E448.30686
G1 X115.875 Y108.375 E448.60698
G1 X103.027 Y108.375 E448.88741
G0 F683.2 X101.125 Y108.375
G0 F9000 X101.125 Y108.175
G0 X101.525 Y107.975
G1 F1500 E447.38741
G1 F900 Z7.46
G0 F9000 X101.525 Y107.975 Z7.46
G0 X81.872 Y108.128
;TIME_ELAPSED:1209.010280
;LAYER:42
G0 X81.872 Y108.128 Z7.61
;TYPE:WALL-OUTER
G1 F900 Z6.61
G1 F480 E448.99129
G1 F759.1 X96.127 Y108.128 E449.30243
G1 X96.127 Y88.872 E449.72273
G1 X81.872 Y88.872 E450.03388
G1 X81.872 Y106.226 E450.41266
G0 F683.2 X81.872 Y108.128
G0 F9000 X82.072 Y108.128
G0 X82.072 Y108.513
G0 X81.125 Y108.875
G1 F480 E450.45418
G1 F759.1 X81.125 Y88.125 E450.90709
G1 X96.875 Y88.125 E451.25086
G1 X96.875 Y108.875 E451.70377
G1 X83.027 Y108.875 E452.00603
G0 F683.2 X81.125 Y108.875
G0 F9000 X81.125 Y108.675
G0 X81.51 Y108.49
G0 X81.525 Y108.475
G1 F1500 E450.50603
G1 F900 Z7.61
G0 F9000 X81.525 Y108.475 Z7.61
G0 X101.81 Y107.694
G1 F900 Z6.61
G1 F480 E452.10991
G1 F759.1 X115.189 Y107.694 E452.40193
G1 X115.189 Y95.306 E452.67232
G1 X101.81 Y95.306 E452.96435
G1 X101.81 Y105.792 E453.19322
G0 F683.2 X101.81 Y107.694
G0 F9000 X102.01 Y107.694
G0 X101.125 Y108.375
G1 F480 E453.23474
G1 F759.1 X101.125 Y94.625 E453.53486
G1 X115.875 Y94.625 E453.85681
G1 X115.875 Y108.375 E454.15693
G1 X103.027 Y108.375 E454.43736
G0 F683.2 X101.125 Y108.375
G0 F9000 X101.125 Y108.175
G0 X101.525 Y107.975
G1 F1500 E452.93736
G1 F900 Z7.61
G0 F9000 X101.525 Y107.975 Z7.61
G0 X81.872 Y108.128
;TIME_ELAPSED:1231.038104
;LAYER:43
G0 X81.872 Y108.128 Z7.76
;TYPE:WALL-OUTER
G1 F900 Z6.76
G1 F480 E454.54124
G1 F759.1 X96.127 Y108.128 E454.85238
G1 X96.127 Y88.872 E455.27268
G1 X81.872 Y88.872 E455.58382
G1 X81.872 Y106.226 E455.96261
G0 F683.2 X81.872 Y108.128
G0 F9000 X82.072 Y108.128
G0 X82.072 Y108.513
G0 X81.125 Y108.875
G1 F480 E456.00412
G1 F759.1 X81.125 Y88.125 E456.45703
G1 X96.875 Y88.125 E456.80081
G1 X96.875 Y108.875 E457.25372
G1 X83.027 Y108.875 E457.55598
G0 F683.2 X81.125 Y108.875
G0 F9000 X81.125 Y108.675
G0 X81.51 Y108.49
G0 X81.525 Y108.475
G1 F1500 E456.05598
G1 F900 Z7.76
G0 F9000 X81.525 Y108.475 Z7.76
G0 X101.81 Y107.694
G1 F900 Z6.76
G1 F480 E457.65986
G1 F759.1 X115.189 Y107.694 E457.95188
G1 X115.189 Y95.306 E458.22227
G1 X101.81 Y95.306 E458.51429
G1 X101.81 Y105.792 E458.74317
G0 F683.2 X101.81 Y107.694
G0 F9000 X102.01 Y107.694
G0 X101.125 Y108.375
G1 F480 E458.78469
G1 F759.1 X101.125 Y94.625 E459.08481
G1 X115.875 Y94.625 E459.40675
G1 X115.875 Y108.375 E459.70688
G1 X103.027 Y108.375 E459.98731
G0 F683.2 X101.125 Y108.375
G0 F9000 X101.125 Y108.175
G0 X101.525 Y107.975
G1 F1500 E458.48731
G1 F900 Z7.76
G0 F9000 X101.525 Y107.975 Z7.76
G0 X81.872 Y108.128
;TIME_ELAPSED:1253.065928
;LAYER:44
G0 X81.872 Y108.128 Z7.91
;TYPE:WALL-OUTER
G1 F900 Z6.91
G1 F480 E460.09119
G1 F759.1 X96.127 Y108.128 E460.40233
G1 X96.127 Y88.872 E460.82263
G1 X81.872 Y88.872 E461.13377
G1 X81.872 Y106.226 E461.51256
G0 F683.2 X81.872 Y108.128
G0 F9000 X82.072 Y108.128
G0 X82.072 Y108.513
G0 X81.125 Y108.875
G1 F480 E461.55407
G1 F759.1 X81.125 Y88.125 E462.00698
G1 X96.875 Y88.125 E462.35076
G1 X96.875 Y108.875 E462.80367
G1 X83.027 Y108.875 E463.10593
G0 F683.2 X81.125 Y108.875
G0 F9000 X81.125 Y108.675
G0 X81.51 Y108.49
G0 X81.525 Y108.475
G1 F1500 E461.60593
G1 F900 Z7.91
G0 F9000 X81.525 Y108.475 Z7.91
G0 X101.81 Y107.694
G1 F900 Z6.91
G1 F480 E463.2098
G1 F759.1 X115.189 Y107.694 E463.50183
G1 X115.189 Y95.306 E463.77222
G1 X101.81 Y95.306 E464.06424
G1 X101.81 Y105.792 E464.29312
G0 F683.2 X101.81 Y107.694
G0 F9000 X102.01 Y107.694
G0 X101.125 Y108.375
G1 F480 E464.33463
G1 F759.1 X101.125 Y94.625 E464.63476
G1 X115.875 Y94.625 E464.9567
G1 X115.875 Y108.375 E465.25682
G1 X103.027 Y108.375 E465.53726
G0 F683.2 X101.125 Y108.375
G0 F9000 X101.125 Y108.175
G0 X101.525 Y107.975
G1 F1500 E464.03726
G1 F900 Z7.91
G0 F9000 X101.525 Y107.975 Z7.91
G0 X81.872 Y108.128
;TIME_ELAPSED:1275.093752
;LAYER:45
G0 X81.872 Y108.128 Z8.06
;TYPE:WALL-OUTER
G1 F900 Z7.06
G1 F480 E465.64113
G1 F759.1 X96.127 Y108.128 E465.95228
G1 X96.127 Y88.872 E466.37258
G1 X81.872 Y88.872 E466.68372
G1 X81.872 Y106.226 E467.06251
G0 F683.2 X81.872 Y108.128
G0 F9000 X82.072 Y108.128
G0 X82.072 Y108.513
G0 X81.125 Y108.875
G1 F480 E467.10402
G1 F759.1 X81.125 Y88.125 E467.55693
G1 X96.875 Y88.125 E467.90071
G1 X96.875 Y108.875 E468.35361
G1 X83.027 Y108.875 E468.65587
G0 F683.2 X81.125 Y108.875
G0 F9000 X81.125 Y108.675
G0 X81.51 Y108.49
G0 X81.525 Y108.475
G1 F1500 E467.15587
G1 F900 Z8.06
G0 F9000 X81.525 Y108.475 Z8.06
G0 X101.81 Y107.694
G1 F900 Z7.06
G1 F480 E468.75975
G1 F759.1 X115.189 Y107.694 E469.05177
G1 X115.189 Y95.306 E469.32217
G1 X101.81 Y95.306 E469.61419
G1 X101.81 Y105.792 E469.84307
G0 F683.2 X101.81 Y107.694
G0 F9000 X102.01 Y107.694
G0 X101.125 Y108.375
G1 F480 E469.88458
G1 F759.1 X101.125 Y94.625 E470.1847
G1 X115.875 Y94.625 E470.50665
G1 X115.875 Y108.375 E470.80677
G1 X103.027 Y108.375 E471.0872
G0 F683.2 X101.125 Y108.375
G0 F9000 X101.125 Y108.175
G0 X101.525 Y107.975
G1 F1500 E469.5872
G1 F900 Z8.06
G0 F9000 X101.525 Y107.975 Z8.06
G0 X81.872 Y108.128
;TIME_ELAPSED:1297.121576
;LAYER:46
G0 X81.872 Y108.128 Z8.21
;TYPE:WALL-OUTER
G1 F900 Z7.21
G1 F480 E471.19108
G1 F759.1 X96.127 Y108.128 E471.50223
G1 X96.127 Y88.872 E471.92253
G1 X81.872 Y88.872 E472.23367
G1 X81.872 Y106.226 E472.61245
G0 F683.2 X81.872 Y108.128
G0 F9000 X82.072 Y108.128
G0 X82.072 Y108.513
G0 X81.125 Y108.875
G1 F480 E472.65397
G1 F759.1 X81.125 Y88.125 E473.10688
G1 X96.875 Y88.125 E473.45065
G1 X96.875 Y108.875 E473.90356
G1 X83.027 Y108.875 E474.20582
G0 F683.2 X81.125 Y108.875
G0 F9000 X81.125 Y108.675
G0 X81.51 Y108.49
G0 X81.525 Y108.475
G1 F1500 E472.70582
G1 F900 Z8.21
G0 F9000 X81.525 Y108.475 Z8.21
G0 X101.81 Y107.694
G1 F900 Z7.21
G1 F480 E474.3097
G1 F759.1 X115.189 Y107.694 E474.60172
G1 X115.189 Y95.306 E474.87212
G1 X101.81 Y95.306 E475.16414
G1 X101.81 Y105.792 E475.39302
G0 F683.2 X101.81 Y107.694
G0 F9000 X102.01 Y107.694
G0 X101.125 Y108.375
G1 F480 E475.43453
G1 F759.1 X101.125 Y94.625 E475.73465
G1 X115.875 Y94.625 E476.0566
G1 X115.875 Y108.375 E476.35672
G1 X103.027 Y108.375 E476.63715
G0 F683.2 X101.125 Y108.375
G0 F9000 X101.125 Y108.175
G0 X101.525 Y107.975
G1 F1500 E475.13715
G1 F900 Z8.21
G0 F9000 X101.525 Y107.975 Z8.21
G0 X81.872 Y108.128
;TIME_ELAPSED:1319.149400
;LAYER:47
G0 X81.872 Y108.128 Z8.36
;TYPE:WALL-OUTER
G1 F900 Z7.36
G1 F480 E476.74103
G1 F759.1 X96.127 Y108.128 E477.05217
G1 X96.127 Y88.872 E477.47247
G1 X81.872 Y88.872 E477.78362
G1 X81.872 Y106.226 E478.1624
G0 F683.2 X81.872 Y108.128
G0 F9000 X82.072 Y108.128
G0 X82.072 Y108.513
G0 X81.125 Y108.875
G1 F480 E478.20392
G1 F759.1 X81.125 Y88.125 E478.65683
G1 X96.875 Y88.125 E479.0006
G1 X96.875 Y108.875 E479.45351
G1 X83.027 Y108.875 E479.75577
G0 F683.2 X81.125 Y108.875
G0 F9000 X81.125 Y108.675
G0 X81.51 Y108.49
G0 X81.525 Y108.475
G1 F1500 E478.25577
G1 F900 Z8.36
G0 F9000 X81.525 Y108.475 Z8.36
G0 X101.81 Y107.694
G1 F900 Z7.36
G1 F480 E479.85965
G1 F759.1 X115.189 Y107.694 E480.15167
G1 X115.189 Y95.306 E480.42206
G1 X101.81 Y95.306 E480.71409
G1 X101.81 Y105.792 E480.94296
G0 F683.2 X101.81 Y107.694
G0 F9000 X102.01 Y107.694
G0 X101.125 Y108.375
G1 F480 E480.98448
G1 F759.1 X101.125 Y94.625 E481.2846
G1 X115.875 Y94.625 E481.60655
G1 X115.875 Y108.375 E481.90667
G1 X103.027 Y108.375 E482.1871
G0 F683.2 X101.125 Y108.375
G0 F9000 X101.125 Y108.175
G0 X101.525 Y107.975
G1 F1500 E480.6871
G1 F900 Z8.36
G0 F9000 X101.525 Y107.975 Z8.36
G0 X81.872 Y108.128
;TIME_ELAPSED:1341.177224
;LAYER:48
G0 X81.872 Y108.128 Z8.51
;TYPE:WALL-OUTER
G1 F900 Z7.51
G1 F480 E482.29098
G1 F759.1 X96.127 Y108.128 E482.60212
G1 X96.127 Y88.872 E483.02242
G1 X81.872 Y88.872 E483.33357
G1 X81.872 Y106.226 E483.71235
G0 F683.2 X81.872 Y108.128
G0 F9000 X82.072 Y108.128
G0 X82.072 Y108.513
G0 X81.125 Y108.875
G1 F480 E483.75387
G1 F759.1 X81.125 Y88.125 E484.20678
G1 X96.875 Y88.125 E484.55055
G1 X96.875 Y108.875 E485.00346
G1 X83.027 Y108.875 E485.30572
G0 F683.2 X81.125 Y108.875
G0 F9000 X81.125 Y108.675
G0 X81.51 Y108.49
G0 X81.525 Y108.475
G1 F1500 E483.80572
G1 F900 Z8.51
G0 F9000 X81.525 Y108.475 Z8.51
G0 X101.81 Y107.694
G1 F900 Z7.51
G1 F480 E485.4096
G1 F759.1 X115.189 Y107.694 E485.70162
G1 X115.189 Y95.306 E485.97201
G1 X101.81 Y95.306 E486.26404
G1 X101.81 Y105.792 E486.49291
G0 F683.2 X101.81 Y107.694
G0 F9000 X102.01 Y107.694
G0 X101.125 Y108.375
G1 F480 E486.53443
G1 F759.1 X101.125 Y94.625 E486.83455
G1 X115.875 Y94.625 E487.1565
G1 X115.875 Y108.375 E487.45662
G1 X103.027 Y108.375 E487.73705
G0 F683.2 X101.125 Y108.375
G0 F9000 X101.125 Y108.175
G0 X101.525 Y107.975
G1 F1500 E486.23705
G1 F900 Z8.51
G0 F9000 X101.525 Y107.975 Z8.51
G0 X81.872 Y108.128
;TIME_ELAPSED:1363.205047
;LAYER:49
G0 X81.872 Y108.128 Z8.66
;TYPE:WALL-OUTER
G1 F900 Z7.66
G1 F480 E487.84093
G1 F759.1 X96.127 Y108.128 E488.15207
G1 X96.127 Y88.872 E488.57237
G1 X81.872 Y88.872 E488.88351
G1 X81.872 Y106.226 E489.2623
G0 F683.2 X81.872 Y108.128
G0 F9000 X82.072 Y108.128
G0 X82.072 Y108.513
G0 X81.125 Y108.875
G1 F480 E489.30381
G1 F759.1 X81.125 Y88.125 E489.75672
G1 X96.875 Y88.125 E490.1005
G1 X96.875 Y108.875 E490.55341
G1 X83.027 Y108.875 E490.85567
G0 F683.2 X81.125 Y108.875
G0 F9000 X81.125 Y108.675
G0 X81.51 Y108.49
G0 X81.525 Y108.475
G1 F1500 E489.35567
G1 F900 Z8.66
G0 F9000 X81.525 Y108.475 Z8.66
G0 X101.81 Y107.694
G1 F900 Z7.66
G1 F480 E490.95955
G1 F759.1 X115.189 Y107.694 E491.25157
G1 X115.189 Y95.306 E491.52196
G1 X101.81 Y95.306 E491.81398
G1 X101.81 Y105.792 E492.04286
G0 F683.2 X101.81 Y107.694
G0 F9000 X102.01 Y107.694
G0 X101.125 Y108.375
G1 F480 E492.08438
G1 F759.1 X101.125 Y94.625 E492.3845
G1 X115.875 Y94.625 E492.70644
G1 X115.875 Y108.375 E493.00657
G1 X103.027 Y108.375 E493.287
G0 F683.2 X101.125 Y108.375
G0 F9000 X101.125 Y108.175
G0 X101.525 Y107.975
G1 F1500 E491.787
G1 F900 Z8.66
G0 F9000 X101.525 Y107.975 Z8.66
G0 X81.872 Y108.128
;TIME_ELAPSED:1385.232871
;LAYER:50
G0 X81.872 Y108.128 Z8.81
;TYPE:WALL-OUTER
G1 F900 Z7.81
G1 F480 E493.39088
G1 F759.1 X96.127 Y108.128 E493.70202
G1 X96.127 Y88.872 E494.12232
G1 X81.872 Y88.872 E494.43346
G1 X81.872 Y106.226 E494.81225
G0 F683.2 X81.872 Y108.128
G0 F9000 X82.072 Y108.128
G0 X82.072 Y108.513
G0 X81.125 Y108.875
G1 F480 E494.85376
G1 F759.1 X81.125 Y88.125 E495.30667
G1 X96.875 Y88.125 E495.65045
G1 X96.875 Y108.875 E496.10336
G1 X83.027 Y108.875 E496.40562
G0 F683.2 X81.125 Y108.875
G0 F9000 X81.125 Y108.675
G0 X81.51 Y108.49
G0 X81.525 Y108.475
G1 F1500 E494.90562
G1 F900 Z8.81
G0 F9000 X81.525 Y108.475 Z8.81
G0 X101.81 Y107.694
G1 F900 Z7.81
G1 F480 E496.50949
G1 F759.1 X115.189 Y107.694 E496.80152
G1 X115.189 Y95.306 E497.07191
G1 X101.81 Y95.306 E497.36393
G1 X101.81 Y105.792 E497.59281
G0 F683.2 X101.81 Y107.694
G0 F9000 X102.01 Y107.694
G0 X101.125 Y108.375
G1 F480 E497.63432
G1 F759.1 X101.125 Y94.625 E497.93444
G1 X115.875 Y94.625 E498.25639
G1 X115.875 Y108.375 E498.55651
G1 X103.027 Y108.375 E498.83695
G0 F683.2 X101.125 Y108.375
G0 F9000 X101.125 Y108.175
G0 X101.525 Y107.975
G1 F1500 E497.33695
G1 F900 Z8.81
G0 F9000 X101.525 Y107.975 Z8.81
G0 X81.872 Y108.128
;TIME_ELAPSED:1407.260695
;LAYER:51
G0 X81.872 Y108.128 Z8.96
;TYPE:WALL-OUTER
G1 F900 Z7.96
G1 F480 E498.94082
G1 F759.1 X96.127 Y108.128 E499.25197
G1 X96.127 Y88.872 E499.67227
G1 X81.872 Y88.872 E499.98341
G1 X81.872 Y106.226 E500.3622
G0 F683.2 X81.872 Y108.128
G0 F9000 X82.072 Y108.128
G0 X82.072 Y108.513
G0 X81.125 Y108.875
G1 F480 E500.40371
G1 F759.1 X81.125 Y88.125 E500.85662
G1 X96.875 Y88.125 E501.20039
G1 X96.875 Y108.875 E501.6533
G1 X83.027 Y108.875 E501.95556
G0 F683.2 X81.125 Y108.875
G0 F9000 X81.125 Y108.675
G0 X81.51 Y108.49
G0 X81.525 Y108.475
G1 F1500 E500.45556
G1 F900 Z8.96
G0 F9000 X81.525 Y108.475 Z8.96
G0 X101.81 Y107.694
G1 F900 Z7.96
G1 F480 E502.05944
G1 F759.1 X115.189 Y107.694 E502.35146
G1 X115.189 Y95.306 E502.62186
G1 X101.81 Y95.306 E502.91388
G1 X101.81 Y105.792 E503.14276
G0 F683.2 X101.81 Y107.694
G0 F9000 X102.01 Y107.694
G0 X101.125 Y108.375
G1 F480 E503.18427
G1 F759.1 X101.125 Y94.625 E503.48439
G1 X115.875 Y94.625 E503.80634
G1 X115.875 Y108.375 E504.10646
G1 X103.027 Y108.375 E504.38689
G0 F683.2 X101.125 Y108.375
G0 F9000 X101.125 Y108.175
G0 X101.525 Y107.975
G1 F1500 E502.88689
G1 F900 Z8.96
G0 F9000 X101.525 Y107.975 Z8.96
G0 X81.872 Y108.128
;TIME_ELAPSED:1429.288519
;LAYER:52
G0 X81.872 Y108.128 Z9.11
;TYPE:WALL-OUTER
G1 F900 Z8.11
G1 F480 E504.49077
G1 F759.1 X96.127 Y108.128 E504.80192
G1 X96.127 Y88.872 E505.22222
G1 X81.872 Y88.872 E505.53336
G1 X81.872 Y106.226 E505.91214
G0 F683.2 X81.872 Y108.128
G0 F9000 X82.072 Y108.128
G0 X82.072 Y108.513
G0 X81.125 Y108.875
G1 F480 E505.95366
G1 F759.1 X81.125 Y88.125 E506.40657
G1 X96.875 Y88.125 E506.75034
G1 X96.875 Y108.875 E507.20325
G1 X83.027 Y108.875 E507.50551
G0 F683.2 X81.125 Y108.875
G0 F9000 X81.125 Y108.675
G0 X81.51 Y108.49
G0 X81.525 Y108.475
G1 F1500 E506.00551
G1 F900 Z9.11
G0 F9000 X81.525 Y108.475 Z9.11
G0 X101.81 Y107.694
G1 F900 Z8.11
G1 F480 E507.60939
G1 F759.1 X115.189 Y107.694 E507.90141
G1 X115.189 Y95.306 E508.17181
G1 X101.81 Y95.306 E508.46383
G1 X101.81 Y105.792 E508.69271
G0 F683.2 X101.81 Y107.694
G0 F9000 X102.01 Y107.694
G0 X101.125 Y108.375
G1 F480 E508.73422
G1 F759.1 X101.125 Y94.625 E509.03434
G1 X115.875 Y94.625 E509.35629
G1 X115.875 Y108.375 E509.65641
G1 X103.027 Y108.375 E509.93684
G0 F683.2 X101.125 Y108.375
G0 F9000 X101.125 Y108.175
G0 X101.525 Y107.975
G1 F1500 E508.43684
G1 F900 Z9.11
G0 F9000 X101.525 Y107.975 Z9.11
G0 X81.872 Y108.128
;TIME_ELAPSED:1451.316343
;LAYER:53
G0 X81.872 Y108.128 Z9.26
;TYPE:WALL-OUTER
G1 F900 Z8.26
G1 F480 E510.04072
G1 F759.1 X96.127 Y108.128 E510.35186
G1 X96.127 Y88.872 E510.77216
G1 X81.872 Y88.872 E511.08331
G1 X81.872 Y106.226 E511.46209
G0 F683.2 X81.872 Y108.128
G0 F9000 X82.072 Y108.128
G0 X82.072 Y108.513
G0 X81.125 Y108.875
G1 F480 E511.50361
G1 F759.1 X81.125 Y88.125 E511.95652
G1 X96.875 Y88.125 E512.30029
G1 X96.875 Y108.875 E512.7532
G1 X83.027 Y108.875 E513.05546
G0 F683.2 X81.125 Y108.875
G0 F9000 X81.125 Y108.675
G0 X81.51 Y108.49
G0 X81.525 Y108.475
G1 F1500 E511.55546
G1 F900 Z9.26
G0 F9000 X81.525 Y108.475 Z9.26
G0 X101.81 Y107.694
G1 F900 Z8.26
G1 F480 E513.15934
G1 F759.1 X115.189 Y107.694 E513.45136
G1 X115.189 Y95.306 E513.72175
G1 X101.81 Y95.306 E514.01378
G1 X101.81 Y105.792 E514.24265
G0 F683.2 X101.81 Y107.694
G0 F9000 X102.01 Y107.694
G0 X101.125 Y108.375
G1 F480 E514.28417
G1 F759.1 X101.125 Y94.625 E514.58429
G1 X115.875 Y94.625 E514.90624
G1 X115.875 Y108.375 E515.20636
G1 X103.027 Y108.375 E515.48679
G0 F683.2 X101.125 Y108.375
G0 F9000 X101.125 Y108.175
G0 X101.525 Y107.975
G1 F1500 E513.98679
G1 F900 Z9.26
G0 F9000 X101.525 Y107.975 Z9.26
G0 X81.872 Y108.128
;TIME_ELAPSED:1473.344167
;LAYER:54
G0 X81.872 Y108.128 Z9.41
;TYPE:WALL-OUTER
G1 F900 Z8.41
G1 F480 E515.59067
G1 F759.1 X96.127 Y108.128 E515.90181
G1 X96.127 Y88.872 E516.32211
G1 X81.872 Y88.872 E516.63326
G1 X81.872 Y106.226 E517.01204
G0 F683.2 X81.872 Y108.128
G0 F9000 X82.072 Y108.128
G0 X82.072 Y108.513
G0 X81.125 Y108.875
G1 F480 E517.05356
G1 F759.1 X81.125 Y88.125 E517.50646
G1 X96.875 Y88.125 E517.85024
G1 X96.875 Y108.875 E518.30315
G1 X83.027 Y108.875 E518.60541
G0 F683.2 X81.125 Y108.875
G0 F9000 X81.125 Y108.675
G0 X81.51 Y108.49
G0 X81.525 Y108.475
G1 F1500 E517.10541
G1 F900 Z9.41
G0 F9000 X81.525 Y108.475 Z9.41
G0 X101.81 Y107.694
G1 F900 Z8.41
G1 F480 E518.70929
G1 F759.1 X115.189 Y107.694 E519.00131
G1 X115.189 Y95.306 E519.2717
G1 X101.81 Y95.306 E519.56372
G1 X101.81 Y105.792 E519.7926
G0 F683.2 X101.81 Y107.694
G0 F9000 X102.01 Y107.694
G0 X101.125 Y108.375
G1 F480 E519.83412
G1 F759.1 X101.125 Y94.625 E520.13424
G1 X115.875 Y94.625 E520.45619
G1 X115.875 Y108.375 E520.75631
G1 X103.027 Y108.375 E521.03674
G0 F683.2 X101.125 Y108.375
G0 F9000 X101.125 Y108.175
G0 X101.525 Y107.975
G1 F1500 E519.53674
G1 F900 Z9.41
G0 F9000 X101.525 Y107.975 Z9.41
G0 X81.872 Y108.128
;TIME_ELAPSED:1495.371991
;LAYER:55
G0 X81.872 Y108.128 Z9.56
;TYPE:WALL-OUTER
G1 F900 Z8.56
G1 F480 E521.14062
G1 F759.1 X96.127 Y108.128 E521.45176
G1 X96.127 Y88.872 E521.87206
G1 X81.872 Y88.872 E522.1832
G1 X81.872 Y106.226 E522.56199
G0 F683.2 X81.872 Y108.128
G0 F9000 X82.072 Y108.128
G0 X82.072 Y108.513
G0 X81.125 Y108.875
G1 F480 E522.6035
G1 F759.1 X81.125 Y88.125 E523.05641
G1 X96.875 Y88.125 E523.40019
G1 X96.875 Y108.875 E523.8531
G1 X83.027 Y108.875 E524.15536
G0 F683.2 X81.125 Y108.875
G0 F9000 X81.125 Y108.675
G0 X81.51 Y108.49
G0 X81.525 Y108.475
G1 F1500 E522.65536
G1 F900 Z9.56
G0 F9000 X81.525 Y108.475 Z9.56
G0 X101.81 Y107.694
G1 F900 Z8.56
G1 F480 E524.25923
G1 F759.1 X115.189 Y107.694 E524.55126
G1 X115.189 Y95.306 E524.82165
G1 X101.81 Y95.306 E525.11367
G1 X101.81 Y105.792 E525.34255
G0 F683.2 X101.81 Y107.694
G0 F9000 X102.01 Y107.694
G0 X101.125 Y108.375
G1 F480 E525.38407
G1 F759.1 X101.125 Y94.625 E525.68419
G1 X115.875 Y94.625 E526.00613
G1 X115.875 Y108.375 E526.30625
G1 X103.027 Y108.375 E526.58669
G0 F683.2 X101.125 Y108.375
G0 F9000 X101.125 Y108.175
G0 X101.525 Y107.975
G1 F1500 E525.08669
G1 F900 Z9.56
G0 F9000 X101.525 Y107.975 Z9.56
G0 X81.872 Y108.128
;TIME_ELAPSED:1517.399815
;LAYER:56
G0 X81.872 Y108.128 Z9.71
;TYPE:WALL-OUTER
G1 F900 Z8.71
G1 F480 E526.69057
G1 F759.1 X96.127 Y108.128 E527.00171
G1 X96.127 Y88.872 E527.42201
G1 X81.872 Y88.872 E527.73315
G1 X81.872 Y106.226 E528.11194
G0 F683.2 X81.872 Y108.128
G0 F9000 X82.072 Y108.128
G0 X82.072 Y108.513
G0 X81.125 Y108.875
G1 F480 E528.15345
G1 F759.1 X81.125 Y88.125 E528.60636
G1 X96.875 Y88.125 E528.95014
G1 X96.875 Y108.875 E529.40305
G1 X83.027 Y108.875 E529.70531
G0 F683.2 X81.125 Y108.875
G0 F9000 X81.125 Y108.675
G0 X81.51 Y108.49
G0 X81.525 Y108.475
G1 F1500 E528.20531
G1 F900 Z9.71
G0 F9000 X81.525 Y108.475 Z9.71
G0 X101.81 Y107.694
G1 F900 Z8.71
G1 F480 E529.80918
G1 F759.1 X115.189 Y107.694 E530.10121
G1 X115.189 Y95.306 E530.3716
G1 X101.81 Y95.306 E530.66362
G1 X101.81 Y105.792 E530.8925
G0 F683.2 X101.81 Y107.694
G0 F9000 X102.01 Y107.694
G0 X101.125 Y108.375
G1 F480 E530.93401
G1 F759.1 X101.125 Y94.625 E531.23413
G1 X115.875 Y94.625 E531.55608
G1 X115.875 Y108.375 E531.8562
G1 X103.027 Y108.375 E532.13664
G0 F683.2 X101.125 Y108.375
G0 F9000 X101.125 Y108.175
G0 X101.525 Y107.975
G1 F1500 E530.63664
G1 F900 Z9.71
G0 F9000 X101.525 Y107.975 Z9.71
G0 X81.872 Y108.128
;TIME_ELAPSED:1539.427638
;LAYER:57
G0 X81.872 Y108.128 Z9.86
;TYPE:WALL-OUTER
G1 F900 Z8.86
G1 F480 E532.24051
G1 F759.1 X96.127 Y108.128 E532.55166
G1 X96.127 Y88.872 E532.97196
G1 X81.872 Y88.872 E533.2831
G1 X81.872 Y106.226 E533.66189
G0 F683.2 X81.872 Y108.128
G0 F9000 X82.072 Y108.128
G0 X82.072 Y108.513
G0 X81.125 Y108.875
G1 F480 E533.7034
G1 F759.1 X81.125 Y88.125 E534.15631
G1 X96.875 Y88.125 E534.50008
G1 X96.875 Y108.875 E534.95299
G1 X83.027 Y108.875 E535.25525
G0 F683.2 X81.125 Y108.875
G0 F9000 X81.125 Y108.675
G0 X81.51 Y108.49
G0 X81.525 Y108.475
G1 F1500 E533.75525
G1 F900 Z9.86
G0 F9000 X81.525 Y108.475 Z9.86
G0 X101.81 Y107.694
G1 F900 Z8.86
G1 F480 E535.35913
G1 F759.1 X115.189 Y107.694 E535.65115
G1 X115.189 Y95.306 E535.92155
G1 X101.81 Y95.306 E536.21357
G1 X101.81 Y105.792 E536.44245
G0 F683.2 X101.81 Y107.694
G0 F9000 X102.01 Y107.694
G0 X101.125 Y108.375
G1 F480 E536.48396
G1 F759.1 X101.125 Y94.625 E536.78408
G1 X115.875 Y94.625 E537.10603
G1 X115.875 Y108.375 E537.40615
G1 X103.027 Y108.375 E537.68658
G0 F683.2 X101.125 Y108.375
G0 F9000 X101.125 Y108.175
G0 X101.525 Y107.975
G1 F1500 E536.18658
G1 F900 Z9.86
G0 F9000 X101.525 Y107.975 Z9.86
G0 X81.872 Y108.128
;TIME_ELAPSED:1561.455462
;LAYER:58
G0 X81.872 Y108.128 Z10.01
;TYPE:WALL-OUTER
G1 F900 Z9.01
G1 F480 E537.79046
G1 F759.1 X96.127 Y108.128 E538.10161
G1 X96.127 Y88.872 E538.52191
G1 X81.872 Y88.872 E538.83305
G1 X81.872 Y106.226 E539.21183
G0 F683.2 X81.872 Y108.128
G0 F9000 X82.072 Y108.128
G0 X82.072 Y108.513
G0 X81.125 Y108.875
G1 F480 E539.25335
G1 F759.1 X81.125 Y88.125 E539.70626
G1 X96.875 Y88.125 E540.05003
G1 X96.875 Y108.875 E540.50294
G1 X83.027 Y108.875 E540.8052
G0 F683.2 X81.125 Y108.875
G0 F9000 X81.125 Y108.675
G0 X81.51 Y108.49
G0 X81.525 Y108.475
G1 F1500 E539.3052
G1 F900 Z10.01
G0 F9000 X81.525 Y108.475 Z10.01
G0 X101.81 Y107.694
G1 F900 Z9.01
G1 F480 E540.90908
G1 F759.1 X115.189 Y107.694 E541.2011
G1 X115.189 Y95.306 E541.4715
G1 X101.81 Y95.306 E541.76352
G1 X101.81 Y105.792 E541.9924
G0 F683.2 X101.81 Y107.694
G0 F9000 X102.01 Y107.694
G0 X101.125 Y108.375
G1 F480 E542.03391
G1 F759.1 X101.125 Y94.625 E542.33403
G1 X115.875 Y94.625 E542.65598
G1 X115.875 Y108.375 E542.9561
G1 X103.027 Y108.375 E543.23653
G0 F683.2 X101.125 Y108.375
G0 F9000 X101.125 Y108.175
G0 X101.525 Y107.975
G1 F1500 E541.73653
G1 F900 Z10.01
G0 F9000 X101.525 Y107.975 Z10.01
G0 X81.872 Y108.128
;TIME_ELAPSED:1583.483286
;LAYER:59
G0 X81.872 Y108.128 Z10.16
;TYPE:WALL-OUTER
G1 F900 Z9.16
G1 F480 E543.34041
G1 F759.1 X96.127 Y108.128 E543.65155
G1 X96.127 Y88.872 E544.07185
G1 X81.872 Y88.872 E544.383
G1 X81.872 Y106.226 E544.76178
G0 F683.2 X81.872 Y108.128
G0 F9000 X82.072 Y108.128
G0 X82.072 Y108.513
G0 X81.125 Y108.875
G1 F480 E544.8033
G1 F759.1 X81.125 Y88.125 E545.25621
G1 X96.875 Y88.125 E545.59998
G1 X96.875 Y108.875 E546.05289
G1 X83.027 Y108.875 E546.35515
G0 F683.2 X81.125 Y108.875
G0 F9000 X81.125 Y108.675
G0 X81.51 Y108.49
G0 X81.525 Y108.475
G1 F1500 E544.85515
G1 F900 Z10.16
G0 F9000 X81.525 Y108.475 Z10.16
G0 X101.81 Y107.694
G1 F900 Z9.16
G1 F480 E546.45903
G1 F759.1 X115.189 Y107.694 E546.75105
G1 X115.189 Y95.306 E547.02144
G1 X101.81 Y95.306 E547.31347
G1 X101.81 Y105.792 E547.54234
G0 F683.2 X101.81 Y107.694
G0 F9000 X102.01 Y107.694
G0 X101.125 Y108.375
G1 F480 E547.58386
G1 F759.1 X101.125 Y94.625 E547.88398
G1 X115.875 Y94.625 E548.20593
G1 X115.875 Y108.375 E548.50605
G1 X103.027 Y108.375 E548.78648
G0 F683.2 X101.125 Y108.375
G0 F9000 X101.125 Y108.175
G0 X101.525 Y107.975
G1 F1500 E547.28648
G1 F900 Z10.16
G0 F9000 X101.525 Y107.975 Z10.16
G0 X81.872 Y108.128
;TIME_ELAPSED:1605.511110
;LAYER:60
G0 X81.872 Y108.128 Z10.31
;TYPE:WALL-OUTER
G1 F900 Z9.31
G1 F480 E548.89036
G1 F759.1 X96.127 Y108.128 E549.2015
G1 X96.127 Y88.872 E549.6218
G1 X81.872 Y88.872 E549.93295
G1 X81.872 Y106.226 E550.31173
G0 F683.2 X81.872 Y108.128
G0 F9000 X82.072 Y108.128
G0 X82.072 Y108.513
G0 X81.125 Y108.875
G1 F480 E550.35325
G1 F759.1 X81.125 Y88.125 E550.80615
G1 X96.875 Y88.125 E551.14993
G1 X96.875 Y108.875 E551.60284
G1 X83.027 Y108.875 E551.9051
G0 F683.2 X81.125 Y108.875
G0 F9000 X81.125 Y108.675
G0 X81.51 Y108.49
G0 X81.525 Y108.475
G1 F1500 E550.4051
G1 F900 Z10.31
G0 F9000 X81.525 Y108.475 Z10.31
G0 X101.81 Y107.694
G1 F900 Z9.31
G1 F480 E552.00898
G1 F759.1 X115.189 Y107.694 E552.301
G1 X115.189 Y95.306 E552.57139
G1 X101.81 Y95.306 E552.86341
G1 X101.81 Y105.792 E553.09229
G0 F683.2 X101.81 Y107.694
G0 F9000 X102.01 Y107.694
G0 X101.125 Y108.375
G1 F480 E553.13381
G1 F759.1 X101.125 Y94.625 E553.43393
G1 X115.875 Y94.625 E553.75588
G1 X115.875 Y108.375 E554.056
G1 X103.027 Y108.375 E554.33643
G0 F683.2 X101.125 Y108.375
G0 F9000 X101.125 Y108.175
G0 X101.525 Y107.975
G1 F1500 E552.83643
G1 F900 Z10.31
G0 F9000 X101.525 Y107.975 Z10.31
G0 X81.872 Y108.128
;TIME_ELAPSED:1627.538934
;LAYER:61
G0 X81.872 Y108.128 Z10.46
;TYPE:WALL-OUTER
G1 F900 Z9.46
G1 F480 E554.44031
G1 F759.1 X96.127 Y108.128 E554.75145
G1 X96.127 Y88.872 E555.17175
G1 X81.872 Y88.872 E555.48289
G1 X81.872 Y106.226 E555.86168
G0 F683.2 X81.872 Y108.128
G0 F9000 X82.072 Y108.128
G0 X82.072 Y108.513
G0 X81.125 Y108.875
G1 F480 E555.90319
G1 F759.1 X81.125 Y88.125 E556.3561
G1 X96.875 Y88.125 E556.69988
G1 X96.875 Y108.875 E557.15279
G1 X83.027 Y108.875 E557.45505
G0 F683.2 X81.125 Y108.875
G0 F9000 X81.125 Y108.675
G0 X81.51 Y108.49
G0 X81.525 Y108.475
G1 F1500 E555.95505
G1 F900 Z10.46
G0 F9000 X81.525 Y108.475 Z10.46
G0 X101.81 Y107.694
G1 F900 Z9.46
G1 F480 E557.55892
G1 F759.1 X115.189 Y107.694 E557.85095
G1 X115.189 Y95.306 E558.12134
G1 X101.81 Y95.306 E558.41336
G1 X101.81 Y105.792 E558.64224
G0 F683.2 X101.81 Y107.694
G0 F9000 X102.01 Y107.694
G0 X101.125 Y108.375
G1 F480 E558.68376
G1 F759.1 X101.125 Y94.625 E558.98388
G1 X115.875 Y94.625 E559.30582
G1 X115.875 Y108.375 E559.60594
G1 X103.027 Y108.375 E559.88638
G0 F683.2 X101.125 Y108.375
G0 F9000 X101.125 Y108.175
G0 X101.525 Y107.975
G1 F1500 E558.38638
G1 F900 Z10.46
G0 F9000 X101.525 Y107.975 Z10.46
G0 X81.872 Y108.128
;TIME_ELAPSED:1649.566758
;LAYER:62
G0 X81.872 Y108.128 Z10.61
;TYPE:WALL-OUTER
G1 F900 Z9.61
G1 F480 E559.99025
G1 F759.1 X96.127 Y108.128 E560.3014
G1 X96.127 Y88.872 E560.7217
G1 X81.872 Y88.872 E561.03284
G1 X81.872 Y106.226 E561.41163
G0 F683.2 X81.872 Y108.128
G0 F9000 X82.072 Y108.128
G0 X82.072 Y108.513
G0 X81.125 Y108.875
G1 F480 E561.45314
G1 F759.1 X81.125 Y88.125 E561.90605
G1 X96.875 Y88.125 E562.24983
G1 X96.875 Y108.875 E562.70274
G1 X83.027 Y108.875 E563.005
G0 F683.2 X81.125 Y108.875
G0 F9000 X81.125 Y108.675
G0 X81.51 Y108.49
G0 X81.525 Y108.475
G1 F1500 E561.505
G1 F900 Z10.61
G0 F9000 X81.525 Y108.475 Z10.61
G0 X101.81 Y107.694
G1 F900 Z9.61
G1 F480 E563.10887
G1 F759.1 X115.189 Y107.694 E563.4009
G1 X115.189 Y95.306 E563.67129
G1 X101.81 Y95.306 E563.96331
G1 X101.81 Y105.792 E564.19219
G0 F683.2 X101.81 Y107.694
G0 F9000 X102.01 Y107.694
G0 X101.125 Y108.375
G1 F480 E564.2337
G1 F759.1 X101.125 Y94.625 E564.53382
G1 X115.875 Y94.625 E564.85577
G1 X115.875 Y108.375 E565.15589
G1 X103.027 Y108.375 E565.43633
G0 F683.2 X101.125 Y108.375
G0 F9000 X101.125 Y108.175
G0 X101.525 Y107.975
G1 F1500 E563.93633
G1 F900 Z10.61
G0 F9000 X101.525 Y107.975 Z10.61
G0 X81.872 Y108.128
;TIME_ELAPSED:1671.594582
;LAYER:63
G0 X81.872 Y108.128 Z10.76
;TYPE:WALL-OUTER
G1 F900 Z9.76
G1 F480 E565.5402
G1 F759.1 X96.127 Y108.128 E565.85135
G1 X96.127 Y88.872 E566.27165
G1 X81.872 Y88.872 E566.58279
G1 X81.872 Y106.226 E566.96158
G0 F683.2 X81.872 Y108.128
G0 F9000 X82.072 Y108.128
G0 X82.072 Y108.513
G0 X81.125 Y108.875
G1 F480 E567.00309
G1 F759.1 X81.125 Y88.125 E567.456
G1 X96.875 Y88.125 E567.79977
G1 X96.875 Y108.875 E568.25268
G1 X83.027 Y108.875 E568.55494
G0 F683.2 X81.125 Y108.875
G0 F9000 X81.125 Y108.675
G0 X81.51 Y108.49
G0 X81.525 Y108.475
G1 F1500 E567.05494
G1 F900 Z10.76
G0 F9000 X81.525 Y108.475 Z10.76
G0 X101.81 Y107.694
G1 F900 Z9.76
G1 F480 E568.65882
G1 F759.1 X115.189 Y107.694 E568.95084
G1 X115.189 Y95.306 E569.22124
G1 X101.81 Y95.306 E569.51326
G1 X101.81 Y105.792 E569.74214
G0 F683.2 X101.81 Y107.694
G0 F9000 X102.01 Y107.694
G0 X101.125 Y108.375
G1 F480 E569.78365
G1 F759.1 X101.125 Y94.625 E570.08377
G1 X115.875 Y94.625 E570.40572
G1 X115.875 Y108.375 E570.70584
G1 X103.027 Y108.375 E570.98627
G0 F683.2 X101.125 Y108.375
G0 F9000 X101.125 Y108.175
G0 X101.525 Y107.975
G1 F1500 E569.48627
G1 F900 Z10.76
G0 F9000 X101.525 Y107.975 Z10.76
G0 X81.872 Y108.128
;TIME_ELAPSED:1693.622406
;LAYER:64
G0 X81.872 Y108.128 Z10.91
;TYPE:WALL-OUTER
G1 F900 Z9.91
G1 F480 E571.09015
G1 F759.1 X96.127 Y108.128 E571.40129
G1 X96.127 Y88.872 E571.82159
G1 X81.872 Y88.872 E572.13274
G1 X81.872 Y106.226 E572.51152
G0 F683.2 X81.872 Y108.128
G0 F9000 X82.072 Y108.128
G0 X82.072 Y108.513
G0 X81.125 Y108.875
G1 F480 E572.55304
G1 F759.1 X81.125 Y88.125 E573.00595
G1 X96.875 Y88.125 E573.34972
G1 X96.875 Y108.875 E573.80263
G1 X83.027 Y108.875 E574.10489
G0 F683.2 X81.125 Y108.875
G0 F9000 X81.125 Y108.675
G0 X81.51 Y108.49
G0 X81.525 Y108.475
G1 F1500 E572.60489
G1 F900 Z10.91
G0 F9000 X81.525 Y108.475 Z10.91
G0 X101.81 Y107.694
G1 F900 Z9.91
G1 F480 E574.20877
G1 F759.1 X115.189 Y107.694 E574.50079
G1 X115.189 Y95.306 E574.77118
G1 X101.81 Y95.306 E575.06321
G1 X101.81 Y105.792 E575.29209
G0 F683.2 X101.81 Y107.694
G0 F9000 X102.01 Y107.694
G0 X101.125 Y108.375
G1 F480 E575.3336
G1 F759.1 X101.125 Y94.625 E575.63372
G1 X115.875 Y94.625 E575.95567
G1 X115.875 Y108.375 E576.25579
G1 X103.027 Y108.375 E576.53622
G0 F683.2 X101.125 Y108.375
G0 F9000 X101.125 Y108.175
G0 X101.525 Y107.975
G1 F1500 E575.03622
G1 F900 Z10.91
G0 F9000 X101.525 Y107.975 Z10.91
G0 X81.872 Y108.128
;TIME_ELAPSED:1715.650229
;LAYER:65
G0 X81.872 Y108.128 Z11.06
;TYPE:WALL-OUTER
G1 F900 Z10.06
G1 F480 E576.6401
G1 F759.1 X96.127 Y108.128 E576.95124
G1 X96.127 Y88.872 E577.37154
G1 X81.872 Y88.872 E577.68269
G1 X81.872 Y106.226 E578.06147
G0 F683.2 X81.872 Y108.128
G0 F9000 X82.072 Y108.128
G0 X82.072 Y108.513
G0 X81.125 Y108.875
G1 F480 E578.10299
G1 F759.1 X81.125 Y88.125 E578.5559
G1 X96.875 Y88.125 E578.89967
G1 X96.875 Y108.875 E579.35258
G1 X83.027 Y108.875 E579.65484
G0 F683.2 X81.125 Y108.875
G0 F9000 X81.125 Y108.675
G0 X81.51 Y108.49
G0 X81.525 Y108.475
G1 F1500 E578.15484
G1 F900 Z11.06
G0 F9000 X81.525 Y108.475 Z11.06
G0 X101.81 Y107.694
G1 F900 Z10.06
G1 F480 E579.75872
G1 F759.1 X115.189 Y107.694 E580.05074
G1 X115.189 Y95.306 E580.32113
G1 X101.81 Y95.306 E580.61316
G1 X101.81 Y105.792 E580.84203
G0 F683.2 X101.81 Y107.694
G0 F9000 X102.01 Y107.694
G0 X101.125 Y108.375
G1 F480 E580.88355
G1 F759.1 X101.125 Y94.625 E581.18367
G1 X115.875 Y94.625 E581.50562
G1 X115.875 Y108.375 E581.80574
G1 X103.027 Y108.375 E582.08617
G0 F683.2 X101.125 Y108.375
G0 F9000 X101.125 Y108.175
G0 X101.525 Y107.975
;TIME_ELAPSED:1737.021392
G1 F1500 E580.58617
M107
; -- END GCODE --
; -- end of END GCODE --
M82 ;absolute extrusion mode
M104 S0
;End of Gcode
;SETTING_3 {"global_quality": "[general]\\nversion = 4\\nname = Low Quality #2\\
;SETTING_3 ndefinition = robor2\\n\\n[metadata]\\nquality_type = low\\nsetting_v
;SETTING_3 ersion = 4\\ntype = quality_changes\\n\\n[values]\\nadhesion_type = s
;SETTING_3 kirt\\n\\n", "extruder_quality": ["[general]\\nversion = 4\\nname = L
;SETTING_3 ow Quality #2\\ndefinition = robor2\\n\\n[metadata]\\nquality_type = 
;SETTING_3 low\\nposition = 0\\nsetting_version = 4\\ntype = quality_changes\\n\
;SETTING_3 \n[values]\\ninfill_sparse_density = 30\\n\\n"]}
