;FLAVOR:Marlin
;TIME:727
;Filament used: 0.334508m
;Layer height: 0.15
;Generated with Cura_SteamEngine 3.4.1
M190 S70
M104 S220
M109 S220
M82 ;absolute extrusion mode
G92 E0 ;zero the extruded length
G1 X190 Y0 F7000 ;move to priming position
G1 Z2 ;raise bed
G1 F200 E10 ;extrude 10 mm of feed stock
G1 Z15 ;raise bed after priming
G92 E0 ;zero the extruded length again
G1 F7000;
G92 E0
G1 F1500 E-1.5
;LAYER_COUNT:18
;LAYER:0
M107
M204 S500
G0 F9000 X80.452 Y80.002 Z0.31
;TYPE:SKIRT
G1 F480 E0.06236
G1 F900 X80.84 Y79.666 E0.10205
G1 X81.275 Y79.393 E0.14177
G1 X81.747 Y79.192 E0.18144
G1 X82.245 Y79.066 E0.22116
G1 X82.8 Y79.018 E0.26424
G1 X114.167 Y78.993 E2.68985
G1 X114.679 Y79.033 E2.72956
G1 X115.179 Y79.151 E2.76929
G1 X115.654 Y79.345 E2.80896
G1 X116.093 Y79.611 E2.84866
G1 X116.486 Y79.942 E2.88839
G1 X116.823 Y80.33 E2.92813
G1 X117.095 Y80.765 E2.96781
G1 X117.297 Y81.237 E3.00751
G1 X117.422 Y81.735 E3.04721
G1 X117.47 Y82.29 E3.09029
G1 X117.496 Y114.678 E5.59485
G1 X117.456 Y115.19 E5.63456
G1 X117.338 Y115.69 E5.67429
G1 X117.144 Y116.165 E5.71397
G1 X116.878 Y116.604 E5.75366
G1 X116.547 Y116.997 E5.79339
G1 X116.159 Y117.333 E5.83308
G1 X115.724 Y117.606 E5.8728
G1 X115.252 Y117.808 E5.9125
G1 X114.754 Y117.933 E5.95221
G1 X114.199 Y117.981 E5.99528
G1 X82.834 Y118.007 E8.42073
G1 X82.322 Y117.967 E8.46045
G1 X81.822 Y117.849 E8.50017
G1 X81.347 Y117.655 E8.53985
G1 X80.908 Y117.389 E8.57954
G1 X80.515 Y117.058 E8.61928
G1 X80.179 Y116.67 E8.65897
G1 X79.906 Y116.235 E8.69868
G1 X79.705 Y115.763 E8.73835
G1 X79.579 Y115.265 E8.77808
G1 X79.531 Y114.71 E8.82116
G1 X79.503 Y82.321 E11.32579
G1 X79.542 Y81.809 E11.3655
G1 X79.661 Y81.309 E11.40525
G1 X79.855 Y80.834 E11.44492
G1 X80.11 Y80.414 E11.48292
G0 F810 X80.121 Y80.395
G0 X80.452 Y80.002
G1 F1500 E9.98292
G1 F900 Z1.31
G0 F9000 X84.067 Y108.183 Z1.31
;TYPE:WALL-INNER
G1 F900 Z0.31
G1 F480 E11.58673
G1 F900 X112.947 Y108.162 E13.82002
G1 X112.935 Y91.493 E15.10903
G1 X84.055 Y91.515 E17.34231
G1 X84.067 Y107.647 E18.5898
G0 F810 X84.067 Y108.183
G0 F9000 X84.679 Y107.571
;TYPE:WALL-OUTER
G1 F480 E18.63125
G1 F900 X112.073 Y107.55 E20.48482
G1 X112.335 Y107.55 E20.50255
G1 X112.335 Y107.288 E20.51402
G1 X112.323 Y92.367 E21.52363
G1 X112.323 Y92.105 E21.54136
G1 X112.061 Y92.105 E21.55283
G1 X84.667 Y92.127 E23.4064
G1 X84.679 Y106.958 E24.40992
G0 F810 X84.679 Y107.571
G0 F9000 X84.879 Y107.571
G0 X84.879 Y108.148
G0 X84.879 Y108.283
G0 X84.039 Y108.211
G0 X84.027 Y91.487
G0 X84.225 Y90.914
;TYPE:WALL-INNER
G1 F480 E24.4514
G1 F900 X84.219 Y84.03 E24.98374
G1 X84.219 Y83.731 E25.00686
G1 X84.518 Y83.731 E25.02182
G1 X112.756 Y83.708 E27.20546
G1 X112.762 Y90.595 E27.73803
G1 X112.762 Y90.894 E27.76115
G1 X112.463 Y90.894 E27.77612
G1 X84.225 Y90.914 E29.95976
G0 F9000 X83.626 Y91.516
G1 F900 X83.619 Y83.132 E30.60809
G1 X113.057 Y83.107 E32.88453
G1 X113.356 Y83.107 E32.90765
G1 X113.356 Y83.406 E32.92261
G1 X113.362 Y91.492 E33.5479
G1 X113.376 Y108.161 E34.46895
G1 X113.381 Y113.867 E34.9102
G1 X83.943 Y113.892 E37.18663
G1 X83.644 Y113.892 E37.20975
G1 X83.644 Y113.593 E37.22472
G1 X83.64 Y108.184 E37.643
G1 X83.626 Y91.516 E38.56399
G0 F9000 X83.726 Y91.516
G0 X84.039 Y108.211
G0 X84.24 Y108.782
G1 F900 X84.539 Y108.782 E38.58711
G1 X112.777 Y108.763 E40.77075
G1 X112.781 Y112.969 E41.096
G1 X112.781 Y113.268 E41.11912
G1 X112.482 Y113.268 E41.13409
G1 X84.244 Y113.291 E43.31773
G1 X84.24 Y109.081 E43.64329
G1 X84.24 Y108.782 E43.65825
G1 F1500 E42.15825
G0 F9000 X83.714 Y113.822
G0 X83.033 Y114.504
;TYPE:WALL-OUTER
G1 F480 E43.72061
G1 F900 X83.006 Y82.782 E45.86704
G1 X83.006 Y82.52 E45.88477
G1 X83.268 Y82.52 E45.89623
G1 X113.706 Y82.495 E47.95578
G1 X113.968 Y82.495 E47.97351
G1 X113.968 Y82.757 E47.98498
G1 X113.993 Y114.479 E50.1314
G1 X83.646 Y114.504 E52.18479
G0 F810 X83.033 Y114.504
G0 F9000 X83.033 Y114.304
G0 X83.611 Y113.926
G0 X84.834 Y112.701
;TYPE:SKIN
G1 F480 E52.22627
G1 F900 X84.83 Y109.372 E52.4837
G1 X112.187 Y109.353 E54.59921
G1 X112.191 Y112.678 E54.85633
G1 X85.37 Y112.701 E56.9304
G0 F810 X84.834 Y112.701
G0 F9000 X85.266 Y112.419
G1 F480 E56.97184
G1 F900 X85.113 Y112.266 E56.98858
G0 F9000 X85.112 Y111.416
G1 F900 X86.114 Y112.418 E57.09816
G0 F9000 X86.962 Y112.417
G1 F900 X85.11 Y110.566 E57.30064
G0 F9000 X85.11 Y109.717
G1 F900 X87.809 Y112.417 E57.59586
G0 F9000 X88.657 Y112.416
G1 F900 X85.892 Y109.651 E57.89824
G0 F9000 X86.74 Y109.65
G1 F900 X89.505 Y112.415 E58.20062
G0 F9000 X90.353 Y112.415
G1 F900 X87.587 Y109.649 E58.50312
G0 F9000 X88.435 Y109.648
G1 F900 X91.201 Y112.414 E58.80561
G0 F9000 X92.049 Y112.413
G1 F900 X89.284 Y109.648 E59.10799
G0 F9000 X90.132 Y109.648
G1 F900 X92.896 Y112.413 E59.41032
G0 F9000 X93.744 Y112.412
G1 F900 X90.979 Y109.647 E59.7127
G0 F9000 X91.827 Y109.646
G1 F900 X94.592 Y112.411 E60.01508
G0 F9000 X95.44 Y112.41
G1 F900 X92.675 Y109.646 E60.31741
G0 F9000 X93.524 Y109.646
G1 F900 X96.288 Y112.41 E60.61969
G0 F9000 X97.135 Y112.409
G1 F900 X94.371 Y109.645 E60.92196
G0 F9000 X95.219 Y109.644
G1 F900 X97.983 Y112.408 E61.22423
G0 F9000 X98.831 Y112.408
G1 F900 X96.067 Y109.643 E61.52656
G0 F9000 X96.915 Y109.643
G1 F900 X99.679 Y112.407 E61.82883
G0 F9000 X100.527 Y112.406
G1 F900 X97.763 Y109.643 E62.13105
G0 F9000 X98.611 Y109.642
G1 F900 X101.375 Y112.405 E62.43327
G0 F9000 X102.222 Y112.405
G1 F900 X99.459 Y109.641 E62.73549
G0 F9000 X100.307 Y109.641
G1 F900 X103.07 Y112.404 E63.03765
G0 F9000 X103.918 Y112.403
G1 F900 X101.155 Y109.641 E63.33976
G0 F9000 X102.003 Y109.64
G1 F900 X104.766 Y112.403 E63.64193
G0 F9000 X105.614 Y112.402
G1 F900 X102.851 Y109.639 E63.94409
G0 F9000 X103.699 Y109.639
G1 F900 X106.461 Y112.401 E64.24615
G0 F9000 X107.309 Y112.4
G1 F900 X104.547 Y109.638 E64.5482
G0 F9000 X105.395 Y109.638
G1 F900 X108.157 Y112.4 E64.85026
G0 F9000 X109.005 Y112.399
G1 F900 X106.243 Y109.637 E65.15231
G0 F9000 X107.091 Y109.636
G1 F900 X109.853 Y112.398 E65.45437
G0 F9000 X110.701 Y112.398
G1 F900 X107.939 Y109.636 E65.75642
G0 F9000 X108.786 Y109.635
G1 F900 X111.548 Y112.397 E66.05847
G0 F9000 X111.91 Y111.91
G1 F900 X109.635 Y109.635 E66.30727
G0 F9000 X110.483 Y109.634
G1 F900 X111.908 Y111.06 E66.46316
G0 F9000 X111.907 Y110.21
G1 F900 X111.331 Y109.634 E66.52616
G0 F9000 X84.039 Y108.211
G0 X84.027 Y91.487
G0 X112.172 Y90.304
G1 F900 X84.815 Y90.324 E68.64167
G1 X84.809 Y84.321 E69.10588
G1 X112.166 Y84.298 E71.22139
G1 X112.172 Y89.768 E71.64439
G0 F810 X112.172 Y90.304
G0 F9000 X111.732 Y84.579
G1 F480 E71.68584
G1 F900 X111.886 Y84.733 E71.70268
G0 F9000 X111.886 Y85.582
G1 F900 X110.884 Y84.579 E71.81231
G0 F9000 X110.036 Y84.58
G1 F900 X111.888 Y86.432 E72.01485
G0 F9000 X111.889 Y87.281
G1 F900 X109.188 Y84.581 E72.31018
G0 F9000 X108.34 Y84.581
G1 F900 X111.889 Y88.13 E72.6983
G0 F9000 X111.891 Y88.98
G1 F900 X107.492 Y84.582 E73.17932
G0 F9000 X106.645 Y84.583
G1 F900 X111.891 Y89.83 E73.75308
G0 F9000 X111.237 Y90.023
G1 F900 X105.797 Y84.584 E74.34795
G0 F9000 X104.949 Y84.584
G1 F900 X110.389 Y90.024 E74.94288
G0 F9000 X109.541 Y90.025
G1 F900 X104.101 Y84.585 E75.5378
G0 F9000 X103.253 Y84.585
G1 F900 X108.693 Y90.026 E76.13278
G0 F9000 X107.845 Y90.026
G1 F900 X102.405 Y84.586 E76.7277
G0 F9000 X101.557 Y84.586
G1 F900 X106.997 Y90.026 E77.32262
G0 F9000 X106.149 Y90.027
G1 F900 X100.709 Y84.587 E77.91755
G0 F9000 X99.861 Y84.588
G1 F900 X105.301 Y90.028 E78.51247
G0 F9000 X104.453 Y90.028
G1 F900 X99.014 Y84.589 E79.10728
G0 F9000 X98.166 Y84.589
G1 F900 X103.605 Y90.029 E79.70215
G0 F9000 X102.758 Y90.03
G1 F900 X97.318 Y84.59 E80.29707
G0 F9000 X96.47 Y84.591
G1 F900 X101.91 Y90.03 E80.89194
G0 F9000 X101.061 Y90.03
G1 F900 X95.622 Y84.591 E81.48676
G0 F9000 X94.774 Y84.592
G1 F900 X100.214 Y90.031 E82.08163
G0 F9000 X99.366 Y90.032
G1 F900 X93.927 Y84.593 E82.67644
G0 F9000 X93.079 Y84.594
G1 F900 X98.518 Y90.033 E83.27125
G0 F9000 X97.67 Y90.033
G1 F900 X92.231 Y84.594 E83.86607
G0 F9000 X91.383 Y84.595
G1 F900 X96.822 Y90.034 E84.46088
G0 F9000 X95.974 Y90.035
G1 F900 X90.535 Y84.596 E85.05569
G0 F9000 X89.688 Y84.596
G1 F900 X95.126 Y90.035 E85.65045
G0 F9000 X94.278 Y90.035
G1 F900 X88.84 Y84.597 E86.24516
G0 F9000 X87.992 Y84.598
G1 F900 X93.43 Y90.036 E86.83986
G0 F9000 X92.582 Y90.037
G1 F900 X87.144 Y84.598 E87.43462
G0 F9000 X86.296 Y84.599
G1 F900 X91.735 Y90.038 E88.02944
G0 F9000 X90.887 Y90.038
M104 S215
G1 F900 X85.448 Y84.6 E88.62419
G0 F9000 X85.088 Y85.088
G1 F900 X90.039 Y90.039 E89.16564
G0 F9000 X89.19 Y90.039
G1 F900 X85.089 Y85.938 E89.61413
G0 F9000 X85.09 Y86.787
G1 F900 X88.343 Y90.04 E89.96988
G0 F9000 X87.495 Y90.04
G1 F900 X85.091 Y87.637 E90.23273
G0 F9000 X85.092 Y88.486
G1 F900 X86.647 Y90.041 E90.40278
G0 F9000 X85.799 Y90.042
G1 F900 X85.093 Y89.335 E90.48005
G0 F9000 X84.027 Y91.487
G0 X83.966 Y107.949
G0 X84.107 Y107.949
;TIME_ELAPSED:94.296182
;LAYER:1
M140 S70
M106 S63.8
G0 X84.107 Y107.949 Z0.46
;TYPE:WALL-INNER
G1 F1200 X84.107 Y108.148 E90.48501
G1 X84.306 Y108.148 E90.48822
G1 X112.906 Y108.127 E91.20165
G1 X112.895 Y91.727 E91.61075
G1 X112.895 Y91.528 E91.61572
G1 X112.696 Y91.528 E91.61893
G1 X84.096 Y91.55 E92.33236
G1 X84.106 Y106.284 E92.6999
G0 F1080 X84.107 Y107.949
G0 F9000 X84.507 Y107.748
G1 F480 E92.74143
G1 F1200 X84.706 Y107.748 E92.7464
G1 X112.506 Y107.727 E93.43987
G1 X112.495 Y92.127 E93.82902
G1 X112.495 Y91.928 E93.83398
G1 X112.296 Y91.928 E93.83719
G1 X84.496 Y91.95 E94.53067
G1 X84.507 Y107.549 E94.91979
G1 X84.507 Y107.748 E94.923
G0 F9000 X84.932 Y107.323
;TYPE:WALL-OUTER
G1 F900 X85.107 Y107.323 E94.92682
G1 X112.081 Y107.302 E95.51558
G1 X112.07 Y92.528 E95.83805
G1 X112.07 Y92.353 E95.84187
G1 X111.895 Y92.353 E95.84434
G1 X84.921 Y92.375 E96.4331
G1 X84.932 Y107.148 E96.75555
G1 X84.932 Y107.323 E96.75802
G0 F9000 X85.107 Y107.323
G0 X85.132 Y107.323
G0 X85.132 Y107.708
G0 X85.132 Y107.848
G0 X83.605 Y113.927
;TYPE:WALL-INNER
G1 F1200 X83.578 Y83.297 E97.52209
G1 X83.578 Y83.098 E97.52706
G1 X83.777 Y83.098 E97.53027
G1 X113.198 Y83.072 E98.26418
G1 X113.397 Y83.072 E98.26914
G1 X113.397 Y83.271 E98.27235
G1 X113.422 Y113.902 E99.03645
G1 X85.27 Y113.926 E99.7387
G0 F1080 X83.605 Y113.927
G0 F9000 X83.205 Y114.327
G1 F480 E99.78024
G1 F1200 X83.178 Y82.897 E100.56426
G1 X83.178 Y82.698 E100.56922
G1 X83.377 Y82.698 E100.57244
G1 X113.598 Y82.672 E101.3263
G1 X113.797 Y82.672 E101.33127
G1 X113.797 Y82.871 E101.33448
G1 X113.822 Y114.302 E102.11853
G1 X84.87 Y114.326 E102.84074
G0 F1080 X83.205 Y114.327
G0 F9000 X82.78 Y114.752
;TYPE:WALL-OUTER
G1 F480 E102.88227
G1 F900 X82.753 Y82.448 E103.58737
G1 X82.753 Y82.273 E103.59119
G1 X82.928 Y82.273 E103.59366
G1 X114.047 Y82.247 E104.2729
G1 X114.222 Y82.247 E104.27672
G1 X114.222 Y82.422 E104.27919
G1 X114.247 Y114.727 E104.98431
G1 X84.682 Y114.751 E105.62962
G0 F810 X82.78 Y114.752
G0 F9000 X82.78 Y114.552
G0 X83.166 Y114.366
G0 X83.995 Y113.537
;TYPE:SKIN
G1 F480 E105.67114
G1 F1650 X83.99 Y108.538 E105.79584
G1 X113.028 Y108.517 E106.52019
G1 X113.032 Y113.512 E106.64479
G1 X85.66 Y113.536 E107.32759
G0 F1485 X83.995 Y113.537
G0 F9000 X83.975 Y91.16
G1 F480 E107.36913
G1 F1650 X83.968 Y83.488 E107.5605
G1 X113.007 Y83.462 E108.28489
G1 X113.013 Y91.138 E108.47636
G1 X85.64 Y91.159 E109.15919
G0 F1485 X83.975 Y91.16
G0 F9000 X84.147 Y83.86
G1 F480 E109.20072
G1 F1650 X84.341 Y83.666 E109.20756
G0 F9000 X84.907 Y83.666
G1 F1650 X84.148 Y84.425 E109.23434
G0 F9000 X84.148 Y84.991
G1 F1650 X85.473 Y83.666 E109.28108
G0 F9000 X86.04 Y83.665
G1 F1650 X84.149 Y85.556 E109.34779
G0 F9000 X84.149 Y86.121
G1 F1650 X86.606 Y83.664 E109.43447
G0 F9000 X87.172 Y83.664
G1 F1650 X84.15 Y86.686 E109.54108
G0 F9000 X84.151 Y87.251
G1 F1650 X87.738 Y83.664 E109.66762
G0 F9000 X88.304 Y83.663
G1 F1650 X84.152 Y87.816 E109.81411
G0 F9000 X84.152 Y88.381
G1 F1650 X88.87 Y83.663 E109.98055
G0 F9000 X89.436 Y83.662
G1 F1650 X84.152 Y88.946 E110.16696
G0 F9000 X84.153 Y89.511
G1 F1650 X90.003 Y83.662 E110.37332
G0 F9000 X90.569 Y83.661
G1 F1650 X84.154 Y90.076 E110.59962
G0 F9000 X84.154 Y90.641
G1 F1650 X91.135 Y83.661 E110.84588
G0 F9000 X91.701 Y83.66
G1 F1650 X84.382 Y90.979 E111.10408
G0 F9000 X84.948 Y90.979
G1 F1650 X92.268 Y83.659 E111.36231
G0 F9000 X92.833 Y83.659
G1 F1650 X85.514 Y90.979 E111.62052
G0 F9000 X86.081 Y90.978
G1 F1650 X93.4 Y83.659 E111.87872
G0 F9000 X93.966 Y83.658
G1 F1650 X86.646 Y90.978 E112.13695
G0 F9000 X87.213 Y90.977
G1 F1650 X94.533 Y83.657 E112.39519
G0 F9000 X95.098 Y83.657
G1 F1650 X87.778 Y90.977 E112.65342
G0 F9000 X88.345 Y90.977
G1 F1650 X95.665 Y83.657 E112.91165
G0 F9000 X96.231 Y83.656
G1 F1650 X88.911 Y90.976 E113.16989
G0 F9000 X89.477 Y90.976
G1 F1650 X96.797 Y83.656 E113.42812
G0 F9000 X97.363 Y83.655
G1 F1650 X90.043 Y90.975 E113.68635
G0 F9000 X90.609 Y90.975
G1 F1650 X97.93 Y83.654 E113.94462
G0 F9000 X98.496 Y83.654
G1 F1650 X91.175 Y90.974 E114.20287
G0 F9000 X91.742 Y90.974
G1 F1650 X99.062 Y83.654 E114.4611
G0 F9000 X99.628 Y83.653
G1 F1650 X92.307 Y90.974 E114.71937
G0 F9000 X92.874 Y90.973
G1 F1650 X100.194 Y83.652 E114.97762
G0 F9000 X100.76 Y83.652
G1 F1650 X93.44 Y90.972 E115.23585
G0 F9000 X94.006 Y90.972
G1 F1650 X101.326 Y83.652 E115.49409
G0 F9000 X101.893 Y83.651
G1 F1650 X94.572 Y90.972 E115.75235
G0 F9000 X95.138 Y90.972
G1 F1650 X102.459 Y83.651 E116.01062
G0 F9000 X103.025 Y83.65
G1 F1650 X95.704 Y90.971 E116.26889
G0 F9000 X96.271 Y90.97
G1 F1650 X103.591 Y83.65 E116.52712
G0 F9000 X104.158 Y83.649
G1 F1650 X96.836 Y90.97 E116.78541
G0 F9000 X97.403 Y90.969
G1 F1650 X104.723 Y83.649 E117.04364
G0 F9000 X105.29 Y83.648
G1 F1650 X97.968 Y90.969 E117.30193
G0 F9000 X98.535 Y90.969
G1 F1650 X105.856 Y83.647 E117.56021
G0 F9000 X106.422 Y83.647
G1 F1650 X99.101 Y90.968 E117.81848
G0 F9000 X99.667 Y90.968
G1 F1650 X106.988 Y83.647 E118.07675
G0 F9000 X107.555 Y83.646
G1 F1650 X100.233 Y90.967 E118.33503
G0 F9000 X100.799 Y90.967
G1 F1650 X108.121 Y83.645 E118.59334
G0 F9000 X108.687 Y83.645
G1 F1650 X101.365 Y90.967 E118.85164
G0 F9000 X101.932 Y90.966
G1 F1650 X109.253 Y83.645 E119.10991
G0 F9000 X109.82 Y83.644
G1 F1650 X102.497 Y90.966 E119.36823
G0 F9000 X103.064 Y90.965
G1 F1650 X110.385 Y83.644 E119.6265
G0 F9000 X110.952 Y83.643
G1 F1650 X103.63 Y90.965 E119.8848
G0 F9000 X104.196 Y90.965
G1 F1650 X111.518 Y83.642 E120.14312
G0 F9000 X112.084 Y83.642
G1 F1650 X104.762 Y90.964 E120.40143
G0 F9000 X105.328 Y90.964
G1 F1650 X112.65 Y83.642 E120.65973
G0 F9000 X112.825 Y84.032
G1 F1650 X105.894 Y90.963 E120.90424
G0 F9000 X106.461 Y90.962
G1 F1650 X112.826 Y84.597 E121.12878
G0 F9000 X112.826 Y85.163
G1 F1650 X107.026 Y90.962 E121.33337
G0 F9000 X107.593 Y90.962
G1 F1650 X112.827 Y85.728 E121.51802
G0 F9000 X112.827 Y86.293
G1 F1650 X108.159 Y90.962 E121.68271
G0 F9000 X108.725 Y90.961
G1 F1650 X112.828 Y86.858 E121.82746
G0 F9000 X112.828 Y87.423
G1 F1650 X109.291 Y90.96 E121.95223
G0 F9000 X109.857 Y90.96
G1 F1650 X112.828 Y87.989 E122.05704
G0 F9000 X112.829 Y88.554
G1 F1650 X110.423 Y90.96 E122.14192
G0 F9000 X110.99 Y90.959
G1 F1650 X112.829 Y89.12 E122.2068
G0 F9000 X112.83 Y89.685
G1 F1650 X111.555 Y90.959 E122.25176
G0 F9000 X112.122 Y90.958
G1 F1650 X112.83 Y90.25 E122.27674
G0 F9000 X112.83 Y90.815
G1 F1650 X112.688 Y90.958 E122.28176
G0 F9000 X112.55 Y106.075
G0 X112.486 Y108.696
G1 F1650 X107.846 Y113.336 E122.44545
G0 F9000 X107.28 Y113.336
G1 F1650 X111.92 Y108.696 E122.60914
G0 F9000 X111.354 Y108.697
G1 F1650 X106.714 Y113.337 E122.77283
G0 F9000 X106.148 Y113.337
G1 F1650 X110.788 Y108.697 E122.93652
G0 F9000 X110.222 Y108.697
G1 F1650 X105.582 Y113.337 E123.10021
G0 F9000 X105.015 Y113.338
G1 F1650 X109.655 Y108.698 E123.26389
G0 F9000 X109.09 Y108.698
G1 F1650 X104.449 Y113.339 E123.42762
G0 F9000 X103.883 Y113.339
G1 F1650 X108.523 Y108.699 E123.59131
G0 F9000 X107.957 Y108.699
G1 F1650 X103.317 Y113.34 E123.75501
G0 F9000 X102.751 Y113.34
G1 F1650 X107.391 Y108.699 E123.91872
G0 F9000 X106.825 Y108.7
G1 F1650 X102.184 Y113.341 E124.08244
G0 F9000 X101.619 Y113.341
G1 F1650 X106.259 Y108.7 E124.24615
G0 F9000 X105.693 Y108.701
G1 F1650 X101.052 Y113.342 E124.40987
G0 F9000 X100.486 Y113.342
G1 F1650 X105.126 Y108.702 E124.57356
G0 F9000 X104.561 Y108.702
G1 F1650 X99.92 Y113.342 E124.73727
G0 F9000 X99.354 Y113.343
G1 F1650 X103.994 Y108.702 E124.90097
G0 F9000 X103.429 Y108.702
G1 F1650 X98.787 Y113.344 E125.06473
G0 F9000 X98.222 Y113.344
G1 F1650 X102.862 Y108.703 E125.22844
G0 F9000 X102.296 Y108.704
G1 F1650 X97.655 Y113.344 E125.39214
G0 F9000 X97.089 Y113.345
G1 F1650 X101.73 Y108.704 E125.55587
G0 F9000 X101.164 Y108.704
G1 F1650 X96.523 Y113.345 E125.71959
G0 F9000 X95.957 Y113.346
G1 F1650 X100.598 Y108.704 E125.88333
G0 F9000 X100.032 Y108.705
G1 F1650 X95.39 Y113.347 E126.04709
G0 F9000 X94.824 Y113.347
G1 F1650 X99.466 Y108.705 E126.21085
G0 F9000 X98.9 Y108.706
G1 F1650 X94.258 Y113.347 E126.37459
G0 F9000 X93.692 Y113.348
G1 F1650 X98.333 Y108.707 E126.53832
G0 F9000 X97.768 Y108.707
G1 F1650 X93.125 Y113.349 E126.70209
G0 F9000 X92.56 Y113.349
G1 F1650 X97.201 Y108.707 E126.86583
G0 F9000 X96.636 Y108.707
G1 F1650 X91.993 Y113.349 E127.02961
G0 F9000 X91.427 Y113.35
G1 F1650 X96.069 Y108.708 E127.19337
G0 F9000 X95.503 Y108.709
G1 F1650 X90.861 Y113.35 E127.35711
G0 F9000 X90.295 Y113.351
G1 F1650 X94.937 Y108.709 E127.52087
G0 F9000 X94.371 Y108.709
G1 F1650 X89.729 Y113.352 E127.68465
G0 F9000 X89.163 Y113.352
G1 F1650 X93.805 Y108.709 E127.84842
G0 F9000 X93.239 Y108.71
G1 F1650 X88.596 Y113.352 E128.0122
G0 F9000 X88.03 Y113.353
G1 F1650 X92.672 Y108.711 E128.17596
G0 F9000 X92.107 Y108.711
G1 F1650 X87.464 Y113.353 E128.33974
G0 F9000 X86.898 Y113.354
G1 F1650 X91.54 Y108.712 E128.5035
G0 F9000 X90.974 Y108.712
G1 F1650 X86.332 Y113.354 E128.66726
G0 F9000 X85.765 Y113.355
G1 F1650 X90.408 Y108.712 E128.83105
G0 F9000 X89.842 Y108.713
G1 F1650 X85.2 Y113.355 E128.99481
G0 F9000 X84.633 Y113.356
G1 F1650 X89.276 Y108.713 E129.1586
G0 F9000 X88.71 Y108.714
G1 F1650 X84.175 Y113.248 E129.31857
G0 F9000 X84.174 Y112.683
G1 F1650 X88.144 Y108.714 E129.4586
G0 F9000 X87.578 Y108.714
G1 F1650 X84.173 Y112.118 E129.57871
G0 F9000 X84.173 Y111.553
G1 F1650 X87.011 Y108.715 E129.67883
G0 F9000 X86.445 Y108.715
G1 F1650 X84.172 Y110.988 E129.75901
G0 F9000 X84.171 Y110.423
G1 F1650 X85.879 Y108.716 E129.81925
G0 F9000 X85.313 Y108.716
G1 F1650 X84.171 Y109.858 E129.85954
G0 F9000 X84.17 Y109.293
G1 F1650 X84.747 Y108.716 E129.87989
G0 F9000 X108.412 Y113.335
G1 F1650 X112.847 Y108.901 E130.03633
G0 F9000 X112.847 Y109.466
G1 F1650 X108.979 Y113.335 E130.1728
G0 F9000 X109.544 Y113.335
G1 F1650 X112.848 Y110.031 E130.28936
G0 F9000 X112.848 Y110.597
G1 F1650 X110.111 Y113.334 E130.38591
G0 F9000 X110.677 Y113.333
G1 F1650 X112.849 Y111.162 E130.46252
G0 F9000 X112.849 Y111.727
G1 F1650 X111.244 Y113.332 E130.51914
G0 F9000 X111.809 Y113.332
G1 F1650 X112.85 Y112.292 E130.55585
G0 F9000 X112.851 Y112.857
G1 F1650 X112.376 Y113.332 E130.5726
G0 F9000 X84.274 Y107.788
;TIME_ELAPSED:180.137917
;LAYER:2
M106 S127.5
G0 X84.274 Y107.788 Z0.61
;TYPE:WALL-INNER
G1 F1500 X84.274 Y107.987 E130.57757
G1 X84.473 Y107.987 E130.58078
G1 X112.739 Y107.967 E131.28588
G1 X112.728 Y91.888 E131.68697
G1 X112.728 Y91.689 E131.69193
G1 X112.529 Y91.689 E131.69515
G1 X84.263 Y91.71 E132.40024
G1 X84.273 Y106.123 E132.75978
G0 F1350 X84.274 Y107.788
G0 F9000 X84.674 Y107.587
G1 F480 E132.80131
G1 F1500 X84.873 Y107.587 E132.80628
G1 X112.339 Y107.567 E133.49142
G1 X112.328 Y92.288 E133.87256
G1 X112.328 Y92.089 E133.87752
G1 X112.129 Y92.089 E133.88073
G1 X84.663 Y92.11 E134.56587
G1 X84.674 Y107.388 E134.94698
G1 X84.674 Y107.587 E134.9502
G0 F9000 X85.099 Y107.162
;TYPE:WALL-OUTER
G1 F900 X111.739 Y107.142 E135.53167
G1 X111.914 Y107.142 E135.53549
G1 X111.914 Y106.967 E135.53796
G1 X111.903 Y92.689 E135.8496
G1 X111.903 Y92.514 E135.85342
G1 X111.728 Y92.514 E135.8559
G1 X85.088 Y92.535 E136.43737
G1 X85.098 Y105.26 E136.71511
G0 F810 X85.099 Y107.162
G0 F9000 X85.299 Y107.162
G0 X85.299 Y107.547
G0 X85.299 Y107.687
G0 X83.477 Y114.05
;TYPE:WALL-INNER
G1 F480 E136.75663
G1 F1500 X83.45 Y83.174 E137.52683
G1 X83.45 Y82.975 E137.5318
G1 X83.649 Y82.975 E137.53501
G1 X113.523 Y82.95 E138.28022
G1 X113.55 Y113.826 E139.05043
G1 X113.55 Y114.025 E139.05539
G1 X113.351 Y114.025 E139.0586
G1 X83.477 Y114.05 E139.80381
G0 F9000 X83.077 Y114.45
G1 F1500 X83.05 Y82.774 E140.59397
G1 X83.05 Y82.575 E140.59894
G1 X83.249 Y82.575 E140.60215
G1 X113.923 Y82.55 E141.36732
G1 X113.95 Y114.226 E142.15748
G1 X113.95 Y114.425 E142.16244
G1 X113.751 Y114.425 E142.16565
G1 X83.077 Y114.45 E142.93082
G0 F9000 X82.652 Y114.875
;TYPE:WALL-OUTER
G1 F900 X82.625 Y82.325 E143.64129
G1 X82.625 Y82.15 E143.64511
G1 X82.8 Y82.15 E143.64758
G1 X114.348 Y82.125 E144.33618
G1 X114.375 Y114.675 E145.04664
G1 X114.375 Y114.85 E145.05046
G1 X114.2 Y114.85 E145.05293
G1 X82.652 Y114.875 E145.74153
G0 F9000 X82.652 Y114.675
G0 X83.038 Y114.489
G0 X83.867 Y113.66
;TYPE:SKIN
G1 F2400 X83.84 Y83.365 E146.49724
G1 X113.133 Y83.34 E147.22796
G1 X113.16 Y113.635 E147.98367
G1 X85.532 Y113.659 E148.67286
G0 F2160 X83.867 Y113.66
G0 F9000 X83.884 Y108.377
G1 F480 E148.71439
G1 F2400 X113.129 Y108.357 E149.44391
G1 X113.118 Y91.299 E149.86942
G1 X83.873 Y91.32 E150.59894
G1 X83.883 Y106.712 E150.9829
G0 F2160 X83.884 Y108.377
G0 F9000 X84.628 Y113.478
G1 F480 E151.02443
G1 F2400 X84.046 Y112.895 E151.04498
G0 F9000 X84.045 Y112.329
G1 F2400 X85.193 Y113.477 E151.08548
G0 F9000 X85.758 Y113.477
G1 F2400 X84.044 Y111.763 E151.14595
G0 F9000 X84.044 Y111.197
G1 F2400 X86.324 Y113.477 E151.22638
G0 F9000 X86.889 Y113.476
G1 F2400 X84.043 Y110.631 E151.32676
G0 F9000 X84.043 Y110.064
G1 F2400 X87.454 Y113.475 E151.44709
G0 F9000 X88.019 Y113.475
G1 F2400 X84.043 Y109.499 E151.58736
G0 F9000 X84.042 Y108.932
G1 F2400 X88.584 Y113.475 E151.74761
G0 F9000 X89.149 Y113.474
G1 F2400 X84.231 Y108.556 E151.9211
G0 F9000 X84.797 Y108.556
G1 F2400 X89.714 Y113.473 E152.09456
G0 F9000 X90.28 Y113.473
G1 F2400 X85.362 Y108.555 E152.26806
G0 F9000 X85.928 Y108.555
G1 F2400 X90.845 Y113.472 E152.44152
G0 F9000 X91.41 Y113.472
G1 F2400 X86.493 Y108.555 E152.61498
G0 F9000 X87.058 Y108.555
G1 F2400 X91.976 Y113.472 E152.78846
G0 F9000 X92.541 Y113.471
G1 F2400 X87.623 Y108.554 E152.96194
G0 F9000 X88.188 Y108.553
G1 F2400 X93.106 Y113.47 E153.13541
G0 F9000 X93.671 Y113.47
G1 F2400 X88.754 Y108.553 E153.30888
G0 F9000 X89.319 Y108.552
G1 F2400 X94.236 Y113.47 E153.48235
G0 F9000 X94.801 Y113.469
G1 F2400 X89.885 Y108.552 E153.6558
G0 F9000 X90.45 Y108.552
G1 F2400 X95.366 Y113.468 E153.82922
G0 F9000 X95.932 Y113.468
G1 F2400 X91.015 Y108.552 E154.00266
G0 F9000 X91.58 Y108.551
G1 F2400 X96.497 Y113.468 E154.17612
G0 F9000 X97.062 Y113.467
G1 F2400 X92.146 Y108.551 E154.34955
G0 F9000 X92.711 Y108.55
G1 F2400 X97.628 Y113.467 E154.52301
G0 F9000 X98.193 Y113.466
G1 F2400 X93.277 Y108.55 E154.69644
G0 F9000 X93.842 Y108.55
G1 F2400 X98.758 Y113.465 E154.86984
G0 F9000 X99.323 Y113.465
G1 F2400 X94.407 Y108.549 E155.04327
G0 F9000 X94.972 Y108.549
G1 F2400 X99.888 Y113.465 E155.21669
G0 F9000 X100.453 Y113.464
G1 F2400 X95.537 Y108.548 E155.39012
G0 F9000 X96.103 Y108.548
G1 F2400 X101.018 Y113.463 E155.56351
G0 F9000 X101.584 Y113.463
G1 F2400 X96.668 Y108.547 E155.73693
G0 F9000 X97.234 Y108.547
G1 F2400 X102.149 Y113.463 E155.91034
G0 F9000 X102.714 Y113.462
G1 F2400 X97.799 Y108.547 E156.08373
G0 F9000 X98.364 Y108.547
G1 F2400 X103.28 Y113.462 E156.25714
G0 F9000 X103.844 Y113.461
G1 F2400 X98.929 Y108.546 E156.43053
G0 F9000 X99.495 Y108.546
G1 F2400 X104.409 Y113.46 E156.60388
G0 F9000 X104.974 Y113.46
G1 F2400 X100.06 Y108.545 E156.77726
G0 F9000 X100.625 Y108.545
G1 F2400 X105.54 Y113.46 E156.95065
G0 F9000 X106.105 Y113.459
G1 F2400 X101.191 Y108.545 E157.124
G0 F9000 X101.756 Y108.544
G1 F2400 X106.67 Y113.458 E157.29735
G0 F9000 X107.236 Y113.458
G1 F2400 X102.321 Y108.544 E157.47073
G0 F9000 X102.886 Y108.543
G1 F2400 X107.801 Y113.458 E157.64412
G0 F9000 X108.366 Y113.457
G1 F2400 X103.452 Y108.543 E157.81747
G0 F9000 X104.017 Y108.543
G1 F2400 X108.931 Y113.457 E157.99083
G0 F9000 X109.496 Y113.456
G1 F2400 X104.583 Y108.543 E158.16415
G0 F9000 X105.148 Y108.542
G1 F2400 X110.061 Y113.455 E158.33746
G0 F9000 X110.626 Y113.455
G1 F2400 X105.713 Y108.542 E158.51078
G0 F9000 X106.278 Y108.541
G1 F2400 X111.192 Y113.455 E158.68414
G0 F9000 X111.757 Y113.454
G1 F2400 X106.843 Y108.54 E158.85749
G0 F9000 X107.409 Y108.54
G1 F2400 X112.322 Y113.453 E159.03081
G0 F9000 X112.888 Y113.453
G1 F2400 X107.974 Y108.54 E159.20415
G0 F9000 X108.54 Y108.54
G1 F2400 X112.98 Y112.98 E159.36078
G0 F9000 X112.979 Y112.413
G1 F2400 X109.105 Y108.539 E159.49745
G0 F9000 X109.67 Y108.539
G1 F2400 X112.978 Y111.847 E159.61415
G0 F9000 X112.977 Y111.28
G1 F2400 X110.235 Y108.538 E159.71088
G0 F9000 X110.801 Y108.538
G1 F2400 X112.977 Y110.714 E159.78764
G0 F9000 X112.976 Y110.148
G1 F2400 X111.366 Y108.538 E159.84444
G0 F9000 X111.932 Y108.538
G1 F2400 X112.975 Y109.581 E159.88123
G0 F9000 X112.975 Y109.015
G1 F2400 X112.497 Y108.537 E159.8981
G0 F9000 X112.615 Y91.119
G1 F2400 X105.023 Y83.526 E160.16594
G0 F9000 X105.588 Y83.526
G1 F2400 X112.958 Y90.897 E160.42596
G0 F9000 X112.958 Y90.331
G1 F2400 X106.153 Y83.526 E160.66602
G0 F9000 X106.718 Y83.525
G1 F2400 X112.958 Y89.765 E160.88615
G0 F9000 X112.957 Y89.198
G1 F2400 X107.284 Y83.525 E161.08629
G0 F9000 X107.849 Y83.524
G1 F2400 X112.957 Y88.633 E161.2665
G0 F9000 X112.956 Y88.066
G1 F2400 X108.414 Y83.524 E161.42673
G0 F9000 X108.979 Y83.523
G1 F2400 X112.956 Y87.5 E161.56703
G0 F9000 X112.956 Y86.934
G1 F2400 X109.544 Y83.523 E161.68738
G0 F9000 X110.109 Y83.522
G1 F2400 X112.955 Y86.368 E161.78778
G0 F9000 X112.954 Y85.801
G1 F2400 X110.674 Y83.522 E161.8682
G0 F9000 X111.24 Y83.522
G1 F2400 X112.954 Y85.236 E161.92866
G0 F9000 X112.953 Y84.669
G1 F2400 X111.805 Y83.521 E161.96916
G0 F9000 X112.37 Y83.52
G1 F2400 X112.953 Y84.103 E161.98973
G0 F9000 X112.049 Y91.119
G1 F2400 X104.458 Y83.527 E162.25754
G0 F9000 X103.893 Y83.528
G1 F2400 X111.484 Y91.119 E162.52533
G0 F9000 X110.918 Y91.119
G1 F2400 X103.327 Y83.528 E162.79313
G0 F9000 X102.762 Y83.529
G1 F2400 X110.353 Y91.12 E163.06092
G0 F9000 X109.788 Y91.121
G1 F2400 X102.197 Y83.529 E163.32873
G0 F9000 X101.632 Y83.53
G1 F2400 X109.223 Y91.121 E163.59652
G0 F9000 X108.658 Y91.122
G1 F2400 X101.066 Y83.53 E163.86435
G0 F9000 X100.501 Y83.531
G1 F2400 X108.092 Y91.122 E164.13214
G0 F9000 X107.527 Y91.122
G1 F2400 X99.936 Y83.531 E164.39994
G0 F9000 X99.371 Y83.531
G1 F2400 X106.961 Y91.122 E164.66771
G0 F9000 X106.396 Y91.123
G1 F2400 X98.806 Y83.532 E164.93549
G0 F9000 X98.241 Y83.533
G1 F2400 X105.831 Y91.123 E165.20325
G0 F9000 X105.266 Y91.124
G1 F2400 X97.676 Y83.534 E165.471
G0 F9000 X97.11 Y83.534
G1 F2400 X104.7 Y91.124 E165.73876
G0 F9000 X104.135 Y91.124
G1 F2400 X96.545 Y83.534 E166.00652
G0 F9000 X95.98 Y83.535
G1 F2400 X103.57 Y91.125 E166.27428
G0 F9000 X103.004 Y91.125
G1 F2400 X95.414 Y83.535 E166.54203
G0 F9000 X94.849 Y83.536
G1 F2400 X102.439 Y91.126 E166.80979
G0 F9000 X101.874 Y91.126
G1 F2400 X94.284 Y83.536 E167.07755
G0 F9000 X93.719 Y83.536
G1 F2400 X101.309 Y91.126 E167.34531
G0 F9000 X100.743 Y91.126
G1 F2400 X93.154 Y83.537 E167.61303
G0 F9000 X92.589 Y83.538
G1 F2400 X100.178 Y91.127 E167.88075
G0 F9000 X99.612 Y91.127
G1 F2400 X92.024 Y83.539 E168.14844
G0 F9000 X91.458 Y83.539
G1 F2400 X99.047 Y91.128 E168.41616
G0 F9000 X98.483 Y91.129
G1 F2400 X90.893 Y83.539 E168.68392
G0 F9000 X90.328 Y83.54
G1 F2400 X97.917 Y91.129 E168.95164
G0 F9000 X97.352 Y91.129
G1 F2400 X89.762 Y83.54 E169.21938
G0 F9000 X89.197 Y83.541
G1 F2400 X96.786 Y91.129 E169.48709
G0 F9000 X96.221 Y91.13
G1 F2400 X88.633 Y83.541 E169.75479
G0 F9000 X88.067 Y83.541
G1 F2400 X95.655 Y91.13 E170.0225
G0 F9000 X95.091 Y91.131
G1 F2400 X87.502 Y83.542 E170.29022
G0 F9000 X86.937 Y83.543
G1 F2400 X94.525 Y91.131 E170.55791
G0 F9000 X93.96 Y91.131
G1 F2400 X86.372 Y83.543 E170.82559
G0 F9000 X85.806 Y83.543
G1 F2400 X93.394 Y91.131 E171.09328
G0 F9000 X92.829 Y91.132
G1 F2400 X85.241 Y83.544 E171.36097
G0 F9000 X84.676 Y83.545
G1 F2400 X92.264 Y91.133 E171.62866
G0 F9000 X91.699 Y91.133
G1 F2400 X84.111 Y83.545 E171.89634
G0 F9000 X84.019 Y84.019
G1 F2400 X91.134 Y91.134 E172.14734
G0 F9000 X90.568 Y91.134
G1 F2400 X84.019 Y84.585 E172.37838
G0 F9000 X84.02 Y85.151
G1 F2400 X90.003 Y91.134 E172.58944
G0 F9000 X89.437 Y91.134
G1 F2400 X84.021 Y85.718 E172.78051
G0 F9000 X84.021 Y86.283
G1 F2400 X88.872 Y91.135 E172.95166
G0 F9000 X88.307 Y91.135
G1 F2400 X84.021 Y86.85 E173.10284
G0 F9000 X84.022 Y87.416
G1 F2400 X87.742 Y91.136 E173.23407
G0 F9000 X87.176 Y91.136
G1 F2400 X84.023 Y87.983 E173.3453
G0 F9000 X84.024 Y88.549
G1 F2400 X86.611 Y91.136 E173.43657
G0 F9000 X86.046 Y91.137
G1 F2400 X84.024 Y89.115 E173.5079
G0 F9000 X84.024 Y89.681
G1 F2400 X85.48 Y91.137 E173.55926
G0 F9000 X84.915 Y91.138
G1 F2400 X84.025 Y90.248 E173.59066
G0 F9000 X84.026 Y90.814
G1 F2400 X84.35 Y91.138 E173.60209
G0 F9000 X84.44 Y107.628
;TIME_ELAPSED:255.746059
;LAYER:3
M106 S191.3
G0 X84.44 Y107.628 Z0.76
;TYPE:WALL-INNER
G1 F1500 X84.44 Y107.827 E173.60705
G1 X84.639 Y107.827 E173.61027
G1 X112.572 Y107.806 E174.30706
G1 X112.562 Y92.048 E174.70014
G1 X112.562 Y91.849 E174.70511
G1 X112.363 Y91.849 E174.70832
G1 X84.43 Y91.871 E175.40511
G1 X84.439 Y105.963 E175.75664
G0 F1350 X84.44 Y107.628
G0 F9000 X84.84 Y107.427
G1 F480 E175.79817
G1 F1500 X85.039 Y107.427 E175.80313
G1 X112.172 Y107.406 E176.47997
G1 X112.162 Y92.448 E176.8531
G1 X112.162 Y92.249 E176.85806
G1 X111.963 Y92.249 E176.86127
G1 X84.83 Y92.271 E177.53811
G1 X84.84 Y107.228 E177.91121
G1 X84.84 Y107.427 E177.91443
G0 F9000 X85.265 Y107.002
;TYPE:WALL-OUTER
G1 F900 X85.44 Y107.002 E177.91825
G1 X111.747 Y106.981 E178.49245
G1 X111.737 Y92.849 E178.80091
G1 X111.737 Y92.674 E178.80473
G1 X111.562 Y92.674 E178.8072
G1 X85.255 Y92.696 E179.3814
G1 X85.265 Y106.827 E179.68984
G1 X85.265 Y107.002 E179.69231
G0 F9000 X85.44 Y107.002
G0 X85.465 Y107.002
G0 X85.465 Y107.387
G0 X85.465 Y107.527
G0 X83.477 Y114.05
;TYPE:WALL-INNER
G1 F1500 X83.45 Y83.174 E180.46251
G1 X83.45 Y82.975 E180.46748
G1 X83.649 Y82.975 E180.47069
G1 X113.523 Y82.95 E181.2159
G1 X113.55 Y113.826 E181.98611
G1 X113.55 Y114.025 E181.99107
G1 X113.351 Y114.025 E181.99428
G1 X83.477 Y114.05 E182.73949
G0 F9000 X83.077 Y114.45
G1 F1500 X83.05 Y82.774 E183.52965
G1 X83.05 Y82.575 E183.53462
G1 X83.249 Y82.575 E183.53783
G1 X113.923 Y82.55 E184.303
G1 X113.95 Y114.226 E185.09316
G1 X113.95 Y114.425 E185.09812
G1 X113.751 Y114.425 E185.10133
G1 X83.077 Y114.45 E185.8665
G0 F9000 X82.652 Y114.875
;TYPE:WALL-OUTER
G1 F900 X82.625 Y82.325 E186.57697
G1 X82.625 Y82.15 E186.58079
G1 X82.8 Y82.15 E186.58326
G1 X114.348 Y82.125 E187.27186
G1 X114.375 Y114.675 E187.98232
G1 X114.375 Y114.85 E187.98614
G1 X114.2 Y114.85 E187.98861
G1 X82.652 Y114.875 E188.67721
G0 F9000 X82.652 Y114.675
G0 X83.038 Y114.489
G0 X83.867 Y113.66
;TYPE:SKIN
G1 F2400 X83.84 Y83.365 E189.43292
G1 X113.133 Y83.34 E190.16364
G1 X113.16 Y113.635 E190.91935
G1 X85.532 Y113.659 E191.60854
G0 F2160 X83.867 Y113.66
G0 F9000 X84.05 Y108.217
G1 F480 E191.65007
G1 F2400 X112.962 Y108.196 E192.37128
G1 X112.952 Y91.459 E192.78879
G1 X84.04 Y91.481 E193.51
G1 X84.05 Y106.552 E193.88595
G0 F2160 X84.05 Y108.217
G0 F9000 X84.019 Y83.988
G1 F480 E193.92748
G1 F2400 X84.463 Y83.544 E193.94315
G0 F9000 X85.03 Y83.543
G1 F2400 X84.02 Y84.553 E193.97878
G0 F9000 X84.021 Y85.118
G1 F2400 X85.595 Y83.543 E194.03432
G0 F9000 X86.162 Y83.543
G1 F2400 X84.021 Y85.683 E194.10983
G0 F9000 X84.021 Y86.249
G1 F2400 X86.728 Y83.542 E194.20533
G0 F9000 X87.295 Y83.541
G1 F2400 X84.022 Y86.814 E194.3208
G0 F9000 X84.023 Y87.379
G1 F2400 X87.86 Y83.541 E194.45617
G0 F9000 X88.427 Y83.541
G1 F2400 X84.024 Y87.944 E194.6115
G0 F9000 X84.024 Y88.509
G1 F2400 X88.993 Y83.54 E194.7868
G0 F9000 X89.559 Y83.54
G1 F2400 X84.024 Y89.074 E194.98204
G0 F9000 X84.025 Y89.639
G1 F2400 X90.125 Y83.539 E195.19723
G0 F9000 X90.692 Y83.539
G1 F2400 X84.026 Y90.204 E195.43238
G0 F9000 X84.026 Y90.769
G1 F2400 X91.258 Y83.538 E195.68749
G0 F9000 X91.824 Y83.538
G1 F2400 X84.062 Y91.3 E195.96131
G0 F9000 X84.627 Y91.3
G1 F2400 X92.39 Y83.537 E196.23517
G0 F9000 X92.956 Y83.536
G1 F2400 X85.194 Y91.299 E196.50902
G0 F9000 X85.76 Y91.299
G1 F2400 X93.522 Y83.536 E196.78286
G0 F9000 X94.089 Y83.536
G1 F2400 X86.326 Y91.298 E197.0567
G0 F9000 X86.892 Y91.298
G1 F2400 X94.655 Y83.535 E197.33057
G0 F9000 X95.221 Y83.535
G1 F2400 X87.458 Y91.298 E197.60443
G0 F9000 X88.024 Y91.297
G1 F2400 X95.787 Y83.534 E197.87829
G0 F9000 X96.353 Y83.534
G1 F2400 X88.59 Y91.297 E198.15215
G0 F9000 X89.156 Y91.296
G1 F2400 X96.92 Y83.533 E198.42603
G0 F9000 X97.485 Y83.533
G1 F2400 X89.722 Y91.296 E198.69989
G0 F9000 X90.289 Y91.295
G1 F2400 X98.052 Y83.532 E198.97375
G0 F9000 X98.618 Y83.531
G1 F2400 X90.855 Y91.295 E199.24763
G0 F9000 X91.421 Y91.295
G1 F2400 X99.184 Y83.531 E199.5215
G0 F9000 X99.75 Y83.531
G1 F2400 X91.987 Y91.294 E199.79537
G0 F9000 X92.553 Y91.294
G1 F2400 X100.317 Y83.53 E200.06926
G0 F9000 X100.882 Y83.53
G1 F2400 X93.119 Y91.293 E200.34312
G0 F9000 X93.685 Y91.293
G1 F2400 X101.449 Y83.529 E200.61702
G0 F9000 X102.015 Y83.529
G1 F2400 X94.251 Y91.293 E200.89091
G0 F9000 X94.818 Y91.292
G1 F2400 X102.582 Y83.528 E201.16481
G0 F9000 X103.147 Y83.528
G1 F2400 X95.383 Y91.292 E201.43871
G0 F9000 X95.95 Y91.291
G1 F2400 X103.714 Y83.527 E201.7126
G0 F9000 X104.28 Y83.526
G1 F2400 X96.515 Y91.291 E201.98653
G0 F9000 X97.082 Y91.291
G1 F2400 X104.846 Y83.526 E202.26045
G0 F9000 X105.412 Y83.526
G1 F2400 X97.648 Y91.29 E202.53434
G0 F9000 X98.214 Y91.29
G1 F2400 X105.979 Y83.525 E202.80827
G0 F9000 X106.545 Y83.524
G1 F2400 X98.78 Y91.289 E203.08221
G0 F9000 X99.346 Y91.289
G1 F2400 X107.111 Y83.524 E203.35614
G0 F9000 X107.677 Y83.524
G1 F2400 X99.912 Y91.288 E203.63005
G0 F9000 X100.479 Y91.288
G1 F2400 X108.243 Y83.523 E203.90396
G0 F9000 X108.809 Y83.523
G1 F2400 X101.044 Y91.288 E204.1779
G0 F9000 X101.611 Y91.287
G1 F2400 X109.375 Y83.522 E204.45181
G0 F9000 X109.942 Y83.522
G1 F2400 X102.176 Y91.287 E204.72576
G0 F9000 X102.743 Y91.286
G1 F2400 X110.508 Y83.522 E204.99967
G0 F9000 X111.074 Y83.521
G1 F2400 X103.309 Y91.286 E205.2736
G0 F9000 X103.875 Y91.286
G1 F2400 X111.64 Y83.52 E205.54755
G0 F9000 X112.207 Y83.519
G1 F2400 X104.441 Y91.285 E205.82152
G0 F9000 X105.007 Y91.285
G1 F2400 X112.772 Y83.519 E206.09547
G0 F9000 X112.952 Y83.905
G1 F2400 X105.573 Y91.284 E206.35578
G0 F9000 X106.139 Y91.284
G1 F2400 X112.953 Y84.47 E206.59617
G0 F9000 X112.953 Y85.036
G1 F2400 X106.705 Y91.283 E206.81656
G0 F9000 X107.272 Y91.283
G1 F2400 X112.953 Y85.601 E207.01699
G0 F9000 X112.954 Y86.166
G1 F2400 X107.838 Y91.283 E207.19749
G0 F9000 X108.404 Y91.282
G1 F2400 X112.954 Y86.732 E207.358
G0 F9000 X112.955 Y87.297
G1 F2400 X108.97 Y91.282 E207.49859
G0 F9000 X109.536 Y91.281
G1 F2400 X112.956 Y87.862 E207.61922
G0 F9000 X112.956 Y88.427
G1 F2400 X110.102 Y91.281 E207.7199
G0 F9000 X110.668 Y91.281
G1 F2400 X112.956 Y88.992 E207.80063
G0 F9000 X112.957 Y89.557
G1 F2400 X111.234 Y91.28 E207.86142
G0 F9000 X111.8 Y91.28
G1 F2400 X112.957 Y90.123 E207.90223
G0 F9000 X112.958 Y90.688
G1 F2400 X112.367 Y91.279 E207.92308
G0 F9000 X112.241 Y108.376
G1 F2400 X107.157 Y113.459 E208.10242
G0 F9000 X106.592 Y113.459
G1 F2400 X111.674 Y108.376 E208.28172
G0 F9000 X111.109 Y108.376
G1 F2400 X106.025 Y113.46 E208.46107
G0 F9000 X105.459 Y113.46
G1 F2400 X110.542 Y108.377 E208.64038
G0 F9000 X109.977 Y108.377
G1 F2400 X104.892 Y113.461 E208.81975
G0 F9000 X104.327 Y113.461
G1 F2400 X109.41 Y108.378 E208.99907
G0 F9000 X108.844 Y108.378
G1 F2400 X103.76 Y113.462 E209.17842
G0 F9000 X103.194 Y113.463
G1 F2400 X108.278 Y108.378 E209.35779
G0 F9000 X107.712 Y108.379
G1 F2400 X102.628 Y113.463 E209.53714
G0 F9000 X102.062 Y113.463
G1 F2400 X107.146 Y108.379 E209.7165
G0 F9000 X106.58 Y108.38
G1 F2400 X101.495 Y113.464 E209.89586
G0 F9000 X100.93 Y113.464
G1 F2400 X106.014 Y108.38 E210.07522
G0 F9000 X105.448 Y108.381
G1 F2400 X100.363 Y113.465 E210.25459
G0 F9000 X99.797 Y113.465
G1 F2400 X104.882 Y108.381 E210.43396
G0 F9000 X104.315 Y108.381
G1 F2400 X99.231 Y113.466 E210.61332
G0 F9000 X98.665 Y113.466
G1 F2400 X103.75 Y108.381 E210.79271
G0 F9000 X103.183 Y108.382
G1 F2400 X98.099 Y113.467 E210.97208
G0 F9000 X97.532 Y113.468
G1 F2400 X102.617 Y108.383 E211.15147
G0 F9000 X102.051 Y108.383
G1 F2400 X96.966 Y113.468 E211.33086
G0 F9000 X96.4 Y113.468
G1 F2400 X101.485 Y108.383 E211.51024
G0 F9000 X100.919 Y108.383
G1 F2400 X95.834 Y113.469 E211.68965
G0 F9000 X95.267 Y113.47
G1 F2400 X100.353 Y108.384 E211.86907
G0 F9000 X99.787 Y108.384
G1 F2400 X94.702 Y113.47 E212.04847
G0 F9000 X94.135 Y113.47
G1 F2400 X99.221 Y108.385 E212.22788
G0 F9000 X98.655 Y108.385
G1 F2400 X93.569 Y113.471 E212.4073
G0 F9000 X93.003 Y113.471
G1 F2400 X98.089 Y108.386 E212.58671
G0 F9000 X97.523 Y108.386
G1 F2400 X92.437 Y113.472 E212.76613
G0 F9000 X91.87 Y113.472
G1 F2400 X96.957 Y108.386 E212.94557
G0 F9000 X96.39 Y108.387
G1 F2400 X91.305 Y113.472 E213.12496
G0 F9000 X90.738 Y113.473
G1 F2400 X95.824 Y108.387 E213.30438
G0 F9000 X95.258 Y108.388
G1 F2400 X90.172 Y113.474 E213.4838
G0 F9000 X89.605 Y113.475
G1 F2400 X94.692 Y108.388 E213.66326
G0 F9000 X94.126 Y108.388
G1 F2400 X89.04 Y113.475 E213.8427
G0 F9000 X88.473 Y113.475
G1 F2400 X93.56 Y108.388 E214.02216
G0 F9000 X92.994 Y108.389
G1 F2400 X87.907 Y113.476 E214.20161
G0 F9000 X87.341 Y113.476
G1 F2400 X92.428 Y108.389 E214.38107
G0 F9000 X91.862 Y108.39
G1 F2400 X86.775 Y113.477 E214.56053
G0 F9000 X86.209 Y113.477
G1 F2400 X91.296 Y108.39 E214.73999
G0 F9000 X90.73 Y108.39
G1 F2400 X85.642 Y113.478 E214.91948
G0 F9000 X85.076 Y113.478
G1 F2400 X90.163 Y108.391 E215.09894
G0 F9000 X89.598 Y108.391
G1 F2400 X84.51 Y113.479 E215.27843
G0 F9000 X84.046 Y113.377
G1 F2400 X89.031 Y108.392 E215.45429
G0 F9000 X88.466 Y108.392
G1 F2400 X84.046 Y112.811 E215.6102
G0 F9000 X84.046 Y112.246
G1 F2400 X87.899 Y108.393 E215.74612
G0 F9000 X87.334 Y108.393
G1 F2400 X84.045 Y111.681 E215.86214
G0 F9000 X84.044 Y111.116
G1 F2400 X86.767 Y108.393 E215.9582
G0 F9000 X86.201 Y108.393
G1 F2400 X84.043 Y110.551 E216.03433
G0 F9000 X84.043 Y109.986
G1 F2400 X85.635 Y108.394 E216.09049
G0 F9000 X85.069 Y108.395
G1 F2400 X84.043 Y109.421 E216.12668
G0 F9000 X84.042 Y108.856
G1 F2400 X84.503 Y108.395 E216.14295
G0 F9000 X107.724 Y113.458
G1 F2400 X112.806 Y108.376 E216.32223
G0 F9000 X112.973 Y108.774
G1 F2400 X108.29 Y113.458 E216.48745
G0 F9000 X108.856 Y113.458
G1 F2400 X112.974 Y109.339 E216.63274
G0 F9000 X112.975 Y109.904
G1 F2400 X109.422 Y113.457 E216.75808
G0 F9000 X109.989 Y113.456
G1 F2400 X112.975 Y110.469 E216.86344
G0 F9000 X112.976 Y111.034
G1 F2400 X110.554 Y113.456 E216.94888
G0 F9000 X111.121 Y113.455
G1 F2400 X112.977 Y111.599 E217.01436
G0 F9000 X112.977 Y112.164
G1 F2400 X111.687 Y113.455 E217.05988
G0 F9000 X112.253 Y113.454
G1 F2400 X112.978 Y112.729 E217.08546
G0 F9000 X112.979 Y113.294
G1 F2400 X112.819 Y113.454 E217.0911
G0 F9000 X84.607 Y107.467
;TIME_ELAPSED:332.318858
;LAYER:4
M106 S255
G0 X84.607 Y107.467 Z0.91
;TYPE:WALL-INNER
G1 F1500 X84.607 Y107.666 E217.09607
G1 X84.806 Y107.666 E217.09928
G1 X112.405 Y107.646 E217.78774
G1 X112.395 Y92.209 E218.17282
G1 X112.395 Y92.01 E218.17778
G1 X112.196 Y92.01 E218.18099
G1 X84.597 Y92.031 E218.86945
G1 X84.606 Y105.802 E219.21297
G0 F1350 X84.607 Y107.467
G0 F9000 X85.007 Y107.266
G1 F480 E219.25451
G1 F1500 X85.206 Y107.266 E219.25947
G1 X112.005 Y107.246 E219.92797
G1 X111.995 Y92.609 E220.2931
G1 X111.995 Y92.41 E220.29806
G1 X111.796 Y92.41 E220.30127
G1 X84.997 Y92.431 E220.96978
G1 X85.007 Y107.067 E221.33487
G1 X85.007 Y107.266 E221.33808
G0 F9000 X85.432 Y106.841
;TYPE:WALL-OUTER
G1 F900 X85.607 Y106.841 E221.3419
G1 X111.58 Y106.821 E221.90882
G1 X111.57 Y93.01 E222.21027
G1 X111.57 Y92.835 E222.21409
G1 X111.395 Y92.835 E222.21656
G1 X85.422 Y92.856 E222.78347
G1 X85.432 Y106.666 E223.0849
G1 X85.432 Y106.841 E223.08737
G0 F9000 X85.607 Y106.841
G0 X85.632 Y106.841
G0 X85.632 Y107.226
G0 X85.632 Y107.366
G0 X83.477 Y114.05
;TYPE:WALL-INNER
G1 F1500 X83.45 Y83.174 E223.85758
G1 X83.45 Y82.975 E223.86254
G1 X83.649 Y82.975 E223.86576
G1 X113.523 Y82.95 E224.61097
G1 X113.55 Y113.826 E225.38117
G1 X113.55 Y114.025 E225.38613
G1 X113.351 Y114.025 E225.38935
G1 X83.477 Y114.05 E226.13456
G0 F9000 X83.077 Y114.45
G1 F1500 X83.05 Y82.774 E226.92472
G1 X83.05 Y82.575 E226.92968
G1 X83.249 Y82.575 E226.93289
G1 X113.923 Y82.55 E227.69806
G1 X113.95 Y114.226 E228.48822
G1 X113.95 Y114.425 E228.49319
G1 X113.751 Y114.425 E228.4964
G1 X83.077 Y114.45 E229.26156
G0 F9000 X82.652 Y114.875
;TYPE:WALL-OUTER
G1 F900 X82.625 Y82.325 E229.97203
G1 X82.625 Y82.15 E229.97585
G1 X82.8 Y82.15 E229.97832
G1 X114.348 Y82.125 E230.66692
G1 X114.375 Y114.675 E231.37739
G1 X114.375 Y114.85 E231.38121
G1 X114.2 Y114.85 E231.38368
G1 X82.652 Y114.875 E232.07228
G0 F9000 X82.652 Y114.675
G0 X83.038 Y114.489
G0 X83.867 Y113.66
;TYPE:SKIN
G1 F2400 X83.84 Y83.365 E232.82799
G1 X113.133 Y83.34 E233.55871
G1 X113.16 Y113.635 E234.31442
G1 X85.532 Y113.659 E235.0036
G0 F2160 X83.867 Y113.66
G0 F9000 X84.217 Y108.056
G1 F480 E235.04514
G1 F2400 X112.795 Y108.036 E235.75802
G1 X112.785 Y91.62 E236.16752
G1 X84.207 Y91.641 E236.8804
G1 X84.216 Y106.391 E237.24834
G0 F2160 X84.217 Y108.056
G0 F9000 X84.628 Y113.478
G1 F480 E237.28987
G1 F2400 X84.046 Y112.895 E237.31042
G0 F9000 X84.045 Y112.329
G1 F2400 X85.193 Y113.477 E237.35092
G0 F9000 X85.758 Y113.477
G1 F2400 X84.045 Y111.763 E237.41137
G0 F9000 X84.044 Y111.197
G1 F2400 X86.324 Y113.477 E237.4918
G0 F9000 X86.889 Y113.476
G1 F2400 X84.043 Y110.631 E237.59218
G0 F9000 X84.043 Y110.065
G1 F2400 X87.454 Y113.475 E237.7125
G0 F9000 X88.019 Y113.475
G1 F2400 X84.043 Y109.499 E237.85276
G0 F9000 X84.042 Y108.932
G1 F2400 X88.584 Y113.475 E238.01301
G0 F9000 X89.149 Y113.474
G1 F2400 X84.042 Y108.366 E238.19319
G0 F9000 X84.476 Y108.235
G1 F2400 X89.714 Y113.473 E238.37798
G0 F9000 X90.28 Y113.473
G1 F2400 X85.042 Y108.235 E238.56276
G0 F9000 X85.607 Y108.234
G1 F2400 X90.845 Y113.472 E238.74755
G0 F9000 X91.41 Y113.472
G1 F2400 X86.172 Y108.234 E238.93233
G0 F9000 X86.737 Y108.234
G1 F2400 X91.976 Y113.472 E239.11713
G0 F9000 X92.541 Y113.471
G1 F2400 X87.302 Y108.233 E239.30193
G0 F9000 X87.868 Y108.233
G1 F2400 X93.106 Y113.47 E239.4867
G0 F9000 X93.671 Y113.47
G1 F2400 X88.433 Y108.232 E239.67149
G0 F9000 X88.999 Y108.232
G1 F2400 X94.236 Y113.47 E239.85625
G0 F9000 X94.801 Y113.469
G1 F2400 X89.564 Y108.231 E240.04102
G0 F9000 X90.129 Y108.231
G1 F2400 X95.366 Y113.468 E240.22577
G0 F9000 X95.932 Y113.468
G1 F2400 X90.694 Y108.231 E240.41054
G0 F9000 X91.26 Y108.231
G1 F2400 X96.497 Y113.468 E240.59529
G0 F9000 X97.062 Y113.467
G1 F2400 X91.825 Y108.23 E240.78003
G0 F9000 X92.39 Y108.229
G1 F2400 X97.628 Y113.467 E240.96482
G0 F9000 X98.193 Y113.466
G1 F2400 X92.956 Y108.229 E241.14957
G0 F9000 X93.521 Y108.229
G1 F2400 X98.758 Y113.465 E241.3343
G0 F9000 X99.323 Y113.465
G1 F2400 X94.086 Y108.229 E241.51903
G0 F9000 X94.651 Y108.228
G1 F2400 X99.888 Y113.465 E241.70378
G0 F9000 X100.453 Y113.464
G1 F2400 X95.217 Y108.228 E241.8885
G0 F9000 X95.782 Y108.227
G1 F2400 X101.018 Y113.463 E242.07321
G0 F9000 X101.584 Y113.463
G1 F2400 X96.348 Y108.227 E242.25792
G0 F9000 X96.913 Y108.226
G1 F2400 X102.149 Y113.463 E242.44266
G0 F9000 X102.714 Y113.462
G1 F2400 X97.478 Y108.226 E242.62737
G0 F9000 X98.043 Y108.226
G1 F2400 X103.28 Y113.462 E242.8121
G0 F9000 X103.844 Y113.461
G1 F2400 X98.608 Y108.225 E242.99682
G0 F9000 X99.174 Y108.225
G1 F2400 X104.409 Y113.46 E243.18149
G0 F9000 X104.974 Y113.46
G1 F2400 X99.739 Y108.224 E243.36619
G0 F9000 X100.305 Y108.224
G1 F2400 X105.54 Y113.46 E243.55089
G0 F9000 X106.105 Y113.459
G1 F2400 X100.87 Y108.224 E243.73557
G0 F9000 X101.435 Y108.224
G1 F2400 X106.67 Y113.458 E243.92023
G0 F9000 X107.236 Y113.458
G1 F2400 X102 Y108.223 E244.10492
G0 F9000 X102.566 Y108.223
G1 F2400 X107.801 Y113.458 E244.2896
G0 F9000 X108.366 Y113.457
G1 F2400 X103.131 Y108.222 E244.47428
G0 F9000 X103.696 Y108.221
G1 F2400 X108.931 Y113.457 E244.65898
G0 F9000 X109.496 Y113.456
G1 F2400 X104.262 Y108.221 E244.84364
G0 F9000 X104.827 Y108.221
G1 F2400 X110.061 Y113.455 E245.02828
G0 F9000 X110.626 Y113.455
G1 F2400 X105.392 Y108.221 E245.21292
G0 F9000 X105.957 Y108.22
G1 F2400 X111.192 Y113.455 E245.3976
G0 F9000 X111.757 Y113.454
G1 F2400 X106.523 Y108.22 E245.58225
G0 F9000 X107.088 Y108.219
G1 F2400 X112.322 Y113.453 E245.76689
G0 F9000 X112.888 Y113.453
G1 F2400 X107.654 Y108.219 E245.95153
G0 F9000 X108.219 Y108.219
G1 F2400 X112.98 Y112.98 E246.11949
G0 F9000 X112.979 Y112.413
G1 F2400 X108.784 Y108.219 E246.26746
G0 F9000 X109.349 Y108.218
G1 F2400 X112.978 Y111.847 E246.39549
G0 F9000 X112.977 Y111.28
G1 F2400 X109.914 Y108.217 E246.50354
G0 F9000 X110.48 Y108.217
G1 F2400 X112.977 Y110.714 E246.59163
G0 F9000 X112.976 Y110.148
G1 F2400 X111.045 Y108.217 E246.65975
G0 F9000 X111.611 Y108.217
G1 F2400 X112.976 Y109.582 E246.70791
G0 F9000 X112.975 Y109.016
G1 F2400 X112.176 Y108.216 E246.73611
G0 F9000 X112.741 Y108.216
G1 F2400 X112.975 Y108.449 E246.74435
G0 F9000 X112.936 Y91.44
G1 F2400 X105.023 Y83.526 E247.02352
G0 F9000 X105.588 Y83.526
G1 F2400 X112.958 Y90.897 E247.28353
G0 F9000 X112.958 Y90.33
G1 F2400 X106.153 Y83.526 E247.52358
G0 F9000 X106.718 Y83.525
G1 F2400 X112.958 Y89.765 E247.74371
G0 F9000 X112.957 Y89.198
G1 F2400 X107.284 Y83.525 E247.94384
G0 F9000 X107.849 Y83.524
G1 F2400 X112.956 Y88.632 E248.12402
G0 F9000 X112.956 Y88.066
G1 F2400 X108.414 Y83.524 E248.28425
G0 F9000 X108.979 Y83.523
G1 F2400 X112.956 Y87.5 E248.42455
G0 F9000 X112.955 Y86.933
G1 F2400 X109.544 Y83.523 E248.54487
G0 F9000 X110.109 Y83.522
G1 F2400 X112.955 Y86.368 E248.64527
G0 F9000 X112.954 Y85.801
G1 F2400 X110.674 Y83.522 E248.72568
G0 F9000 X111.24 Y83.522
G1 F2400 X112.953 Y85.235 E248.78612
G0 F9000 X112.953 Y84.669
G1 F2400 X111.805 Y83.521 E248.82661
G0 F9000 X112.37 Y83.52
G1 F2400 X112.953 Y84.103 E248.84718
G0 F9000 X112.37 Y91.44
G1 F2400 X104.458 Y83.527 E249.12632
G0 F9000 X103.893 Y83.528
G1 F2400 X111.805 Y91.44 E249.40543
G0 F9000 X111.239 Y91.44
G1 F2400 X103.327 Y83.528 E249.68455
G0 F9000 X102.762 Y83.529
G1 F2400 X110.674 Y91.441 E249.96367
G0 F9000 X110.109 Y91.441
G1 F2400 X102.197 Y83.529 E250.24278
G0 F9000 X101.632 Y83.53
G1 F2400 X109.544 Y91.442 E250.5219
G0 F9000 X108.978 Y91.442
G1 F2400 X101.066 Y83.53 E250.80102
G0 F9000 X100.501 Y83.531
G1 F2400 X108.413 Y91.443 E251.08014
G0 F9000 X107.847 Y91.443
G1 F2400 X99.936 Y83.531 E251.35924
G0 F9000 X99.371 Y83.531
G1 F2400 X107.282 Y91.443 E251.63833
G0 F9000 X106.717 Y91.444
G1 F2400 X98.806 Y83.532 E251.91743
G0 F9000 X98.241 Y83.533
G1 F2400 X106.152 Y91.444 E252.19652
G0 F9000 X105.587 Y91.445
G1 F2400 X97.676 Y83.534 E252.4756
G0 F9000 X97.11 Y83.534
G1 F2400 X105.021 Y91.445 E252.75468
G0 F9000 X104.456 Y91.445
G1 F2400 X96.545 Y83.534 E253.03376
G0 F9000 X95.98 Y83.535
G1 F2400 X103.89 Y91.445 E253.31281
G0 F9000 X103.325 Y91.446
G1 F2400 X95.414 Y83.535 E253.59189
G0 F9000 X94.849 Y83.536
G1 F2400 X102.76 Y91.446 E253.87095
G0 F9000 X102.195 Y91.447
G1 F2400 X94.284 Y83.536 E254.15004
G0 F9000 X93.719 Y83.536
G1 F2400 X101.629 Y91.447 E254.4291
G0 F9000 X101.064 Y91.447
G1 F2400 X93.154 Y83.537 E254.70815
G0 F9000 X92.589 Y83.538
G1 F2400 X100.499 Y91.448 E254.98719
G0 F9000 X99.933 Y91.448
G1 F2400 X92.024 Y83.539 E255.26621
G0 F9000 X91.458 Y83.539
G1 F2400 X99.369 Y91.449 E255.54527
G0 F9000 X98.803 Y91.449
G1 F2400 X90.893 Y83.539 E255.82432
G0 F9000 X90.328 Y83.54
G1 F2400 X98.238 Y91.45 E256.10336
G0 F9000 X97.672 Y91.45
G1 F2400 X89.762 Y83.54 E256.38241
G0 F9000 X89.197 Y83.541
G1 F2400 X97.107 Y91.45 E256.66144
G0 F9000 X96.541 Y91.45
G1 F2400 X88.633 Y83.541 E256.94043
G0 F9000 X88.067 Y83.541
G1 F2400 X95.977 Y91.451 E257.21948
G0 F9000 X95.411 Y91.451
G1 F2400 X87.502 Y83.542 E257.49849
G0 F9000 X86.937 Y83.543
G1 F2400 X94.846 Y91.452 E257.7775
G0 F9000 X94.281 Y91.452
G1 F2400 X86.372 Y83.543 E258.05651
G0 F9000 X85.806 Y83.543
G1 F2400 X93.715 Y91.452 E258.33552
G0 F9000 X93.15 Y91.453
G1 F2400 X85.241 Y83.544 E258.61454
G0 F9000 X84.676 Y83.545
G1 F2400 X92.585 Y91.453 E258.89353
G0 F9000 X92.02 Y91.454
G1 F2400 X84.111 Y83.545 E259.17254
G0 F9000 X84.019 Y84.019
G1 F2400 X91.454 Y91.454 E259.43483
G0 F9000 X90.889 Y91.455
G1 F2400 X84.019 Y84.585 E259.67719
G0 F9000 X84.02 Y85.151
G1 F2400 X90.323 Y91.455 E259.89956
G0 F9000 X89.758 Y91.455
G1 F2400 X84.021 Y85.718 E260.10195
G0 F9000 X84.021 Y86.283
G1 F2400 X89.193 Y91.455 E260.28441
G0 F9000 X88.628 Y91.456
G1 F2400 X84.021 Y86.85 E260.44691
G0 F9000 X84.022 Y87.416
G1 F2400 X88.063 Y91.457 E260.58947
G0 F9000 X87.497 Y91.457
G1 F2400 X84.023 Y87.983 E260.71202
G0 F9000 X84.023 Y88.548
G1 F2400 X86.932 Y91.457 E260.81465
G0 F9000 X86.366 Y91.457
G1 F2400 X84.024 Y89.115 E260.89727
G0 F9000 X84.024 Y89.681
G1 F2400 X85.801 Y91.458 E260.95996
G0 F9000 X85.236 Y91.458
G1 F2400 X84.025 Y90.248 E261.00266
G0 F9000 X84.348 Y91.136
G1 F2400 X84.065 Y91.419 E261.01544
G0 F9000 X84.026 Y91.38
G0 X84.773 Y107.306
;TIME_ELAPSED:408.763179
;LAYER:5
G0 X84.773 Y107.306 Z1.06
;TYPE:WALL-INNER
G1 F1500 X84.773 Y107.505 E261.0204
G1 X84.972 Y107.505 E261.02361
G1 X112.239 Y107.485 E261.70379
G1 X112.229 Y92.37 E262.08084
G1 X112.229 Y92.171 E262.0858
G1 X112.03 Y92.171 E262.08901
G1 X84.763 Y92.192 E262.76919
G1 X84.772 Y105.641 E263.10468
G0 F1350 X84.773 Y107.306
G0 F9000 X85.173 Y107.105
G1 F480 E263.14621
G1 F1500 X85.372 Y107.105 E263.15118
G1 X111.839 Y107.085 E263.8114
G1 X111.829 Y92.77 E264.16849
G1 X111.829 Y92.571 E264.17345
G1 X111.63 Y92.571 E264.17666
G1 X85.163 Y92.592 E264.83689
G1 X85.173 Y106.906 E265.19395
G1 X85.173 Y107.105 E265.19716
G0 F9000 X85.598 Y106.68
;TYPE:WALL-OUTER
G1 F900 X85.773 Y106.68 E265.20098
G1 X111.414 Y106.66 E265.76065
G1 X111.404 Y93.171 E266.05507
G1 X111.404 Y92.996 E266.05889
G1 X111.229 Y92.996 E266.06136
G1 X85.588 Y93.017 E266.62103
G1 X85.598 Y106.505 E266.91543
G1 X85.598 Y106.68 E266.9179
G0 F9000 X85.773 Y106.68
G0 X85.798 Y106.68
G0 X85.798 Y107.065
G0 X85.798 Y107.205
G0 X83.477 Y114.05
;TYPE:WALL-INNER
G1 F1500 X83.45 Y83.174 E267.68811
G1 X83.45 Y82.975 E267.69307
G1 X83.649 Y82.975 E267.69628
G1 X113.523 Y82.95 E268.44149
G1 X113.55 Y113.826 E269.2117
G1 X113.55 Y114.025 E269.21666
G1 X113.351 Y114.025 E269.21987
G1 X83.477 Y114.05 E269.96508
G0 F9000 X83.077 Y114.45
G1 F1500 X83.05 Y82.774 E270.75525
G1 X83.05 Y82.575 E270.76021
G1 X83.249 Y82.575 E270.76342
G1 X113.923 Y82.55 E271.52859
G1 X113.95 Y114.226 E272.31875
G1 X113.95 Y114.425 E272.32371
G1 X113.751 Y114.425 E272.32692
G1 X83.077 Y114.45 E273.09209
G0 F9000 X82.652 Y114.875
;TYPE:WALL-OUTER
G1 F900 X82.625 Y82.325 E273.80256
G1 X82.625 Y82.15 E273.80638
G1 X82.8 Y82.15 E273.80885
G1 X114.348 Y82.125 E274.49745
G1 X114.375 Y114.675 E275.20792
G1 X114.375 Y114.85 E275.21174
G1 X114.2 Y114.85 E275.21421
G1 X82.652 Y114.875 E275.9028
G0 F9000 X82.652 Y114.675
G0 X83.038 Y114.489
G0 X83.867 Y113.66
;TYPE:SKIN
G1 F2400 X83.84 Y83.365 E276.65852
G1 X113.133 Y83.34 E277.38923
G1 X113.16 Y113.635 E278.14495
G1 X85.532 Y113.659 E278.83413
G0 F2160 X83.867 Y113.66
G0 F9000 X84.383 Y107.895
G1 F480 E278.87566
G1 F2400 X112.629 Y107.875 E279.58026
G1 X112.619 Y91.781 E279.98173
G1 X84.373 Y91.802 E280.68633
G1 X84.382 Y106.23 E281.04624
G0 F2160 X84.383 Y107.895
G0 F9000 X84.019 Y83.988
G1 F480 E281.08777
G1 F2400 X84.463 Y83.544 E281.10343
G0 F9000 X85.03 Y83.543
G1 F2400 X84.02 Y84.553 E281.13906
G0 F9000 X84.021 Y85.118
G1 F2400 X85.595 Y83.543 E281.19461
G0 F9000 X86.162 Y83.543
G1 F2400 X84.021 Y85.684 E281.27014
G0 F9000 X84.021 Y86.249
G1 F2400 X86.728 Y83.542 E281.36564
G0 F9000 X87.295 Y83.541
G1 F2400 X84.022 Y86.814 E281.4811
G0 F9000 X84.022 Y87.38
G1 F2400 X87.86 Y83.541 E281.61651
G0 F9000 X88.427 Y83.541
G1 F2400 X84.023 Y87.944 E281.77186
G0 F9000 X84.024 Y88.509
G1 F2400 X88.993 Y83.54 E281.94715
G0 F9000 X89.559 Y83.54
G1 F2400 X84.024 Y89.074 E282.1424
G0 F9000 X84.024 Y89.64
G1 F2400 X90.125 Y83.539 E282.35763
G0 F9000 X90.692 Y83.539
G1 F2400 X84.025 Y90.205 E282.59281
G0 F9000 X84.026 Y90.77
G1 F2400 X91.258 Y83.538 E282.84793
G0 F9000 X91.824 Y83.538
G1 F2400 X84.026 Y91.335 E283.12301
G0 F9000 X84.306 Y91.621
G1 F2400 X92.39 Y83.537 E283.4082
G0 F9000 X92.956 Y83.536
G1 F2400 X84.872 Y91.621 E283.6934
G0 F9000 X85.439 Y91.62
G1 F2400 X93.522 Y83.536 E283.97857
G0 F9000 X94.089 Y83.536
G1 F2400 X86.004 Y91.62 E284.26377
G0 F9000 X86.571 Y91.619
G1 F2400 X94.655 Y83.535 E284.54895
G0 F9000 X95.221 Y83.535
G1 F2400 X87.136 Y91.619 E284.83416
G0 F9000 X87.703 Y91.619
G1 F2400 X95.787 Y83.534 E285.11936
G0 F9000 X96.353 Y83.534
G1 F2400 X88.269 Y91.618 E285.40454
G0 F9000 X88.835 Y91.618
G1 F2400 X96.92 Y83.533 E285.68976
G0 F9000 X97.485 Y83.533
G1 F2400 X89.401 Y91.617 E285.97495
G0 F9000 X89.967 Y91.617
G1 F2400 X98.052 Y83.532 E286.26017
G0 F9000 X98.618 Y83.531
G1 F2400 X90.533 Y91.616 E286.54539
G0 F9000 X91.1 Y91.616
G1 F2400 X99.184 Y83.531 E286.83059
G0 F9000 X99.75 Y83.531
G1 F2400 X91.665 Y91.616 E287.11581
G0 F9000 X92.232 Y91.615
G1 F2400 X100.317 Y83.53 E287.40103
G0 F9000 X100.882 Y83.53
G1 F2400 X92.797 Y91.615 E287.68625
G0 F9000 X93.364 Y91.614
G1 F2400 X101.449 Y83.529 E287.97147
G0 F9000 X102.015 Y83.529
G1 F2400 X93.929 Y91.614 E288.25671
G0 F9000 X94.496 Y91.614
G1 F2400 X102.582 Y83.528 E288.54197
G0 F9000 X103.147 Y83.528
G1 F2400 X95.062 Y91.613 E288.82719
G0 F9000 X95.628 Y91.613
G1 F2400 X103.714 Y83.527 E289.11244
G0 F9000 X104.28 Y83.526
G1 F2400 X96.194 Y91.612 E289.3977
G0 F9000 X96.76 Y91.612
G1 F2400 X104.846 Y83.526 E289.68295
G0 F9000 X105.412 Y83.526
G1 F2400 X97.326 Y91.612 E289.96821
G0 F9000 X97.892 Y91.612
G1 F2400 X105.979 Y83.525 E290.2535
G0 F9000 X106.545 Y83.524
G1 F2400 X98.458 Y91.611 E290.53879
G0 F9000 X99.025 Y91.61
G1 F2400 X107.111 Y83.524 E290.82405
G0 F9000 X107.677 Y83.524
G1 F2400 X99.591 Y91.61 E291.1093
G0 F9000 X100.157 Y91.609
G1 F2400 X108.243 Y83.523 E291.39456
G0 F9000 X108.809 Y83.523
G1 F2400 X100.723 Y91.609 E291.67981
G0 F9000 X101.289 Y91.609
G1 F2400 X109.375 Y83.522 E291.96508
G0 F9000 X109.942 Y83.522
G1 F2400 X101.855 Y91.609 E292.25038
G0 F9000 X102.421 Y91.608
G1 F2400 X110.508 Y83.522 E292.53565
G0 F9000 X111.074 Y83.521
G1 F2400 X102.987 Y91.607 E292.82092
G0 F9000 X103.553 Y91.607
G1 F2400 X111.64 Y83.52 E293.10621
G0 F9000 X112.207 Y83.519
G1 F2400 X104.12 Y91.607 E293.39152
G0 F9000 X104.685 Y91.607
G1 F2400 X112.772 Y83.519 E293.67683
G0 F9000 X112.952 Y83.905
G1 F2400 X105.252 Y91.606 E293.94849
G0 F9000 X105.817 Y91.606
G1 F2400 X112.953 Y84.47 E294.20023
G0 F9000 X112.953 Y85.036
G1 F2400 X106.384 Y91.605 E294.43197
G0 F9000 X106.95 Y91.604
G1 F2400 X112.953 Y85.601 E294.64374
G0 F9000 X112.954 Y86.166
G1 F2400 X107.516 Y91.604 E294.83558
G0 F9000 X108.082 Y91.604
G1 F2400 X112.955 Y86.731 E295.00749
G0 F9000 X112.955 Y87.297
G1 F2400 X108.648 Y91.604 E295.15943
G0 F9000 X109.214 Y91.603
G1 F2400 X112.956 Y87.862 E295.29142
G0 F9000 X112.956 Y88.427
G1 F2400 X109.78 Y91.603 E295.40346
G0 F9000 X110.346 Y91.602
G1 F2400 X112.957 Y88.992 E295.49555
G0 F9000 X112.957 Y89.557
G1 F2400 X110.913 Y91.602 E295.56768
G0 F9000 X111.478 Y91.602
G1 F2400 X112.958 Y90.122 E295.61989
G0 F9000 X112.958 Y90.687
G1 F2400 X112.045 Y91.601 E295.65212
G0 F9000 X112.784 Y91.426
G1 F2400 X112.879 Y91.898 E295.66109
G1 X112.879 Y92.463 E295.66673
G1 X112.88 Y93.028 E295.6724
G1 X112.88 Y93.594 E295.67812
G1 X112.88 Y94.159 E295.6838
G1 X112.881 Y94.725 E295.68948
G1 X112.882 Y95.29 E295.69519
G1 X112.882 Y95.855 E295.70089
G1 X112.882 Y96.42 E295.7066
G1 X112.882 Y96.985 E295.71231
G1 X112.883 Y97.55 E295.71805
G1 X112.883 Y98.116 E295.72381
G1 X112.884 Y98.681 E295.72952
G1 X112.884 Y99.246 E295.73522
G1 X112.885 Y99.811 E295.74097
G1 X112.885 Y100.377 E295.74672
G1 X112.886 Y100.942 E295.75246
G1 X112.886 Y101.507 E295.75824
G1 X112.886 Y102.072 E295.76402
G1 X112.887 Y102.638 E295.76981
G1 X112.887 Y103.203 E295.77559
G1 X112.888 Y103.768 E295.78137
G1 X112.888 Y104.334 E295.78716
G1 X112.888 Y104.899 E295.79297
G1 X112.889 Y105.464 E295.79878
G1 X112.89 Y106.029 E295.80463
G1 X112.89 Y106.595 E295.81049
G1 X112.89 Y107.16 E295.8163
G1 X112.891 Y107.725 E295.82212
G0 F9000 X112.562 Y108.055
G1 F2400 X107.157 Y113.459 E296.01278
G0 F9000 X106.592 Y113.459
G1 F2400 X111.996 Y108.055 E296.20342
G0 F9000 X111.43 Y108.055
G1 F2400 X106.025 Y113.46 E296.39409
G0 F9000 X105.459 Y113.46
G1 F2400 X110.864 Y108.055 E296.58477
G0 F9000 X110.298 Y108.056
G1 F2400 X104.892 Y113.461 E296.77546
G0 F9000 X104.327 Y113.461
G1 F2400 X109.731 Y108.057 E296.9661
G0 F9000 X109.165 Y108.057
G1 F2400 X103.76 Y113.462 E297.15678
G0 F9000 X103.194 Y113.463
G1 F2400 X108.599 Y108.057 E297.34747
G0 F9000 X108.033 Y108.057
G1 F2400 X102.628 Y113.463 E297.53817
G0 F9000 X102.062 Y113.463
G1 F2400 X107.467 Y108.058 E297.72884
G0 F9000 X106.901 Y108.058
G1 F2400 X101.495 Y113.464 E297.91955
G0 F9000 X100.93 Y113.464
G1 F2400 X106.335 Y108.059 E298.11023
G0 F9000 X105.769 Y108.059
G1 F2400 X100.363 Y113.465 E298.30094
G0 F9000 X99.797 Y113.465
G1 F2400 X105.203 Y108.06 E298.49164
G0 F9000 X104.637 Y108.06
G1 F2400 X99.231 Y113.466 E298.68235
G0 F9000 X98.665 Y113.466
G1 F2400 X104.071 Y108.06 E298.87306
G0 F9000 X103.504 Y108.061
G1 F2400 X98.099 Y113.467 E299.06375
G0 F9000 X97.532 Y113.468
G1 F2400 X102.939 Y108.061 E299.2545
G0 F9000 X102.372 Y108.062
G1 F2400 X96.966 Y113.468 E299.44521
G0 F9000 X96.4 Y113.468
G1 F2400 X101.807 Y108.062 E299.63594
G0 F9000 X101.24 Y108.062
G1 F2400 X95.834 Y113.469 E299.82667
G0 F9000 X95.267 Y113.47
G1 F2400 X100.675 Y108.062 E300.01745
G0 F9000 X100.108 Y108.063
G1 F2400 X94.702 Y113.47 E300.20818
G0 F9000 X94.135 Y113.47
G1 F2400 X99.542 Y108.063 E300.39892
G0 F9000 X98.976 Y108.064
G1 F2400 X93.569 Y113.471 E300.58967
G0 F9000 X93.003 Y113.471
G1 F2400 X98.41 Y108.065 E300.7804
G0 F9000 X97.844 Y108.065
G1 F2400 X92.437 Y113.472 E300.97115
G0 F9000 X91.87 Y113.472
G1 F2400 X97.278 Y108.065 E301.16191
G0 F9000 X96.712 Y108.065
G1 F2400 X91.305 Y113.472 E301.35266
G0 F9000 X90.738 Y113.473
G1 F2400 X96.146 Y108.066 E301.54342
G0 F9000 X95.58 Y108.066
G1 F2400 X90.172 Y113.474 E301.7342
G0 F9000 X89.605 Y113.475
G1 F2400 X95.013 Y108.067 E301.92498
G0 F9000 X94.448 Y108.067
G1 F2400 X89.04 Y113.475 E302.11577
G0 F9000 X88.473 Y113.475
G1 F2400 X93.881 Y108.067 E302.30655
G0 F9000 X93.315 Y108.068
G1 F2400 X87.907 Y113.476 E302.49733
G0 F9000 X87.341 Y113.476
G1 F2400 X92.749 Y108.068 E302.68811
G0 F9000 X92.183 Y108.069
G1 F2400 X86.775 Y113.477 E302.87889
G0 F9000 X86.209 Y113.477
G1 F2400 X91.617 Y108.069 E303.06968
G0 F9000 X91.051 Y108.069
G1 F2400 X85.642 Y113.478 E303.26049
G0 F9000 X85.076 Y113.478
G1 F2400 X90.485 Y108.069 E303.45131
G0 F9000 X89.919 Y108.07
G1 F2400 X84.51 Y113.479 E303.64213
G0 F9000 X84.046 Y113.377
G1 F2400 X89.353 Y108.07 E303.82935
G0 F9000 X88.787 Y108.071
G1 F2400 X84.046 Y112.811 E303.99658
G0 F9000 X84.046 Y112.246
G1 F2400 X88.22 Y108.072 E304.14383
G0 F9000 X87.655 Y108.072
G1 F2400 X84.045 Y111.681 E304.27116
G0 F9000 X84.044 Y111.116
G1 F2400 X87.088 Y108.072 E304.37855
G0 F9000 X86.522 Y108.072
G1 F2400 X84.044 Y110.551 E304.46598
G0 F9000 X84.043 Y109.986
G1 F2400 X85.956 Y108.073 E304.53347
G0 F9000 X85.39 Y108.073
G1 F2400 X84.043 Y109.421 E304.58101
G0 F9000 X84.042 Y108.856
G1 F2400 X84.824 Y108.074 E304.60859
G0 F9000 X84.15 Y108.182
G1 F2400 X84.121 Y107.645 E304.61523
G1 X84.121 Y107.079 E304.62092
G1 X84.121 Y106.514 E304.62656
G1 X84.12 Y105.949 E304.63219
G1 X84.119 Y105.383 E304.63784
G1 X84.119 Y104.818 E304.64351
G1 X84.119 Y104.253 E304.64922
G1 X84.118 Y103.688 E304.65489
G1 X84.118 Y103.123 E304.66057
G1 X84.117 Y102.558 E304.66627
G1 X84.117 Y101.992 E304.67199
G1 X84.117 Y101.427 E304.6777
G1 X84.116 Y100.862 E304.68341
G1 X84.115 Y100.297 E304.68915
G1 X84.115 Y99.731 E304.69491
G1 X84.114 Y99.166 E304.70065
G1 X84.114 Y98.601 E304.70639
G1 X84.113 Y98.036 E304.71214
G1 X84.113 Y97.47 E304.71789
G1 X84.113 Y96.905 E304.72363
G1 X84.113 Y96.34 E304.72941
G1 X84.112 Y95.774 E304.73516
G1 X84.112 Y95.209 E304.74091
G1 X84.111 Y94.644 E304.74669
G1 X84.111 Y94.079 E304.75247
G1 X84.111 Y93.514 E304.75824
G1 X84.11 Y92.948 E304.76403
G1 X84.109 Y92.383 E304.76985
G1 X84.109 Y91.818 E304.77566
G0 F9000 X84.192 Y91.735
G0 X85.145 Y107.133
G0 X107.724 Y113.458
G1 F2400 X112.975 Y108.207 E304.9609
G0 F9000 X112.975 Y108.773
G1 F2400 X108.29 Y113.458 E305.12618
G0 F9000 X108.856 Y113.458
G1 F2400 X112.975 Y109.338 E305.27151
G0 F9000 X112.976 Y109.903
G1 F2400 X109.422 Y113.457 E305.39688
G0 F9000 X109.989 Y113.456
G1 F2400 X112.977 Y110.468 E305.50229
G0 F9000 X112.977 Y111.034
G1 F2400 X110.554 Y113.456 E305.58775
G0 F9000 X111.121 Y113.455
G1 F2400 X112.977 Y111.599 E305.65323
G0 F9000 X112.978 Y112.164
G1 F2400 X111.687 Y113.455 E305.69877
G0 F9000 X112.253 Y113.454
G1 F2400 X112.979 Y112.729 E305.72437
G0 F9000 X112.979 Y113.294
G1 F2400 X112.819 Y113.454 E305.73001
G0 F9000 X85.804 Y111.855
;TIME_ELAPSED:487.155494
;LAYER:6
G0 X85.804 Y111.855 Z1.21
;TYPE:WALL-INNER
G1 F500 X87.359 Y111.854 E305.7688
G1 X87.36 Y112.266 E305.77908
G1 X87.36 Y112.465 E305.78404
G1 X87.161 Y112.465 E305.78725
G1 X85.328 Y112.468 E305.83298
G1 X85.129 Y112.468 E305.83794
G1 X85.129 Y112.269 E305.84115
G1 X85.127 Y110.356 E305.88887
G1 X85.604 Y110.355 E305.90077
G1 X85.803 Y110.355 E305.90574
G1 X85.803 Y110.554 E305.90895
G1 X85.804 Y111.855 E305.9414
G0 F9000 X86.229 Y111.43
;TYPE:WALL-OUTER
G1 F300 X87.784 Y111.429 E305.97534
G1 X87.785 Y112.89 E306.00723
G1 X84.705 Y112.893 E306.07446
G1 X84.701 Y110.106 E306.13529
G1 X84.701 Y109.931 E306.13911
G1 X84.876 Y109.931 E306.14158
G1 X86.228 Y109.93 E306.17109
G1 X86.229 Y110.876 E306.19174
G0 F270 X86.229 Y111.43
G0 F9000 X86.429 Y111.43
G0 X86.429 Y111.815
G0 X86.43 Y112.066
G1 F1500 E304.69174
G1 F900 Z2.21
G0 F9000 X86.43 Y112.066 Z2.21
G0 X111.018 Y111.837
;TYPE:WALL-INNER
G1 F900 Z1.21
G1 F480 E306.2662
G1 F500 X111.217 Y111.837 E306.27116
G1 X111.217 Y111.638 E306.27437
G1 X111.216 Y110.534 E306.30191
G1 X111.216 Y110.335 E306.30687
G1 X111.415 Y110.335 E306.31009
G1 X111.892 Y110.335 E306.32199
G1 X111.894 Y112.446 E306.37464
G1 X109.664 Y112.449 E306.43027
G1 X109.663 Y112.037 E306.44055
G1 X109.663 Y111.838 E306.44551
G1 X109.862 Y111.838 E306.44873
G1 X111.018 Y111.837 E306.47756
G0 F9000 X110.792 Y111.412
;TYPE:WALL-OUTER
G1 F300 X110.792 Y111.237 E306.48138
G1 X110.791 Y109.911 E306.51032
G1 X112.142 Y109.909 E306.53981
G1 X112.317 Y109.909 E306.54363
G1 X112.317 Y110.084 E306.5461
G1 X112.319 Y112.871 E306.60694
G1 X109.414 Y112.874 E306.67034
G1 X109.239 Y112.874 E306.67416
G1 X109.239 Y112.699 E306.67663
G1 X109.238 Y111.413 E306.7047
G1 X110.617 Y111.412 E306.7348
G1 X110.792 Y111.412 E306.73728
G0 F9000 X110.792 Y111.237
G0 X110.792 Y111.212
G0 X111.177 Y111.212
G0 X111.492 Y111.211
G1 F1500 E305.23728
G1 F900 Z2.21
G0 F9000 X111.492 Y111.211 Z2.21
G0 X111.196 Y85.145
;TYPE:WALL-INNER
G1 F900 Z1.21
G1 F480 E306.79964
G1 F500 X109.641 Y85.146 E306.83843
G1 X109.64 Y84.734 E306.84871
G1 X109.64 Y84.535 E306.85367
G1 X109.839 Y84.535 E306.85688
G1 X111.672 Y84.532 E306.90261
G1 X111.871 Y84.532 E306.90757
G1 X111.871 Y84.731 E306.91078
G1 X111.873 Y86.644 E306.9585
G1 X111.396 Y86.645 E306.9704
G1 X111.197 Y86.645 E306.97536
G1 X111.197 Y86.446 E306.97858
G1 X111.196 Y85.145 E307.01103
G0 F9000 X110.771 Y85.57
;TYPE:WALL-OUTER
G1 F300 X109.216 Y85.571 E307.04497
G1 X109.215 Y84.11 E307.07686
G1 X112.295 Y84.107 E307.14409
G1 X112.299 Y86.894 E307.20492
G1 X112.299 Y87.069 E307.20874
G1 X112.124 Y87.069 E307.21121
G1 X110.772 Y87.07 E307.24072
G1 X110.771 Y86.124 E307.26137
G0 F270 X110.771 Y85.57
G0 F9000 X110.571 Y85.57
G0 X110.571 Y85.185
G0 X110.57 Y84.934
G1 F1500 E305.76137
G1 F900 Z2.21
G0 F9000 X110.57 Y84.934 Z2.21
G0 X85.982 Y85.163
;TYPE:WALL-INNER
G1 F900 Z1.21
G1 F480 E307.33582
G1 F500 X85.783 Y85.163 E307.34079
G1 X85.783 Y85.362 E307.344
G1 X85.784 Y86.466 E307.37154
G1 X85.784 Y86.665 E307.3765
G1 X85.585 Y86.665 E307.37971
G1 X85.108 Y86.665 E307.39161
G1 X85.106 Y84.554 E307.44427
G1 X87.336 Y84.551 E307.4999
G1 X87.337 Y84.963 E307.51018
G1 X87.337 Y85.162 E307.51514
G1 X87.138 Y85.162 E307.51835
G1 X85.982 Y85.163 E307.54719
G0 F9000 X86.208 Y85.588
;TYPE:WALL-OUTER
G1 F300 X86.208 Y85.763 E307.55101
G1 X86.209 Y87.089 E307.57995
G1 X84.858 Y87.091 E307.60944
G1 X84.683 Y87.091 E307.61326
G1 X84.683 Y86.916 E307.61573
G1 X84.681 Y84.129 E307.67656
G1 X87.586 Y84.126 E307.73997
G1 X87.761 Y84.126 E307.74379
G1 X87.761 Y84.301 E307.74626
G1 X87.762 Y85.587 E307.77433
G1 X86.383 Y85.588 E307.80443
G1 X86.208 Y85.588 E307.8069
G0 F9000 X86.208 Y85.763
G0 X86.208 Y85.788
G0 X85.823 Y85.788
G0 X85.508 Y85.789
G1 F1500 E306.3069
G1 F900 Z2.21
G0 F9000 X85.508 Y85.789 Z2.21
G0 X85.804 Y111.855
;TIME_ELAPSED:505.169666
;LAYER:7
G0 X85.804 Y111.855 Z2.36
;TYPE:WALL-INNER
G1 F900 Z1.36
G1 F480 E307.86927
G1 F500 X87.359 Y111.854 E307.90806
G1 X87.36 Y112.266 E307.91833
G1 X87.36 Y112.465 E307.9233
G1 X87.161 Y112.465 E307.92651
G1 X85.328 Y112.468 E307.97223
G1 X85.129 Y112.468 E307.9772
G1 X85.129 Y112.269 E307.98041
G1 X85.127 Y110.356 E308.02813
G1 X85.604 Y110.355 E308.04003
G1 X85.803 Y110.355 E308.04499
G1 X85.803 Y110.554 E308.0482
G1 X85.804 Y111.855 E308.08066
G0 F9000 X86.229 Y111.43
;TYPE:WALL-OUTER
G1 F300 X87.784 Y111.429 E308.1146
G1 X87.785 Y112.89 E308.14649
G1 X84.705 Y112.893 E308.21371
G1 X84.701 Y110.106 E308.27455
G1 X84.701 Y109.931 E308.27837
G1 X84.876 Y109.931 E308.28084
G1 X86.228 Y109.93 E308.31035
G1 X86.229 Y110.876 E308.331
G0 F270 X86.229 Y111.43
G0 F9000 X86.429 Y111.43
G0 X86.429 Y111.815
G0 X86.43 Y112.066
G1 F1500 E306.831
G1 F900 Z2.36
G0 F9000 X86.43 Y112.066 Z2.36
G0 X111.018 Y111.837
;TYPE:WALL-INNER
G1 F900 Z1.36
G1 F480 E308.40545
G1 F500 X111.217 Y111.837 E308.41042
G1 X111.217 Y111.638 E308.41363
G1 X111.216 Y110.534 E308.44117
G1 X111.216 Y110.335 E308.44613
G1 X111.415 Y110.335 E308.44934
G1 X111.892 Y110.335 E308.46124
G1 X111.894 Y112.446 E308.5139
G1 X109.664 Y112.449 E308.56953
G1 X109.663 Y112.037 E308.57981
G1 X109.663 Y111.838 E308.58477
G1 X109.862 Y111.838 E308.58798
G1 X111.018 Y111.837 E308.61682
G0 F9000 X110.792 Y111.412
;TYPE:WALL-OUTER
G1 F300 X110.792 Y111.237 E308.62064
G1 X110.791 Y109.911 E308.64958
G1 X112.142 Y109.909 E308.67907
G1 X112.317 Y109.909 E308.68289
G1 X112.317 Y110.084 E308.68536
G1 X112.319 Y112.871 E308.74619
G1 X109.414 Y112.874 E308.8096
G1 X109.239 Y112.874 E308.81342
G1 X109.239 Y112.699 E308.81589
G1 X109.238 Y111.413 E308.84396
G1 X110.617 Y111.412 E308.87406
G1 X110.792 Y111.412 E308.87653
G0 F9000 X110.792 Y111.237
G0 X110.792 Y111.212
G0 X111.177 Y111.212
G0 X111.492 Y111.211
G1 F1500 E307.37653
G1 F900 Z2.36
G0 F9000 X111.492 Y111.211 Z2.36
G0 X111.196 Y85.145
;TYPE:WALL-INNER
G1 F900 Z1.36
G1 F480 E308.93889
G1 F500 X109.641 Y85.146 E308.97768
G1 X109.64 Y84.734 E308.98796
G1 X109.64 Y84.535 E308.99293
G1 X109.839 Y84.535 E308.99614
G1 X111.672 Y84.532 E309.04186
G1 X111.871 Y84.532 E309.04683
G1 X111.871 Y84.731 E309.05004
G1 X111.873 Y86.644 E309.09776
G1 X111.396 Y86.645 E309.10966
G1 X111.197 Y86.645 E309.11462
G1 X111.197 Y86.446 E309.11783
G1 X111.196 Y85.145 E309.15029
G0 F9000 X110.771 Y85.57
;TYPE:WALL-OUTER
G1 F300 X109.216 Y85.571 E309.18423
G1 X109.215 Y84.11 E309.21612
G1 X112.295 Y84.107 E309.28334
G1 X112.299 Y86.894 E309.34417
G1 X112.299 Y87.069 E309.34799
G1 X112.124 Y87.069 E309.35047
G1 X110.772 Y87.07 E309.37998
G1 X110.771 Y86.124 E309.40062
G0 F270 X110.771 Y85.57
G0 F9000 X110.571 Y85.57
G0 X110.571 Y85.185
G0 X110.57 Y84.934
G1 F1500 E307.90062
G1 F900 Z2.36
G0 F9000 X110.57 Y84.934 Z2.36
G0 X85.982 Y85.163
;TYPE:WALL-INNER
G1 F900 Z1.36
G1 F480 E309.47508
G1 F500 X85.783 Y85.163 E309.48004
G1 X85.783 Y85.362 E309.48326
G1 X85.784 Y86.466 E309.51079
G1 X85.784 Y86.665 E309.51576
G1 X85.585 Y86.665 E309.51897
G1 X85.108 Y86.665 E309.53087
G1 X85.106 Y84.554 E309.58353
G1 X87.336 Y84.551 E309.63916
G1 X87.337 Y84.963 E309.64943
G1 X87.337 Y85.162 E309.6544
G1 X87.138 Y85.162 E309.65761
G1 X85.982 Y85.163 E309.68645
G0 F9000 X86.208 Y85.588
;TYPE:WALL-OUTER
G1 F300 X86.208 Y85.763 E309.69027
G1 X86.209 Y87.089 E309.71921
G1 X84.858 Y87.091 E309.7487
G1 X84.683 Y87.091 E309.75252
G1 X84.683 Y86.916 E309.75499
G1 X84.681 Y84.129 E309.81582
G1 X87.586 Y84.126 E309.87923
G1 X87.761 Y84.126 E309.88305
G1 X87.761 Y84.301 E309.88552
G1 X87.762 Y85.587 E309.91359
G1 X86.383 Y85.588 E309.94369
G1 X86.208 Y85.588 E309.94616
G0 F9000 X86.208 Y85.763
G0 X86.208 Y85.788
G0 X85.823 Y85.788
G0 X85.508 Y85.789
G1 F1500 E308.44616
G1 F900 Z2.36
G0 F9000 X85.508 Y85.789 Z2.36
G0 X85.804 Y111.855
;TIME_ELAPSED:523.383819
;LAYER:8
G0 X85.804 Y111.855 Z2.51
;TYPE:WALL-INNER
G1 F900 Z1.51
G1 F480 E310.00852
G1 F500 X87.359 Y111.854 E310.04731
G1 X87.36 Y112.266 E310.05759
G1 X87.36 Y112.465 E310.06255
G1 X87.161 Y112.465 E310.06577
G1 X85.328 Y112.468 E310.11149
G1 X85.129 Y112.468 E310.11645
G1 X85.129 Y112.269 E310.11967
G1 X85.127 Y110.356 E310.16739
G1 X85.604 Y110.355 E310.17928
G1 X85.803 Y110.355 E310.18425
G1 X85.803 Y110.554 E310.18746
G1 X85.804 Y111.855 E310.21991
G0 F9000 X86.229 Y111.43
;TYPE:WALL-OUTER
G1 F300 X87.784 Y111.429 E310.25385
G1 X87.785 Y112.89 E310.28574
G1 X84.705 Y112.893 E310.35297
G1 X84.701 Y110.106 E310.4138
G1 X84.701 Y109.931 E310.41762
G1 X84.876 Y109.931 E310.42009
G1 X86.228 Y109.93 E310.4496
G1 X86.229 Y110.876 E310.47025
G0 F270 X86.229 Y111.43
G0 F9000 X86.429 Y111.43
G0 X86.429 Y111.815
G0 X86.43 Y112.066
G1 F1500 E308.97025
G1 F900 Z2.51
G0 F9000 X86.43 Y112.066 Z2.51
G0 X111.018 Y111.837
;TYPE:WALL-INNER
G1 F900 Z1.51
G1 F480 E310.54471
G1 F500 X111.217 Y111.837 E310.54967
G1 X111.217 Y111.638 E310.55288
G1 X111.216 Y110.534 E310.58042
G1 X111.216 Y110.335 E310.58539
G1 X111.415 Y110.335 E310.5886
G1 X111.892 Y110.335 E310.6005
G1 X111.894 Y112.446 E310.65316
G1 X109.664 Y112.449 E310.70878
G1 X109.663 Y112.037 E310.71906
G1 X109.663 Y111.838 E310.72403
G1 X109.862 Y111.838 E310.72724
G1 X111.018 Y111.837 E310.75607
G0 F9000 X110.792 Y111.412
;TYPE:WALL-OUTER
G1 F300 X110.792 Y111.237 E310.75989
G1 X110.791 Y109.911 E310.78884
G1 X112.142 Y109.909 E310.81832
G1 X112.317 Y109.909 E310.82214
G1 X112.317 Y110.084 E310.82462
G1 X112.319 Y112.871 E310.88545
G1 X109.414 Y112.874 E310.94886
G1 X109.239 Y112.874 E310.95268
G1 X109.239 Y112.699 E310.95515
G1 X109.238 Y111.413 E310.98322
G1 X110.617 Y111.412 E311.01332
G1 X110.792 Y111.412 E311.01579
G0 F9000 X110.792 Y111.237
G0 X110.792 Y111.212
G0 X111.177 Y111.212
G0 X111.492 Y111.211
G1 F1500 E309.51579
G1 F900 Z2.51
G0 F9000 X111.492 Y111.211 Z2.51
G0 X111.196 Y85.145
;TYPE:WALL-INNER
G1 F900 Z1.51
G1 F480 E311.07815
G1 F500 X109.641 Y85.146 E311.11694
G1 X109.64 Y84.734 E311.12722
G1 X109.64 Y84.535 E311.13218
G1 X109.839 Y84.535 E311.13539
G1 X111.672 Y84.532 E311.18112
G1 X111.871 Y84.532 E311.18608
G1 X111.871 Y84.731 E311.18929
G1 X111.873 Y86.644 E311.23701
G1 X111.396 Y86.645 E311.24891
G1 X111.197 Y86.645 E311.25388
G1 X111.197 Y86.446 E311.25709
G1 X111.196 Y85.145 E311.28954
G0 F9000 X110.771 Y85.57
;TYPE:WALL-OUTER
G1 F300 X109.216 Y85.571 E311.32348
G1 X109.215 Y84.11 E311.35537
G1 X112.295 Y84.107 E311.4226
G1 X112.299 Y86.894 E311.48343
G1 X112.299 Y87.069 E311.48725
G1 X112.124 Y87.069 E311.48972
G1 X110.772 Y87.07 E311.51923
G1 X110.771 Y86.124 E311.53988
G0 F270 X110.771 Y85.57
G0 F9000 X110.571 Y85.57
G0 X110.571 Y85.185
G0 X110.57 Y84.934
G1 F1500 E310.03988
G1 F900 Z2.51
G0 F9000 X110.57 Y84.934 Z2.51
G0 X85.982 Y85.163
;TYPE:WALL-INNER
G1 F900 Z1.51
G1 F480 E311.61434
G1 F500 X85.783 Y85.163 E311.6193
G1 X85.783 Y85.362 E311.62251
G1 X85.784 Y86.466 E311.65005
G1 X85.784 Y86.665 E311.65502
G1 X85.585 Y86.665 E311.65823
G1 X85.108 Y86.665 E311.67013
G1 X85.106 Y84.554 E311.72278
G1 X87.336 Y84.551 E311.77841
G1 X87.337 Y84.963 E311.78869
G1 X87.337 Y85.162 E311.79365
G1 X87.138 Y85.162 E311.79687
G1 X85.982 Y85.163 E311.8257
G0 F9000 X86.208 Y85.588
;TYPE:WALL-OUTER
G1 F300 X86.208 Y85.763 E311.82952
G1 X86.209 Y87.089 E311.85846
G1 X84.858 Y87.091 E311.88795
G1 X84.683 Y87.091 E311.89177
G1 X84.683 Y86.916 E311.89424
G1 X84.681 Y84.129 E311.95508
G1 X87.586 Y84.126 E312.01848
G1 X87.761 Y84.126 E312.0223
G1 X87.761 Y84.301 E312.02478
G1 X87.762 Y85.587 E312.05284
G1 X86.383 Y85.588 E312.08294
G1 X86.208 Y85.588 E312.08542
G0 F9000 X86.208 Y85.763
G0 X86.208 Y85.788
G0 X85.823 Y85.788
G0 X85.508 Y85.789
G1 F1500 E310.58542
G1 F900 Z2.51
G0 F9000 X85.508 Y85.789 Z2.51
G0 X85.804 Y111.855
;TIME_ELAPSED:541.597973
;LAYER:9
G0 X85.804 Y111.855 Z2.66
;TYPE:WALL-INNER
G1 F900 Z1.66
G1 F480 E312.14778
G1 F500 X87.359 Y111.854 E312.18657
G1 X87.36 Y112.266 E312.19685
G1 X87.36 Y112.465 E312.20181
G1 X87.161 Y112.465 E312.20502
G1 X85.328 Y112.468 E312.25075
G1 X85.129 Y112.468 E312.25571
G1 X85.129 Y112.269 E312.25892
G1 X85.127 Y110.356 E312.30664
G1 X85.604 Y110.355 E312.31854
G1 X85.803 Y110.355 E312.3235
G1 X85.803 Y110.554 E312.32672
G1 X85.804 Y111.855 E312.35917
G0 F9000 X86.229 Y111.43
;TYPE:WALL-OUTER
G1 F300 X87.784 Y111.429 E312.39311
G1 X87.785 Y112.89 E312.425
G1 X84.705 Y112.893 E312.49223
G1 X84.701 Y110.106 E312.55306
G1 X84.701 Y109.931 E312.55688
G1 X84.876 Y109.931 E312.55935
G1 X86.228 Y109.93 E312.58886
G1 X86.229 Y110.876 E312.60951
G0 F270 X86.229 Y111.43
G0 F9000 X86.429 Y111.43
G0 X86.429 Y111.815
G0 X86.43 Y112.066
G1 F1500 E311.10951
G1 F900 Z2.66
G0 F9000 X86.43 Y112.066 Z2.66
G0 X111.018 Y111.837
;TYPE:WALL-INNER
G1 F900 Z1.66
G1 F480 E312.68396
G1 F500 X111.217 Y111.837 E312.68893
G1 X111.217 Y111.638 E312.69214
G1 X111.216 Y110.534 E312.71968
G1 X111.216 Y110.335 E312.72464
G1 X111.415 Y110.335 E312.72786
G1 X111.892 Y110.335 E312.73975
G1 X111.894 Y112.446 E312.79241
G1 X109.664 Y112.449 E312.84804
G1 X109.663 Y112.037 E312.85832
G1 X109.663 Y111.838 E312.86328
G1 X109.862 Y111.838 E312.86649
G1 X111.018 Y111.837 E312.89533
G0 F9000 X110.792 Y111.412
;TYPE:WALL-OUTER
G1 F300 X110.792 Y111.237 E312.89915
G1 X110.791 Y109.911 E312.92809
G1 X112.142 Y109.909 E312.95758
G1 X112.317 Y109.909 E312.9614
G1 X112.317 Y110.084 E312.96387
G1 X112.319 Y112.871 E313.0247
G1 X109.414 Y112.874 E313.08811
G1 X109.239 Y112.874 E313.09193
G1 X109.239 Y112.699 E313.0944
G1 X109.238 Y111.413 E313.12247
G1 X110.617 Y111.412 E313.15257
G1 X110.792 Y111.412 E313.15504
G0 F9000 X110.792 Y111.237
G0 X110.792 Y111.212
G0 X111.177 Y111.212
G0 X111.492 Y111.211
G1 F1500 E311.65504
G1 F900 Z2.66
G0 F9000 X111.492 Y111.211 Z2.66
G0 X111.196 Y85.145
;TYPE:WALL-INNER
G1 F900 Z1.66
G1 F480 E313.21741
G1 F500 X109.641 Y85.146 E313.2562
G1 X109.64 Y84.734 E313.26647
G1 X109.64 Y84.535 E313.27144
G1 X109.839 Y84.535 E313.27465
G1 X111.672 Y84.532 E313.32037
G1 X111.871 Y84.532 E313.32534
G1 X111.871 Y84.731 E313.32855
G1 X111.873 Y86.644 E313.37627
G1 X111.396 Y86.645 E313.38817
G1 X111.197 Y86.645 E313.39313
G1 X111.197 Y86.446 E313.39634
G1 X111.196 Y85.145 E313.4288
G0 F9000 X110.771 Y85.57
;TYPE:WALL-OUTER
G1 F300 X109.216 Y85.571 E313.46274
G1 X109.215 Y84.11 E313.49463
G1 X112.295 Y84.107 E313.56186
G1 X112.299 Y86.894 E313.62269
G1 X112.299 Y87.069 E313.62651
G1 X112.124 Y87.069 E313.62898
G1 X110.772 Y87.07 E313.65849
G1 X110.771 Y86.124 E313.67914
G0 F270 X110.771 Y85.57
G0 F9000 X110.571 Y85.57
G0 X110.571 Y85.185
G0 X110.57 Y84.934
G1 F1500 E312.17914
G1 F900 Z2.66
G0 F9000 X110.57 Y84.934 Z2.66
G0 X85.982 Y85.163
;TYPE:WALL-INNER
G1 F900 Z1.66
G1 F480 E313.75359
G1 F500 X85.783 Y85.163 E313.75856
G1 X85.783 Y85.362 E313.76177
G1 X85.784 Y86.466 E313.78931
G1 X85.784 Y86.665 E313.79427
G1 X85.585 Y86.665 E313.79748
G1 X85.108 Y86.665 E313.80938
G1 X85.106 Y84.554 E313.86204
G1 X87.336 Y84.551 E313.91767
G1 X87.337 Y84.963 E313.92795
G1 X87.337 Y85.162 E313.93291
G1 X87.138 Y85.162 E313.93612
G1 X85.982 Y85.163 E313.96496
G0 F9000 X86.208 Y85.588
;TYPE:WALL-OUTER
G1 F300 X86.208 Y85.763 E313.96878
G1 X86.209 Y87.089 E313.99772
G1 X84.858 Y87.091 E314.02721
G1 X84.683 Y87.091 E314.03103
G1 X84.683 Y86.916 E314.0335
G1 X84.681 Y84.129 E314.09433
G1 X87.586 Y84.126 E314.15774
G1 X87.761 Y84.126 E314.16156
G1 X87.761 Y84.301 E314.16403
G1 X87.762 Y85.587 E314.1921
G1 X86.383 Y85.588 E314.2222
G1 X86.208 Y85.588 E314.22467
G0 F9000 X86.208 Y85.763
G0 X86.208 Y85.788
G0 X85.823 Y85.788
G0 X85.508 Y85.789
G1 F1500 E312.72467
G1 F900 Z2.66
G0 F9000 X85.508 Y85.789 Z2.66
G0 X85.804 Y111.855
;TIME_ELAPSED:559.812126
;LAYER:10
G0 X85.804 Y111.855 Z2.81
;TYPE:WALL-INNER
G1 F900 Z1.81
G1 F480 E314.28704
G1 F500 X87.359 Y111.854 E314.32582
G1 X87.36 Y112.266 E314.3361
G1 X87.36 Y112.465 E314.34107
G1 X87.161 Y112.465 E314.34428
G1 X85.328 Y112.468 E314.39
G1 X85.129 Y112.468 E314.39497
G1 X85.129 Y112.269 E314.39818
G1 X85.127 Y110.356 E314.4459
G1 X85.604 Y110.355 E314.4578
G1 X85.803 Y110.355 E314.46276
G1 X85.803 Y110.554 E314.46597
G1 X85.804 Y111.855 E314.49843
G0 F9000 X86.229 Y111.43
;TYPE:WALL-OUTER
G1 F300 X87.784 Y111.429 E314.53237
G1 X87.785 Y112.89 E314.56426
G1 X84.705 Y112.893 E314.63148
G1 X84.701 Y110.106 E314.69232
G1 X84.701 Y109.931 E314.69614
G1 X84.876 Y109.931 E314.69861
G1 X86.228 Y109.93 E314.72812
G1 X86.229 Y110.876 E314.74877
G0 F270 X86.229 Y111.43
G0 F9000 X86.429 Y111.43
G0 X86.429 Y111.815
G0 X86.43 Y112.066
G1 F1500 E313.24877
G1 F900 Z2.81
G0 F9000 X86.43 Y112.066 Z2.81
G0 X111.018 Y111.837
;TYPE:WALL-INNER
G1 F900 Z1.81
G1 F480 E314.82322
G1 F500 X111.217 Y111.837 E314.82818
G1 X111.217 Y111.638 E314.8314
G1 X111.216 Y110.534 E314.85894
G1 X111.216 Y110.335 E314.8639
G1 X111.415 Y110.335 E314.86711
G1 X111.892 Y110.335 E314.87901
G1 X111.894 Y112.446 E314.93167
G1 X109.664 Y112.449 E314.9873
G1 X109.663 Y112.037 E314.99757
G1 X109.663 Y111.838 E315.00254
G1 X109.862 Y111.838 E315.00575
G1 X111.018 Y111.837 E315.03459
G0 F9000 X110.792 Y111.412
;TYPE:WALL-OUTER
G1 F300 X110.792 Y111.237 E315.03841
G1 X110.791 Y109.911 E315.06735
G1 X112.142 Y109.909 E315.09684
G1 X112.317 Y109.909 E315.10066
G1 X112.317 Y110.084 E315.10313
G1 X112.319 Y112.871 E315.16396
G1 X109.414 Y112.874 E315.22737
G1 X109.239 Y112.874 E315.23119
G1 X109.239 Y112.699 E315.23366
G1 X109.238 Y111.413 E315.26173
G1 X110.617 Y111.412 E315.29183
G1 X110.792 Y111.412 E315.2943
G0 F9000 X110.792 Y111.237
G0 X110.792 Y111.212
G0 X111.177 Y111.212
G0 X111.492 Y111.211
G1 F1500 E313.7943
G1 F900 Z2.81
G0 F9000 X111.492 Y111.211 Z2.81
G0 X111.196 Y85.145
;TYPE:WALL-INNER
G1 F900 Z1.81
G1 F480 E315.35666
G1 F500 X109.641 Y85.146 E315.39545
G1 X109.64 Y84.734 E315.40573
G1 X109.64 Y84.535 E315.41069
G1 X109.839 Y84.535 E315.41391
G1 X111.672 Y84.532 E315.45963
G1 X111.871 Y84.532 E315.46459
G1 X111.871 Y84.731 E315.46781
G1 X111.873 Y86.644 E315.51553
G1 X111.396 Y86.645 E315.52743
G1 X111.197 Y86.645 E315.53239
G1 X111.197 Y86.446 E315.5356
G1 X111.196 Y85.145 E315.56805
G0 F9000 X110.771 Y85.57
;TYPE:WALL-OUTER
G1 F300 X109.216 Y85.571 E315.602
G1 X109.215 Y84.11 E315.63388
G1 X112.295 Y84.107 E315.70111
G1 X112.299 Y86.894 E315.76194
G1 X112.299 Y87.069 E315.76576
G1 X112.124 Y87.069 E315.76824
G1 X110.772 Y87.07 E315.79775
G1 X110.771 Y86.124 E315.81839
G0 F270 X110.771 Y85.57
G0 F9000 X110.571 Y85.57
G0 X110.571 Y85.185
G0 X110.57 Y84.934
G1 F1500 E314.31839
G1 F900 Z2.81
G0 F9000 X110.57 Y84.934 Z2.81
G0 X85.982 Y85.163
;TYPE:WALL-INNER
G1 F900 Z1.81
G1 F480 E315.89285
G1 F500 X85.783 Y85.163 E315.89781
G1 X85.783 Y85.362 E315.90102
G1 X85.784 Y86.466 E315.92856
G1 X85.784 Y86.665 E315.93353
G1 X85.585 Y86.665 E315.93674
G1 X85.108 Y86.665 E315.94864
G1 X85.106 Y84.554 E316.0013
G1 X87.336 Y84.551 E316.05693
G1 X87.337 Y84.963 E316.0672
G1 X87.337 Y85.162 E316.07217
G1 X87.138 Y85.162 E316.07538
G1 X85.982 Y85.163 E316.10422
G0 F9000 X86.208 Y85.588
;TYPE:WALL-OUTER
G1 F300 X86.208 Y85.763 E316.10803
G1 X86.209 Y87.089 E316.13698
G1 X84.858 Y87.091 E316.16647
G1 X84.683 Y87.091 E316.17029
G1 X84.683 Y86.916 E316.17276
G1 X84.681 Y84.129 E316.23359
G1 X87.586 Y84.126 E316.297
G1 X87.761 Y84.126 E316.30082
G1 X87.761 Y84.301 E316.30329
G1 X87.762 Y85.587 E316.33136
G1 X86.383 Y85.588 E316.36146
G1 X86.208 Y85.588 E316.36393
G0 F9000 X86.208 Y85.763
G0 X86.208 Y85.788
G0 X85.823 Y85.788
G0 X85.508 Y85.789
G1 F1500 E314.86393
G1 F900 Z2.81
G0 F9000 X85.508 Y85.789 Z2.81
G0 X85.804 Y111.855
;TIME_ELAPSED:578.026279
;LAYER:11
G0 X85.804 Y111.855 Z2.96
;TYPE:WALL-INNER
G1 F900 Z1.96
G1 F480 E316.42629
G1 F500 X87.359 Y111.854 E316.46508
G1 X87.36 Y112.266 E316.47536
G1 X87.36 Y112.465 E316.48032
G1 X87.161 Y112.465 E316.48353
G1 X85.328 Y112.468 E316.52926
G1 X85.129 Y112.468 E316.53422
G1 X85.129 Y112.269 E316.53743
G1 X85.127 Y110.356 E316.58515
G1 X85.604 Y110.355 E316.59705
G1 X85.803 Y110.355 E316.60202
G1 X85.803 Y110.554 E316.60523
G1 X85.804 Y111.855 E316.63768
G0 F9000 X86.229 Y111.43
;TYPE:WALL-OUTER
G1 F300 X87.784 Y111.429 E316.67162
G1 X87.785 Y112.89 E316.70351
G1 X84.705 Y112.893 E316.77074
G1 X84.701 Y110.106 E316.83157
G1 X84.701 Y109.931 E316.83539
G1 X84.876 Y109.931 E316.83786
G1 X86.228 Y109.93 E316.86737
G1 X86.229 Y110.876 E316.88802
G0 F270 X86.229 Y111.43
G0 F9000 X86.429 Y111.43
G0 X86.429 Y111.815
G0 X86.43 Y112.066
G1 F1500 E315.38802
G1 F900 Z2.96
G0 F9000 X86.43 Y112.066 Z2.96
G0 X111.018 Y111.837
;TYPE:WALL-INNER
G1 F900 Z1.96
G1 F480 E316.96248
G1 F500 X111.217 Y111.837 E316.96744
G1 X111.217 Y111.638 E316.97065
G1 X111.216 Y110.534 E316.99819
G1 X111.216 Y110.335 E317.00316
G1 X111.415 Y110.335 E317.00637
G1 X111.892 Y110.335 E317.01827
G1 X111.894 Y112.446 E317.07093
G1 X109.664 Y112.449 E317.12655
G1 X109.663 Y112.037 E317.13683
G1 X109.663 Y111.838 E317.14179
G1 X109.862 Y111.838 E317.14501
G1 X111.018 Y111.837 E317.17384
G0 F9000 X110.792 Y111.412
;TYPE:WALL-OUTER
G1 F300 X110.792 Y111.237 E317.17766
G1 X110.791 Y109.911 E317.20661
G1 X112.142 Y109.909 E317.23609
G1 X112.317 Y109.909 E317.23991
G1 X112.317 Y110.084 E317.24239
G1 X112.319 Y112.871 E317.30322
G1 X109.414 Y112.874 E317.36662
G1 X109.239 Y112.874 E317.37044
G1 X109.239 Y112.699 E317.37292
G1 X109.238 Y111.413 E317.40099
G1 X110.617 Y111.412 E317.43109
G1 X110.792 Y111.412 E317.43356
G0 F9000 X110.792 Y111.237
G0 X110.792 Y111.212
G0 X111.177 Y111.212
G0 X111.492 Y111.211
G1 F1500 E315.93356
G1 F900 Z2.96
G0 F9000 X111.492 Y111.211 Z2.96
G0 X111.196 Y85.145
;TYPE:WALL-INNER
G1 F900 Z1.96
G1 F480 E317.49592
G1 F500 X109.641 Y85.146 E317.53471
G1 X109.64 Y84.734 E317.54499
G1 X109.64 Y84.535 E317.54995
G1 X109.839 Y84.535 E317.55316
G1 X111.672 Y84.532 E317.59889
G1 X111.871 Y84.532 E317.60385
G1 X111.871 Y84.731 E317.60706
G1 X111.873 Y86.644 E317.65478
G1 X111.396 Y86.645 E317.66668
G1 X111.197 Y86.645 E317.67165
G1 X111.197 Y86.446 E317.67486
G1 X111.196 Y85.145 E317.70731
G0 F9000 X110.771 Y85.57
;TYPE:WALL-OUTER
G1 F300 X109.216 Y85.571 E317.74125
G1 X109.215 Y84.11 E317.77314
G1 X112.295 Y84.107 E317.84037
G1 X112.299 Y86.894 E317.9012
G1 X112.299 Y87.069 E317.90502
G1 X112.124 Y87.069 E317.90749
G1 X110.772 Y87.07 E317.937
G1 X110.771 Y86.124 E317.95765
G0 F270 X110.771 Y85.57
G0 F9000 X110.571 Y85.57
G0 X110.571 Y85.185
G0 X110.57 Y84.934
G1 F1500 E316.45765
G1 F900 Z2.96
G0 F9000 X110.57 Y84.934 Z2.96
G0 X85.982 Y85.163
;TYPE:WALL-INNER
G1 F900 Z1.96
G1 F480 E318.03211
G1 F500 X85.783 Y85.163 E318.03707
G1 X85.783 Y85.362 E318.04028
G1 X85.784 Y86.466 E318.06782
G1 X85.784 Y86.665 E318.07278
G1 X85.585 Y86.665 E318.076
G1 X85.108 Y86.665 E318.08789
G1 X85.106 Y84.554 E318.14055
G1 X87.336 Y84.551 E318.19618
G1 X87.337 Y84.963 E318.20646
G1 X87.337 Y85.162 E318.21142
G1 X87.138 Y85.162 E318.21463
G1 X85.982 Y85.163 E318.24347
G0 F9000 X86.208 Y85.588
;TYPE:WALL-OUTER
G1 F300 X86.208 Y85.763 E318.24729
G1 X86.209 Y87.089 E318.27623
G1 X84.858 Y87.091 E318.30572
G1 X84.683 Y87.091 E318.30954
G1 X84.683 Y86.916 E318.31201
G1 X84.681 Y84.129 E318.37285
G1 X87.586 Y84.126 E318.43625
G1 X87.761 Y84.126 E318.44007
G1 X87.761 Y84.301 E318.44254
G1 X87.762 Y85.587 E318.47061
G1 X86.383 Y85.588 E318.50071
G1 X86.208 Y85.588 E318.50319
G0 F9000 X86.208 Y85.763
G0 X86.208 Y85.788
G0 X85.823 Y85.788
G0 X85.508 Y85.789
G1 F1500 E317.00319
G1 F900 Z2.96
G0 F9000 X85.508 Y85.789 Z2.96
G0 X85.804 Y111.855
;TIME_ELAPSED:596.240433
;LAYER:12
G0 X85.804 Y111.855 Z3.11
;TYPE:WALL-INNER
G1 F900 Z2.11
G1 F480 E318.56555
G1 F500 X87.359 Y111.854 E318.60434
G1 X87.36 Y112.266 E318.61461
G1 X87.36 Y112.465 E318.61958
G1 X87.161 Y112.465 E318.62279
G1 X85.328 Y112.468 E318.66852
G1 X85.129 Y112.468 E318.67348
G1 X85.129 Y112.269 E318.67669
G1 X85.127 Y110.356 E318.72441
G1 X85.604 Y110.355 E318.73631
G1 X85.803 Y110.355 E318.74127
G1 X85.803 Y110.554 E318.74449
G1 X85.804 Y111.855 E318.77694
G0 F9000 X86.229 Y111.43
;TYPE:WALL-OUTER
G1 F300 X87.784 Y111.429 E318.81088
G1 X87.785 Y112.89 E318.84277
G1 X84.705 Y112.893 E318.91
G1 X84.701 Y110.106 E318.97083
G1 X84.701 Y109.931 E318.97465
G1 X84.876 Y109.931 E318.97712
G1 X86.228 Y109.93 E319.00663
G1 X86.229 Y110.876 E319.02728
G0 F270 X86.229 Y111.43
G0 F9000 X86.429 Y111.43
G0 X86.429 Y111.815
G0 X86.43 Y112.066
G1 F1500 E317.52728
G1 F900 Z3.11
G0 F9000 X86.43 Y112.066 Z3.11
G0 X111.018 Y111.837
;TYPE:WALL-INNER
G1 F900 Z2.11
G1 F480 E319.10173
G1 F500 X111.217 Y111.837 E319.1067
G1 X111.217 Y111.638 E319.10991
G1 X111.216 Y110.534 E319.13745
G1 X111.216 Y110.335 E319.14241
G1 X111.415 Y110.335 E319.14562
G1 X111.894 Y110.335 E319.15757
G1 X111.894 Y112.447 E319.21026
G1 X109.664 Y112.451 E319.26588
G1 X109.663 Y112.037 E319.27621
G1 X109.663 Y111.838 E319.28118
G1 X109.862 Y111.838 E319.28439
G1 X111.018 Y111.837 E319.31322
G0 F9000 X110.792 Y111.412
;TYPE:WALL-OUTER
G1 F300 X110.792 Y111.237 E319.31704
G1 X110.791 Y109.911 E319.34599
G1 X112.144 Y109.909 E319.37552
G1 X112.319 Y109.909 E319.37934
G1 X112.319 Y110.084 E319.38181
G1 X112.319 Y112.871 E319.44264
G1 X109.414 Y112.877 E319.50605
G1 X109.239 Y112.877 E319.50987
G1 X109.239 Y112.702 E319.51234
G1 X109.238 Y111.413 E319.54048
G1 X110.617 Y111.412 E319.57058
G1 X110.792 Y111.412 E319.57305
G0 F9000 X110.792 Y111.237
G0 X110.792 Y111.212
G0 X111.177 Y111.212
G0 X111.494 Y111.212
G1 F1500 E318.07305
G1 F900 Z3.11
G0 F9000 X111.494 Y111.213 Z3.11
G0 X111.196 Y85.145
;TYPE:WALL-INNER
G1 F900 Z2.11
G1 F480 E319.63541
G1 F500 X109.641 Y85.146 E319.6742
G1 X109.64 Y84.734 E319.68448
G1 X109.64 Y84.535 E319.68944
G1 X109.839 Y84.535 E319.69265
G1 X111.871 Y84.532 E319.74334
G1 X111.875 Y86.644 E319.79603
G1 X111.396 Y86.645 E319.80797
G1 X111.197 Y86.645 E319.81294
G1 X111.197 Y86.446 E319.81615
G1 X111.196 Y85.145 E319.8486
G0 F9000 X110.771 Y85.57
;TYPE:WALL-OUTER
G1 F300 X109.216 Y85.571 E319.88254
G1 X109.215 Y84.11 E319.91443
G1 X112.295 Y84.107 E319.98166
G1 X112.301 Y86.894 E320.04249
G1 X112.301 Y87.069 E320.04631
G1 X112.126 Y87.069 E320.04878
G1 X110.772 Y87.07 E320.07834
G1 X110.771 Y86.124 E320.09899
G0 F270 X110.771 Y85.57
G0 F9000 X110.571 Y85.57
G0 X110.571 Y85.185
G0 X110.57 Y84.934
G1 F1500 E318.59899
G1 F900 Z3.11
G0 F9000 X110.57 Y84.934 Z3.11
G0 X85.982 Y85.163
;TYPE:WALL-INNER
G1 F900 Z2.11
G1 F480 E320.17344
G1 F500 X85.783 Y85.163 E320.17841
G1 X85.783 Y85.362 E320.18162
G1 X85.784 Y86.466 E320.20916
G1 X85.784 Y86.665 E320.21412
G1 X85.585 Y86.665 E320.21733
G1 X85.106 Y86.665 E320.22928
G1 X85.106 Y84.551 E320.28201
G1 X87.336 Y84.549 E320.33764
G1 X87.337 Y84.963 E320.34797
G1 X87.337 Y85.162 E320.35293
G1 X87.138 Y85.162 E320.35615
G1 X85.982 Y85.163 E320.38498
G0 F9000 X86.208 Y85.588
;TYPE:WALL-OUTER
G1 F300 X86.208 Y85.763 E320.3888
G1 X86.209 Y87.089 E320.41774
G1 X84.856 Y87.091 E320.44728
G1 X84.681 Y87.091 E320.4511
G1 X84.681 Y86.916 E320.45357
G1 X84.681 Y84.127 E320.51444
G1 X87.586 Y84.123 E320.57785
G1 X87.761 Y84.123 E320.58167
G1 X87.761 Y84.298 E320.58414
G1 X87.762 Y85.587 E320.61228
G1 X86.383 Y85.588 E320.64238
G1 X86.208 Y85.588 E320.64485
G0 F9000 X86.208 Y85.763
G0 X86.208 Y85.788
G0 X85.823 Y85.788
G0 X85.506 Y85.788
G1 F1500 E319.14485
G1 F900 Z3.11
G0 F9000 X85.506 Y85.787 Z3.11
G0 X85.36 Y112.068
;TIME_ELAPSED:614.461164
;LAYER:13
G0 X85.36 Y112.068 Z3.26
;TYPE:WALL-INNER
G1 F900 Z2.26
G1 F480 E320.70721
G1 F500 X85.358 Y110.756 E320.73994
G1 X85.403 Y110.755 E320.74106
G1 X85.404 Y112.068 E320.74473
G1 X85.36 Y112.068 E320.74582
G0 F9000 X85.13 Y112.468
G1 F500 X84.96 Y112.468 E320.75006
G1 X84.958 Y110.356 E320.80275
G1 X85.604 Y110.355 E320.81886
G1 X85.803 Y110.355 E320.82383
G1 X85.803 Y110.554 E320.82704
G1 X85.804 Y111.855 E320.85949
G1 X87.359 Y111.854 E320.89828
G1 X87.36 Y112.429 E320.91263
G1 X87.36 Y112.628 E320.91759
G1 X87.161 Y112.628 E320.9208
G1 X85.13 Y112.63 E320.97147
G1 X85.13 Y112.527 E320.97403
G0 F450 X85.13 Y112.468
G0 F9000 X84.705 Y112.893
;TYPE:WALL-OUTER
G1 F480 E320.97551
G1 F300 X84.536 Y112.893 E320.97919
G1 X84.532 Y110.106 E321.04003
G1 X84.532 Y109.931 E321.04385
G1 X84.707 Y109.931 E321.04632
G1 X86.228 Y109.93 E321.07952
G1 X86.229 Y111.43 E321.11226
G1 X87.609 Y111.429 E321.14238
G1 X87.784 Y111.429 E321.1462
G1 X87.784 Y111.604 E321.14867
G1 X87.785 Y113.053 E321.1803
G1 X85.742 Y113.055 E321.22489
G0 F270 X84.705 Y113.055
G0 X84.705 Y112.893
G0 F9000 X84.536 Y112.893
G0 X84.536 Y112.862
G0 X85.36 Y112.187
G1 F1500 E319.72489
G1 F900 Z3.26
G0 F9000 X85.412 Y112.186 Z3.26
G0 X111.617 Y112.046
;TYPE:WALL-INNER
G1 F900 Z2.26
G1 F480 E321.31342
G1 F500 X111.616 Y110.735 E321.34613
G1 X111.661 Y110.735 E321.34725
G1 X111.663 Y112.046 E321.351
G1 X111.617 Y112.046 E321.35215
G0 F9000 X111.217 Y111.837
G1 F500 X111.217 Y111.638 E321.35711
G1 X111.216 Y110.534 E321.38465
G1 X111.216 Y110.335 E321.38962
G1 X111.415 Y110.335 E321.39283
G1 X112.061 Y110.335 E321.40894
G1 X112.063 Y112.364 E321.45956
G1 X112.063 Y112.446 E321.4616
G1 X111.894 Y112.446 E321.46582
G1 X111.894 Y112.61 E321.46885
G1 X111.812 Y112.61 E321.4709
G1 X109.664 Y112.612 E321.52448
G1 X109.663 Y112.037 E321.53882
G1 X109.663 Y111.838 E321.54379
G1 X109.862 Y111.838 E321.547
G1 X111.018 Y111.837 E321.57584
G1 X111.217 Y111.837 E321.57905
G0 F9000 X110.792 Y111.412
;TYPE:WALL-OUTER
G1 F300 X110.792 Y111.237 E321.58287
G1 X110.791 Y109.911 E321.61181
G1 X112.311 Y109.909 E321.64499
G1 X112.486 Y109.909 E321.64881
G1 X112.486 Y110.084 E321.65128
G1 X112.488 Y112.871 E321.71211
G1 X112.319 Y112.871 E321.7158
G1 X112.319 Y113.034 E321.71936
G1 X109.414 Y113.038 E321.78277
G1 X109.239 Y113.038 E321.78659
G1 X109.239 Y112.863 E321.78906
G1 X109.238 Y111.413 E321.82071
G1 X110.617 Y111.412 E321.85081
G1 X110.792 Y111.412 E321.85328
G0 F9000 X110.792 Y111.237
G0 X110.792 Y111.212
G0 X111.177 Y111.212
G0 X111.617 Y111.212
G1 F1500 E320.35328
G1 F900 Z3.26
G0 F9000 X111.617 Y111.212 Z3.26
G0 X111.596 Y84.932
;TYPE:WALL-INNER
G1 F900 Z2.26
G1 F480 E321.91564
G1 F500 X111.641 Y84.932 E321.91676
G1 X111.642 Y86.244 E321.94949
G1 X111.597 Y86.244 E321.95061
G1 X111.596 Y84.932 E321.95433
G0 F9000 X111.196 Y85.145
G1 F500 X109.641 Y85.146 E321.99312
G1 X109.64 Y84.571 E322.00746
G1 X109.64 Y84.372 E322.01242
G1 X109.839 Y84.372 E322.01564
G1 X111.87 Y84.37 E322.0663
G1 X111.87 Y84.532 E322.07034
G1 X112.04 Y84.532 E322.07458
G1 X112.043 Y86.445 E322.1223
G1 X112.043 Y86.644 E322.12727
G1 X111.844 Y86.644 E322.13048
G1 X111.197 Y86.644 E322.14662
G1 X111.196 Y85.699 E322.17019
G0 F450 X111.196 Y85.145
G0 F9000 X110.771 Y85.57
;TYPE:WALL-OUTER
G1 F480 E322.18401
G1 F300 X109.391 Y85.571 E322.21413
G1 X109.216 Y85.571 E322.21795
G1 X109.216 Y85.396 E322.22042
G1 X109.215 Y83.947 E322.25205
G1 X112.295 Y83.945 E322.31928
G1 X112.295 Y84.107 E322.32281
G1 X112.464 Y84.107 E322.3265
G1 X112.469 Y87.068 E322.39113
G1 X110.947 Y87.07 E322.42435
G1 X110.772 Y87.07 E322.42817
G1 X110.772 Y86.895 E322.43064
G1 X110.771 Y85.57 E322.45956
G0 F9000 X110.571 Y85.57
G0 X110.571 Y85.185
G0 X110.57 Y84.772
G1 F1500 E320.95956
G1 F900 Z3.26
G0 F9000 X110.57 Y84.772 Z3.26
G0 X85.383 Y84.954
;TYPE:WALL-INNER
G1 F900 Z2.26
G1 F480 E322.52193
G1 F500 X85.384 Y86.265 E322.55463
G1 X85.339 Y86.265 E322.55575
G1 X85.337 Y84.954 E322.5595
G1 X85.383 Y84.954 E322.56065
G0 F9000 X85.783 Y85.163
G1 F500 X85.783 Y85.362 E322.56561
G1 X85.784 Y86.466 E322.59315
G1 X85.784 Y86.665 E322.59812
G1 X85.585 Y86.665 E322.60133
G1 X84.939 Y86.665 E322.61744
G1 X84.937 Y84.636 E322.66806
G1 X84.937 Y84.554 E322.6701
G1 X85.106 Y84.554 E322.67432
G1 X85.106 Y84.39 E322.67736
G1 X85.188 Y84.39 E322.6794
G1 X87.336 Y84.388 E322.73298
G1 X87.337 Y84.963 E322.74733
G1 X87.337 Y85.162 E322.75229
G1 X87.138 Y85.162 E322.7555
G1 X85.982 Y85.163 E322.78434
G1 X85.783 Y85.163 E322.78755
G0 F9000 X86.208 Y85.588
;TYPE:WALL-OUTER
G1 F300 X86.208 Y85.763 E322.79137
G1 X86.209 Y87.089 E322.82031
G1 X84.689 Y87.091 E322.85349
G1 X84.514 Y87.091 E322.85731
G1 X84.514 Y86.916 E322.85978
G1 X84.512 Y84.129 E322.92061
G1 X84.681 Y84.129 E322.9243
G1 X84.681 Y83.966 E322.92786
G1 X87.586 Y83.962 E322.99127
G1 X87.761 Y83.962 E322.99509
G1 X87.761 Y84.137 E322.99756
G1 X87.762 Y85.587 E323.02921
G1 X86.383 Y85.588 E323.05931
G1 X86.208 Y85.588 E323.06178
G0 F9000 X86.208 Y85.763
G0 X86.208 Y85.788
G0 X85.823 Y85.788
G0 X85.383 Y85.788
G1 F1500 E321.56178
G1 F900 Z3.26
G0 F9000 X85.383 Y85.788 Z3.26
G0 X85.193 Y112.068
;TIME_ELAPSED:635.165757
;LAYER:14
G0 X85.193 Y112.068 Z3.41
;TYPE:WALL-INNER
G1 F900 Z2.41
G1 F480 E323.12414
G1 F500 X85.192 Y110.756 E323.15687
G1 X85.403 Y110.756 E323.16213
G1 X85.404 Y112.068 E323.17945
G1 X85.193 Y112.068 E323.18472
G0 F9000 X85.53 Y112.255
G1 F500 X86.959 Y112.254 E323.22036
G1 X86.96 Y112.389 E323.22373
G1 X85.53 Y112.39 E323.23581
G1 X85.53 Y112.255 E323.23918
G0 F9000 X85.13 Y112.468
G1 F500 X84.794 Y112.468 E323.24756
G1 X84.791 Y110.357 E323.30022
G1 X85.604 Y110.355 E323.3205
G1 X85.803 Y110.355 E323.32546
G1 X85.803 Y110.554 E323.32867
G1 X85.804 Y111.855 E323.36113
G1 X87.359 Y111.854 E323.39992
G1 X87.36 Y112.788 E323.42322
G1 X86.472 Y112.79 E323.44537
G0 F450 X85.13 Y112.791
G0 X85.13 Y112.468
G0 F9000 X84.705 Y112.893
;TYPE:WALL-OUTER
G1 F480 E323.4869
G1 F300 X84.369 Y112.893 E323.49423
G1 X84.366 Y109.932 E323.55886
G1 X86.053 Y109.93 E323.59569
G1 X86.228 Y109.93 E323.59951
G1 X86.228 Y110.105 E323.60198
G1 X86.229 Y111.43 E323.6309
G1 X87.609 Y111.429 E323.66102
G1 X87.784 Y111.429 E323.66484
G1 X87.784 Y111.604 E323.66731
G1 X87.785 Y113.213 E323.70243
G1 X85.64 Y113.216 E323.74925
G0 F270 X84.705 Y113.216
G0 X84.705 Y112.893
G0 F9000 X84.505 Y112.893
G0 X84.754 Y112.509
G0 X85.194 Y112.186
G1 F1500 E322.24925
G1 F900 Z3.41
G0 F9000 X85.412 Y112.186 Z3.41
G0 X111.617 Y112.046
;TYPE:WALL-INNER
G1 F900 Z2.41
G1 F480 E323.83907
G1 F500 X111.616 Y110.735 E323.87177
G1 X111.828 Y110.735 E323.87706
G1 X111.829 Y112.046 E323.89445
G1 X111.617 Y112.046 E323.89974
G0 F9000 X111.493 Y112.237
G1 F500 X111.493 Y112.37 E323.90306
G1 X110.064 Y112.372 E323.9387
G1 X110.063 Y112.238 E323.94205
G1 X111.493 Y112.237 E323.95394
G0 F9000 X111.217 Y111.837
G1 F500 X111.216 Y110.336 E323.99139
G1 X112.028 Y110.334 E324.01164
G1 X112.227 Y110.334 E324.01661
G1 X112.227 Y110.533 E324.01982
G1 X112.23 Y112.446 E324.06754
G1 X111.893 Y112.446 E324.07594
G1 X111.894 Y112.77 E324.08403
G1 X109.664 Y112.772 E324.13965
G1 X109.663 Y112.037 E324.15799
G1 X109.663 Y111.838 E324.16295
G1 X109.862 Y111.838 E324.16616
G1 X111.217 Y111.837 E324.19997
G0 F9000 X110.792 Y111.412
;TYPE:WALL-OUTER
G1 F300 X110.792 Y111.237 E324.20379
G1 X110.791 Y109.911 E324.23273
G1 X112.477 Y109.909 E324.26953
G1 X112.652 Y109.909 E324.27335
G1 X112.652 Y110.084 E324.27582
G1 X112.655 Y112.871 E324.33665
G1 X112.319 Y112.871 E324.34399
G1 X112.32 Y113.194 E324.35104
G1 X109.414 Y113.198 E324.41446
G1 X109.239 Y113.198 E324.41828
G1 X109.239 Y113.023 E324.42076
G1 X109.238 Y111.413 E324.4559
G1 X110.617 Y111.412 E324.486
G1 X110.792 Y111.412 E324.48847
G0 F9000 X110.792 Y111.237
G0 X110.792 Y111.212
G0 X111.177 Y111.212
G0 X111.617 Y111.212
G1 F1500 E322.98847
G1 F900 Z3.41
G0 F9000 X111.617 Y111.212 Z3.41
G0 X111.47 Y84.745
;TYPE:WALL-INNER
G1 F900 Z2.41
G1 F480 E324.55083
G1 F500 X110.041 Y84.746 E324.58648
G1 X110.04 Y84.611 E324.58985
G1 X111.47 Y84.61 E324.60188
G1 X111.47 Y84.745 E324.60525
G0 F9000 X111.596 Y84.934
G1 F500 X111.807 Y84.933 E324.61051
G1 X111.809 Y86.244 E324.64321
G1 X111.597 Y86.244 E324.6485
G1 X111.596 Y84.934 E324.66582
G0 F9000 X111.87 Y84.533
G1 F500 X112.207 Y84.532 E324.67422
G1 X112.209 Y86.643 E324.72688
G1 X111.396 Y86.645 E324.74716
G1 X111.197 Y86.645 E324.75213
G1 X111.197 Y86.446 E324.75534
G1 X111.196 Y85.145 E324.78779
G1 X109.641 Y85.146 E324.82658
G1 X109.64 Y84.212 E324.84988
G1 X110.529 Y84.21 E324.87206
G0 F450 X111.87 Y84.209
G0 X111.87 Y84.533
G0 F9000 X110.771 Y85.57
;TYPE:WALL-OUTER
G1 F480 E324.91359
G1 F300 X109.391 Y85.571 E324.94371
G1 X109.216 Y85.571 E324.94753
G1 X109.216 Y85.396 E324.95
G1 X109.215 Y83.787 E324.98512
G1 X112.295 Y83.784 E325.05235
G1 X112.295 Y84.107 E325.0594
G1 X112.631 Y84.106 E325.06673
G1 X112.635 Y86.893 E325.12757
G1 X112.635 Y87.068 E325.13139
G1 X112.46 Y87.068 E325.13386
G1 X110.947 Y87.07 E325.16688
G1 X110.772 Y87.07 E325.1707
G1 X110.772 Y86.895 E325.17317
G1 X110.771 Y85.57 E325.20209
G0 F9000 X110.571 Y85.57
G0 X110.571 Y85.185
G0 X110.571 Y84.745
G1 F1500 E323.70209
G1 F900 Z3.41
G0 F9000 X110.571 Y84.745 Z3.41
G0 X85.507 Y84.763
;TYPE:WALL-INNER
G1 F900 Z2.41
G1 F480 E325.26446
G1 F500 X85.507 Y84.629 E325.2678
G1 X86.936 Y84.628 E325.30345
G1 X86.937 Y84.762 E325.30679
G1 X85.507 Y84.763 E325.31878
G0 F9000 X85.383 Y84.954
G1 F500 X85.384 Y86.265 E325.35148
G1 X85.172 Y86.265 E325.35677
G1 X85.171 Y84.954 E325.37416
G1 X85.383 Y84.954 E325.37945
G0 F9000 X85.107 Y84.554
G1 F500 X85.106 Y84.23 E325.38753
G1 X87.336 Y84.227 E325.44316
G1 X87.337 Y85.162 E325.46648
G1 X85.982 Y85.163 E325.50028
G1 X85.783 Y85.163 E325.50524
G1 X85.783 Y85.362 E325.50846
G1 X85.784 Y86.664 E325.54093
G1 X84.972 Y86.666 E325.56119
G1 X84.773 Y86.666 E325.56615
G1 X84.773 Y86.467 E325.56937
G1 X84.77 Y84.554 E325.61709
G1 X84.983 Y84.554 E325.6224
G0 F450 X85.107 Y84.554
G0 F9000 X86.208 Y85.588
;TYPE:WALL-OUTER
G1 F480 E325.62549
G1 F300 X86.208 Y85.763 E325.62931
G1 X86.209 Y87.089 E325.65825
G1 X84.523 Y87.091 E325.69505
G1 X84.348 Y87.091 E325.69887
G1 X84.348 Y86.916 E325.70135
G1 X84.345 Y84.129 E325.76218
G1 X84.681 Y84.129 E325.76951
G1 X84.68 Y83.805 E325.77658
G1 X87.586 Y83.802 E325.84001
G1 X87.761 Y83.802 E325.84383
G1 X87.761 Y83.977 E325.8463
G1 X87.762 Y85.587 E325.88145
G1 X86.383 Y85.588 E325.91155
G1 X86.208 Y85.588 E325.91402
G0 F9000 X86.208 Y85.763
G0 X86.208 Y85.788
G0 X85.823 Y85.788
G0 X85.383 Y85.788
G1 F1500 E324.41402
G1 F900 Z3.41
G0 F9000 X85.383 Y85.788 Z3.41
G0 X85.029 Y112.068
;TIME_ELAPSED:658.702917
;LAYER:15
G0 X85.029 Y112.068 Z3.56
;TYPE:WALL-INNER
G1 F900 Z2.56
G1 F480 E325.97638
G1 F515.1 X85.028 Y110.756 E326.00911
G1 X85.403 Y110.756 E326.01846
G1 X85.404 Y112.068 E326.04922
G1 X85.029 Y112.068 E326.05858
G0 F9000 X85.13 Y112.468
G1 F515.1 X84.63 Y112.468 E326.07105
G1 X84.627 Y110.357 E326.12371
G1 X85.604 Y110.355 E326.14808
G1 X85.803 Y110.355 E326.15304
G1 X85.803 Y110.554 E326.15626
G1 X85.804 Y111.855 E326.18871
G1 X87.359 Y111.854 E326.2275
G1 X87.36 Y112.947 E326.25476
G1 X85.329 Y112.949 E326.30543
G1 X85.13 Y112.949 E326.31039
G1 X85.13 Y112.75 E326.3136
G1 X85.13 Y112.468 E326.32064
G0 F9000 X85.53 Y112.255
G1 F515.1 X86.959 Y112.254 E326.35629
G1 X86.96 Y112.547 E326.36359
G1 X85.53 Y112.549 E326.38984
G1 X85.53 Y112.255 E326.39717
G0 F9000 X84.705 Y112.893
;TYPE:WALL-OUTER
G1 F309.1 X84.205 Y112.893 E326.40808
G1 X84.202 Y110.107 E326.46889
G1 X84.202 Y109.932 E326.47271
G1 X84.377 Y109.932 E326.47519
G1 X86.053 Y109.93 E326.51177
G1 X86.228 Y109.93 E326.51559
G1 X86.228 Y110.105 E326.51806
G1 X86.229 Y111.43 E326.54698
G1 X87.609 Y111.429 E326.5771
G1 X87.784 Y111.429 E326.58092
G1 X87.784 Y111.604 E326.58339
G1 X87.785 Y113.372 E326.62198
G1 X84.88 Y113.374 E326.68539
G1 X84.705 Y113.374 E326.68921
G1 X84.705 Y113.199 E326.69168
G1 X84.705 Y112.893 E326.69836
G0 F9000 X84.505 Y112.893
G0 X84.59 Y112.509
G0 X85.03 Y112.186
G1 F1500 E325.19836
G1 F900 Z3.56
G0 F9000 X85.03 Y112.068 Z3.56
G0 X111.617 Y112.046
;TYPE:WALL-INNER
G1 F900 Z2.56
G1 F480 E326.76072
G1 F515.1 X111.616 Y110.735 E326.79343
G1 X111.992 Y110.735 E326.80281
G1 X111.994 Y112.046 E326.83367
G1 X111.617 Y112.046 E326.84307
G0 F9000 X111.492 Y112.237
G1 F515.1 X111.493 Y112.529 E326.85036
G1 X110.064 Y112.53 E326.886
G1 X110.063 Y112.238 E326.89329
G1 X111.492 Y112.237 E326.91938
G0 F9000 X111.217 Y111.837
G1 F515.1 X111.217 Y111.638 E326.92434
G1 X111.216 Y110.336 E326.95682
G1 X112.193 Y110.334 E326.98119
G1 X112.392 Y110.334 E326.98616
G1 X112.392 Y110.533 E326.98937
G1 X112.394 Y112.247 E327.03213
G1 X112.394 Y112.446 E327.03709
G1 X112.195 Y112.446 E327.0403
G1 X112.093 Y112.446 E327.04285
G1 X111.893 Y112.446 E327.04783
G1 X111.893 Y112.646 E327.05106
G1 X111.894 Y112.729 E327.05314
G1 X111.894 Y112.928 E327.0581
G1 X111.695 Y112.928 E327.06131
G1 X109.863 Y112.931 E327.10701
G1 X109.664 Y112.931 E327.11197
G1 X109.664 Y112.732 E327.11519
G1 X109.663 Y112.037 E327.13252
G1 X109.663 Y111.838 E327.13749
G1 X109.862 Y111.838 E327.1407
G1 X111.018 Y111.837 E327.16954
G1 X111.217 Y111.837 E327.17275
G0 F9000 X110.792 Y111.412
;TYPE:WALL-OUTER
G1 F309.1 X110.792 Y111.237 E327.17657
G1 X110.791 Y109.911 E327.20551
G1 X112.816 Y109.909 E327.24971
G1 X112.82 Y112.696 E327.31054
G1 X112.82 Y112.871 E327.31436
G1 X112.645 Y112.871 E327.31683
G1 X112.494 Y112.871 E327.32013
G1 X112.319 Y112.871 E327.32395
G1 X112.319 Y113.046 E327.32642
G1 X112.32 Y113.178 E327.3293
G1 X112.32 Y113.353 E327.33312
G1 X112.145 Y113.353 E327.33559
G1 X109.414 Y113.356 E327.3952
G1 X109.239 Y113.356 E327.39902
G1 X109.239 Y113.181 E327.40149
G1 X109.238 Y111.413 E327.44008
G1 X110.617 Y111.412 E327.47018
G1 X110.792 Y111.412 E327.47266
G0 F9000 X110.792 Y111.237
G0 X110.792 Y111.212
G0 X111.177 Y111.212
G0 X111.617 Y111.212
G1 F1500 E325.97266
G1 F900 Z3.56
G0 F9000 X111.617 Y111.212 Z3.56
G0 X111.47 Y84.745
;TYPE:WALL-INNER
G1 F900 Z2.56
G1 F480 E327.53502
G1 F515.1 X110.041 Y84.746 E327.57067
G1 X110.04 Y84.453 E327.57797
G1 X111.47 Y84.451 E327.60417
G1 X111.47 Y84.745 E327.61151
G0 F9000 X111.596 Y84.934
G1 F515.1 X111.971 Y84.933 E327.62086
G1 X111.972 Y86.244 E327.65356
G1 X111.597 Y86.244 E327.66292
G1 X111.596 Y84.934 E327.69363
G0 F9000 X111.87 Y84.533
G1 F515.1 X112.07 Y84.533 E327.69862
G1 X112.171 Y84.532 E327.70114
G1 X112.37 Y84.532 E327.7061
G1 X112.37 Y84.731 E327.70931
G1 X112.373 Y86.643 E327.75701
G1 X111.396 Y86.645 E327.78138
G1 X111.197 Y86.645 E327.78634
G1 X111.197 Y86.446 E327.78956
G1 X111.196 Y85.145 E327.82201
G1 X109.641 Y85.146 E327.8608
G1 X109.64 Y84.252 E327.8831
G1 X109.64 Y84.053 E327.88806
G1 X109.839 Y84.053 E327.89128
G1 X111.671 Y84.051 E327.93698
G1 X111.87 Y84.051 E327.94194
G1 X111.87 Y84.25 E327.94515
G1 X111.87 Y84.333 E327.94722
G1 X111.87 Y84.533 E327.95045
G0 F9000 X110.771 Y85.57
;TYPE:WALL-OUTER
G1 F309.1 X109.391 Y85.571 E327.98057
G1 X109.216 Y85.571 E327.98439
G1 X109.216 Y85.396 E327.98687
G1 X109.215 Y83.628 E328.02546
G1 X112.12 Y83.626 E328.08886
G1 X112.295 Y83.626 E328.09268
G1 X112.295 Y83.801 E328.09515
G1 X112.295 Y84.107 E328.10183
G1 X112.795 Y84.106 E328.11275
G1 X112.798 Y87.068 E328.1774
G1 X110.947 Y87.07 E328.2178
G1 X110.772 Y87.07 E328.22162
G1 X110.772 Y86.895 E328.22409
G1 X110.771 Y85.57 E328.25301
G0 F9000 X110.571 Y85.57
G0 X110.571 Y85.185
G0 X110.571 Y84.745
G1 F1500 E326.75301
G1 F900 Z3.56
G0 F9000 X110.571 Y84.745 Z3.56
G0 X85.506 Y84.763
;TYPE:WALL-INNER
G1 F900 Z2.56
G1 F480 E328.31538
G1 F515.1 X85.506 Y84.472 E328.32263
G1 X86.936 Y84.471 E328.35831
G1 X86.937 Y84.762 E328.36557
G1 X85.506 Y84.763 E328.3916
G0 F9000 X85.383 Y84.954
G1 F515.1 X85.384 Y86.265 E328.42431
G1 X85.01 Y86.265 E328.43364
G1 X85.009 Y84.954 E328.46429
G1 X85.383 Y84.954 E328.47362
G0 F9000 X85.106 Y84.554
G1 F515.1 X85.106 Y84.073 E328.48562
G1 X87.137 Y84.07 E328.53628
G1 X87.336 Y84.07 E328.54125
G1 X87.336 Y84.269 E328.54446
G1 X87.337 Y84.963 E328.56177
G1 X87.337 Y85.162 E328.56673
G1 X87.138 Y85.162 E328.56995
G1 X85.982 Y85.163 E328.59878
G1 X85.783 Y85.163 E328.60375
G1 X85.783 Y85.362 E328.60696
G1 X85.784 Y86.664 E328.63944
G1 X84.81 Y86.666 E328.66373
G1 X84.611 Y86.666 E328.6687
G1 X84.611 Y86.467 E328.67191
G1 X84.608 Y84.753 E328.71467
G1 X84.608 Y84.554 E328.71963
G1 X84.807 Y84.554 E328.72284
G1 X85.106 Y84.554 E328.7303
G0 F9000 X86.208 Y85.588
;TYPE:WALL-OUTER
G1 F309.1 X86.208 Y85.763 E328.73412
G1 X86.209 Y87.089 E328.76306
G1 X84.187 Y87.091 E328.8072
G1 X84.182 Y84.304 E328.86803
G1 X84.182 Y84.129 E328.87185
G1 X84.357 Y84.129 E328.87432
G1 X84.681 Y84.129 E328.88139
G1 X84.681 Y83.649 E328.89187
G1 X87.586 Y83.644 E328.95528
G1 X87.761 Y83.644 E328.9591
G1 X87.761 Y83.819 E328.96157
G1 X87.762 Y85.587 E329.00016
G1 X86.383 Y85.588 E329.03026
G1 X86.208 Y85.588 E329.03273
G0 F9000 X86.208 Y85.763
G0 X86.208 Y85.788
G0 X85.823 Y85.788
G0 X85.383 Y85.788
G1 F1500 E327.53273
G1 F900 Z3.56
G0 F9000 X85.383 Y85.788 Z3.56
G0 X85.161 Y112.068
;TIME_ELAPSED:682.745961
;LAYER:16
G0 X85.161 Y112.068 Z3.71
;TYPE:WALL-INNER
G1 F900 Z2.71
G1 F480 E329.09509
G1 F500 X85.16 Y110.756 E329.12782
G1 X85.403 Y110.755 E329.13388
G1 X85.404 Y112.068 E329.15383
G1 X85.161 Y112.068 E329.1599
G0 F9000 X85.13 Y112.468
G1 F500 X84.762 Y112.468 E329.16907
G1 X84.759 Y110.356 E329.22176
G1 X85.604 Y110.355 E329.24284
G1 X85.803 Y110.355 E329.2478
G1 X85.803 Y110.554 E329.25101
G1 X85.804 Y111.855 E329.28347
G1 X87.359 Y111.854 E329.32226
G1 X87.36 Y112.622 E329.34141
G1 X87.36 Y112.821 E329.34638
G1 X87.161 Y112.821 E329.34959
G1 X85.13 Y112.823 E329.40025
G1 X85.13 Y112.599 E329.40584
G0 F450 X85.13 Y112.468
G0 F9000 X85.53 Y112.255
G1 F480 E329.40911
G1 F500 X86.959 Y112.254 E329.44476
G1 X86.96 Y112.421 E329.44892
G1 X85.53 Y112.423 E329.4639
G1 X85.53 Y112.255 E329.46809
G0 F9000 X84.705 Y112.893
;TYPE:WALL-OUTER
G1 F300 X84.337 Y112.893 E329.47613
G1 X84.334 Y110.106 E329.53696
G1 X84.334 Y109.931 E329.54078
G1 X84.509 Y109.931 E329.54325
G1 X86.228 Y109.93 E329.58077
G1 X86.229 Y111.43 E329.61351
G1 X87.609 Y111.429 E329.64363
G1 X87.784 Y111.429 E329.64745
G1 X87.784 Y111.604 E329.64992
G1 X87.785 Y113.246 E329.68576
G1 X84.88 Y113.248 E329.74917
G1 X84.705 Y113.248 E329.75299
G1 X84.705 Y113.073 E329.75546
G1 X84.705 Y112.893 E329.75939
G0 F9000 X84.505 Y112.893
G0 X84.722 Y112.509
G0 X85.162 Y112.186
G1 F1500 E328.25939
G1 F900 Z3.71
G0 F9000 X85.412 Y112.186 Z3.71
G0 X111.617 Y112.046
;TYPE:WALL-INNER
G1 F900 Z2.71
G1 F480 E329.82175
G1 F500 X111.616 Y110.735 E329.85446
G1 X111.861 Y110.735 E329.86057
G1 X111.862 Y112.046 E329.88066
G1 X111.617 Y112.046 E329.88677
G0 F9000 X111.493 Y112.237
G1 F500 X111.493 Y112.403 E329.89091
G1 X110.064 Y112.404 E329.92656
G1 X110.063 Y112.238 E329.9307
G1 X111.493 Y112.237 E329.9455
G0 F9000 X111.217 Y111.837
G1 F500 X111.217 Y111.638 E329.95047
G1 X111.216 Y110.336 E329.98295
G1 X112.061 Y110.334 E330.00402
G1 X112.26 Y110.334 E330.00899
G1 X112.26 Y110.533 E330.0122
G1 X112.263 Y112.446 E330.05992
G1 X111.893 Y112.446 E330.06915
G1 X111.894 Y112.802 E330.07803
G1 X109.664 Y112.805 E330.13366
G1 X109.663 Y111.838 E330.15778
G1 X111.018 Y111.837 E330.19158
G1 X111.217 Y111.837 E330.19479
G0 F9000 X110.792 Y111.412
;TYPE:WALL-OUTER
G1 F300 X110.792 Y111.237 E330.19861
G1 X110.791 Y109.911 E330.22755
G1 X112.51 Y109.909 E330.26508
G1 X112.685 Y109.909 E330.2689
G1 X112.685 Y110.084 E330.27137
G1 X112.688 Y112.871 E330.3322
G1 X112.319 Y112.871 E330.34025
G1 X112.32 Y113.052 E330.3442
G1 X112.32 Y113.227 E330.34802
G1 X112.145 Y113.227 E330.3505
G1 X109.414 Y113.23 E330.4101
G1 X109.239 Y113.23 E330.41392
G1 X109.239 Y113.055 E330.4164
G1 X109.238 Y111.413 E330.45224
G1 X110.617 Y111.412 E330.48234
G1 X110.792 Y111.412 E330.48481
G0 F9000 X110.792 Y111.237
G0 X110.792 Y111.212
G0 X111.177 Y111.212
G0 X111.617 Y111.212
G1 F1500 E328.98481
G1 F900 Z3.71
G0 F9000 X111.617 Y111.212 Z3.71
G0 X111.47 Y84.745
;TYPE:WALL-INNER
G1 F900 Z2.71
G1 F480 E330.54717
G1 F500 X110.041 Y84.746 E330.58282
G1 X110.04 Y84.579 E330.58698
G1 X111.47 Y84.578 E330.60188
G1 X111.47 Y84.745 E330.60604
G0 F9000 X111.596 Y84.932
G1 F500 X111.839 Y84.932 E330.6121
G1 X111.841 Y86.244 E330.64483
G1 X111.597 Y86.244 E330.65092
G1 X111.596 Y84.932 E330.6709
G0 F9000 X111.87 Y84.532
G1 F500 X112.239 Y84.532 E330.68011
G1 X112.241 Y86.643 E330.73276
G1 X111.396 Y86.645 E330.75384
G1 X111.197 Y86.645 E330.75881
G1 X111.197 Y86.446 E330.76202
G1 X111.196 Y85.145 E330.79447
G1 X109.641 Y85.146 E330.83326
G1 X109.64 Y84.18 E330.85736
G1 X110.56 Y84.178 E330.88031
G0 F450 X111.87 Y84.177
G0 X111.87 Y84.532
G0 F9000 X110.771 Y85.57
;TYPE:WALL-OUTER
G1 F480 E330.92184
G1 F300 X109.391 Y85.571 E330.95196
G1 X109.216 Y85.571 E330.95578
G1 X109.216 Y85.396 E330.95826
G1 X109.215 Y83.755 E330.99407
G1 X112.12 Y83.752 E331.05748
G1 X112.295 Y83.752 E331.0613
G1 X112.295 Y83.927 E331.06377
G1 X112.295 Y84.107 E331.0677
G1 X112.663 Y84.107 E331.07573
G1 X112.667 Y86.893 E331.13654
G1 X112.667 Y87.068 E331.14036
G1 X112.492 Y87.068 E331.14284
G1 X110.947 Y87.07 E331.17656
G1 X110.772 Y87.07 E331.18038
G1 X110.772 Y86.895 E331.18285
G1 X110.771 Y85.57 E331.21177
G0 F9000 X110.571 Y85.57
G0 X110.571 Y85.185
G0 X110.571 Y84.745
G1 F1500 E329.71177
G1 F900 Z3.71
G0 F9000 X110.571 Y84.745 Z3.71
G0 X85.506 Y84.763
;TYPE:WALL-INNER
G1 F900 Z2.71
G1 F480 E331.27413
G1 F500 X85.506 Y84.598 E331.27825
G1 X86.936 Y84.597 E331.31392
G1 X86.937 Y84.762 E331.31804
G1 X85.506 Y84.763 E331.33281
G0 F9000 X85.383 Y84.954
G1 F500 X85.384 Y86.265 E331.36551
G1 X85.14 Y86.265 E331.37159
G1 X85.138 Y84.954 E331.39164
G1 X85.383 Y84.954 E331.39776
G0 F9000 X85.106 Y84.554
G1 F500 X85.106 Y84.199 E331.40661
G1 X87.336 Y84.196 E331.46224
G1 X87.337 Y85.162 E331.48634
G1 X85.982 Y85.163 E331.52014
G1 X85.783 Y85.163 E331.5251
G1 X85.783 Y85.362 E331.52831
G1 X85.784 Y86.664 E331.56079
G1 X84.939 Y86.666 E331.58187
G1 X84.74 Y86.666 E331.58683
G1 X84.74 Y86.467 E331.59005
G1 X84.738 Y84.554 E331.63777
G1 X84.97 Y84.554 E331.64355
G0 F450 X85.106 Y84.554
G0 F9000 X86.208 Y85.588
;TYPE:WALL-OUTER
G1 F480 E331.64695
G1 F300 X86.208 Y85.763 E331.65077
G1 X86.209 Y87.089 E331.67971
G1 X84.316 Y87.091 E331.72103
G1 X84.312 Y84.304 E331.78186
G1 X84.312 Y84.129 E331.78568
G1 X84.487 Y84.129 E331.78815
G1 X84.681 Y84.129 E331.79238
G1 X84.681 Y83.774 E331.80013
G1 X87.586 Y83.771 E331.86354
G1 X87.761 Y83.771 E331.86736
G1 X87.761 Y83.946 E331.86983
G1 X87.762 Y85.587 E331.90565
G1 X86.383 Y85.588 E331.93575
G1 X86.208 Y85.588 E331.93822
G0 F9000 X86.208 Y85.763
G0 X86.208 Y85.788
G0 X85.823 Y85.788
G0 X85.383 Y85.788
G1 F1500 E330.43822
G1 F900 Z3.71
G0 F9000 X85.383 Y85.788 Z3.71
G0 X85.327 Y112.068
;TIME_ELAPSED:706.475600
;LAYER:17
G0 X85.327 Y112.068 Z3.86
;TYPE:WALL-INNER
G1 F900 Z2.86
G1 F480 E332.00058
G1 F500 X85.326 Y110.756 E332.03331
G1 X85.403 Y110.755 E332.03523
G1 X85.404 Y112.068 E332.04156
G1 X85.327 Y112.068 E332.04348
G0 F9000 X85.53 Y112.255
G1 F500 X86.959 Y112.254 E332.07913
G1 X86.96 Y112.261 E332.07931
G1 X85.53 Y112.262 E332.07995
G1 X85.53 Y112.255 E332.08012
G0 F9000 X85.13 Y112.468
G1 F500 X84.928 Y112.468 E332.08516
G1 X84.925 Y110.356 E332.13784
G1 X85.604 Y110.355 E332.15478
G1 X85.803 Y110.355 E332.15974
G1 X85.803 Y110.554 E332.16296
G1 X85.804 Y111.855 E332.19541
G1 X87.359 Y111.854 E332.2342
G1 X87.36 Y112.66 E332.25431
G1 X86.6 Y112.662 E332.27326
G0 F450 X85.13 Y112.663
G0 X85.13 Y112.468
G0 F9000 X84.705 Y112.893
;TYPE:WALL-OUTER
G1 F480 E332.3148
G1 F300 X84.503 Y112.893 E332.31921
G1 X84.5 Y110.106 E332.38004
G1 X84.5 Y109.931 E332.38386
G1 X84.675 Y109.931 E332.38633
G1 X86.228 Y109.93 E332.42023
G1 X86.229 Y111.43 E332.45297
G1 X87.609 Y111.429 E332.48309
G1 X87.784 Y111.429 E332.48691
G1 X87.784 Y111.604 E332.48938
G1 X87.785 Y113.085 E332.52171
G1 X85.721 Y113.088 E332.56676
G0 F270 X84.705 Y113.088
G0 X84.705 Y112.893
G0 F9000 X84.505 Y112.893
G0 X84.888 Y112.509
G0 X85.328 Y112.186
G1 F1500 E331.06676
G1 F900 Z3.86
G0 F9000 X85.412 Y112.186 Z3.86
G0 X111.617 Y112.046
;TYPE:WALL-INNER
G1 F900 Z2.86
G1 F480 E332.65555
G1 F500 X111.616 Y110.735 E332.68826
G1 X111.694 Y110.735 E332.6902
G1 X111.696 Y112.046 E332.69666
G1 X111.617 Y112.046 E332.69863
G0 F9000 X111.494 Y112.242
G1 F500 X110.064 Y112.244 E332.7343
G1 X110.063 Y112.238 E332.73445
G1 X111.494 Y112.242 E332.73473
G0 F9000 X111.217 Y111.837
G1 F500 X111.217 Y111.638 E332.73969
G1 X111.216 Y110.336 E332.77217
G1 X111.895 Y110.334 E332.78911
G1 X112.094 Y110.334 E332.79407
G1 X112.094 Y110.533 E332.79729
G1 X112.096 Y112.387 E332.84353
G1 X112.096 Y112.446 E332.84501
G1 X111.894 Y112.446 E332.85004
G1 X111.894 Y112.642 E332.85392
G1 X111.835 Y112.642 E332.85539
G1 X109.664 Y112.644 E332.90955
G1 X109.663 Y112.037 E332.92469
G1 X109.663 Y111.838 E332.92965
G1 X109.862 Y111.838 E332.93287
G1 X111.018 Y111.837 E332.9617
G1 X111.217 Y111.837 E332.96491
G0 F9000 X110.792 Y111.412
;TYPE:WALL-OUTER
G1 F300 X110.792 Y111.237 E332.96873
G1 X110.791 Y109.911 E332.99768
G1 X112.344 Y109.909 E333.03157
G1 X112.519 Y109.909 E333.03539
G1 X112.519 Y110.084 E333.03787
G1 X112.521 Y112.871 E333.0987
G1 X112.319 Y112.871 E333.10311
G1 X112.319 Y113.067 E333.10668
G1 X109.414 Y113.069 E333.17009
G1 X109.239 Y113.069 E333.17391
G1 X109.239 Y112.894 E333.17638
G1 X109.238 Y111.413 E333.20871
G1 X110.617 Y111.412 E333.23881
G1 X110.792 Y111.412 E333.24128
G0 F9000 X110.792 Y111.237
G0 X110.792 Y111.212
G0 X111.177 Y111.212
G0 X111.617 Y111.212
G1 F1500 E331.74128
G1 F900 Z3.86
G0 F9000 X111.617 Y111.212 Z3.86
G0 X111.47 Y84.745
;TYPE:WALL-INNER
G1 F900 Z2.86
G1 F480 E333.30364
G1 F500 X110.041 Y84.746 E333.33929
G1 X110.04 Y84.74 E333.33944
G1 X111.47 Y84.739 E333.33994
G1 X111.47 Y84.745 E333.34009
G0 F9000 X111.596 Y84.932
G1 F500 X111.672 Y84.932 E333.34199
G1 X111.674 Y86.244 E333.37472
G1 X111.597 Y86.245 E333.37664
G1 X111.596 Y84.932 E333.38293
G0 F9000 X111.87 Y84.532
G1 F500 X112.072 Y84.532 E333.38797
G1 X112.072 Y84.591 E333.38944
G1 X112.074 Y86.644 E333.44065
G1 X111.396 Y86.645 E333.45756
G1 X111.197 Y86.645 E333.46253
G1 X111.197 Y86.446 E333.46574
G1 X111.196 Y85.145 E333.49819
G1 X109.641 Y85.146 E333.53698
G1 X109.64 Y84.341 E333.55706
G1 X111.811 Y84.338 E333.61122
G1 X111.87 Y84.338 E333.61269
G1 X111.87 Y84.532 E333.61657
G0 F9000 X110.771 Y85.57
;TYPE:WALL-OUTER
G1 F300 X109.391 Y85.571 E333.64669
G1 X109.216 Y85.571 E333.65051
G1 X109.216 Y85.396 E333.65298
G1 X109.215 Y83.916 E333.68529
G1 X112.295 Y83.913 E333.75252
G1 X112.295 Y84.107 E333.75675
G1 X112.496 Y84.107 E333.76114
G1 X112.5 Y86.894 E333.82197
G1 X112.5 Y87.069 E333.82579
G1 X112.325 Y87.069 E333.82826
G1 X110.772 Y87.07 E333.86216
G1 X110.771 Y86.124 E333.88281
G0 F270 X110.771 Y85.57
G0 F9000 X110.571 Y85.57
G0 X110.571 Y85.185
G0 X110.571 Y84.745
G1 F1500 E332.38281
G1 F900 Z3.86
G0 F9000 X110.571 Y84.745 Z3.86
G0 X85.383 Y84.954
;TYPE:WALL-INNER
G1 F900 Z2.86
G1 F480 E333.95726
G1 F500 X85.384 Y86.265 E333.98996
G1 X85.307 Y86.265 E333.99189
G1 X85.305 Y84.954 E333.99826
G1 X85.383 Y84.954 E334.0002
G0 F9000 X85.783 Y85.163
G1 F500 X85.783 Y85.362 E334.00517
G1 X85.784 Y86.664 E334.03765
G1 X85.106 Y86.666 E334.05456
G1 X84.907 Y86.666 E334.05952
G1 X84.907 Y86.467 E334.06273
G1 X84.905 Y84.554 E334.11045
G1 X85.106 Y84.554 E334.11547
G1 X85.106 Y84.36 E334.12031
G1 X87.336 Y84.357 E334.17594
G1 X87.337 Y84.963 E334.19105
G1 X87.337 Y85.162 E334.19602
G1 X87.138 Y85.162 E334.19923
G1 X85.982 Y85.163 E334.22806
G1 X85.783 Y85.163 E334.23128
G0 F9000 X86.208 Y85.588
;TYPE:WALL-OUTER
G1 F300 X86.208 Y85.763 E334.2351
G1 X86.209 Y87.089 E334.26404
G1 X84.657 Y87.091 E334.29791
G1 X84.482 Y87.091 E334.30173
G1 X84.482 Y86.916 E334.30421
G1 X84.48 Y84.129 E334.36504
G1 X84.681 Y84.129 E334.36942
G1 X84.681 Y83.935 E334.37366
G1 X87.586 Y83.932 E334.43707
G1 X87.761 Y83.932 E334.44089
G1 X87.761 Y84.107 E334.44336
G1 X87.762 Y85.587 E334.47566
G1 X86.383 Y85.588 E334.50576
G1 X86.208 Y85.588 E334.50823
G0 F9000 X86.208 Y85.763
G0 X86.208 Y85.788
G0 X85.823 Y85.788
G0 X85.383 Y85.788
;TIME_ELAPSED:727.909462
G1 F1500 E333.00823
M107
; -- END GCODE --
; -- end of END GCODE --
M82 ;absolute extrusion mode
M104 S0
;End of Gcode
;SETTING_3 {"global_quality": "[general]\\nversion = 4\\nname = Low Quality #2\\
;SETTING_3 ndefinition = robor2\\n\\n[metadata]\\nquality_type = low\\nsetting_v
;SETTING_3 ersion = 4\\ntype = quality_changes\\n\\n[values]\\nadhesion_type = s
;SETTING_3 kirt\\n\\n", "extruder_quality": ["[general]\\nversion = 4\\nname = L
;SETTING_3 ow Quality #2\\ndefinition = robor2\\n\\n[metadata]\\nquality_type = 
;SETTING_3 low\\nposition = 0\\nsetting_version = 4\\ntype = quality_changes\\n\
;SETTING_3 \n[values]\\ninfill_sparse_density = 30\\n\\n"]}
