;FLAVOR:Marlin
;TIME:1374
;Filament used: 0.596658m
;Layer height: 0.15
;Generated with Cura_SteamEngine 3.4.1
M190 S70
M104 S220
M109 S220
M82 ;absolute extrusion mode
G92 E0 ;zero the extruded length
G1 X190 Y0 F7000 ;move to priming position
G1 Z2 ;raise bed
G1 F200 E10 ;extrude 10 mm of feed stock
G1 Z15 ;raise bed after priming
G92 E0 ;zero the extruded length again
G1 F7000;
G92 E0
G1 F1500 E-1.5
;LAYER_COUNT:39
;LAYER:0
M107
M204 S500
G0 F9000 X77.761 Y81.894 Z0.31
;TYPE:SKIRT
G1 F480 E0.06236
G1 F900 X78.149 Y81.558 E0.10205
G1 X78.584 Y81.286 E0.14173
G1 X79.057 Y81.085 E0.18147
G1 X79.555 Y80.959 E0.22119
G1 X80.106 Y80.912 E0.26396
G1 X88.389 Y80.903 E0.90448
G1 X88.539 Y80.906 E0.91608
G1 X91.422 Y81.034 E1.13924
G1 X100.925 Y81.134 E1.87415
G1 X101.436 Y81.18 E1.91382
G1 X101.934 Y81.304 E1.95351
G1 X102.407 Y81.504 E1.99322
G1 X102.844 Y81.774 E2.03295
G1 X103.232 Y82.11 E2.07264
G1 X103.565 Y82.501 E2.11235
G1 X103.832 Y82.939 E2.15202
G1 X104.028 Y83.414 E2.19175
G1 X104.149 Y83.913 E2.23146
G1 X104.19 Y84.434 E2.27187
G1 X104.19 Y99.289 E3.42061
G1 X104.15 Y99.801 E3.46032
G1 X104.031 Y100.3 E3.49999
G1 X103.836 Y100.775 E3.5397
G1 X103.57 Y101.214 E3.57939
G1 X103.239 Y101.607 E3.61913
G1 X102.879 Y101.922 E3.65612
G1 X97.463 Y106.012 E4.18094
G1 X93.285 Y109.591 E4.60636
G1 X91.337 Y111.401 E4.81199
G1 X90.935 Y111.721 E4.85172
G1 X90.488 Y111.974 E4.89144
G1 X90.008 Y112.154 E4.93108
G1 X89.505 Y112.258 E4.9708
G1 X89.084 Y112.284 E5.00342
G1 X80.102 Y112.264 E5.698
G1 X79.59 Y112.223 E5.73772
G1 X79.091 Y112.103 E5.7774
G1 X78.616 Y111.907 E5.81714
G1 X78.178 Y111.64 E5.85681
G1 X77.786 Y111.308 E5.89653
G1 X77.451 Y110.919 E5.93623
G1 X77.179 Y110.483 E5.97597
G1 X76.979 Y110.01 E6.01568
G1 X76.855 Y109.512 E6.05537
G1 X76.809 Y108.964 E6.09789
G1 X76.81 Y84.212 E8.01196
G1 X76.85 Y83.7 E8.05168
G1 X76.969 Y83.201 E8.09135
G1 X77.164 Y82.726 E8.13105
G1 X77.419 Y82.306 E8.16905
G0 F810 X77.43 Y82.287
G0 X77.761 Y81.894
G1 F1500 E6.66905
G1 F900 Z1.31
G0 F9000 X82.655 Y89.716 Z1.31
;TYPE:WALL-INNER
G1 F900 Z0.31
G1 F480 E8.27286
G1 F900 X82.802 Y90.009 E8.29821
G1 X82.953 Y90.235 E8.31923
G1 X83.131 Y90.439 E8.34016
G1 X83.337 Y90.618 E8.36127
G1 X83.561 Y90.768 E8.38211
G1 X83.814 Y90.893 E8.40394
G1 X84.062 Y90.972 E8.42406
G1 X84.303 Y91.022 E8.4431
G1 X84.601 Y91.047 E8.46622
G1 X84.935 Y91.022 E8.49212
G1 X85.401 Y90.894 E8.52949
G1 X85.872 Y90.624 E8.57147
G1 X86.228 Y90.265 E8.61057
G1 X86.401 Y90.004 E8.63479
G1 X86.525 Y89.759 E8.65602
G1 X86.61 Y89.494 E8.67754
G1 X86.664 Y89.232 E8.69823
G1 X86.678 Y88.959 E8.71937
G1 X86.664 Y88.695 E8.73981
G1 X86.606 Y88.419 E8.76162
G1 X86.521 Y88.17 E8.78197
G1 X86.398 Y87.921 E8.80344
G1 X86.245 Y87.692 E8.82474
G1 X86.06 Y87.486 E8.84615
G1 X85.862 Y87.313 E8.86648
G1 X85.629 Y87.159 E8.88808
G1 X85.382 Y87.039 E8.90931
G1 X85.123 Y86.956 E8.93035
G1 X84.885 Y86.907 E8.94914
G1 X84.607 Y86.884 E8.97071
G1 X84.319 Y86.904 E8.99303
G1 X84.056 Y86.959 E9.01381
G1 X83.803 Y87.045 E9.03447
G1 X83.558 Y87.167 E9.05564
G1 X83.33 Y87.319 E9.07683
G1 X83.129 Y87.497 E9.09759
G1 X82.943 Y87.708 E9.11934
G1 X82.798 Y87.931 E9.13991
G1 X82.674 Y88.178 E9.16128
G1 X82.591 Y88.434 E9.1821
G1 X82.538 Y88.692 E9.20246
G1 X82.518 Y88.97 E9.22402
G1 X82.536 Y89.195 E9.24147
G0 F810 X82.544 Y89.295
G0 X82.655 Y89.716
G0 F9000 X83.219 Y89.503
G1 F480 E9.28292
G1 F900 X83.321 Y89.706 E9.30049
G1 X83.43 Y89.869 E9.31565
G1 X83.556 Y90.013 E9.33045
G1 X83.702 Y90.14 E9.34541
G1 X83.862 Y90.247 E9.3603
G1 X84.04 Y90.335 E9.37565
G1 X84.215 Y90.391 E9.38986
G1 X84.389 Y90.427 E9.4036
G1 X84.604 Y90.445 E9.42028
G1 X84.833 Y90.428 E9.43804
G1 X85.169 Y90.336 E9.46498
G1 X85.503 Y90.144 E9.49477
G1 X85.76 Y89.885 E9.52299
G1 X85.881 Y89.702 E9.53995
G1 X85.968 Y89.53 E9.55486
G1 X86.029 Y89.341 E9.57022
G1 X86.067 Y89.156 E9.58482
G1 X86.077 Y88.96 E9.6
G1 X86.067 Y88.773 E9.61448
G1 X86.026 Y88.577 E9.62996
G1 X85.966 Y88.4 E9.64442
G1 X85.878 Y88.222 E9.65977
G1 X85.77 Y88.061 E9.67476
G1 X85.638 Y87.914 E9.69004
G1 X85.497 Y87.791 E9.70451
G1 X85.331 Y87.681 E9.71991
G1 X85.158 Y87.597 E9.73478
G1 X84.971 Y87.537 E9.74997
G1 X84.8 Y87.502 E9.76346
G1 X84.603 Y87.486 E9.77875
G1 X84.401 Y87.5 E9.79441
G1 X84.214 Y87.539 E9.80918
G1 X84.034 Y87.6 E9.82388
G1 X83.859 Y87.687 E9.83899
G1 X83.697 Y87.795 E9.85404
G1 X83.555 Y87.921 E9.86872
G1 X83.422 Y88.072 E9.88429
G1 X83.319 Y88.23 E9.89887
G1 X83.231 Y88.406 E9.91409
G1 X83.172 Y88.587 E9.92881
G1 X83.134 Y88.774 E9.94356
G1 X83.12 Y88.968 E9.95861
G1 X83.121 Y88.977 E9.95931
G0 F810 X83.138 Y89.194
G0 X83.219 Y89.503
G0 F9000 X83.795 Y89.286
;TYPE:WALL-OUTER
G1 F480 E10.00075
G1 F900 X83.851 Y89.398 E10.00923
G1 X83.916 Y89.495 E10.01713
G1 X83.989 Y89.578 E10.02461
G1 X84.075 Y89.653 E10.03233
G1 X84.169 Y89.716 E10.03998
G1 X84.27 Y89.766 E10.04761
G1 X84.37 Y89.798 E10.05471
G1 X84.477 Y89.82 E10.06211
G1 X84.607 Y89.831 E10.07093
G1 X84.728 Y89.822 E10.07914
G1 X84.932 Y89.766 E10.09346
G1 X85.127 Y89.654 E10.10867
G1 X85.283 Y89.497 E10.12365
G1 X85.351 Y89.394 E10.132
G1 X85.4 Y89.297 E10.13935
G1 X85.436 Y89.185 E10.14731
G1 X85.458 Y89.078 E10.15471
G1 X85.464 Y88.961 E10.16263
G1 X85.458 Y88.853 E10.16995
G1 X85.434 Y88.738 E10.1779
G1 X85.399 Y88.634 E10.18533
G1 X85.347 Y88.529 E10.19325
G1 X85.286 Y88.438 E10.20067
G1 X85.207 Y88.35 E10.20867
G1 X85.126 Y88.279 E10.21596
G1 X85.027 Y88.214 E10.22397
G1 X84.929 Y88.166 E10.23135
G1 X84.816 Y88.13 E10.23938
G1 X84.714 Y88.109 E10.24642
G1 X84.6 Y88.1 E10.25416
G1 X84.485 Y88.108 E10.26196
G1 X84.375 Y88.131 E10.26957
G1 X84.268 Y88.167 E10.27721
G1 X84.167 Y88.217 E10.28483
G1 X84.072 Y88.281 E10.29258
G1 X83.989 Y88.354 E10.30006
G1 X83.911 Y88.443 E10.30807
G1 X83.851 Y88.535 E10.3155
G1 X83.799 Y88.639 E10.32337
G1 X83.784 Y88.684 E10.32658
G0 F810 X83.765 Y88.743
G0 X83.742 Y88.857
G0 X83.734 Y88.966
G0 X83.744 Y89.091
G0 X83.795 Y89.286
G0 F9000 X83.851 Y89.398
G0 X83.893 Y89.46
G0 X83.411 Y89.783
G0 X83.301 Y89.855
G0 X81.524 Y107.57
;TYPE:WALL-INNER
G1 F480 E10.36805
G1 F900 X81.524 Y107.271 E10.39118
G1 X81.524 Y85.627 E12.0649
G1 X87.676 Y85.627 E12.54064
G1 X87.676 Y107.569 E14.23741
G1 X81.823 Y107.57 E14.69002
G1 X81.524 Y107.57 E14.70498
G0 F9000 X81.223 Y108.17
G1 F900 X80.924 Y108.17 E14.7281
G1 X80.924 Y107.871 E14.74307
G1 X80.924 Y85.027 E16.50959
G1 X88.276 Y85.027 E17.07812
G1 X88.276 Y108.169 E18.86768
G1 X81.759 Y108.17 E19.37164
G0 F810 X81.223 Y108.17
G0 F9000 X80.312 Y108.782
;TYPE:WALL-OUTER
G1 F480 E19.41309
G1 F900 X80.312 Y108.52 E19.43082
G1 X80.312 Y84.415 E21.06185
G1 X88.888 Y84.415 E21.64213
G1 X88.888 Y108.781 E23.29082
G1 X80.574 Y108.782 E23.85338
G1 X80.312 Y108.782 E23.86485
G0 F9000 X80.312 Y108.582
G0 X80.89 Y108.204
G0 X82.114 Y106.98
;TYPE:SKIN
G1 F900 X82.114 Y89.954 E25.18147
G1 X82.291 Y90.306 E25.21193
G1 X82.483 Y90.595 E25.23876
G1 X82.714 Y90.858 E25.26583
G1 X82.977 Y91.088 E25.29285
G1 X83.265 Y91.28 E25.31962
G1 X83.592 Y91.442 E25.34784
G1 X83.913 Y91.544 E25.37388
G1 X84.219 Y91.607 E25.39804
G1 X84.599 Y91.639 E25.42753
G1 X85.036 Y91.606 E25.46142
G1 X85.629 Y91.443 E25.50898
G1 X86.234 Y91.096 E25.56291
G1 X86.688 Y90.639 E25.61273
G1 X86.912 Y90.301 E25.64408
G1 X87.072 Y89.983 E25.67161
G1 X87.086 Y89.94 E25.67511
G1 X87.086 Y106.979 E26.99273
G1 X82.65 Y106.98 E27.33576
G0 F810 X82.114 Y106.98
G0 F9000 X82.114 Y87.994
G1 F480 E27.37721
G1 F900 X82.114 Y86.217 E27.51463
G1 X87.086 Y86.217 E27.89911
G1 X87.086 Y87.999 E28.03691
G1 X87.067 Y87.943 E28.04149
G1 X86.91 Y87.626 E28.06884
G1 X86.713 Y87.33 E28.09634
G1 X86.475 Y87.065 E28.12388
G1 X86.22 Y86.843 E28.15003
G1 X85.922 Y86.646 E28.17765
G1 X85.602 Y86.49 E28.20518
G1 X85.273 Y86.384 E28.23191
G1 X84.969 Y86.322 E28.2559
G1 X84.611 Y86.292 E28.28368
G1 X84.238 Y86.318 E28.3126
G1 X83.901 Y86.389 E28.33923
G1 X83.575 Y86.499 E28.36584
G1 X83.261 Y86.656 E28.39298
G1 X82.969 Y86.851 E28.42014
G1 X82.71 Y87.08 E28.44687
G1 X82.472 Y87.35 E28.4747
G1 X82.361 Y87.52 E28.4904
G0 F810 X82.285 Y87.637
G0 X82.127 Y87.954
G0 X82.114 Y87.994
G0 F9000 X86.805 Y86.805
G1 F480 E28.53185
G1 F900 X86.496 Y86.496 E28.56564
G0 F9000 X82.578 Y86.82
G1 F900 X82.393 Y86.636 E28.58582
G0 F9000 X82.86 Y91.346
G1 F900 X86.805 Y95.291 E29.01725
G0 F9000 X86.805 Y96.139
G1 F900 X82.394 Y91.728 E29.49964
G0 F9000 X82.394 Y92.576
G1 F900 X86.805 Y96.988 E29.98209
G0 F9000 X86.805 Y97.836
G1 F900 X82.394 Y93.425 E30.46448
G0 F9000 X82.394 Y94.273
G1 F900 X86.805 Y98.685 E30.94692
G0 F9000 X86.805 Y99.533
G1 F900 X82.394 Y95.122 E31.42931
G0 F9000 X82.394 Y95.97
G1 F900 X86.805 Y100.382 E31.91176
G0 F9000 X86.805 Y101.23
G1 F900 X82.394 Y96.819 E32.39415
G0 F9000 X82.394 Y97.667
G1 F900 X86.805 Y102.079 E32.8766
G0 F9000 X86.805 Y102.927
G1 F900 X82.394 Y98.516 E33.35899
G0 F9000 X82.394 Y99.364
G1 F900 X86.805 Y103.776 E33.84143
G0 F9000 X86.805 Y104.624
G1 F900 X82.394 Y100.213 E34.32382
G0 F9000 X82.394 Y101.061
G1 F900 X86.805 Y105.473 E34.80627
G0 F9000 X86.805 Y106.321
G1 F900 X82.394 Y101.91 E35.28866
G0 F9000 X82.394 Y102.758
G1 F900 X86.333 Y106.698 E35.71949
G0 F9000 X85.484 Y106.698
G1 F900 X82.394 Y103.607 E36.05747
G0 F9000 X82.394 Y104.455
G1 F900 X84.636 Y106.698 E36.30271
G0 F9000 X83.787 Y106.698
G1 F900 X82.394 Y105.304 E36.4551
G0 F9000 X82.394 Y106.152
G1 F900 X82.939 Y106.698 E36.51476
G0 F9000 X86.805 Y94.442
G1 F900 X84.253 Y91.889 E36.7939
G0 F9000 X85.092 Y91.88
G1 F900 X86.805 Y93.594 E36.98129
G0 F9000 X86.805 Y92.745
G1 F900 X85.754 Y91.694 E37.09623
G0 F9000 X86.293 Y91.384
G1 F900 X86.805 Y91.897 E37.15228
G1 F1500 E35.65228
G1 F900 Z1.31
G0 F9000 X86.805 Y91.897 Z1.31
G0 X93.324 Y97.875
;TYPE:WALL-INNER
G1 F900 Z0.31
G1 F480 E37.21464
G1 F900 X93.324 Y97.576 E37.23776
G1 X93.324 Y85.849 E38.14461
G1 X99.177 Y85.848 E38.59722
G1 X99.476 Y85.848 E38.62034
G1 X99.476 Y86.147 E38.6353
G1 X99.476 Y97.874 E39.54215
G1 X93.623 Y97.875 E39.99476
G1 X93.324 Y97.875 E40.00973
G0 F9000 X93.023 Y98.475
G1 F900 X92.724 Y98.475 E40.03285
G1 X92.724 Y98.176 E40.04781
G1 X92.724 Y85.249 E41.04745
G1 X99.777 Y85.248 E41.59286
G1 X100.076 Y85.248 E41.61598
G1 X100.076 Y85.547 E41.63095
G1 X100.076 Y98.474 E42.63059
G1 X93.559 Y98.475 E43.13455
G0 F810 X93.023 Y98.475
G0 F9000 X92.112 Y99.087
;TYPE:WALL-OUTER
G1 F480 E43.176
G1 F900 X92.112 Y98.825 E43.19372
G1 X92.112 Y84.637 E44.15373
G1 X100.426 Y84.636 E44.71629
G1 X100.688 Y84.636 E44.73402
G1 X100.688 Y84.898 E44.74549
G1 X100.688 Y99.086 E45.7055
G1 X92.374 Y99.087 E46.26805
G1 X92.112 Y99.087 E46.27952
G0 F9000 X92.112 Y98.887
G0 X92.69 Y98.509
G0 X93.914 Y97.285
;TYPE:SKIN
G1 F900 X93.914 Y86.439 E47.11824
G1 X98.886 Y86.438 E47.50272
G1 X98.886 Y97.284 E48.34144
G1 X94.45 Y97.285 E48.68448
G0 F810 X93.914 Y97.285
G0 F9000 X94.458 Y97.004
G1 F480 E48.72593
G1 F900 X94.193 Y96.739 E48.75491
G0 F9000 X94.193 Y95.89
G1 F900 X95.307 Y97.004 E48.87674
G0 F9000 X96.155 Y97.004
G1 F900 X94.193 Y95.042 E49.0913
G0 F9000 X94.193 Y94.193
G1 F900 X97.004 Y97.004 E49.39872
G0 F9000 X97.852 Y97.004
G1 F900 X94.193 Y93.345 E49.79887
G0 F9000 X94.193 Y92.496
G1 F900 X98.605 Y96.908 E50.28137
G0 F9000 X98.605 Y96.059
G1 F900 X94.192 Y91.647 E50.76392
G0 F9000 X94.192 Y90.798
G1 F900 X98.605 Y95.211 E51.24653
G0 F9000 X98.605 Y94.362
G1 F900 X94.192 Y89.95 E51.72909
G0 F9000 X94.192 Y89.101
G1 F900 X98.605 Y93.514 E52.2117
G0 F9000 X98.605 Y92.665
M104 S215
G1 F900 X94.192 Y88.253 E52.69425
G0 F9000 X94.192 Y87.404
G1 F900 X98.605 Y91.817 E53.17686
G0 F9000 X98.605 Y90.968
G1 F900 X94.355 Y86.718 E53.64164
G0 F9000 X95.204 Y86.718
G1 F900 X98.605 Y90.12 E54.01364
G0 F9000 X98.605 Y89.271
G1 F900 X96.052 Y86.718 E54.29283
G0 F9000 X96.9 Y86.718
G1 F900 X98.605 Y88.422 E54.47924
G0 F9000 X98.605 Y87.574
G1 F900 X97.749 Y86.718 E54.57285
G1 F1500 E53.07285
G1 F900 Z1.31
G0 F9000 X97.749 Y86.718 Z1.31
G0 X84.013 Y90.463
;TIME_ELAPSED:59.133869
;LAYER:1
M140 S70
M106 S63.8
G0 X84.013 Y90.463 Z1.46
;TYPE:WALL-INNER
G1 F900 Z0.46
G1 F480 E54.63521
G1 F1200 X84.31 Y90.54 E54.64287
G1 X84.346 Y90.55 E54.6438
G1 X84.613 Y90.569 E54.65048
G1 X84.855 Y90.552 E54.65653
G1 X85.219 Y90.452 E54.66595
G1 X85.56 Y90.257 E54.67574
G1 X85.745 Y90.089 E54.68198
G1 X85.876 Y89.94 E54.68693
G1 X85.997 Y89.755 E54.69244
G1 X86.086 Y89.572 E54.69752
G1 X86.151 Y89.37 E54.70281
G1 X86.192 Y89.173 E54.70783
G1 X86.204 Y88.953 E54.71333
G1 X86.19 Y88.753 E54.71833
G1 X86.14 Y88.511 E54.72449
G1 X86.012 Y88.197 E54.73295
G1 X85.871 Y87.988 E54.73924
G1 X85.724 Y87.821 E54.74479
G1 X85.569 Y87.688 E54.74988
G1 X85.388 Y87.569 E54.75529
G1 X85.366 Y87.559 E54.75589
G1 X85.232 Y87.494 E54.75961
G1 X85.205 Y87.48 E54.76036
G1 X84.994 Y87.412 E54.76589
G1 X84.81 Y87.376 E54.77057
G1 X84.602 Y87.361 E54.77577
G1 X84.357 Y87.378 E54.7819
G1 X84.01 Y87.471 E54.79086
G1 X83.796 Y87.578 E54.79683
G1 X83.618 Y87.696 E54.80216
G1 X83.463 Y87.834 E54.80733
G1 X83.321 Y87.997 E54.81273
G1 X83.208 Y88.168 E54.81784
G1 X83.112 Y88.365 E54.82331
G1 X83.049 Y88.56 E54.82842
G1 X83.01 Y88.764 E54.8336
G1 X82.995 Y88.964 E54.8386
G1 X83.013 Y89.214 E54.84485
G1 X83.015 Y89.219 E54.84499
G0 F1080 X83.099 Y89.543
G0 X83.211 Y89.77
G0 X83.333 Y89.95
G0 X83.467 Y90.1
G0 X83.628 Y90.244
G0 X83.803 Y90.357
G0 X84.013 Y90.463
G0 F9000 X84.155 Y90.087
G1 F480 E54.88652
G1 F1200 X84.411 Y90.154 E54.89312
G1 X84.613 Y90.168 E54.89817
G1 X84.788 Y90.156 E54.90255
G1 X85.064 Y90.08 E54.90969
G1 X85.323 Y89.932 E54.91713
G1 X85.459 Y89.808 E54.92172
G1 X85.557 Y89.697 E54.92542
G1 X85.648 Y89.557 E54.92958
G1 X85.714 Y89.422 E54.93333
G1 X85.764 Y89.268 E54.93737
G1 X85.794 Y89.122 E54.94109
G1 X85.803 Y88.956 E54.94523
G1 X85.793 Y88.807 E54.94896
G1 X85.756 Y88.628 E54.95352
G1 X85.657 Y88.386 E54.96004
G1 X85.554 Y88.233 E54.96464
G1 X85.442 Y88.106 E54.96887
G1 X85.328 Y88.008 E54.97262
G1 X85.19 Y87.917 E54.97674
G1 X85.056 Y87.852 E54.98045
G1 X84.894 Y87.8 E54.9847
G1 X84.757 Y87.773 E54.98818
G1 X84.601 Y87.762 E54.99208
G1 X84.423 Y87.774 E54.99653
G1 X84.153 Y87.847 E55.00351
G1 X83.997 Y87.925 E55.00786
G1 X83.863 Y88.014 E55.01187
G1 X83.748 Y88.116 E55.01571
G1 X83.64 Y88.24 E55.01981
G1 X83.556 Y88.367 E55.02361
G1 X83.484 Y88.515 E55.02771
G1 X83.437 Y88.66 E55.03152
G1 X83.422 Y88.735 E55.03342
G0 F1080 X83.407 Y88.817
G0 X83.396 Y88.965
G0 X83.409 Y89.148
G0 X83.476 Y89.402
G0 X83.558 Y89.569
G0 X83.649 Y89.704
G0 X83.75 Y89.817
G0 X83.871 Y89.925
G0 X84.002 Y90.01
G0 X84.155 Y90.087
G0 F9000 X84.306 Y89.687
;TYPE:WALL-OUTER
G1 F480 E55.07496
G1 F900 X84.48 Y89.733 E55.07889
G1 X84.613 Y89.742 E55.0818
G1 X84.717 Y89.735 E55.08407
G1 X84.899 Y89.685 E55.08819
G1 X85.071 Y89.586 E55.09252
G1 X85.156 Y89.509 E55.09503
G1 X85.218 Y89.439 E55.09707
G1 X85.278 Y89.347 E55.09946
G1 X85.319 Y89.263 E55.1015
G1 X85.352 Y89.16 E55.10387
G1 X85.371 Y89.067 E55.10594
G1 X85.377 Y88.958 E55.10832
G1 X85.371 Y88.864 E55.11038
G1 X85.348 Y88.753 E55.11285
G1 X85.28 Y88.587 E55.11677
G1 X85.217 Y88.493 E55.11924
G1 X85.143 Y88.409 E55.12168
G1 X85.072 Y88.348 E55.12372
G1 X84.979 Y88.287 E55.12615
G1 X84.897 Y88.247 E55.12814
G1 X84.788 Y88.212 E55.13064
G1 X84.701 Y88.195 E55.13257
G1 X84.6 Y88.188 E55.13478
G1 X84.493 Y88.195 E55.13713
G1 X84.305 Y88.246 E55.14138
G1 X84.218 Y88.29 E55.14351
G0 F810 X84.211 Y88.293
G0 X84.123 Y88.352
G0 X84.05 Y88.416
G0 X83.979 Y88.498
G0 X83.926 Y88.578
G0 X83.879 Y88.675
G0 X83.849 Y88.766
G0 X83.829 Y88.872
G0 X83.822 Y88.966
G0 X83.83 Y89.078
G0 X83.876 Y89.252
G0 X83.927 Y89.355
G0 X83.986 Y89.443
G0 X84.051 Y89.516
G0 X84.13 Y89.586
G0 X84.214 Y89.641
G0 X84.306 Y89.687
G0 F9000 X84.48 Y89.733
G0 X84.501 Y89.734
G0 X84.475 Y90.119
G0 X84.466 Y90.258
G0 X81.05 Y108.036
;TYPE:WALL-INNER
G1 F480 E55.18127
G1 F1200 X81.05 Y107.837 E55.18623
G1 X81.05 Y85.144 E55.75231
G1 X88.15 Y85.144 E55.92942
G1 X88.15 Y108.035 E56.50044
G1 X81.249 Y108.036 E56.67258
G1 X81.05 Y108.036 E56.6758
G0 F9000 X80.849 Y108.436
G1 F1200 X80.65 Y108.436 E56.68076
G1 X80.65 Y108.237 E56.68397
G1 X80.65 Y84.744 E57.27001
G1 X88.55 Y84.744 E57.46707
G1 X88.55 Y108.435 E58.05805
G1 X82.514 Y108.436 E58.20862
G0 F1080 X80.849 Y108.436
G0 F9000 X80.225 Y108.861
;TYPE:WALL-OUTER
G1 F480 E58.25015
G1 F900 X80.225 Y108.686 E58.25397
G1 X80.225 Y84.319 E58.78583
G1 X88.975 Y84.319 E58.97681
G1 X88.975 Y108.86 E59.51247
G1 X80.4 Y108.861 E59.69963
G1 X80.225 Y108.861 E59.70211
G0 F9000 X80.225 Y108.686
G0 X80.225 Y108.661
G0 X80.611 Y108.475
G0 X81.44 Y107.646
;TYPE:SKIN
G1 F1650 X81.44 Y85.534 E60.25369
G1 X87.76 Y85.534 E60.41135
G1 X87.76 Y107.645 E60.96291
G1 X83.105 Y107.646 E61.07903
G0 F1485 X81.44 Y107.646
G0 F9000 X84.282 Y90.936
G1 F480 E61.12056
G1 F1650 X84.613 Y90.959 E61.12884
G1 X84.921 Y90.938 E61.13654
G1 X85.369 Y90.815 E61.14813
G1 X85.79 Y90.575 E61.16021
G1 X86.024 Y90.363 E61.16809
G1 X86.188 Y90.176 E61.1743
G1 X86.337 Y89.948 E61.18109
G1 X86.449 Y89.718 E61.18747
G1 X86.529 Y89.47 E61.19397
G1 X86.58 Y89.223 E61.20026
G1 X86.594 Y88.95 E61.20708
G1 X86.578 Y88.7 E61.21333
G1 X86.514 Y88.397 E61.22106
G1 X86.358 Y88.012 E61.23142
G1 X86.181 Y87.749 E61.23933
G1 X85.999 Y87.542 E61.2462
G1 X85.804 Y87.376 E61.25259
G1 X85.581 Y87.23 E61.25924
G1 X85.351 Y87.117 E61.26563
G1 X85.092 Y87.034 E61.27242
G1 X84.861 Y86.988 E61.27829
G1 X84.602 Y86.971 E61.28477
G1 X84.293 Y86.992 E61.29249
G1 X83.871 Y87.104 E61.30338
G1 X83.601 Y87.24 E61.31092
G1 X83.38 Y87.386 E61.31753
G1 X83.186 Y87.559 E61.32402
G1 X83.009 Y87.761 E61.33072
G1 X82.869 Y87.975 E61.33709
G1 X82.749 Y88.219 E61.34388
G1 X82.671 Y88.463 E61.35027
G1 X82.622 Y88.713 E61.35662
G1 X82.603 Y88.964 E61.3629
G1 X82.627 Y89.278 E61.37076
G1 X82.732 Y89.68 E61.38112
G1 X82.873 Y89.967 E61.3891
G1 X82.928 Y90.048 E61.39154
G0 F1485 X83.025 Y90.19
G0 X83.19 Y90.376
G0 X83.39 Y90.556
G0 X83.609 Y90.696
G0 X83.875 Y90.83
G0 X84.282 Y90.936
G0 F9000 X83.805 Y90.075
G0 X81.62 Y85.822
G0 X81.674 Y85.767
G1 F480 E61.43307
G1 F1650 X81.957 Y86.05 E61.44688
G0 F9000 X81.62 Y86.953
G1 F1650 X82.86 Y85.713 E61.49062
G0 F9000 X83.426 Y85.713
G1 F1650 X81.62 Y87.519 E61.55433
G0 F9000 X81.62 Y88.084
G1 F1650 X83.992 Y85.713 E61.63799
G0 F9000 X84.557 Y85.713
G1 F1650 X81.62 Y88.65 E61.7416
G0 F9000 X81.62 Y89.216
G1 F1650 X82.532 Y88.304 E61.77378
G0 F9000 X82.422 Y88.98
G1 F1650 X81.62 Y89.782 E61.80207
G0 F9000 X81.62 Y90.347
G1 F1650 X82.492 Y89.475 E61.83283
G0 F9000 X82.637 Y89.896
G1 F1650 X81.62 Y90.913 E61.86871
G0 F9000 X81.62 Y91.479
G1 F1650 X82.848 Y90.25 E61.91205
G0 F9000 X83.115 Y90.549
G1 F1650 X81.62 Y92.044 E61.96479
G0 F9000 X81.62 Y92.61
G1 F1650 X83.434 Y90.796 E62.02878
G0 F9000 X83.803 Y90.993
G1 F1650 X81.62 Y93.176 E62.10579
G0 F9000 X81.62 Y93.741
G1 F1650 X84.25 Y91.112 E62.19856
G0 F9000 X84.802 Y91.125
G1 F1650 X81.62 Y94.307 E62.31081
G0 F9000 X81.62 Y94.873
G1 F1650 X85.61 Y90.883 E62.45157
G0 F9000 X86.527 Y89.965
G1 F1650 X87.579 Y88.914 E62.48866
G0 F9000 X87.579 Y88.348
G1 F1650 X86.762 Y89.165 E62.51748
G0 F9000 X86.745 Y88.617
G1 F1650 X87.579 Y87.783 E62.54691
G0 F9000 X87.579 Y87.217
G1 F1650 X86.619 Y88.177 E62.58077
G0 F9000 X86.432 Y87.798
G1 F1650 X87.579 Y86.651 E62.62124
G0 F9000 X87.579 Y86.086
G1 F1650 X86.185 Y87.479 E62.6704
G0 F9000 X85.885 Y87.214
G1 F1650 X87.386 Y85.713 E62.72335
G0 F9000 X86.82 Y85.713
G1 F1650 X85.529 Y87.004 E62.76889
G0 F9000 X85.113 Y86.854
G1 F1650 X86.255 Y85.713 E62.80916
G0 F9000 X85.689 Y85.713
G1 F1650 X84.611 Y86.79 E62.84717
G0 F9000 X83.937 Y86.899
G1 F1650 X85.123 Y85.713 E62.88901
G0 F9000 X87.579 Y89.48
G1 F1650 X81.62 Y95.438 E63.09921
G0 F9000 X81.62 Y96.004
G1 F1650 X87.579 Y90.045 E63.30943
G0 F9000 X87.579 Y90.611
G1 F1650 X81.62 Y96.57 E63.51965
G0 F9000 X81.62 Y97.135
G1 F1650 X87.579 Y91.177 E63.72986
G0 F9000 X87.579 Y91.742
G1 F1650 X81.62 Y97.701 E63.94008
G0 F9000 X81.62 Y98.267
G1 F1650 X87.579 Y92.308 E64.15029
G0 F9000 X87.579 Y92.874
G1 F1650 X81.62 Y98.833 E64.36051
G0 F9000 X81.62 Y99.398
G1 F1650 X87.579 Y93.439 E64.57073
G0 F9000 X87.579 Y94.005
G1 F1650 X81.62 Y99.964 E64.78095
G0 F9000 X81.62 Y100.53
G1 F1650 X87.579 Y94.571 E64.99117
G0 F9000 X87.579 Y95.136
G1 F1650 X81.62 Y101.095 E65.20139
G0 F9000 X81.62 Y101.661
G1 F1650 X87.579 Y95.702 E65.41161
G0 F9000 X87.579 Y96.268
G1 F1650 X81.62 Y102.227 E65.62183
G0 F9000 X81.62 Y102.792
G1 F1650 X87.579 Y96.834 E65.83204
G0 F9000 X87.579 Y97.399
G1 F1650 X81.62 Y103.358 E66.04226
G0 F9000 X81.62 Y103.924
G1 F1650 X87.579 Y97.965 E66.25248
G0 F9000 X87.579 Y98.531
G1 F1650 X81.62 Y104.489 E66.46268
G0 F9000 X81.62 Y105.055
G1 F1650 X87.579 Y99.096 E66.6729
G0 F9000 X87.579 Y99.662
G1 F1650 X81.62 Y105.621 E66.88312
G0 F9000 X81.62 Y106.186
G1 F1650 X87.579 Y100.228 E67.09332
G0 F9000 X87.579 Y100.793
G1 F1650 X81.62 Y106.752 E67.30354
G0 F9000 X81.62 Y107.318
G1 F1650 X87.579 Y101.359 E67.51376
G0 F9000 X87.579 Y101.925
G1 F1650 X82.039 Y107.464 E67.70918
G0 F9000 X82.605 Y107.464
G1 F1650 X87.579 Y102.49 E67.88465
G0 F9000 X87.579 Y103.056
G1 F1650 X83.171 Y107.464 E68.04016
G0 F9000 X83.736 Y107.464
G1 F1650 X87.579 Y103.622 E68.17571
G0 F9000 X87.579 Y104.187
G1 F1650 X84.302 Y107.464 E68.29131
G0 F9000 X84.868 Y107.464
G1 F1650 X87.579 Y104.753 E68.38695
G0 F9000 X87.579 Y105.319
G1 F1650 X85.434 Y107.464 E68.46262
G0 F9000 X85.999 Y107.464
G1 F1650 X87.579 Y105.884 E68.51836
G0 F9000 X87.579 Y106.45
G1 F1650 X86.565 Y107.464 E68.55413
G0 F9000 X87.131 Y107.464
G1 F1650 X87.579 Y107.016 E68.56994
G1 F1500 E67.06994
G1 F900 Z1.46
G0 F9000 X87.579 Y107.016 Z1.46
G0 X92.85 Y98.346
;TYPE:WALL-INNER
G1 F900 Z0.46
G1 F480 E68.6323
G1 F1200 X92.85 Y98.147 E68.63726
G1 X92.85 Y85.371 E68.95596
G1 X99.751 Y85.37 E69.12811
G1 X99.95 Y85.37 E69.13307
G1 X99.95 Y85.569 E69.13629
G1 X99.95 Y98.345 E69.45498
G1 X93.049 Y98.346 E69.62713
G1 X92.85 Y98.346 E69.63034
G0 F9000 X92.649 Y98.746
G1 F1200 X92.45 Y98.746 E69.63531
G1 X92.45 Y98.547 E69.63852
G1 X92.45 Y84.971 E69.97717
G1 X100.151 Y84.97 E70.16927
G1 X100.35 Y84.97 E70.17424
G1 X100.35 Y85.169 E70.17745
G1 X100.35 Y98.745 E70.51611
G1 X94.314 Y98.746 E70.66667
G0 F1080 X92.649 Y98.746
G0 F9000 X92.025 Y99.171
;TYPE:WALL-OUTER
G1 F480 E70.70821
G1 F900 X92.025 Y98.996 E70.71203
G1 X92.025 Y84.546 E71.02743
G1 X100.6 Y84.545 E71.21459
G1 X100.775 Y84.545 E71.21841
G1 X100.775 Y84.72 E71.22088
G1 X100.775 Y99.17 E71.53628
G1 X92.2 Y99.171 E71.72345
G1 X92.025 Y99.171 E71.72592
G0 F9000 X92.025 Y98.996
G0 X92.025 Y98.971
G0 X92.411 Y98.785
G0 X93.24 Y97.956
;TYPE:SKIN
G1 F1650 X93.24 Y85.761 E72.03013
G1 X99.56 Y85.76 E72.18778
G1 X99.56 Y97.955 E72.49199
G1 X94.905 Y97.956 E72.60811
G0 F1485 X93.24 Y97.956
G0 F9000 X99.378 Y97.479
G1 F480 E72.64964
G1 F1650 X99.083 Y97.775 E72.66006
G0 F9000 X98.517 Y97.775
G1 F1650 X99.378 Y96.913 E72.69046
G0 F9000 X99.378 Y96.348
G1 F1650 X97.951 Y97.775 E72.7408
G0 F9000 X97.386 Y97.775
G1 F1650 X99.378 Y95.782 E72.81109
G0 F9000 X99.378 Y95.216
G1 F1650 X96.82 Y97.775 E72.90135
G0 F9000 X96.254 Y97.775
G1 F1650 X99.378 Y94.651 E73.01155
G0 F9000 X99.378 Y94.085
G1 F1650 X95.689 Y97.775 E73.14171
G0 F9000 X95.123 Y97.775
G1 F1650 X99.378 Y93.519 E73.29183
G0 F9000 X99.378 Y92.954
G1 F1650 X94.557 Y97.775 E73.46191
G0 F9000 X93.992 Y97.775
G1 F1650 X99.378 Y92.388 E73.65193
G0 F9000 X99.378 Y91.822
G1 F1650 X93.426 Y97.775 E73.86192
G0 F9000 X93.419 Y97.216
G1 F1650 X99.378 Y91.257 E74.07214
G0 F9000 X99.378 Y90.691
G1 F1650 X93.419 Y96.65 E74.28236
G0 F9000 X93.419 Y96.085
G1 F1650 X99.378 Y90.125 E74.4926
G0 F9000 X99.378 Y89.56
G1 F1650 X93.419 Y95.519 E74.70282
G0 F9000 X93.419 Y94.953
G1 F1650 X99.378 Y88.994 E74.91304
G0 F9000 X99.378 Y88.428
G1 F1650 X93.419 Y94.388 E75.12328
G0 F9000 X93.419 Y93.822
G1 F1650 X99.378 Y87.862 E75.33351
G0 F9000 X99.378 Y87.297
G1 F1650 X93.419 Y93.256 E75.54373
G0 F9000 X93.419 Y92.691
G1 F1650 X99.378 Y86.731 E75.75397
G0 F9000 X99.378 Y86.165
G1 F1650 X93.419 Y92.125 E75.96421
G0 F9000 X93.419 Y91.559
G1 F1650 X99.038 Y85.94 E76.16243
G0 F9000 X98.473 Y85.94
G1 F1650 X93.419 Y90.994 E76.34073
G0 F9000 X93.419 Y90.428
G1 F1650 X97.907 Y85.94 E76.49905
G0 F9000 X97.341 Y85.94
G1 F1650 X93.419 Y89.862 E76.63741
G0 F9000 X93.419 Y89.296
G1 F1650 X96.776 Y85.94 E76.75582
G0 F9000 X96.21 Y85.94
G1 F1650 X93.419 Y88.731 E76.85428
G0 F9000 X93.419 Y88.165
G1 F1650 X95.644 Y85.94 E76.93278
G0 F9000 X95.078 Y85.94
G1 F1650 X93.419 Y87.599 E76.9913
G0 F9000 X93.419 Y87.034
G1 F1650 X94.513 Y85.94 E77.0299
G0 F9000 X93.947 Y85.94
G1 F1650 X93.419 Y86.468 E77.04852
G1 F1500 E75.54852
G1 F900 Z1.46
G0 F9000 X93.419 Y86.468 Z1.46
G0 X83.35 Y89.976
;TIME_ELAPSED:111.258824
;LAYER:2
M106 S127.5
G0 X83.35 Y89.976 Z1.61
;TYPE:WALL-INNER
G1 F900 Z0.61
G1 F480 E77.11088
G1 F1500 X83.58 Y90.205 E77.11898
G1 X83.79 Y90.352 E77.12538
G1 X84.014 Y90.463 E77.13161
G1 X84.339 Y90.549 E77.14
G1 X84.377 Y90.551 E77.14095
G1 X84.594 Y90.566 E77.14637
G1 X84.624 Y90.569 E77.14712
G1 X84.85 Y90.551 E77.15278
G1 X85.079 Y90.497 E77.15865
G1 X85.371 Y90.377 E77.16652
G1 X85.603 Y90.222 E77.17348
G1 X85.878 Y89.946 E77.1832
G1 X86.077 Y89.601 E77.19314
G1 X86.153 Y89.362 E77.19939
G1 X86.192 Y89.165 E77.2044
G1 X86.203 Y88.923 E77.21045
G1 X86.166 Y88.602 E77.21851
G1 X86.075 Y88.326 E77.22576
G1 X85.89 Y88.006 E77.23498
G1 X85.718 Y87.816 E77.24137
G1 X85.551 Y87.672 E77.24687
G1 X85.236 Y87.489 E77.25596
G1 X84.987 Y87.41 E77.26248
G1 X84.809 Y87.376 E77.267
G1 X84.602 Y87.361 E77.27217
G1 X84.356 Y87.378 E77.27832
G1 X83.985 Y87.477 E77.2879
G1 X83.669 Y87.658 E77.29699
G1 X83.464 Y87.831 E77.30368
G1 X83.443 Y87.857 E77.30451
G1 X83.299 Y88.028 E77.31009
G1 X83.137 Y88.303 E77.31805
G1 X83.102 Y88.401 E77.32065
G0 F1350 X83.061 Y88.52
G0 X83.05 Y88.549
G0 X83.008 Y88.77
G0 X82.995 Y88.972
G0 X83.014 Y89.219
G0 X83.097 Y89.535
G0 X83.208 Y89.766
G0 X83.35 Y89.976
G0 F9000 X83.66 Y89.72
G1 F480 E77.36218
G1 F1500 X83.838 Y89.897 E77.36844
G1 X83.995 Y90.007 E77.37322
G1 X84.156 Y90.087 E77.37771
G1 X84.405 Y90.153 E77.38413
G1 X84.622 Y90.168 E77.38956
G1 X84.788 Y90.155 E77.39371
G1 X84.956 Y90.115 E77.39802
G1 X85.182 Y90.022 E77.40412
G1 X85.348 Y89.911 E77.4091
G1 X85.558 Y89.701 E77.41651
G1 X85.709 Y89.439 E77.42405
G1 X85.765 Y89.262 E77.42868
G1 X85.794 Y89.117 E77.43237
G1 X85.802 Y88.937 E77.43686
G1 X85.773 Y88.688 E77.44312
G1 X85.708 Y88.49 E77.44832
G1 X85.565 Y88.243 E77.45544
G1 X85.438 Y88.103 E77.46015
G1 X85.318 Y87.999 E77.46411
G1 X85.073 Y87.857 E77.47118
G1 X84.888 Y87.798 E77.47602
G1 X84.757 Y87.773 E77.47935
G1 X84.601 Y87.762 E77.48325
G1 X84.422 Y87.774 E77.48772
G1 X84.139 Y87.85 E77.49503
G1 X83.899 Y87.987 E77.50193
G1 X83.748 Y88.114 E77.50685
G1 X83.691 Y88.182 E77.50906
G0 F1350 X83.627 Y88.259
G0 X83.501 Y88.473
G0 X83.437 Y88.653
G0 X83.406 Y88.82
G0 X83.396 Y88.97
G0 X83.41 Y89.152
G0 X83.474 Y89.396
G0 X83.556 Y89.566
G0 X83.66 Y89.72
G0 F9000 X83.989 Y89.448
;TYPE:WALL-OUTER
G1 F480 E77.5506
G1 F900 X84.112 Y89.57 E77.55438
G1 X84.213 Y89.641 E77.55707
G1 X84.306 Y89.687 E77.55934
G1 X84.475 Y89.732 E77.56315
G1 X84.62 Y89.742 E77.56633
G1 X84.721 Y89.734 E77.56854
G1 X84.825 Y89.709 E77.57087
G1 X84.981 Y89.645 E77.57455
G1 X85.077 Y89.581 E77.57707
G1 X85.218 Y89.44 E77.58142
G1 X85.318 Y89.267 E77.58578
G1 X85.353 Y89.156 E77.58832
G1 X85.371 Y89.066 E77.59033
G1 X85.376 Y88.952 E77.59282
G1 X85.356 Y88.78 E77.5966
G1 X85.318 Y88.665 E77.59924
G1 X85.22 Y88.495 E77.60352
G1 X85.14 Y88.407 E77.60612
G1 X85.07 Y88.346 E77.60815
G1 X84.901 Y88.248 E77.61241
G1 X84.783 Y88.211 E77.61511
G1 X84.701 Y88.195 E77.61693
G1 X84.601 Y88.188 E77.61912
G0 F810 X84.6 Y88.188
G0 X84.492 Y88.195
G0 X84.302 Y88.246
G0 X84.143 Y88.337
G0 X84.05 Y88.415
G0 X83.976 Y88.504
G0 X83.888 Y88.653
G0 X83.849 Y88.764
G0 X83.828 Y88.874
G0 X83.822 Y88.967
G0 X83.831 Y89.081
G0 X83.875 Y89.248
G0 X83.926 Y89.354
G0 X83.989 Y89.448
G0 F9000 X84.112 Y89.57
G0 X84.134 Y89.585
G0 X83.911 Y89.901
G0 X83.831 Y90.014
G0 X81.05 Y108.028
;TYPE:WALL-INNER
G1 F480 E77.65697
G1 F1500 X81.05 Y107.829 E77.66193
G1 X81.05 Y85.136 E78.22801
G1 X88.15 Y85.136 E78.40512
G1 X88.15 Y108.027 E78.97614
G1 X81.249 Y108.028 E79.14829
G1 X81.05 Y108.028 E79.1515
G0 F9000 X80.849 Y108.428
G1 F1500 X80.65 Y108.428 E79.15646
G1 X80.65 Y108.229 E79.15968
G1 X80.65 Y84.736 E79.74571
G1 X88.55 Y84.736 E79.94278
G1 X88.55 Y108.427 E80.53375
G1 X82.514 Y108.428 E80.68432
G0 F1350 X80.849 Y108.428
G0 F9000 X80.225 Y108.853
;TYPE:WALL-OUTER
G1 F480 E80.72585
G1 F900 X80.225 Y108.678 E80.72967
G1 X80.225 Y84.311 E81.26153
G1 X88.975 Y84.311 E81.45252
G1 X88.975 Y108.852 E81.98817
G1 X80.4 Y108.853 E82.17534
G1 X80.225 Y108.853 E82.17781
G0 F9000 X80.225 Y108.678
G0 X80.225 Y108.653
G0 X80.611 Y108.467
G0 X81.44 Y107.638
;TYPE:SKIN
G1 F2400 X81.44 Y85.526 E82.7294
G1 X87.76 Y85.526 E82.88705
G1 X87.76 Y107.637 E83.43861
G1 X83.105 Y107.638 E83.55473
G0 F2160 X81.44 Y107.638
G0 F9000 X84.275 Y90.935
G1 F480 E83.59626
G1 F2400 X84.626 Y90.961 E83.60504
G1 X84.911 Y90.937 E83.61218
G1 X85.198 Y90.869 E83.61954
G1 X85.555 Y90.723 E83.62916
G1 X85.852 Y90.525 E83.63806
G1 X86.19 Y90.185 E83.65002
G1 X86.436 Y89.759 E83.66229
G1 X86.531 Y89.459 E83.67014
G1 X86.58 Y89.212 E83.67642
G1 X86.595 Y88.909 E83.68399
G1 X86.548 Y88.518 E83.69381
G1 X86.432 Y88.166 E83.70306
G1 X86.207 Y87.775 E83.71431
G1 X85.991 Y87.537 E83.72233
G1 X85.779 Y87.353 E83.72933
G1 X85.394 Y87.13 E83.74043
G1 X85.083 Y87.032 E83.74857
G1 X84.86 Y86.988 E83.75424
G1 X84.602 Y86.97 E83.76069
G1 X84.292 Y86.992 E83.76844
G1 X83.835 Y87.113 E83.78023
G1 X83.445 Y87.337 E83.79145
G1 X83.187 Y87.554 E83.79986
G1 X82.979 Y87.802 E83.80793
G1 X82.782 Y88.137 E83.81763
G1 X82.672 Y88.447 E83.82583
G1 X82.62 Y88.721 E83.83279
G1 X82.605 Y88.974 E83.83911
G1 X82.628 Y89.283 E83.84684
G1 X82.729 Y89.67 E83.85682
G1 X82.869 Y89.961 E83.86488
G1 X82.924 Y90.043 E83.86734
G0 F2160 X83.048 Y90.226
G0 X83.329 Y90.505
G0 X83.591 Y90.689
G0 X83.876 Y90.83
G0 X84.275 Y90.935
G0 F9000 X85.589 Y89.725
G0 X87.579 Y85.882
G1 F480 E83.90887
G1 F2400 X87.402 Y85.705 E83.91512
G0 F9000 X86.836 Y85.705
G1 F2400 X87.579 Y86.448 E83.94133
G0 F9000 X87.579 Y87.013
G1 F2400 X86.271 Y85.705 E83.98747
G0 F9000 X85.705 Y85.705
G1 F2400 X87.579 Y87.579 E84.05358
G0 F9000 X87.579 Y88.145
G1 F2400 X85.139 Y85.705 E84.13966
G0 F9000 X84.574 Y85.705
G1 F2400 X87.579 Y88.71 E84.24567
G0 F9000 X87.579 Y89.276
G1 F2400 X86.697 Y88.394 E84.27678
G0 F9000 X86.769 Y89.031
G1 F2400 X87.579 Y89.842 E84.30538
G0 F9000 X87.579 Y90.407
G1 F2400 X86.697 Y89.526 E84.33647
G0 F9000 X86.54 Y89.934
G1 F2400 X87.579 Y90.973 E84.37313
G0 F9000 X87.579 Y91.539
G1 F2400 X86.334 Y90.294 E84.41705
G0 F9000 X86.052 Y90.577
G1 F2400 X87.579 Y92.104 E84.47092
G0 F9000 X87.579 Y92.67
G1 F2400 X85.73 Y90.821 E84.53614
G0 F9000 X85.345 Y91.002
G1 F2400 X87.579 Y93.236 E84.61496
G0 F9000 X87.579 Y93.801
G1 F2400 X84.895 Y91.118 E84.70962
G0 F9000 X84.331 Y91.119
G1 F2400 X87.579 Y94.367 E84.8242
G0 F9000 X87.579 Y94.933
G1 F2400 X83.465 Y90.819 E84.96934
G0 F9000 X82.748 Y90.102
G1 F2400 X81.619 Y88.973 E85.00917
G0 F9000 X81.619 Y88.408
G1 F2400 X82.444 Y89.232 E85.03825
G0 F9000 X82.446 Y88.669
G1 F2400 X81.619 Y87.842 E85.06743
G0 F9000 X81.619 Y87.276
G1 F2400 X82.562 Y88.219 E85.10069
G0 F9000 X82.748 Y87.839
G1 F2400 X81.619 Y86.711 E85.1405
G0 F9000 X81.619 Y86.145
G1 F2400 X82.986 Y87.512 E85.18873
G0 F9000 X83.279 Y87.239
G1 F2400 X81.745 Y85.705 E85.24285
G0 F9000 X82.311 Y85.705
G1 F2400 X83.628 Y87.022 E85.28931
G0 F9000 X84.041 Y86.87
G1 F2400 X82.877 Y85.705 E85.33039
G0 F9000 X83.442 Y85.705
G1 F2400 X84.531 Y86.793 E85.36879
G0 F9000 X85.174 Y86.871
G1 F2400 X84.008 Y85.705 E85.40992
G0 F9000 X81.619 Y89.539
G1 F2400 X87.579 Y95.499 E85.62018
G0 F9000 X87.579 Y96.064
G1 F2400 X81.619 Y90.105 E85.83041
G0 F9000 X81.619 Y90.67
G1 F2400 X87.579 Y96.63 E86.04067
G0 F9000 X87.579 Y97.196
G1 F2400 X81.619 Y91.236 E86.25092
G0 F9000 X81.619 Y91.802
G1 F2400 X87.579 Y97.761 E86.46116
G0 F9000 X87.579 Y98.327
G1 F2400 X81.619 Y92.367 E86.67142
G0 F9000 X81.619 Y92.933
G1 F2400 X87.579 Y98.893 E86.88167
G0 F9000 X87.579 Y99.458
G1 F2400 X81.619 Y93.499 E87.09191
G0 F9000 X81.619 Y94.065
G1 F2400 X87.579 Y100.024 E87.30215
G0 F9000 X87.579 Y100.59
G1 F2400 X81.619 Y94.63 E87.5124
G0 F9000 X81.619 Y95.196
G1 F2400 X87.579 Y101.155 E87.72264
G0 F9000 X87.579 Y101.721
G1 F2400 X81.619 Y95.762 E87.93288
G0 F9000 X81.619 Y96.327
G1 F2400 X87.579 Y102.287 E88.14313
G0 F9000 X87.579 Y102.852
G1 F2400 X81.619 Y96.893 E88.35337
G0 F9000 X81.619 Y97.459
G1 F2400 X87.579 Y103.418 E88.56361
G0 F9000 X87.579 Y103.984
G1 F2400 X81.619 Y98.024 E88.77386
G0 F9000 X81.619 Y98.59
G1 F2400 X87.579 Y104.549 E88.9841
G0 F9000 X87.579 Y105.115
G1 F2400 X81.619 Y99.156 E89.19434
G0 F9000 X81.619 Y99.721
G1 F2400 X87.579 Y105.681 E89.40459
G0 F9000 X87.579 Y106.247
G1 F2400 X81.619 Y100.287 E89.61485
G0 F9000 X81.619 Y100.853
G1 F2400 X87.579 Y106.812 E89.82508
G0 F9000 X87.579 Y107.378
G1 F2400 X81.619 Y101.418 E90.03534
G0 F9000 X81.619 Y101.984
G1 F2400 X87.091 Y107.456 E90.22838
G0 F9000 X86.525 Y107.456
G1 F2400 X81.619 Y102.55 E90.40145
G0 F9000 X81.619 Y103.115
G1 F2400 X85.96 Y107.456 E90.55459
G0 F9000 X85.394 Y107.456
G1 F2400 X81.619 Y103.681 E90.68776
G0 F9000 X81.619 Y104.247
G1 F2400 X84.828 Y107.456 E90.80097
G0 F9000 X84.263 Y107.456
G1 F2400 X81.619 Y104.813 E90.89423
G0 F9000 X81.619 Y105.378
G1 F2400 X83.698 Y107.456 E90.96755
G0 F9000 X83.132 Y107.456
G1 F2400 X81.619 Y105.944 E91.02091
G0 F9000 X81.619 Y106.51
G1 F2400 X82.566 Y107.456 E91.0543
G0 F9000 X82.001 Y107.456
G1 F2400 X81.619 Y107.075 E91.06776
G1 F1500 E89.56776
G1 F900 Z1.61
G0 F9000 X81.619 Y107.075 Z1.61
G0 X92.85 Y98.343
;TYPE:WALL-INNER
G1 F900 Z0.61
G1 F480 E91.13012
G1 F1500 X92.85 Y98.144 E91.13509
G1 X92.85 Y85.368 E91.45378
G1 X99.751 Y85.367 E91.62593
G1 X99.95 Y85.367 E91.63089
G1 X99.95 Y85.566 E91.63411
G1 X99.95 Y98.342 E91.9528
G1 X93.049 Y98.343 E92.12495
G1 X92.85 Y98.343 E92.12816
G0 F9000 X92.649 Y98.743
G1 F1500 X92.45 Y98.743 E92.13313
G1 X92.45 Y98.544 E92.13634
G1 X92.45 Y84.968 E92.47499
G1 X100.151 Y84.967 E92.66709
G1 X100.35 Y84.967 E92.67206
G1 X100.35 Y85.166 E92.67527
G1 X100.35 Y98.742 E93.01393
G1 X94.314 Y98.743 E93.16449
G0 F1350 X92.649 Y98.743
G0 F9000 X92.025 Y99.168
;TYPE:WALL-OUTER
G1 F480 E93.20603
G1 F900 X92.025 Y98.993 E93.20985
G1 X92.025 Y84.543 E93.52525
G1 X100.6 Y84.542 E93.71241
G1 X100.775 Y84.542 E93.71623
G1 X100.775 Y84.717 E93.7187
G1 X100.775 Y99.167 E94.0341
G1 X92.2 Y99.168 E94.22127
G1 X92.025 Y99.168 E94.22374
G0 F9000 X92.025 Y98.993
G0 X92.025 Y98.968
G0 X92.411 Y98.782
G0 X93.24 Y97.953
;TYPE:SKIN
G1 F2400 X93.24 Y85.758 E94.52795
G1 X99.56 Y85.757 E94.6856
G1 X99.56 Y97.952 E94.98981
G1 X94.905 Y97.953 E95.10593
G0 F2160 X93.24 Y97.953
G0 F9000 X93.811 Y97.771
G1 F480 E95.14746
G1 F2400 X93.419 Y97.379 E95.16129
G0 F9000 X93.419 Y96.813
G1 F2400 X94.377 Y97.771 E95.19508
G0 F9000 X94.943 Y97.771
G1 F2400 X93.419 Y96.247 E95.24885
G0 F9000 X93.419 Y95.682
G1 F2400 X95.508 Y97.771 E95.32254
G0 F9000 X96.074 Y97.771
G1 F2400 X93.419 Y95.116 E95.41621
G0 F9000 X93.419 Y94.55
G1 F2400 X96.64 Y97.771 E95.52983
G0 F9000 X97.205 Y97.771
G1 F2400 X93.419 Y93.985 E95.6634
G0 F9000 X93.419 Y93.419
G1 F2400 X97.771 Y97.771 E95.81692
G0 F9000 X98.337 Y97.771
G1 F2400 X93.419 Y92.853 E95.99042
G0 F9000 X93.419 Y92.288
G1 F2400 X98.903 Y97.771 E96.18387
G0 F9000 X99.379 Y97.682
G1 F2400 X93.419 Y91.722 E96.39412
G0 F9000 X93.419 Y91.156
G1 F2400 X99.379 Y97.116 E96.60438
G0 F9000 X99.379 Y96.551
G1 F2400 X93.419 Y90.59 E96.81465
G0 F9000 X93.419 Y90.025
G1 F2400 X99.379 Y95.985 E97.0249
G0 F9000 X99.379 Y95.419
G1 F2400 X93.419 Y89.459 E97.23516
G0 F9000 X93.419 Y88.893
G1 F2400 X99.379 Y94.854 E97.44543
G0 F9000 X99.379 Y94.288
G1 F2400 X93.419 Y88.328 E97.65569
G0 F9000 X93.419 Y87.762
G1 F2400 X99.379 Y93.722 E97.86594
G0 F9000 X99.379 Y93.157
G1 F2400 X93.419 Y87.196 E98.07621
G0 F9000 X93.419 Y86.631
G1 F2400 X99.379 Y92.591 E98.28647
G0 F9000 X99.379 Y92.025
G1 F2400 X93.419 Y86.065 E98.49672
G0 F9000 X93.857 Y85.938
G1 F2400 X99.379 Y91.46 E98.69153
G0 F9000 X99.379 Y90.894
G1 F2400 X94.423 Y85.938 E98.86636
G0 F9000 X94.989 Y85.938
G1 F2400 X99.379 Y90.328 E99.02123
G0 F9000 X99.379 Y89.762
G1 F2400 X95.554 Y85.938 E99.15615
G0 F9000 X96.12 Y85.938
G1 F2400 X99.379 Y89.197 E99.27112
G0 F9000 X99.379 Y88.631
G1 F2400 X96.685 Y85.937 E99.36616
G0 F9000 X97.251 Y85.937
G1 F2400 X99.379 Y88.065 E99.44123
G0 F9000 X99.379 Y87.5
G1 F2400 X97.816 Y85.937 E99.49637
G0 F9000 X98.382 Y85.937
G1 F2400 X99.379 Y86.934 E99.53154
G0 F9000 X99.379 Y86.368
G1 F2400 X98.948 Y85.937 E99.54675
G1 F1500 E98.04675
G1 F900 Z1.61
G0 F9000 X98.948 Y85.937 Z1.61
G0 X83.35 Y89.975
;TIME_ELAPSED:156.833586
;LAYER:3
M106 S191.3
G0 X83.35 Y89.975 Z1.76
;TYPE:WALL-INNER
G1 F900 Z0.76
G1 F480 E99.60911
G1 F1500 X83.576 Y90.202 E99.6171
G1 X83.793 Y90.353 E99.6237
G1 X84.01 Y90.461 E99.62974
G1 X84.33 Y90.548 E99.63801
G1 X84.369 Y90.55 E99.63899
G1 X84.601 Y90.566 E99.64479
G1 X84.633 Y90.569 E99.64559
G1 X84.864 Y90.549 E99.65137
G1 X85.09 Y90.493 E99.65718
G1 X85.371 Y90.376 E99.66478
G1 X85.6 Y90.223 E99.67165
G1 X85.878 Y89.948 E99.6814
G1 X86.077 Y89.601 E99.69138
G1 X86.155 Y89.357 E99.69777
G1 X86.192 Y89.162 E99.70272
G1 X86.203 Y88.918 E99.70881
G1 X86.166 Y88.606 E99.71665
G1 X86.077 Y88.329 E99.72391
G1 X85.878 Y87.985 E99.73382
G1 X85.58 Y87.688 E99.74432
G1 X85.232 Y87.487 E99.75434
G1 X84.98 Y87.408 E99.76093
G1 X84.809 Y87.376 E99.76527
G1 X84.602 Y87.361 E99.77045
G1 X84.356 Y87.378 E99.7766
G1 X83.986 Y87.477 E99.78615
G1 X83.672 Y87.655 E99.79516
G1 X83.469 Y87.827 E99.80179
G1 X83.297 Y88.027 E99.80837
G1 X83.139 Y88.302 E99.81628
G1 X83.103 Y88.401 E99.81891
G0 F1350 X83.049 Y88.548
G0 X83.008 Y88.774
G0 X82.995 Y88.97
G0 X83.014 Y89.222
G0 X83.096 Y89.531
G0 X83.208 Y89.764
G0 X83.35 Y89.975
G0 F9000 X83.66 Y89.72
G1 F480 E99.86045
G1 F1500 X83.834 Y89.894 E99.86658
G1 X83.997 Y90.008 E99.87155
G1 X84.153 Y90.085 E99.87589
G1 X84.397 Y90.152 E99.8822
G1 X84.629 Y90.168 E99.888
G1 X84.798 Y90.153 E99.89223
G1 X84.965 Y90.112 E99.89652
G1 X85.181 Y90.022 E99.90236
G1 X85.346 Y89.912 E99.9073
G1 X85.558 Y89.702 E99.91475
G1 X85.709 Y89.439 E99.92231
G1 X85.767 Y89.258 E99.92705
G1 X85.794 Y89.116 E99.93066
G1 X85.802 Y88.933 E99.93523
G1 X85.773 Y88.692 E99.94128
G1 X85.709 Y88.492 E99.94652
G1 X85.558 Y88.231 E99.95404
G1 X85.335 Y88.008 E99.96191
G1 X85.071 Y87.856 E99.96951
G1 X84.882 Y87.797 E99.97445
G1 X84.757 Y87.773 E99.97762
G1 X84.601 Y87.762 E99.98153
G1 X84.422 Y87.774 E99.986
G1 X84.139 Y87.85 E99.99331
G1 X83.902 Y87.985 E100.00011
G1 X83.751 Y88.112 E100.00504
G1 X83.691 Y88.182 E100.00734
G0 F1350 X83.625 Y88.259
G0 X83.503 Y88.471
G0 X83.437 Y88.653
G0 X83.406 Y88.824
G0 X83.396 Y88.969
G0 X83.41 Y89.155
G0 X83.473 Y89.392
G0 X83.556 Y89.565
G0 X83.66 Y89.72
G0 F9000 X83.99 Y89.449
;TYPE:WALL-OUTER
G1 F480 E100.04887
G1 F900 X84.108 Y89.567 E100.05251
G1 X84.214 Y89.641 E100.05533
G1 X84.305 Y89.686 E100.05755
G1 X84.469 Y89.731 E100.06126
G1 X84.625 Y89.742 E100.06467
G1 X84.727 Y89.733 E100.06691
G1 X84.831 Y89.707 E100.06925
G1 X84.98 Y89.645 E100.07277
G1 X85.076 Y89.581 E100.07529
G1 X85.218 Y89.44 E100.07966
G1 X85.318 Y89.267 E100.08402
G1 X85.354 Y89.153 E100.08663
G1 X85.371 Y89.066 E100.08856
G1 X85.376 Y88.949 E100.09112
G1 X85.356 Y88.783 E100.09477
G1 X85.318 Y88.665 E100.09748
G1 X85.218 Y88.492 E100.10184
G1 X85.074 Y88.348 E100.10628
G1 X84.9 Y88.248 E100.11066
G1 X84.778 Y88.21 E100.11345
G1 X84.701 Y88.195 E100.11516
G1 X84.603 Y88.188 E100.11731
G0 F810 X84.6 Y88.188
G0 X84.492 Y88.195
G0 X84.302 Y88.246
G0 X84.146 Y88.335
G0 X84.051 Y88.415
G0 X83.973 Y88.506
G0 X83.89 Y88.65
G0 X83.849 Y88.764
G0 X83.828 Y88.877
G0 X83.822 Y88.967
G0 X83.831 Y89.083
G0 X83.874 Y89.245
G0 X83.926 Y89.354
G0 X83.99 Y89.449
G0 F9000 X84.108 Y89.567
G0 X84.135 Y89.586
G0 X83.915 Y89.901
G0 X83.834 Y90.016
G0 X81.05 Y108.019
;TYPE:WALL-INNER
G1 F480 E100.15522
G1 F1500 X81.05 Y107.82 E100.16019
G1 X81.05 Y85.128 E100.72624
G1 X88.15 Y85.128 E100.90335
G1 X88.15 Y108.018 E101.47434
G1 X81.249 Y108.019 E101.64649
G1 X81.05 Y108.019 E101.6497
G0 F9000 X80.849 Y108.419
G1 F1500 X80.65 Y108.419 E101.65467
G1 X80.65 Y108.22 E101.65788
G1 X80.65 Y84.728 E102.24389
G1 X88.55 Y84.728 E102.44095
G1 X88.55 Y108.418 E103.0319
G1 X82.514 Y108.419 E103.18247
G0 F1350 X80.849 Y108.419
G0 F9000 X80.225 Y108.844
;TYPE:WALL-OUTER
G1 F480 E103.22401
G1 F900 X80.225 Y108.669 E103.22782
G1 X80.225 Y84.303 E103.75966
G1 X88.975 Y84.303 E103.95065
G1 X88.975 Y108.843 E104.48628
G1 X80.4 Y108.844 E104.67345
G1 X80.225 Y108.844 E104.67592
G0 F9000 X80.225 Y108.669
G0 X80.225 Y108.644
G0 X80.611 Y108.458
G0 X81.44 Y107.629
;TYPE:SKIN
G1 F2400 X81.44 Y85.518 E105.22748
G1 X87.76 Y85.518 E105.38513
G1 X87.76 Y107.628 E105.93667
G1 X83.105 Y107.629 E106.05279
G0 F2160 X81.44 Y107.629
G0 F9000 X84.265 Y90.934
G1 F480 E106.09432
G1 F2400 X84.637 Y90.961 E106.10363
G1 X84.929 Y90.935 E106.11094
G1 X85.213 Y90.864 E106.11824
G1 X85.556 Y90.721 E106.12751
G1 X85.848 Y90.527 E106.13626
G1 X86.19 Y90.188 E106.14827
G1 X86.436 Y89.759 E106.1606
G1 X86.534 Y89.453 E106.16862
G1 X86.58 Y89.207 E106.17486
G1 X86.595 Y88.904 E106.18243
G1 X86.548 Y88.522 E106.19203
G1 X86.436 Y88.17 E106.20125
G1 X86.19 Y87.745 E106.21349
G1 X85.82 Y87.376 E106.22653
G1 X85.39 Y87.128 E106.23891
G1 X85.074 Y87.029 E106.24717
G1 X84.86 Y86.988 E106.25261
G1 X84.602 Y86.97 E106.25906
G1 X84.291 Y86.992 E106.26684
G1 X83.838 Y87.113 E106.27853
G1 X83.448 Y87.334 E106.28972
G1 X83.194 Y87.55 E106.29803
G1 X82.977 Y87.801 E106.30631
G1 X82.784 Y88.136 E106.31595
G1 X82.671 Y88.445 E106.32416
G1 X82.62 Y88.726 E106.33128
G1 X82.605 Y88.972 E106.33743
G1 X82.628 Y89.287 E106.34531
G1 X82.729 Y89.667 E106.35512
G1 X82.869 Y89.959 E106.3632
G1 X82.921 Y90.035 E106.36549
G0 F2160 X83.048 Y90.224
G0 X83.324 Y90.502
G0 X83.594 Y90.69
G0 X83.871 Y90.828
G0 X84.265 Y90.934
G0 F9000 X84.055 Y90.552
G0 X81.619 Y85.822
G0 X81.682 Y85.759
G1 F480 E106.40703
G1 F2400 X81.965 Y86.042 E106.42145
G0 F9000 X81.619 Y86.954
G1 F2400 X82.877 Y85.697 E106.46582
G0 F9000 X83.442 Y85.697
G1 F2400 X81.619 Y87.52 E106.53013
G0 F9000 X81.619 Y88.085
G1 F2400 X84.008 Y85.697 E106.61439
G0 F9000 X84.574 Y85.697
G1 F2400 X81.619 Y88.651 E106.71862
G0 F9000 X81.619 Y89.217
G1 F2400 X82.529 Y88.307 E106.75072
G0 F9000 X82.425 Y88.977
G1 F2400 X81.619 Y89.782 E106.77914
G0 F9000 X81.619 Y90.348
G1 F2400 X82.491 Y89.476 E106.8099
G0 F9000 X82.638 Y89.895
G1 F2400 X81.619 Y90.914 E106.84585
G0 F9000 X81.619 Y91.479
G1 F2400 X82.848 Y90.25 E106.8892
G0 F9000 X83.116 Y90.548
G1 F2400 X81.619 Y92.045 E106.94201
G0 F9000 X81.619 Y92.611
G1 F2400 X83.434 Y90.796 E107.00604
G0 F9000 X83.802 Y90.994
G1 F2400 X81.619 Y93.176 E107.08303
G0 F9000 X81.619 Y93.742
G1 F2400 X84.251 Y91.111 E107.17587
G0 F9000 X84.801 Y91.126
G1 F2400 X81.619 Y94.308 E107.28812
G0 F9000 X81.619 Y94.873
G1 F2400 X85.595 Y90.898 E107.42837
G0 F9000 X86.52 Y89.973
G1 F2400 X87.579 Y88.914 E107.46573
G0 F9000 X87.579 Y88.348
G1 F2400 X86.762 Y89.165 E107.49455
G0 F9000 X86.741 Y88.62
G1 F2400 X87.579 Y87.783 E107.52409
G0 F9000 X87.579 Y87.217
G1 F2400 X86.625 Y88.171 E107.55775
G0 F9000 X86.431 Y87.8
G1 F2400 X87.579 Y86.651 E107.59827
G0 F9000 X87.579 Y86.086
G1 F2400 X86.182 Y87.482 E107.64753
G0 F9000 X85.891 Y87.208
G1 F2400 X87.401 Y85.697 E107.70082
G0 F9000 X86.836 Y85.697
G1 F2400 X85.532 Y87.001 E107.74682
G0 F9000 X85.114 Y86.853
G1 F2400 X86.27 Y85.697 E107.7876
G0 F9000 X85.704 Y85.697
G1 F2400 X84.612 Y86.79 E107.82614
G0 F9000 X83.937 Y86.899
G1 F2400 X85.139 Y85.697 E107.86855
G0 F9000 X87.579 Y89.48
G1 F2400 X81.619 Y95.439 E108.07878
G0 F9000 X81.619 Y96.005
G1 F2400 X87.579 Y90.045 E108.28904
G0 F9000 X87.579 Y90.611
G1 F2400 X81.619 Y96.57 E108.49928
G0 F9000 X81.619 Y97.136
G1 F2400 X87.579 Y91.177 E108.70951
G0 F9000 X87.579 Y91.742
G1 F2400 X81.619 Y97.702 E108.91977
G0 F9000 X81.619 Y98.268
G1 F2400 X87.579 Y92.308 E109.13002
G0 F9000 X87.579 Y92.874
G1 F2400 X81.619 Y98.833 E109.34026
G0 F9000 X81.619 Y99.399
G1 F2400 X87.579 Y93.439 E109.55052
G0 F9000 X87.579 Y94.005
G1 F2400 X81.619 Y99.965 E109.76077
G0 F9000 X81.619 Y100.53
G1 F2400 X87.579 Y94.571 E109.97101
G0 F9000 X87.579 Y95.136
G1 F2400 X81.619 Y101.096 E110.18126
G0 F9000 X81.619 Y101.662
G1 F2400 X87.579 Y95.702 E110.39152
G0 F9000 X87.579 Y96.268
G1 F2400 X81.619 Y102.227 E110.60176
G0 F9000 X81.619 Y102.793
G1 F2400 X87.579 Y96.834 E110.81199
G0 F9000 X87.579 Y97.399
G1 F2400 X81.619 Y103.359 E111.02225
G0 F9000 X81.619 Y103.924
G1 F2400 X87.579 Y97.965 E111.23249
G0 F9000 X87.579 Y98.531
G1 F2400 X81.619 Y104.49 E111.44272
G0 F9000 X81.619 Y105.056
G1 F2400 X87.579 Y99.096 E111.65298
G0 F9000 X87.579 Y99.662
G1 F2400 X81.619 Y105.621 E111.86322
G0 F9000 X81.619 Y106.187
G1 F2400 X87.579 Y100.228 E112.07345
G0 F9000 X87.579 Y100.793
G1 F2400 X81.619 Y106.753 E112.28371
G0 F9000 X81.619 Y107.319
G1 F2400 X87.579 Y101.359 E112.49396
G0 F9000 X87.579 Y101.925
G1 F2400 X82.056 Y107.447 E112.68879
G0 F9000 X82.622 Y107.447
G1 F2400 X87.579 Y102.49 E112.86366
G0 F9000 X87.579 Y103.056
G1 F2400 X83.188 Y107.447 E113.01856
G0 F9000 X83.753 Y107.447
G1 F2400 X87.579 Y103.622 E113.15352
G0 F9000 X87.579 Y104.187
G1 F2400 X84.319 Y107.447 E113.26852
G0 F9000 X84.885 Y107.447
G1 F2400 X87.579 Y104.753 E113.36356
G0 F9000 X87.579 Y105.319
G1 F2400 X85.451 Y107.447 E113.43863
G0 F9000 X86.016 Y107.447
G1 F2400 X87.579 Y105.884 E113.49377
G0 F9000 X87.579 Y106.45
G1 F2400 X86.582 Y107.447 E113.52894
G0 F9000 X87.148 Y107.447
G1 F2400 X87.579 Y107.016 E113.54415
G1 F1500 E112.04415
G1 F900 Z1.76
G0 F9000 X87.579 Y107.016 Z1.76
G0 X92.85 Y98.339
;TYPE:WALL-INNER
G1 F900 Z0.76
G1 F480 E113.60651
G1 F1500 X92.85 Y98.14 E113.61147
G1 X92.85 Y85.365 E113.93015
G1 X99.751 Y85.364 E114.10229
G1 X99.95 Y85.364 E114.10726
G1 X99.95 Y85.563 E114.11047
G1 X99.95 Y98.338 E114.42914
G1 X93.049 Y98.339 E114.60129
G1 X92.85 Y98.339 E114.6045
G0 F9000 X92.649 Y98.739
G1 F1500 X92.45 Y98.739 E114.60946
G1 X92.45 Y98.54 E114.61268
G1 X92.45 Y84.965 E114.95131
G1 X100.151 Y84.964 E115.14341
G1 X100.35 Y84.964 E115.14837
G1 X100.35 Y85.163 E115.15158
G1 X100.35 Y98.738 E115.49021
G1 X94.314 Y98.739 E115.64078
G0 F1350 X92.649 Y98.739
G0 F9000 X92.025 Y99.164
;TYPE:WALL-OUTER
G1 F480 E115.68232
G1 F900 X92.025 Y98.989 E115.68614
G1 X92.025 Y84.54 E116.00151
G1 X100.6 Y84.539 E116.18868
G1 X100.775 Y84.539 E116.1925
G1 X100.775 Y84.714 E116.19497
G1 X100.775 Y99.163 E116.51035
G1 X92.2 Y99.164 E116.69751
G1 X92.025 Y99.164 E116.69999
G0 F9000 X92.025 Y98.989
G0 X92.025 Y98.964
G0 X92.411 Y98.778
G0 X93.24 Y97.949
;TYPE:SKIN
G1 F2400 X93.24 Y85.755 E117.00417
G1 X99.56 Y85.754 E117.16182
G1 X99.56 Y97.948 E117.466
G1 X94.905 Y97.949 E117.58212
G0 F2160 X93.24 Y97.949
G0 F9000 X99.378 Y97.479
G1 F480 E117.62365
G1 F2400 X99.089 Y97.768 E117.63385
G0 F9000 X98.524 Y97.768
G1 F2400 X99.378 Y96.913 E117.66399
G0 F9000 X99.378 Y96.348
G1 F2400 X97.958 Y97.768 E117.71409
G0 F9000 X97.392 Y97.768
G1 F2400 X99.378 Y95.782 E117.78415
G0 F9000 X99.378 Y95.216
G1 F2400 X96.826 Y97.768 E117.87418
G0 F9000 X96.261 Y97.768
G1 F2400 X99.378 Y94.651 E117.98414
G0 F9000 X99.378 Y94.085
G1 F2400 X95.695 Y97.768 E118.11407
G0 F9000 X95.129 Y97.768
G1 F2400 X99.378 Y93.519 E118.26396
G0 F9000 X99.378 Y92.954
G1 F2400 X94.564 Y97.768 E118.43379
G0 F9000 X93.998 Y97.768
G1 F2400 X99.378 Y92.388 E118.62358
G0 F9000 X99.378 Y91.822
G1 F2400 X93.432 Y97.768 E118.83334
G0 F9000 X93.42 Y97.215
G1 F2400 X99.378 Y91.257 E119.04353
G0 F9000 X99.378 Y90.691
G1 F2400 X93.42 Y96.65 E119.25373
G0 F9000 X93.42 Y96.084
G1 F2400 X99.378 Y90.125 E119.46393
G0 F9000 X99.378 Y89.56
G1 F2400 X93.42 Y95.518 E119.67412
G0 F9000 X93.42 Y94.953
G1 F2400 X99.378 Y88.994 E119.88432
G0 F9000 X99.378 Y88.428
G1 F2400 X93.42 Y94.387 E120.09452
G0 F9000 X93.42 Y93.821
G1 F2400 X99.378 Y87.862 E120.30472
G0 F9000 X99.378 Y87.297
G1 F2400 X93.42 Y93.256 E120.51493
G0 F9000 X93.42 Y92.69
G1 F2400 X99.378 Y86.731 E120.72513
G0 F9000 X99.378 Y86.165
G1 F2400 X93.42 Y92.124 E120.93533
G0 F9000 X93.42 Y91.559
G1 F2400 X99.045 Y85.933 E121.13379
G0 F9000 X98.479 Y85.933
G1 F2400 X93.42 Y90.993 E121.31227
G0 F9000 X93.42 Y90.427
G1 F2400 X97.913 Y85.933 E121.47079
G0 F9000 X97.348 Y85.933
G1 F2400 X93.42 Y89.861 E121.60936
G0 F9000 X93.42 Y89.296
G1 F2400 X96.782 Y85.933 E121.72799
G0 F9000 X96.216 Y85.934
G1 F2400 X93.42 Y88.73 E121.82662
G0 F9000 X93.42 Y88.164
G1 F2400 X95.65 Y85.934 E121.90529
G0 F9000 X95.084 Y85.934
G1 F2400 X93.42 Y87.599 E121.96401
G0 F9000 X93.42 Y87.033
G1 F2400 X94.518 Y85.934 E122.00276
G0 F9000 X93.953 Y85.934
G1 F2400 X93.42 Y86.467 E122.02157
G1 F1500 E120.52157
G1 F900 Z1.76
G0 F9000 X93.42 Y86.467 Z1.76
G0 X83.572 Y90.199
;TIME_ELAPSED:202.358091
;LAYER:4
M106 S255
G0 X83.572 Y90.199 Z1.91
;TYPE:WALL-INNER
G1 F900 Z0.91
G1 F480 E122.08393
G1 F1500 X83.793 Y90.353 E122.09065
G1 X84.008 Y90.46 E122.09664
G1 X84.326 Y90.547 E122.10486
G1 X84.366 Y90.549 E122.10586
G1 X84.609 Y90.565 E122.11194
G1 X84.641 Y90.568 E122.11274
G1 X84.868 Y90.548 E122.11842
G1 X85.101 Y90.491 E122.12441
G1 X85.369 Y90.375 E122.13169
G1 X85.598 Y90.227 E122.13849
G1 X85.878 Y89.947 E122.14837
G1 X86.089 Y89.582 E122.15889
G1 X86.192 Y89.193 E122.16893
G1 X86.203 Y88.914 E122.17589
G1 X86.167 Y88.608 E122.18358
G1 X86.082 Y88.349 E122.19038
G1 X85.96 Y88.111 E122.19705
G1 X85.77 Y87.867 E122.20476
G1 X85.561 Y87.677 E122.21181
G1 X85.216 Y87.477 E122.22176
G1 X84.876 Y87.388 E122.23052
G1 X84.84 Y87.378 E122.23145
G1 X84.6 Y87.361 E122.23746
G1 X84.385 Y87.376 E122.24283
G1 X84.179 Y87.418 E122.24808
G1 X83.961 Y87.491 E122.25381
G1 X83.68 Y87.65 E122.26187
G1 X83.466 Y87.827 E122.26879
G1 X83.294 Y88.033 E122.27549
G1 X83.14 Y88.298 E122.28313
G1 X83.049 Y88.549 E122.28979
G1 X83.021 Y88.704 E122.29372
G0 F1350 X83.008 Y88.778
G0 X82.995 Y88.973
G0 X83.016 Y89.228
G0 X83.095 Y89.525
G0 X83.208 Y89.766
G0 X83.353 Y89.978
G0 X83.572 Y90.199
G0 F9000 X83.831 Y89.892
G1 F480 E122.33526
G1 F1500 X83.998 Y90.008 E122.34033
G1 X84.152 Y90.085 E122.34462
G1 X84.393 Y90.151 E122.35086
G1 X84.636 Y90.167 E122.35693
G1 X84.802 Y90.152 E122.36109
G1 X84.973 Y90.11 E122.36548
G1 X85.18 Y90.021 E122.3711
G1 X85.345 Y89.914 E122.37601
G1 X85.558 Y89.701 E122.38352
G1 X85.716 Y89.428 E122.39139
G1 X85.794 Y89.133 E122.399
G1 X85.802 Y88.93 E122.40407
G1 X85.774 Y88.694 E122.41
G1 X85.712 Y88.503 E122.41501
G1 X85.622 Y88.328 E122.41992
G1 X85.475 Y88.14 E122.42587
G1 X85.323 Y88.001 E122.43101
G1 X85.062 Y87.85 E122.43853
G1 X84.775 Y87.774 E122.44593
G1 X84.6 Y87.762 E122.45031
G1 X84.439 Y87.773 E122.45434
G1 X84.283 Y87.805 E122.45831
G1 X84.125 Y87.858 E122.46247
G1 X83.908 Y87.981 E122.46869
G1 X83.749 Y88.112 E122.47383
G1 X83.623 Y88.263 E122.47873
G1 X83.554 Y88.381 E122.48214
G0 F1350 X83.504 Y88.468
G0 X83.437 Y88.653
G0 X83.406 Y88.827
G0 X83.396 Y88.97
G0 X83.412 Y89.16
G0 X83.472 Y89.388
G0 X83.556 Y89.566
G0 X83.663 Y89.722
G0 X83.831 Y89.892
G0 F9000 X84.105 Y89.565
;TYPE:WALL-OUTER
G1 F480 E122.52368
G1 F900 X84.215 Y89.641 E122.52659
G1 X84.305 Y89.686 E122.52879
G1 X84.464 Y89.73 E122.53239
G1 X84.631 Y89.741 E122.53604
G1 X84.732 Y89.732 E122.53826
G1 X84.837 Y89.706 E122.54062
G1 X84.979 Y89.645 E122.54399
G1 X85.076 Y89.582 E122.54652
G1 X85.218 Y89.44 E122.5509
G1 X85.32 Y89.264 E122.55534
G1 X85.371 Y89.07 E122.55972
G1 X85.376 Y88.946 E122.56243
G1 X85.357 Y88.785 E122.56597
G1 X85.319 Y88.668 E122.56865
G1 X85.262 Y88.558 E122.57135
G1 X85.162 Y88.429 E122.57492
G1 X85.071 Y88.346 E122.57761
G1 X84.898 Y88.246 E122.58197
G1 X84.706 Y88.195 E122.5863
G1 X84.6 Y88.188 E122.58862
G1 X84.496 Y88.195 E122.5909
G1 X84.452 Y88.204 E122.59188
G0 F810 X84.394 Y88.216
G0 X84.299 Y88.248
G0 X84.15 Y88.332
G0 X84.05 Y88.415
G0 X83.972 Y88.508
G0 X83.891 Y88.648
G0 X83.849 Y88.764
G0 X83.828 Y88.88
G0 X83.822 Y88.967
G0 X83.832 Y89.087
G0 X83.873 Y89.242
G0 X83.926 Y89.354
G0 X83.992 Y89.451
G0 X84.105 Y89.565
G0 F9000 X84.215 Y89.641
G0 X84.275 Y89.671
G0 X84.102 Y90.017
G0 X84.04 Y90.14
G0 X81.05 Y108.011
;TYPE:WALL-INNER
G1 F480 E122.63005
G1 F1500 X81.05 Y107.812 E122.63502
G1 X81.05 Y85.119 E123.2011
G1 X88.15 Y85.119 E123.37821
G1 X88.15 Y108.01 E123.94922
G1 X81.249 Y108.011 E124.12137
G1 X81.05 Y108.011 E124.12458
G0 F9000 X80.849 Y108.411
G1 F1500 X80.65 Y108.411 E124.12955
G1 X80.65 Y108.212 E124.13276
G1 X80.65 Y84.719 E124.71879
G1 X88.55 Y84.719 E124.91586
G1 X88.55 Y108.41 E125.50683
G1 X82.514 Y108.411 E125.6574
G0 F1350 X80.849 Y108.411
G0 F9000 X80.225 Y108.836
;TYPE:WALL-OUTER
G1 F480 E125.69894
G1 F900 X80.225 Y108.661 E125.70276
G1 X80.225 Y84.294 E126.23461
G1 X88.975 Y84.294 E126.4256
G1 X88.975 Y108.835 E126.96126
G1 X80.4 Y108.836 E127.14842
G1 X80.225 Y108.836 E127.15089
G0 F9000 X80.225 Y108.661
G0 X80.225 Y108.636
G0 X80.611 Y108.45
G0 X81.44 Y107.621
;TYPE:SKIN
G1 F2400 X81.44 Y85.509 E127.70248
G1 X87.76 Y85.509 E127.86013
G1 X87.76 Y107.62 E128.41169
G1 X83.105 Y107.621 E128.52781
G0 F2160 X81.44 Y107.621
G0 F9000 X84.261 Y90.933
G1 F480 E128.56935
G1 F2400 X84.645 Y90.96 E128.57895
G1 X84.932 Y90.934 E128.58614
G1 X85.226 Y90.862 E128.59369
G1 X85.554 Y90.72 E128.6026
G1 X85.844 Y90.532 E128.61123
G1 X86.19 Y90.187 E128.62341
G1 X86.453 Y89.732 E128.63652
G1 X86.58 Y89.251 E128.64893
G1 X86.593 Y88.898 E128.65775
G1 X86.549 Y88.524 E128.66714
G1 X86.443 Y88.199 E128.67567
G1 X86.29 Y87.9 E128.68404
G1 X86.057 Y87.601 E128.6935
G1 X85.793 Y87.361 E128.7024
G1 X85.366 Y87.113 E128.71472
G1 X84.904 Y86.992 E128.72663
G1 X84.6 Y86.971 E128.73423
G1 X84.333 Y86.988 E128.74091
G1 X84.078 Y87.04 E128.7474
G1 X83.801 Y87.133 E128.75469
G1 X83.458 Y87.328 E128.76453
G1 X83.189 Y87.55 E128.77323
G1 X82.974 Y87.809 E128.78163
G1 X82.785 Y88.132 E128.79096
G1 X82.671 Y88.448 E128.79934
G1 X82.62 Y88.731 E128.80652
G1 X82.603 Y88.976 E128.81264
G1 X82.63 Y89.295 E128.82063
G1 X82.727 Y89.659 E128.83002
G1 X82.869 Y89.961 E128.83835
G1 X82.917 Y90.032 E128.84049
G0 F2160 X83.051 Y90.228
G0 X83.32 Y90.499
G0 X83.594 Y90.689
G0 X83.868 Y90.826
G0 X84.261 Y90.933
G0 F9000 X85.589 Y89.725
G0 X87.579 Y85.882
G1 F480 E128.88202
G1 F2400 X87.385 Y85.688 E128.88886
G0 F9000 X86.819 Y85.688
G1 F2400 X87.579 Y86.448 E128.91568
G0 F9000 X87.579 Y87.013
G1 F2400 X86.254 Y85.688 E128.96242
G0 F9000 X85.688 Y85.688
G1 F2400 X87.579 Y87.579 E129.02913
G0 F9000 X87.579 Y88.145
G1 F2400 X85.122 Y85.688 E129.11581
G0 F9000 X84.557 Y85.688
G1 F2400 X87.579 Y88.71 E129.22242
G0 F9000 X87.579 Y89.276
G1 F2400 X86.694 Y88.391 E129.25364
G0 F9000 X86.767 Y89.03
G1 F2400 X87.579 Y89.842 E129.28228
G0 F9000 X87.579 Y90.407
G1 F2400 X86.694 Y89.523 E129.31348
G0 F9000 X86.542 Y89.936
G1 F2400 X87.579 Y90.973 E129.35007
G0 F9000 X87.579 Y91.539
G1 F2400 X86.334 Y90.294 E129.39399
G0 F9000 X86.052 Y90.578
G1 F2400 X87.579 Y92.104 E129.44784
G0 F9000 X87.579 Y92.67
G1 F2400 X85.729 Y90.82 E129.5131
G0 F9000 X85.347 Y91.004
G1 F2400 X87.579 Y93.236 E129.59184
G0 F9000 X87.579 Y93.801
G1 F2400 X84.895 Y91.117 E129.68653
G0 F9000 X84.33 Y91.118
G1 F2400 X87.579 Y94.367 E129.80115
G0 F9000 X87.579 Y94.933
G1 F2400 X83.46 Y90.814 E129.94645
G0 F9000 X82.748 Y90.102
G1 F2400 X81.619 Y88.973 E129.98628
G0 F9000 X81.619 Y88.408
G1 F2400 X82.444 Y89.232 E130.01537
G0 F9000 X82.448 Y88.671
G1 F2400 X81.619 Y87.842 E130.04461
G0 F9000 X81.619 Y87.276
G1 F2400 X82.562 Y88.219 E130.07788
G0 F9000 X82.747 Y87.838
G1 F2400 X81.619 Y86.711 E130.11766
G0 F9000 X81.619 Y86.145
G1 F2400 X82.986 Y87.511 E130.16586
G0 F9000 X83.28 Y87.24
G1 F2400 X81.728 Y85.688 E130.22062
G0 F9000 X82.294 Y85.688
G1 F2400 X83.628 Y87.022 E130.26768
G0 F9000 X84.035 Y86.863
G1 F2400 X82.86 Y85.688 E130.30913
G0 F9000 X83.425 Y85.688
G1 F2400 X84.531 Y86.794 E130.34814
G0 F9000 X85.179 Y86.876
G1 F2400 X83.991 Y85.688 E130.39005
G0 F9000 X81.619 Y89.539
G1 F2400 X87.579 Y95.499 E130.60031
G0 F9000 X87.579 Y96.064
G1 F2400 X81.619 Y90.105 E130.81055
G0 F9000 X81.619 Y90.67
G1 F2400 X87.579 Y96.63 E131.0208
G0 F9000 X87.579 Y97.196
G1 F2400 X81.619 Y91.236 E131.23106
G0 F9000 X81.619 Y91.802
G1 F2400 X87.579 Y97.761 E131.44129
G0 F9000 X87.579 Y98.327
G1 F2400 X81.619 Y92.367 E131.65155
G0 F9000 X81.619 Y92.933
G1 F2400 X87.579 Y98.893 E131.8618
G0 F9000 X87.579 Y99.458
G1 F2400 X81.619 Y93.499 E132.07204
G0 F9000 X81.619 Y94.065
G1 F2400 X87.579 Y100.024 E132.28228
G0 F9000 X87.579 Y100.59
G1 F2400 X81.619 Y94.63 E132.49253
G0 F9000 X81.619 Y95.196
G1 F2400 X87.579 Y101.155 E132.70277
G0 F9000 X87.579 Y101.721
G1 F2400 X81.619 Y95.762 E132.91301
G0 F9000 X81.619 Y96.327
G1 F2400 X87.579 Y102.287 E133.12326
G0 F9000 X87.579 Y102.852
G1 F2400 X81.619 Y96.893 E133.3335
G0 F9000 X81.619 Y97.459
G1 F2400 X87.579 Y103.418 E133.54374
G0 F9000 X87.579 Y103.984
G1 F2400 X81.619 Y98.024 E133.75399
G0 F9000 X81.619 Y98.59
G1 F2400 X87.579 Y104.549 E133.96423
G0 F9000 X87.579 Y105.115
G1 F2400 X81.619 Y99.156 E134.17447
G0 F9000 X81.619 Y99.721
G1 F2400 X87.579 Y105.681 E134.38472
G0 F9000 X87.579 Y106.247
G1 F2400 X81.619 Y100.287 E134.59498
G0 F9000 X81.619 Y100.853
G1 F2400 X87.579 Y106.812 E134.80522
G0 F9000 X87.579 Y107.378
G1 F2400 X81.619 Y101.418 E135.01547
G0 F9000 X81.619 Y101.984
G1 F2400 X87.074 Y107.439 E135.20791
G0 F9000 X86.508 Y107.439
G1 F2400 X81.619 Y102.55 E135.38038
G0 F9000 X81.619 Y103.115
G1 F2400 X85.943 Y107.439 E135.53293
G0 F9000 X85.377 Y107.439
G1 F2400 X81.619 Y103.681 E135.6655
G0 F9000 X81.619 Y104.247
G1 F2400 X84.811 Y107.439 E135.77811
G0 F9000 X84.246 Y107.439
G1 F2400 X81.619 Y104.813 E135.87076
G0 F9000 X81.619 Y105.378
G1 F2400 X83.681 Y107.439 E135.94349
G0 F9000 X83.115 Y107.439
G1 F2400 X81.619 Y105.944 E135.99625
G0 F9000 X81.619 Y106.51
G1 F2400 X82.549 Y107.439 E136.02904
G0 F9000 X81.984 Y107.439
G1 F2400 X81.619 Y107.075 E136.04189
G1 F1500 E134.54189
G1 F900 Z1.91
G0 F9000 X81.619 Y107.075 Z1.91
G0 X92.85 Y98.336
;TYPE:WALL-INNER
G1 F900 Z0.91
G1 F480 E136.10426
G1 F1500 X92.85 Y98.137 E136.10922
G1 X92.85 Y85.361 E136.42792
G1 X99.751 Y85.36 E136.60007
G1 X99.95 Y85.36 E136.60503
G1 X99.95 Y85.559 E136.60824
G1 X99.95 Y98.335 E136.92694
G1 X93.049 Y98.336 E137.09909
G1 X92.85 Y98.336 E137.1023
G0 F9000 X92.649 Y98.736
G1 F1500 X92.45 Y98.736 E137.10726
G1 X92.45 Y98.537 E137.11047
G1 X92.45 Y84.961 E137.44913
G1 X100.151 Y84.96 E137.64123
G1 X100.35 Y84.96 E137.6462
G1 X100.35 Y85.159 E137.64941
G1 X100.35 Y98.735 E137.98806
G1 X94.314 Y98.736 E138.13863
G0 F1350 X92.649 Y98.736
G0 F9000 X92.025 Y99.161
;TYPE:WALL-OUTER
G1 F480 E138.18016
G1 F900 X92.025 Y98.986 E138.18398
G1 X92.025 Y84.536 E138.49938
G1 X100.6 Y84.535 E138.68655
G1 X100.775 Y84.535 E138.69037
G1 X100.775 Y84.71 E138.69284
G1 X100.775 Y99.16 E139.00824
G1 X92.2 Y99.161 E139.19541
G1 X92.025 Y99.161 E139.19788
G0 F9000 X92.025 Y98.986
G0 X92.025 Y98.961
G0 X92.411 Y98.775
G0 X93.24 Y97.946
;TYPE:SKIN
G1 F2400 X93.24 Y85.751 E139.50208
G1 X99.56 Y85.75 E139.65974
G1 X99.56 Y97.945 E139.96394
G1 X94.905 Y97.946 E140.08006
G0 F2160 X93.24 Y97.946
G0 F9000 X93.805 Y97.765
G1 F480 E140.1216
G1 F2400 X93.419 Y97.379 E140.13521
G0 F9000 X93.419 Y96.813
G1 F2400 X94.371 Y97.765 E140.1688
G0 F9000 X94.936 Y97.765
G1 F2400 X93.419 Y96.247 E140.22233
G0 F9000 X93.419 Y95.682
G1 F2400 X95.502 Y97.765 E140.29581
G0 F9000 X96.068 Y97.765
G1 F2400 X93.419 Y95.116 E140.38927
G0 F9000 X93.419 Y94.55
G1 F2400 X96.633 Y97.765 E140.50267
G0 F9000 X97.199 Y97.765
G1 F2400 X93.419 Y93.985 E140.63602
G0 F9000 X93.419 Y93.419
G1 F2400 X97.765 Y97.765 E140.78933
G0 F9000 X98.33 Y97.765
G1 F2400 X93.419 Y92.853 E140.9626
G0 F9000 X93.419 Y92.288
G1 F2400 X98.896 Y97.765 E141.15581
G0 F9000 X99.378 Y97.681
G1 F2400 X93.419 Y91.722 E141.36603
G0 F9000 X93.419 Y91.156
G1 F2400 X99.378 Y97.116 E141.57627
G0 F9000 X99.378 Y96.55
G1 F2400 X93.419 Y90.59 E141.78651
G0 F9000 X93.419 Y90.025
G1 F2400 X99.378 Y95.984 E141.99673
G0 F9000 X99.378 Y95.419
G1 F2400 X93.419 Y89.459 E142.20697
G0 F9000 X93.419 Y88.893
G1 F2400 X99.378 Y94.853 E142.4172
G0 F9000 X99.378 Y94.287
G1 F2400 X93.419 Y88.328 E142.62742
G0 F9000 X93.419 Y87.762
G1 F2400 X99.378 Y93.722 E142.83766
G0 F9000 X99.378 Y93.156
G1 F2400 X93.419 Y87.196 E143.0479
G0 F9000 X93.419 Y86.631
G1 F2400 X99.378 Y92.59 E143.25812
G0 F9000 X99.378 Y92.024
G1 F2400 X93.419 Y86.065 E143.46834
G0 F9000 X93.85 Y85.931
G1 F2400 X99.378 Y91.459 E143.66335
G0 F9000 X99.378 Y90.893
G1 F2400 X94.416 Y85.931 E143.8384
G0 F9000 X94.982 Y85.931
G1 F2400 X99.378 Y90.327 E143.99348
G0 F9000 X99.378 Y89.762
G1 F2400 X95.547 Y85.931 E144.12863
G0 F9000 X96.113 Y85.931
G1 F2400 X99.378 Y89.196 E144.24381
G0 F9000 X99.378 Y88.63
G1 F2400 X96.678 Y85.93 E144.33906
G0 F9000 X97.244 Y85.93
G1 F2400 X99.378 Y88.065 E144.41436
G0 F9000 X99.378 Y87.499
G1 F2400 X97.809 Y85.93 E144.46971
G0 F9000 X98.375 Y85.93
G1 F2400 X99.378 Y86.933 E144.5051
G0 F9000 X99.378 Y86.368
G1 F2400 X98.941 Y85.93 E144.52053
G1 F1500 E143.02053
G1 F900 Z1.91
G0 F9000 X98.941 Y85.93 Z1.91
G0 X83.568 Y90.195
;TIME_ELAPSED:247.925700
;LAYER:5
G0 X83.568 Y90.195 Z2.06
;TYPE:WALL-INNER
G1 F900 Z1.06
G1 F480 E144.58289
G1 F1500 X83.794 Y90.354 E144.58979
G1 X84.009 Y90.459 E144.59576
G1 X84.317 Y90.546 E144.60374
G1 X84.656 Y90.57 E144.61222
G1 X84.885 Y90.543 E144.61797
G1 X85.106 Y90.488 E144.62365
G1 X85.37 Y90.376 E144.6308
G1 X85.585 Y90.235 E144.63722
G1 X85.784 Y90.049 E144.64401
G1 X85.962 Y89.814 E144.65137
G1 X86.094 Y89.563 E144.65844
G1 X86.192 Y89.194 E144.66796
G1 X86.203 Y88.907 E144.67513
G1 X86.166 Y88.612 E144.68254
G1 X86.084 Y88.35 E144.68939
G1 X85.957 Y88.108 E144.69621
G1 X85.774 Y87.87 E144.7037
G1 X85.562 Y87.676 E144.71087
G1 X85.228 Y87.484 E144.72048
G1 X84.927 Y87.394 E144.72832
G1 X84.624 Y87.361 E144.73592
G1 X84.357 Y87.377 E144.74259
G1 X83.988 Y87.476 E144.75212
G1 X83.685 Y87.646 E144.76079
G1 X83.466 Y87.828 E144.76789
G1 X83.293 Y88.034 E144.7746
G1 X83.142 Y88.294 E144.7821
G1 X83.049 Y88.55 E144.7889
G1 X83.023 Y88.698 E144.79264
G0 F1350 X83.013 Y88.762
G0 X83.009 Y88.781
G0 X82.995 Y88.971
G0 X83.016 Y89.23
G0 X83.094 Y89.522
G0 X83.208 Y89.765
G0 X83.354 Y89.98
G0 X83.568 Y90.195
G0 F9000 X83.827 Y89.888
G1 F480 E144.83418
G1 F1500 X83.998 Y90.009 E144.8394
G1 X84.152 Y90.084 E144.84368
G1 X84.386 Y90.15 E144.84974
G1 X84.647 Y90.168 E144.85627
G1 X84.814 Y90.149 E144.86046
G1 X84.978 Y90.108 E144.86468
G1 X85.18 Y90.022 E144.87015
G1 X85.337 Y89.919 E144.87484
G1 X85.486 Y89.78 E144.87992
G1 X85.623 Y89.599 E144.88558
G1 X85.719 Y89.417 E144.89072
G1 X85.794 Y89.134 E144.89802
G1 X85.802 Y88.924 E144.90326
G1 X85.774 Y88.697 E144.90897
G1 X85.713 Y88.504 E144.91402
G1 X85.619 Y88.325 E144.91906
G1 X85.478 Y88.142 E144.92482
G1 X85.324 Y88.001 E144.93003
G1 X85.069 Y87.854 E144.93737
G1 X84.847 Y87.788 E144.94315
G1 X84.614 Y87.762 E144.949
G1 X84.422 Y87.774 E144.9538
G1 X84.14 Y87.849 E144.96108
G1 X83.913 Y87.977 E144.96758
G1 X83.749 Y88.113 E144.97289
G1 X83.622 Y88.265 E144.97783
G1 X83.557 Y88.376 E144.98104
G0 F1350 X83.506 Y88.464
G0 X83.437 Y88.654
G0 X83.406 Y88.83
G0 X83.396 Y88.969
G0 X83.412 Y89.162
G0 X83.471 Y89.385
G0 X83.556 Y89.566
G0 X83.664 Y89.724
G0 X83.827 Y89.888
G0 F9000 X84.102 Y89.562
;TYPE:WALL-OUTER
G1 F480 E145.02257
G1 F900 X84.216 Y89.642 E145.02561
G1 X84.305 Y89.686 E145.02778
G1 X84.458 Y89.729 E145.03125
G1 X84.638 Y89.741 E145.03519
G1 X84.739 Y89.73 E145.03741
G1 X84.842 Y89.704 E145.03972
G1 X84.978 Y89.646 E145.04295
G1 X85.074 Y89.583 E145.04546
G1 X85.17 Y89.494 E145.04832
G1 X85.263 Y89.371 E145.05168
G1 X85.32 Y89.262 E145.05437
G1 X85.371 Y89.07 E145.0587
G1 X85.376 Y88.942 E145.0615
G1 X85.357 Y88.788 E145.06488
G1 X85.319 Y88.668 E145.06763
G1 X85.26 Y88.555 E145.07041
G1 X85.164 Y88.431 E145.07384
G1 X85.071 Y88.346 E145.07659
G1 X84.9 Y88.247 E145.0809
G1 X84.762 Y88.206 E145.08404
G1 X84.603 Y88.188 E145.08754
G1 X84.491 Y88.195 E145.08998
G1 X84.455 Y88.205 E145.0908
G0 F810 X84.302 Y88.246
G0 X84.154 Y88.329
G0 X84.05 Y88.415
G0 X83.971 Y88.51
G0 X83.892 Y88.645
G0 X83.849 Y88.764
G0 X83.828 Y88.882
G0 X83.822 Y88.967
G0 X83.832 Y89.089
G0 X83.872 Y89.239
G0 X83.926 Y89.354
G0 X83.993 Y89.452
G0 X84.102 Y89.562
G0 F9000 X84.216 Y89.642
G0 X84.27 Y89.669
G0 X84.098 Y90.014
G0 X84.037 Y90.139
G0 X81.05 Y108.002
;TYPE:WALL-INNER
G1 F480 E145.12891
G1 F1500 X81.05 Y107.803 E145.13387
G1 X81.05 Y85.111 E145.69993
G1 X88.15 Y85.111 E145.87704
G1 X88.15 Y108.001 E146.44803
G1 X81.249 Y108.002 E146.62018
G1 X81.05 Y108.002 E146.62339
G0 F9000 X80.849 Y108.402
G1 F1500 X80.65 Y108.402 E146.62835
G1 X80.65 Y108.203 E146.63157
G1 X80.65 Y84.711 E147.21758
G1 X88.55 Y84.711 E147.41464
G1 X88.55 Y108.401 E148.00559
G1 X82.514 Y108.402 E148.15616
G0 F1350 X80.849 Y108.402
G0 F9000 X80.225 Y108.827
;TYPE:WALL-OUTER
G1 F480 E148.19769
G1 F900 X80.225 Y108.652 E148.20151
G1 X80.225 Y84.286 E148.73335
G1 X88.975 Y84.286 E148.92434
G1 X88.975 Y108.826 E149.45997
G1 X80.4 Y108.827 E149.64714
G1 X80.225 Y108.827 E149.64961
G0 F9000 X80.225 Y108.652
G0 X80.225 Y108.627
G0 X80.611 Y108.441
G0 X81.44 Y107.612
;TYPE:SKIN
G1 F2400 X81.44 Y85.501 E150.20117
G1 X87.76 Y85.501 E150.35882
G1 X87.76 Y107.611 E150.91036
G1 X83.105 Y107.612 E151.02648
G0 F2160 X81.44 Y107.612
G0 F9000 X84.249 Y90.932
G1 F480 E151.06801
G1 F2400 X84.666 Y90.962 E151.07844
G1 X84.955 Y90.927 E151.0857
G1 X85.23 Y90.859 E151.09277
G1 X85.555 Y90.721 E151.10158
G1 X85.827 Y90.543 E151.10968
G1 X86.075 Y90.311 E151.11816
G1 X86.292 Y90.024 E151.12713
G1 X86.46 Y89.706 E151.1361
G1 X86.58 Y89.252 E151.14782
G1 X86.593 Y88.89 E151.15685
G1 X86.548 Y88.528 E151.16595
G1 X86.445 Y88.2 E151.17453
G1 X86.287 Y87.897 E151.18305
G1 X86.063 Y87.605 E151.19223
G1 X85.794 Y87.36 E151.20131
G1 X85.384 Y87.123 E151.21312
G1 X85.005 Y87.01 E151.22299
G1 X84.633 Y86.969 E151.23232
G1 X84.294 Y86.991 E151.2408
G1 X83.84 Y87.112 E151.25252
G1 X83.463 Y87.324 E151.26331
G1 X83.189 Y87.551 E151.27218
G1 X82.973 Y87.809 E151.28058
G1 X82.787 Y88.128 E151.28979
G1 X82.671 Y88.449 E151.2983
G1 X82.621 Y88.734 E151.30552
G1 X82.603 Y88.973 E151.3115
G1 X82.63 Y89.296 E151.31958
G1 X82.726 Y89.657 E151.3289
G1 X82.868 Y89.958 E151.3372
G1 X82.911 Y90.021 E151.33911
G0 F2160 X83.052 Y90.229
G0 X83.316 Y90.494
G0 X83.595 Y90.691
G0 X83.869 Y90.825
G0 X84.249 Y90.932
G0 F9000 X81.619 Y85.822
G1 F480 E151.38064
G1 F2400 X81.762 Y85.68 E151.38567
G0 F9000 X82.328 Y85.68
G1 F2400 X81.619 Y86.388 E151.41066
G0 F9000 X81.619 Y86.954
G1 F2400 X82.894 Y85.68 E151.45562
G0 F9000 X83.459 Y85.68
G1 F2400 X81.619 Y87.52 E151.52053
G0 F9000 X81.619 Y88.085
G1 F2400 X84.025 Y85.68 E151.6054
G0 F9000 X84.591 Y85.68
G1 F2400 X81.619 Y88.651 E151.71022
G0 F9000 X81.619 Y89.217
G1 F2400 X82.53 Y88.306 E151.74236
G0 F9000 X82.421 Y88.98
G1 F2400 X81.619 Y89.782 E151.77065
G0 F9000 X81.619 Y90.348
G1 F2400 X82.491 Y89.477 E151.8014
G0 F9000 X82.638 Y89.895
G1 F2400 X81.619 Y90.914 E151.83735
G0 F9000 X81.619 Y91.479
G1 F2400 X82.848 Y90.25 E151.8807
G0 F9000 X83.116 Y90.548
G1 F2400 X81.619 Y92.045 E151.93351
G0 F9000 X81.619 Y92.611
G1 F2400 X83.434 Y90.796 E151.99754
G0 F9000 X83.804 Y90.992
G1 F2400 X81.619 Y93.176 E152.07461
G0 F9000 X81.619 Y93.742
G1 F2400 X84.251 Y91.111 E152.16744
G0 F9000 X84.802 Y91.125
G1 F2400 X81.619 Y94.308 E152.27973
G0 F9000 X81.619 Y94.873
G1 F2400 X85.595 Y90.898 E152.41997
G0 F9000 X86.524 Y89.969
G1 F2400 X87.579 Y88.914 E152.45719
G0 F9000 X87.579 Y88.348
G1 F2400 X86.763 Y89.164 E152.48598
G0 F9000 X86.741 Y88.62
G1 F2400 X87.579 Y87.783 E152.51552
G0 F9000 X87.579 Y87.217
G1 F2400 X86.625 Y88.171 E152.54918
G0 F9000 X86.436 Y87.794
G1 F2400 X87.579 Y86.651 E152.5895
G0 F9000 X87.579 Y86.086
G1 F2400 X86.189 Y87.476 E152.63854
G0 F9000 X85.891 Y87.208
G1 F2400 X87.418 Y85.68 E152.69242
G0 F9000 X86.853 Y85.68
G1 F2400 X85.533 Y87.001 E152.73901
G0 F9000 X85.114 Y86.853
G1 F2400 X86.287 Y85.68 E152.78039
G0 F9000 X85.721 Y85.68
G1 F2400 X84.613 Y86.788 E152.81948
G0 F9000 X83.938 Y86.898
G1 F2400 X85.156 Y85.68 E152.86245
G0 F9000 X87.579 Y89.48
G1 F2400 X81.619 Y95.439 E153.07268
G0 F9000 X81.619 Y96.005
G1 F2400 X87.579 Y90.045 E153.28294
G0 F9000 X87.579 Y90.611
G1 F2400 X81.619 Y96.57 E153.49318
G0 F9000 X81.619 Y97.136
G1 F2400 X87.579 Y91.177 E153.70341
G0 F9000 X87.579 Y91.742
G1 F2400 X81.619 Y97.702 E153.91367
G0 F9000 X81.619 Y98.268
G1 F2400 X87.579 Y92.308 E154.12392
G0 F9000 X87.579 Y92.874
G1 F2400 X81.619 Y98.833 E154.33416
G0 F9000 X81.619 Y99.399
G1 F2400 X87.579 Y93.439 E154.54442
G0 F9000 X87.579 Y94.005
G1 F2400 X81.619 Y99.965 E154.75467
G0 F9000 X81.619 Y100.53
G1 F2400 X87.579 Y94.571 E154.96491
G0 F9000 X87.579 Y95.136
G1 F2400 X81.619 Y101.096 E155.17516
G0 F9000 X81.619 Y101.662
G1 F2400 X87.579 Y95.702 E155.38542
G0 F9000 X87.579 Y96.268
G1 F2400 X81.619 Y102.227 E155.59566
G0 F9000 X81.619 Y102.793
G1 F2400 X87.579 Y96.834 E155.80589
G0 F9000 X87.579 Y97.399
G1 F2400 X81.619 Y103.359 E156.01615
G0 F9000 X81.619 Y103.924
G1 F2400 X87.579 Y97.965 E156.22639
G0 F9000 X87.579 Y98.531
G1 F2400 X81.619 Y104.49 E156.43662
G0 F9000 X81.619 Y105.056
G1 F2400 X87.579 Y99.096 E156.64688
G0 F9000 X87.579 Y99.662
G1 F2400 X81.619 Y105.621 E156.85712
G0 F9000 X81.619 Y106.187
G1 F2400 X87.579 Y100.228 E157.06735
G0 F9000 X87.579 Y100.793
G1 F2400 X81.619 Y106.753 E157.27761
G0 F9000 X81.619 Y107.319
G1 F2400 X87.579 Y101.359 E157.48786
G0 F9000 X87.579 Y101.925
G1 F2400 X82.073 Y107.43 E157.68208
G0 F9000 X82.639 Y107.43
G1 F2400 X87.579 Y102.49 E157.85636
G0 F9000 X87.579 Y103.056
G1 F2400 X83.205 Y107.43 E158.01066
G0 F9000 X83.77 Y107.43
G1 F2400 X87.579 Y103.622 E158.14502
G0 F9000 X87.579 Y104.187
G1 F2400 X84.336 Y107.43 E158.25942
G0 F9000 X84.902 Y107.43
G1 F2400 X87.579 Y104.753 E158.35386
G0 F9000 X87.579 Y105.319
G1 F2400 X85.467 Y107.43 E158.42835
G0 F9000 X86.033 Y107.43
G1 F2400 X87.579 Y105.884 E158.48289
G0 F9000 X87.579 Y106.45
G1 F2400 X86.599 Y107.43 E158.51746
G0 F9000 X87.165 Y107.43
G1 F2400 X87.579 Y107.016 E158.53207
G1 F1500 E157.03207
G1 F900 Z2.06
G0 F9000 X87.579 Y107.016 Z2.06
G0 X92.85 Y98.332
;TYPE:WALL-INNER
G1 F900 Z1.06
G1 F480 E158.59443
G1 F1500 X92.85 Y98.133 E158.59939
G1 X92.85 Y85.358 E158.91807
G1 X99.751 Y85.357 E159.09021
G1 X99.95 Y85.357 E159.09518
G1 X99.95 Y85.556 E159.09839
G1 X99.95 Y98.331 E159.41706
G1 X93.049 Y98.332 E159.58921
G1 X92.85 Y98.332 E159.59242
G0 F9000 X92.649 Y98.732
G1 F1500 X92.45 Y98.732 E159.59738
G1 X92.45 Y98.533 E159.6006
G1 X92.45 Y84.958 E159.93923
G1 X100.151 Y84.957 E160.13133
G1 X100.35 Y84.957 E160.13629
G1 X100.35 Y85.156 E160.1395
G1 X100.35 Y98.731 E160.47813
G1 X94.314 Y98.732 E160.6287
G0 F1350 X92.649 Y98.732
G0 F9000 X92.025 Y99.157
;TYPE:WALL-OUTER
G1 F480 E160.67024
G1 F900 X92.025 Y98.982 E160.67406
G1 X92.025 Y84.533 E160.98943
G1 X100.6 Y84.532 E161.1766
G1 X100.775 Y84.532 E161.18042
G1 X100.775 Y84.707 E161.18289
G1 X100.775 Y99.156 E161.49827
G1 X92.2 Y99.157 E161.68543
G1 X92.025 Y99.157 E161.68791
G0 F9000 X92.025 Y98.982
G0 X92.025 Y98.957
G0 X92.411 Y98.771
G0 X93.24 Y97.942
;TYPE:SKIN
G1 F2400 X93.24 Y85.748 E161.99209
G1 X99.56 Y85.747 E162.14974
G1 X99.56 Y97.941 E162.45392
G1 X94.905 Y97.942 E162.57004
G0 F2160 X93.24 Y97.942
G0 F9000 X99.378 Y97.479
G1 F480 E162.61157
G1 F2400 X99.096 Y97.761 E162.62152
G0 F9000 X98.531 Y97.761
G1 F2400 X99.378 Y96.913 E162.65142
G0 F9000 X99.378 Y96.348
G1 F2400 X97.965 Y97.761 E162.70127
G0 F9000 X97.399 Y97.761
G1 F2400 X99.378 Y95.782 E162.77108
G0 F9000 X99.378 Y95.216
G1 F2400 X96.834 Y97.761 E162.86085
G0 F9000 X96.268 Y97.761
G1 F2400 X99.378 Y94.651 E162.97056
G0 F9000 X99.378 Y94.085
G1 F2400 X95.702 Y97.761 E163.10024
G0 F9000 X95.136 Y97.761
G1 F2400 X99.378 Y93.519 E163.24989
G0 F9000 X99.378 Y92.954
G1 F2400 X94.571 Y97.761 E163.41947
G0 F9000 X94.005 Y97.761
G1 F2400 X99.378 Y92.388 E163.60902
G0 F9000 X99.378 Y91.822
G1 F2400 X93.439 Y97.761 E163.81853
G0 F9000 X93.42 Y97.215
G1 F2400 X99.378 Y91.257 E164.02871
G0 F9000 X99.378 Y90.691
G1 F2400 X93.42 Y96.65 E164.23892
G0 F9000 X93.42 Y96.084
G1 F2400 X99.378 Y90.125 E164.44912
G0 F9000 X99.378 Y89.56
G1 F2400 X93.42 Y95.518 E164.6593
G0 F9000 X93.42 Y94.953
G1 F2400 X99.378 Y88.994 E164.86951
G0 F9000 X99.378 Y88.428
G1 F2400 X93.42 Y94.387 E165.07971
G0 F9000 X93.42 Y93.821
G1 F2400 X99.378 Y87.862 E165.28991
G0 F9000 X99.378 Y87.297
G1 F2400 X93.42 Y93.256 E165.50011
G0 F9000 X93.42 Y92.69
G1 F2400 X99.378 Y86.731 E165.71031
G0 F9000 X99.378 Y86.165
G1 F2400 X93.42 Y92.124 E165.92052
G0 F9000 X93.42 Y91.559
G1 F2400 X99.052 Y85.926 E166.11922
G0 F9000 X98.486 Y85.926
G1 F2400 X93.42 Y90.993 E166.29795
G0 F9000 X93.42 Y90.427
G1 F2400 X97.92 Y85.926 E166.45672
G0 F9000 X97.355 Y85.926
G1 F2400 X93.42 Y89.861 E166.59554
G0 F9000 X93.42 Y89.296
G1 F2400 X96.789 Y85.926 E166.71441
G0 F9000 X96.223 Y85.927
G1 F2400 X93.42 Y88.73 E166.81329
G0 F9000 X93.42 Y88.164
G1 F2400 X95.657 Y85.927 E166.89221
G0 F9000 X95.091 Y85.927
G1 F2400 X93.42 Y87.599 E166.95117
G0 F9000 X93.42 Y87.033
G1 F2400 X94.526 Y85.927 E166.99019
G0 F9000 X93.96 Y85.927
G1 F2400 X93.42 Y86.467 E167.00924
G1 F1500 E165.50924
G1 F900 Z2.06
G0 F9000 X93.42 Y86.467 Z2.06
G0 X84.001 Y90.458
;TIME_ELAPSED:293.502077
;LAYER:6
G0 X84.001 Y90.458 Z2.21
;TYPE:WALL-INNER
G1 F900 Z1.21
G1 F480 E167.0716
G1 F1500 X84.284 Y90.538 E167.07894
G1 X84.495 Y90.565 E167.08424
G1 X84.694 Y90.566 E167.08921
G1 X84.903 Y90.541 E167.09446
G1 X85.121 Y90.482 E167.10009
G1 X85.367 Y90.376 E167.10677
G1 X85.598 Y90.227 E167.11363
G1 X85.878 Y89.947 E167.12351
G1 X86.089 Y89.582 E167.13403
G1 X86.192 Y89.192 E167.14409
G1 X86.203 Y88.906 E167.15123
G1 X86.168 Y88.616 E167.15851
G1 X86.082 Y88.343 E167.16565
G1 X85.952 Y88.106 E167.1724
G1 X85.778 Y87.873 E167.17965
G1 X85.56 Y87.676 E167.18698
G1 X85.228 Y87.484 E167.19655
G1 X84.92 Y87.393 E167.20456
G1 X84.622 Y87.361 E167.21204
G1 X84.357 Y87.377 E167.21866
G1 X83.989 Y87.475 E167.22816
G1 X83.689 Y87.644 E167.23675
G1 X83.468 Y87.827 E167.24391
G1 X83.29 Y88.037 E167.25077
G1 X83.146 Y88.289 E167.25801
G1 X83.043 Y88.562 E167.26529
G1 X82.99 Y88.95 E167.27506
G1 X83.016 Y89.204 E167.28143
G0 F1350 X83.019 Y89.238
G0 X83.091 Y89.514
G0 X83.206 Y89.764
G0 X83.356 Y89.981
G0 X83.565 Y90.192
G0 X83.789 Y90.349
G0 X84.001 Y90.458
G0 F9000 X84.148 Y90.084
G1 F480 E167.32296
G1 F1500 X84.364 Y90.145 E167.32856
G1 X84.522 Y90.165 E167.33253
G1 X84.671 Y90.166 E167.33625
G1 X84.826 Y90.147 E167.34015
G1 X84.989 Y90.103 E167.34436
G1 X85.178 Y90.022 E167.34949
G1 X85.345 Y89.914 E167.35445
G1 X85.558 Y89.701 E167.36196
G1 X85.716 Y89.428 E167.36983
G1 X85.794 Y89.133 E167.37744
G1 X85.802 Y88.923 E167.38268
G1 X85.775 Y88.701 E167.38826
G1 X85.712 Y88.5 E167.39352
G1 X85.615 Y88.323 E167.39855
G1 X85.481 Y88.144 E167.40413
G1 X85.323 Y88.001 E167.40945
G1 X85.069 Y87.854 E167.41677
G1 X84.841 Y87.787 E167.42269
G1 X84.613 Y87.762 E167.42842
G1 X84.422 Y87.774 E167.43319
G1 X84.141 Y87.849 E167.44045
G1 X83.916 Y87.975 E167.44688
G1 X83.751 Y88.112 E167.45223
G1 X83.619 Y88.268 E167.45733
G1 X83.509 Y88.46 E167.46285
G1 X83.433 Y88.661 E167.46821
G1 X83.424 Y88.727 E167.46987
G0 F1350 X83.393 Y88.957
G0 X83.414 Y89.167
G0 X83.469 Y89.379
G0 X83.555 Y89.565
G0 X83.665 Y89.725
G0 X83.824 Y89.885
G0 X83.996 Y90.006
G0 X84.148 Y90.084
G0 F9000 X84.304 Y89.686
;TYPE:WALL-OUTER
G1 F480 E167.5114
G1 F900 X84.449 Y89.727 E167.51469
G1 X84.551 Y89.74 E167.51693
G1 X84.647 Y89.741 E167.51903
G1 X84.745 Y89.729 E167.52118
G1 X84.849 Y89.701 E167.52354
G1 X84.977 Y89.646 E167.52658
G1 X85.076 Y89.582 E167.52915
G1 X85.218 Y89.44 E167.53353
G1 X85.32 Y89.264 E167.53797
G1 X85.371 Y89.07 E167.54235
G1 X85.376 Y88.94 E167.54519
G1 X85.358 Y88.791 E167.54847
G1 X85.319 Y88.667 E167.5513
G1 X85.257 Y88.553 E167.55414
G1 X85.166 Y88.432 E167.55744
G1 X85.071 Y88.346 E167.56024
G1 X84.9 Y88.247 E167.56455
G1 X84.757 Y88.205 E167.5678
G1 X84.603 Y88.188 E167.57119
G1 X84.491 Y88.195 E167.57363
G1 X84.302 Y88.246 E167.57791
G1 X84.229 Y88.287 E167.57974
G0 F810 X84.157 Y88.327
G0 X84.051 Y88.415
G0 X83.969 Y88.512
G0 X83.895 Y88.642
G0 X83.848 Y88.766
G0 X83.821 Y88.964
G0 X83.834 Y89.092
G0 X83.871 Y89.235
G0 X83.926 Y89.354
G0 X83.994 Y89.453
G0 X84.099 Y89.559
G0 X84.216 Y89.641
G0 X84.304 Y89.686
G0 F9000 X84.449 Y89.727
G0 X84.499 Y89.733
G0 X84.45 Y90.118
G0 X84.433 Y90.254
G0 X81.05 Y107.994
;TYPE:WALL-INNER
G1 F480 E167.61776
G1 F1500 X81.05 Y107.795 E167.62272
G1 X81.05 Y85.103 E168.18878
G1 X88.15 Y85.103 E168.36589
G1 X88.15 Y107.993 E168.93688
G1 X81.249 Y107.994 E169.10903
G1 X81.05 Y107.994 E169.11224
G0 F9000 X80.849 Y108.394
G1 F1500 X80.65 Y108.394 E169.1172
G1 X80.65 Y108.195 E169.12041
G1 X80.65 Y84.703 E169.70642
G1 X88.55 Y84.703 E169.90349
G1 X88.55 Y108.393 E170.49444
G1 X82.514 Y108.394 E170.64501
G0 F1350 X80.849 Y108.394
G0 F9000 X80.225 Y108.819
;TYPE:WALL-OUTER
G1 F480 E170.68654
G1 F900 X80.225 Y108.644 E170.69036
G1 X80.225 Y84.278 E171.2222
G1 X88.975 Y84.278 E171.41318
G1 X88.975 Y108.818 E171.94882
G1 X80.4 Y108.819 E172.13598
G1 X80.225 Y108.819 E172.13845
G0 F9000 X80.225 Y108.644
G0 X80.225 Y108.619
G0 X80.611 Y108.433
G0 X81.41 Y105.588
;TYPE:FILL
G1 F3000 X82.491 Y104.506 E172.17661
G1 X82.491 Y107.342 E172.24735
G1 X81.409 Y106.26 E172.28552
G1 X81.409 Y102.49 E172.37957
G1 X82.491 Y103.572 E172.41774
G1 X82.491 Y100.736 E172.48848
G1 X81.41 Y101.817 E172.52662
G1 X81.409 Y98.719 E172.6039
G1 X82.491 Y99.801 E172.64207
G1 X82.492 Y98.387 E172.67734
G1 X84.842 Y98.386 E172.73596
G1 X87.789 Y95.438 E172.83994
G1 X87.789 Y93.788 E172.8811
G1 X84.903 Y90.902 E172.98291
G1 X84.976 Y90.894 E172.98474
G1 X85.238 Y90.823 E172.99151
G1 X85.54 Y90.693 E172.99972
G1 X85.827 Y90.508 E173.00823
G1 X86.165 Y90.17 E173.02016
G1 X86.425 Y89.721 E173.0331
G1 X86.55 Y89.248 E173.0453
G1 X86.554 Y89.132 E173.0482
G1 X87.789 Y87.898 E173.09175
G1 X87.789 Y86.247 E173.13293
G1 X87.004 Y85.463 E173.16061
G1 X86.455 Y85.462 E173.1743
G1 X84.889 Y87.027 E173.22953
G1 X84.99 Y87.038 E173.23207
G1 X85.373 Y87.152 E173.24203
G1 X85.774 Y87.384 E173.25359
G1 X86.044 Y87.628 E173.26267
G1 X86.257 Y87.913 E173.27154
G1 X86.414 Y88.198 E173.27966
G1 X86.521 Y88.538 E173.28855
G1 X86.549 Y88.777 E173.29456
G1 X87.789 Y90.018 E173.33832
G1 X87.789 Y91.668 E173.37948
G1 X81.41 Y98.047 E173.60451
G1 X81.409 Y94.949 E173.68179
G1 X84.846 Y98.386 E173.80304
G1 X86.709 Y98.387 E173.84952
G1 X86.708 Y100.248 E173.89594
G1 X87.789 Y101.329 E173.93407
G1 X87.789 Y102.979 E173.97523
G1 X86.708 Y104.059 E174.01335
G1 X86.709 Y107.633 E174.1025
G1 X86.906 Y107.632 E174.10742
G1 X87.789 Y106.749 E174.13857
G1 X87.789 Y105.099 E174.17973
G1 X86.708 Y104.018 E174.21786
G1 X86.708 Y100.289 E174.31088
G1 X87.789 Y99.209 E174.349
G1 X87.789 Y97.558 E174.39019
G1 X81.409 Y91.179 E174.61524
G1 X81.41 Y94.277 E174.69252
G1 X84.77 Y90.917 E174.81105
G1 X84.711 Y90.926 E174.81254
G1 X84.469 Y90.925 E174.81858
G1 X84.211 Y90.892 E174.82507
G1 X83.873 Y90.797 E174.83382
G1 X83.602 Y90.657 E174.84143
G1 X83.331 Y90.468 E174.84968
G1 X83.076 Y90.21 E174.85872
G1 X82.892 Y89.945 E174.86677
G1 X82.75 Y89.633 E174.87532
G1 X82.664 Y89.305 E174.88378
G1 X82.627 Y88.943 E174.89286
G1 X82.665 Y88.664 E174.89988
G1 X81.409 Y87.409 E174.94417
G1 X81.41 Y90.506 E175.02143
G1 X82.659 Y89.258 E175.06547
G0 F9000 X84.632 Y87.001
G1 F3000 X84.787 Y87.016 E175.06936
G1 X83.234 Y85.463 E175.12414
G1 X81.41 Y85.463 E175.16964
G1 X81.41 Y86.736 E175.2014
G1 X82.684 Y85.462 E175.24634
G0 F9000 X82.642 Y98.537
;TYPE:SKIN
G1 F2400 X86.559 Y98.537 E175.34405
G1 X86.559 Y107.603 E175.5702
G1 X82.642 Y107.604 E175.66791
G1 X82.642 Y100.202 E175.85256
G0 F2160 X82.642 Y98.537
G0 F9000 X86.324 Y98.769
G1 F480 E175.89409
G1 F2400 X86.041 Y99.052 E175.90784
G0 F9000 X86.378 Y99.955
G1 F2400 X85.139 Y98.716 E175.95155
G0 F9000 X84.574 Y98.716
G1 F2400 X86.378 Y100.52 E176.01519
G0 F9000 X86.378 Y101.086
G1 F2400 X84.008 Y98.716 E176.0988
G0 F9000 X83.442 Y98.716
G1 F2400 X86.378 Y101.652 E176.20238
G0 F9000 X86.378 Y102.217
G1 F2400 X82.877 Y98.716 E176.32588
G0 F9000 X82.822 Y99.226
G1 F2400 X86.378 Y102.783 E176.45135
G0 F9000 X86.378 Y103.349
G1 F2400 X82.822 Y99.792 E176.57682
G0 F9000 X82.822 Y100.358
G1 F2400 X86.378 Y103.914 E176.70226
G0 F9000 X86.378 Y104.48
G1 F2400 X82.822 Y100.923 E176.82773
G0 F9000 X82.822 Y101.489
G1 F2400 X86.378 Y105.046 E176.95319
G0 F9000 X86.378 Y105.612
G1 F2400 X82.822 Y102.055 E177.07866
G0 F9000 X82.822 Y102.62
G1 F2400 X86.378 Y106.177 E177.20412
G0 F9000 X86.378 Y106.743
G1 F2400 X82.822 Y103.186 E177.32959
G0 F9000 X82.822 Y103.752
G1 F2400 X86.378 Y107.309 E177.45505
G0 F9000 X85.926 Y107.422
G1 F2400 X82.822 Y104.318 E177.56456
G0 F9000 X82.822 Y104.883
G1 F2400 X85.36 Y107.422 E177.65411
G0 F9000 X84.794 Y107.422
G1 F2400 X82.822 Y105.449 E177.72369
G0 F9000 X82.822 Y106.015
G1 F2400 X84.229 Y107.422 E177.77333
G0 F9000 X83.664 Y107.422
G1 F2400 X82.822 Y106.58 E177.80303
G0 F9000 X82.822 Y107.146
G1 F2400 X83.098 Y107.422 E177.81277
G1 F1500 E176.31277
G1 F900 Z2.21
G0 F9000 X83.098 Y107.422 Z2.21
G0 X92.85 Y98.329
;TYPE:WALL-INNER
G1 F900 Z1.21
G1 F480 E177.87513
G1 F1500 X92.85 Y98.13 E177.8801
G1 X92.85 Y85.355 E178.19877
G1 X99.751 Y85.354 E178.37092
G1 X99.95 Y85.354 E178.37588
G1 X99.95 Y85.553 E178.37909
G1 X99.95 Y98.328 E178.69777
G1 X93.049 Y98.329 E178.86991
G1 X92.85 Y98.329 E178.87312
G0 F9000 X92.649 Y98.729
G1 F1500 X92.45 Y98.729 E178.87809
G1 X92.45 Y98.53 E178.8813
G1 X92.45 Y84.955 E179.21993
G1 X100.151 Y84.954 E179.41203
G1 X100.35 Y84.954 E179.417
G1 X100.35 Y85.153 E179.42021
G1 X100.35 Y98.728 E179.75884
G1 X94.314 Y98.729 E179.90941
G0 F1350 X92.649 Y98.729
G0 F9000 X92.025 Y99.154
;TYPE:WALL-OUTER
G1 F480 E179.95094
G1 F900 X92.025 Y98.979 E179.95476
G1 X92.025 Y84.53 E180.27014
G1 X100.6 Y84.529 E180.4573
G1 X100.775 Y84.529 E180.46112
G1 X100.775 Y84.704 E180.46359
G1 X100.775 Y99.153 E180.77897
G1 X92.2 Y99.154 E180.96614
G1 X92.025 Y99.154 E180.96861
G0 F9000 X92.025 Y98.979
G0 X92.025 Y98.954
G0 X92.411 Y98.768
G0 X92.52 Y98.659
G0 X98.567 Y85.714
;TYPE:FILL
G1 F3000 X99.588 Y86.736 E181.00465
G1 X99.588 Y87.409 E181.02143
G1 X97.778 Y89.22 E181.0853
G1 X97.778 Y92.466 E181.16628
G1 X99.588 Y94.277 E181.23015
G1 X99.588 Y94.95 E181.24694
G1 X97.779 Y96.759 E181.31075
G1 X97.779 Y97.968 E181.34091
G1 X99.509 Y97.967 E181.38407
G1 X97.778 Y96.237 E181.44511
G1 X97.778 Y92.99 E181.52611
G1 X99.588 Y91.18 E181.58996
G1 X99.588 Y90.506 E181.60678
G1 X97.777 Y88.695 E181.67066
G1 X97.778 Y88.687 E181.67087
G1 X97.768 Y88.686 E181.67112
G1 X94.797 Y85.715 E181.77593
G1 X93.743 Y85.714 E181.80222
G1 X93.209 Y86.248 E181.82106
G1 X93.209 Y87.897 E181.86219
G1 X95.021 Y89.709 E181.92611
G1 X95.021 Y91.977 E181.98269
G1 X93.209 Y93.789 E182.04661
G1 X93.209 Y95.438 E182.08775
G1 X95.021 Y97.249 E182.15165
G1 X95.021 Y97.969 E182.16961
G1 X93.21 Y97.969 E182.21479
G1 X93.209 Y97.559 E182.22502
G1 X95.021 Y95.747 E182.28894
G1 X95.021 Y93.479 E182.34552
G1 X93.209 Y91.667 E182.40944
G1 X93.209 Y90.018 E182.45057
G1 X97.514 Y85.714 E182.60243
G1 X99.59 Y85.714 E182.65421
G0 F9000 X97.628 Y88.837
;TYPE:SKIN
G1 F2400 X97.629 Y97.938 E182.88124
G1 X95.171 Y97.939 E182.94255
G1 X95.172 Y88.837 E183.1696
G1 X95.963 Y88.837 E183.18933
G0 F2160 X97.628 Y88.837
G0 F9000 X97.447 Y89.528
G1 F480 E183.23087
G1 F2400 X96.936 Y89.016 E183.24891
G0 F9000 X96.37 Y89.016
G1 F2400 X97.447 Y90.093 E183.28691
G0 F9000 X97.447 Y90.659
G1 F2400 X95.805 Y89.016 E183.34485
G0 F9000 X95.351 Y89.128
G1 F2400 X97.447 Y91.225 E183.41881
G0 F9000 X97.447 Y91.79
G1 F2400 X95.351 Y89.694 E183.49275
G0 F9000 X95.351 Y90.26
G1 F2400 X97.448 Y92.357 E183.56673
G0 F9000 X97.448 Y92.923
G1 F2400 X95.351 Y90.825 E183.64072
G0 F9000 X95.351 Y91.391
G1 F2400 X97.448 Y93.488 E183.7147
G0 F9000 X97.448 Y94.054
G1 F2400 X95.351 Y91.957 E183.78868
G0 F9000 X95.351 Y92.522
G1 F2400 X97.448 Y94.62 E183.86267
G0 F9000 X97.449 Y95.186
G1 F2400 X95.351 Y93.088 E183.93669
G0 F9000 X95.351 Y93.654
G1 F2400 X97.449 Y95.752 E184.0107
G0 F9000 X97.449 Y96.317
G1 F2400 X95.351 Y94.219 E184.08471
G0 F9000 X95.351 Y94.785
G1 F2400 X97.449 Y96.883 E184.15872
G0 F9000 X97.449 Y97.449
G1 F2400 X95.351 Y95.351 E184.23274
G0 F9000 X95.351 Y95.916
G1 F2400 X97.191 Y97.757 E184.29767
G0 F9000 X96.626 Y97.757
G1 F2400 X95.351 Y96.482 E184.34264
G0 F9000 X95.351 Y97.048
G1 F2400 X96.06 Y97.757 E184.36766
G0 F9000 X95.494 Y97.757
G1 F2400 X95.351 Y97.613 E184.37272
G1 F1500 E182.87272
G1 F900 Z2.21
G0 F9000 X95.351 Y97.613 Z2.21
G0 X83.977 Y90.45
;TIME_ELAPSED:332.267785
;LAYER:7
G0 X83.977 Y90.45 Z2.36
;TYPE:WALL-INNER
G1 F900 Z1.36
G1 F480 E184.43508
G1 F1500 X84.276 Y90.536 E184.44284
G1 X84.489 Y90.564 E184.4482
G1 X84.7 Y90.565 E184.45347
G1 X84.912 Y90.54 E184.45879
G1 X85.13 Y90.479 E184.46444
G1 X85.366 Y90.377 E184.47085
G1 X85.585 Y90.236 E184.47735
G1 X85.795 Y90.039 E184.48453
G1 X85.959 Y89.817 E184.49142
G1 X86.092 Y89.567 E184.49848
G1 X86.195 Y89.188 E184.50828
G1 X86.202 Y88.898 E184.51551
G1 X86.169 Y88.623 E184.52242
G1 X86.083 Y88.344 E184.5297
G1 X85.95 Y88.102 E184.53659
G1 X85.779 Y87.873 E184.54372
G1 X85.567 Y87.684 E184.55081
G1 X85.321 Y87.532 E184.55802
G1 X85.053 Y87.427 E184.5652
G1 X84.819 Y87.376 E184.57117
G1 X84.79 Y87.375 E184.5719
G1 X84.625 Y87.364 E184.57602
G1 X84.596 Y87.361 E184.57675
G1 X84.378 Y87.377 E184.5822
G1 X84.175 Y87.419 E184.58737
G1 X83.963 Y87.491 E184.59296
G1 X83.695 Y87.64 E184.60061
G1 X83.468 Y87.825 E184.60791
G1 X83.289 Y88.04 E184.61489
G1 X83.147 Y88.286 E184.62198
G1 X83.064 Y88.512 E184.62798
G1 X83.051 Y88.545 E184.62887
G1 X83.001 Y88.816 E184.63574
G1 X83 Y89.109 E184.64305
G1 X83.013 Y89.18 E184.64485
G0 F1350 X83.049 Y89.383
G0 X83.138 Y89.631
G0 X83.281 Y89.88
G0 X83.459 Y90.095
G0 X83.661 Y90.269
G0 X83.977 Y90.45
G0 F9000 X84.134 Y90.079
G1 F480 E184.68639
G1 F1500 X84.358 Y90.143 E184.6922
G1 X84.517 Y90.164 E184.6962
G1 X84.677 Y90.165 E184.70019
G1 X84.834 Y90.146 E184.70413
G1 X84.997 Y90.101 E184.70835
G1 X85.177 Y90.023 E184.71325
G1 X85.338 Y89.919 E184.71803
G1 X85.495 Y89.772 E184.72339
G1 X85.62 Y89.603 E184.72864
G1 X85.718 Y89.419 E184.73384
G1 X85.796 Y89.13 E184.7413
G1 X85.801 Y88.917 E184.74662
G1 X85.776 Y88.706 E184.75192
G1 X85.713 Y88.501 E184.75727
G1 X85.613 Y88.319 E184.76245
G1 X85.483 Y88.145 E184.76787
G1 X85.327 Y88.006 E184.77308
G1 X85.141 Y87.891 E184.77853
G1 X84.937 Y87.811 E184.784
G1 X84.763 Y87.773 E184.78844
G1 X84.597 Y87.762 E184.79259
G1 X84.434 Y87.774 E184.79667
G1 X84.28 Y87.806 E184.80059
G1 X84.126 Y87.858 E184.80465
G1 X83.921 Y87.972 E184.8105
G1 X83.751 Y88.111 E184.81598
G1 X83.618 Y88.27 E184.82115
G1 X83.51 Y88.457 E184.82653
G1 X83.438 Y88.651 E184.8317
G1 X83.426 Y88.714 E184.8333
G0 F1350 X83.401 Y88.853
G0 X83.4 Y89.074
G0 X83.437 Y89.279
G0 X83.503 Y89.463
G0 X83.611 Y89.652
G0 X83.745 Y89.814
G0 X83.893 Y89.941
G0 X84.134 Y90.079
G0 F9000 X84.301 Y89.685
;TYPE:WALL-OUTER
G1 F480 E184.87483
G1 F900 X84.444 Y89.726 E184.87808
G1 X84.546 Y89.739 E184.88032
G1 X84.653 Y89.74 E184.88266
G1 X84.751 Y89.728 E184.88481
G1 X84.855 Y89.699 E184.88717
G1 X84.976 Y89.647 E184.89004
G1 X85.075 Y89.583 E184.89262
G1 X85.176 Y89.488 E184.89564
G1 X85.26 Y89.375 E184.89872
G1 X85.32 Y89.262 E184.90151
G1 X85.372 Y89.069 E184.90587
G1 X85.375 Y88.937 E184.90875
G1 X85.358 Y88.794 E184.9119
G1 X85.319 Y88.667 E184.9148
G1 X85.255 Y88.55 E184.91771
G1 X85.168 Y88.434 E184.92087
G1 X85.072 Y88.348 E184.92368
G1 X84.95 Y88.273 E184.92681
G1 X84.813 Y88.219 E184.93002
G1 X84.703 Y88.195 E184.93248
G1 X84.599 Y88.188 E184.93476
G1 X84.493 Y88.196 E184.93708
G1 X84.391 Y88.217 E184.93935
G1 X84.299 Y88.248 E184.94147
G1 X84.23 Y88.287 E184.9432
G0 F810 X84.161 Y88.325
G0 X84.051 Y88.415
G0 X83.968 Y88.514
G0 X83.896 Y88.639
G0 X83.849 Y88.764
G0 X83.826 Y88.892
G0 X83.825 Y89.037
G0 X83.849 Y89.168
G0 X83.891 Y89.285
G0 X83.962 Y89.41
G0 X84.049 Y89.515
G0 X84.139 Y89.592
G0 X84.301 Y89.685
G0 F9000 X84.444 Y89.726
G0 X84.496 Y89.732
G0 X84.447 Y90.117
G0 X84.429 Y90.253
G0 X81.05 Y107.986
;TYPE:WALL-INNER
G1 F480 E184.98124
G1 F1500 X81.05 Y107.787 E184.98621
G1 X81.05 Y85.094 E185.55229
G1 X88.15 Y85.094 E185.7294
G1 X88.15 Y107.985 E186.30042
G1 X81.249 Y107.986 E186.47256
G1 X81.05 Y107.986 E186.47577
G0 F9000 X80.849 Y108.386
G1 F1500 X80.65 Y108.386 E186.48074
G1 X80.65 Y108.187 E186.48395
G1 X80.65 Y84.694 E187.06998
G1 X88.55 Y84.694 E187.26705
G1 X88.55 Y108.385 E187.85803
G1 X82.514 Y108.386 E188.00859
G0 F1350 X80.849 Y108.386
G0 F9000 X80.225 Y108.811
;TYPE:WALL-OUTER
G1 F480 E188.05013
G1 F900 X80.225 Y108.636 E188.05395
G1 X80.225 Y84.269 E188.5858
G1 X88.975 Y84.269 E188.77679
G1 X88.975 Y108.81 E189.31245
G1 X80.4 Y108.811 E189.49961
G1 X80.225 Y108.811 E189.50208
G0 F9000 X80.225 Y108.636
G0 X80.225 Y108.611
G0 X80.611 Y108.425
G0 X81.409 Y105.588
;TYPE:FILL
G1 F3000 X82.528 Y104.47 E189.54154
G1 X82.528 Y107.379 E189.61411
G1 X81.409 Y106.26 E189.65358
G1 X81.409 Y102.49 E189.74763
G1 X82.528 Y103.608 E189.78708
G1 X82.528 Y100.699 E189.85965
G1 X81.409 Y101.818 E189.89913
G1 X81.409 Y98.719 E189.97643
G1 X82.528 Y99.838 E190.01591
G1 X82.529 Y98.387 E190.0521
G1 X84.842 Y98.386 E190.1098
G1 X87.789 Y95.438 E190.21378
G1 X87.79 Y93.789 E190.25492
G1 X84.904 Y90.903 E190.35673
G1 X84.982 Y90.894 E190.35869
G1 X85.252 Y90.818 E190.36568
G1 X85.539 Y90.694 E190.37348
G1 X85.805 Y90.523 E190.38137
G1 X86.065 Y90.279 E190.39026
G1 X86.263 Y90.011 E190.39858
G1 X86.429 Y89.699 E190.40739
G1 X86.554 Y89.239 E190.41928
G1 X86.556 Y89.13 E190.422
G1 X87.789 Y87.898 E190.46548
G1 X87.79 Y86.248 E190.50664
G1 X86.996 Y85.454 E190.53465
G1 X86.463 Y85.453 E190.54795
G1 X84.893 Y87.023 E190.60333
G1 X85.157 Y87.081 E190.61008
G1 X85.483 Y87.208 E190.6188
G1 X85.784 Y87.394 E190.62763
G1 X86.045 Y87.627 E190.63636
G1 X86.255 Y87.909 E190.64513
G1 X86.416 Y88.201 E190.65345
G1 X86.522 Y88.546 E190.66245
G1 X86.549 Y88.778 E190.66828
G1 X87.79 Y90.018 E190.71204
G1 X87.789 Y91.668 E190.7532
G1 X81.409 Y98.048 E190.97827
G1 X81.409 Y94.949 E191.05557
G1 X84.846 Y98.386 E191.17682
G1 X86.672 Y98.387 E191.22237
G1 X86.671 Y100.211 E191.26787
G1 X87.79 Y101.329 E191.30733
G1 X87.789 Y102.979 E191.34849
G1 X86.672 Y104.096 E191.38789
G1 X86.672 Y107.625 E191.47593
G1 X86.914 Y107.624 E191.48196
G1 X87.789 Y106.749 E191.51283
G1 X87.79 Y105.1 E191.55397
G1 X86.671 Y103.981 E191.59344
G1 X86.672 Y100.326 E191.68462
G1 X87.789 Y99.209 E191.72402
G1 X87.79 Y97.559 E191.76518
G1 X81.409 Y91.179 E191.99027
G1 X81.409 Y94.277 E192.06755
G1 X84.769 Y90.918 E192.18606
G1 X84.718 Y90.925 E192.18735
G1 X84.462 Y90.924 E192.19373
G1 X84.202 Y90.89 E192.20028
G1 X83.837 Y90.784 E192.20976
G1 X83.451 Y90.563 E192.22085
G1 X83.201 Y90.348 E192.22908
G1 X82.983 Y90.085 E192.2376
G1 X82.808 Y89.781 E192.24635
G1 X82.701 Y89.478 E192.25436
G1 X82.64 Y89.14 E192.26293
G1 X82.641 Y88.784 E192.27181
G1 X82.663 Y88.662 E192.27491
G1 X81.409 Y87.409 E192.31913
G1 X81.409 Y90.507 E192.39641
G1 X82.66 Y89.257 E192.44052
G0 F9000 X84.588 Y87.001
G1 F3000 X84.783 Y87.012 E192.44539
G1 X83.225 Y85.453 E192.50037
G1 X81.41 Y85.454 E192.54565
G1 X81.409 Y86.737 E192.57765
G1 X82.694 Y85.453 E192.62297
G0 F9000 X82.679 Y98.537
;TYPE:SKIN
G1 F2400 X86.522 Y98.537 E192.71883
G1 X86.522 Y107.595 E192.94478
G1 X82.679 Y107.596 E193.04065
G1 X82.679 Y100.202 E193.22509
G0 F2160 X82.679 Y98.537
G0 F9000 X82.858 Y99.291
G1 F480 E193.26663
G1 F2400 X83.434 Y98.716 E193.28693
G0 F9000 X84 Y98.716
G1 F2400 X82.858 Y99.857 E193.3272
G0 F9000 X82.858 Y100.423
G1 F2400 X84.565 Y98.716 E193.38742
G0 F9000 X85.131 Y98.716
G1 F2400 X82.858 Y100.988 E193.46759
G0 F9000 X82.858 Y101.554
G1 F2400 X85.697 Y98.716 E193.56772
G0 F9000 X86.262 Y98.716
G1 F2400 X82.858 Y102.12 E193.68781
G0 F9000 X82.858 Y102.686
G1 F2400 X86.341 Y99.202 E193.8107
G0 F9000 X86.341 Y99.768
G1 F2400 X82.858 Y103.251 E193.93357
G0 F9000 X82.858 Y103.817
G1 F2400 X86.341 Y100.334 E194.05644
G0 F9000 X86.341 Y100.899
G1 F2400 X82.858 Y104.383 E194.17933
G0 F9000 X82.858 Y104.948
G1 F2400 X86.341 Y101.465 E194.3022
G0 F9000 X86.341 Y102.031
G1 F2400 X82.858 Y105.514 E194.42507
G0 F9000 X82.858 Y106.08
G1 F2400 X86.341 Y102.596 E194.54796
G0 F9000 X86.341 Y103.162
G1 F2400 X82.858 Y106.645 E194.67084
G0 F9000 X82.858 Y107.211
G1 F2400 X86.341 Y103.728 E194.79371
G0 F9000 X86.341 Y104.294
G1 F2400 X83.22 Y107.415 E194.90381
G0 F9000 X83.786 Y107.415
G1 F2400 X86.341 Y104.859 E194.99396
G0 F9000 X86.341 Y105.425
G1 F2400 X84.352 Y107.415 E195.06415
G0 F9000 X84.918 Y107.414
G1 F2400 X86.341 Y105.991 E195.11435
G0 F9000 X86.341 Y106.556
G1 F2400 X85.484 Y107.414 E195.1446
G0 F9000 X86.049 Y107.414
G1 F2400 X86.341 Y107.122 E195.1549
G1 F1500 E193.6549
G1 F900 Z2.36
G0 F9000 X86.341 Y107.122 Z2.36
G0 X92.85 Y98.326
;TYPE:WALL-INNER
G1 F900 Z1.36
G1 F480 E195.21726
G1 F1500 X92.85 Y98.127 E195.22223
G1 X92.85 Y85.351 E195.54093
G1 X99.751 Y85.35 E195.71307
G1 X99.95 Y85.35 E195.71804
G1 X99.95 Y85.549 E195.72125
G1 X99.95 Y98.325 E196.03995
G1 X93.049 Y98.326 E196.21209
G1 X92.85 Y98.326 E196.2153
G0 F9000 X92.649 Y98.726
G1 F1500 X92.45 Y98.726 E196.22027
G1 X92.45 Y98.527 E196.22348
G1 X92.45 Y84.951 E196.56213
G1 X100.151 Y84.95 E196.75424
G1 X100.35 Y84.95 E196.7592
G1 X100.35 Y85.149 E196.76241
G1 X100.35 Y98.725 E197.10107
G1 X94.314 Y98.726 E197.25164
G0 F1350 X92.649 Y98.726
G0 F9000 X92.025 Y99.151
;TYPE:WALL-OUTER
G1 F480 E197.29317
G1 F900 X92.025 Y98.976 E197.29699
G1 X92.025 Y84.526 E197.61239
G1 X100.6 Y84.525 E197.79955
G1 X100.775 Y84.525 E197.80337
G1 X100.775 Y84.7 E197.80585
G1 X100.775 Y99.15 E198.12125
G1 X92.2 Y99.151 E198.30841
G1 X92.025 Y99.151 E198.31088
G0 F9000 X92.025 Y98.976
G0 X92.025 Y98.951
G0 X92.411 Y98.765
G0 X93.209 Y95.438
;TYPE:FILL
G1 F3000 X94.709 Y96.937 E198.36378
G1 X94.708 Y96.06 E198.38566
G1 X93.21 Y97.558 E198.43851
G1 X93.21 Y93.788 E198.53255
G1 X94.708 Y92.29 E198.58539
G1 X94.709 Y93.167 E198.60727
G1 X93.209 Y91.667 E198.66019
G1 X93.21 Y90.018 E198.70132
G1 X97.518 Y85.709 E198.85332
G1 X93.747 Y85.71 E198.94738
G1 X93.21 Y86.247 E198.96633
G1 X93.209 Y87.897 E199.00749
G1 X94.709 Y89.397 E199.0604
G1 X94.71 Y88.687 E199.07812
G1 X97.769 Y88.687 E199.15442
G1 X94.793 Y85.711 E199.25941
G0 F9000 X99.59 Y85.71
G1 F3000 X98.562 Y85.71 E199.28505
G1 X99.589 Y86.737 E199.32128
G1 X99.588 Y87.409 E199.33805
G1 X98.089 Y88.908 E199.39093
G1 X98.089 Y89.007 E199.3934
G1 X99.589 Y90.507 E199.44631
G1 X99.588 Y91.18 E199.4631
G1 X98.089 Y92.679 E199.51598
G1 X98.089 Y92.777 E199.51843
G1 X99.589 Y94.277 E199.57134
G1 X99.588 Y94.95 E199.58813
G1 X98.09 Y96.448 E199.64098
G1 X98.091 Y97.965 E199.67882
G1 X99.506 Y97.964 E199.71412
G1 X98.089 Y96.548 E199.76409
G0 F9000 X97.941 Y97.935
;TYPE:SKIN
G1 F2400 X94.859 Y97.936 E199.84097
G1 X94.86 Y88.837 E200.06794
G1 X97.94 Y88.837 E200.14478
G1 X97.941 Y96.27 E200.33019
G0 F2160 X97.941 Y97.935
G0 F9000 X97.759 Y97.401
G1 F480 E200.37173
G1 F2400 X97.406 Y97.755 E200.3842
G0 F9000 X96.84 Y97.755
G1 F2400 X97.759 Y96.836 E200.41662
G0 F9000 X97.759 Y96.27
G1 F2400 X96.274 Y97.755 E200.469
G0 F9000 X95.709 Y97.755
G1 F2400 X97.759 Y95.704 E200.54134
G0 F9000 X97.759 Y95.139
G1 F2400 X95.143 Y97.755 E200.63363
G0 F9000 X95.038 Y97.294
G1 F2400 X97.759 Y94.573 E200.72962
G0 F9000 X97.759 Y94.007
G1 F2400 X95.038 Y96.728 E200.82561
G0 F9000 X95.038 Y96.162
G1 F2400 X97.759 Y93.442 E200.92158
G0 F9000 X97.759 Y92.876
G1 F2400 X95.038 Y95.597 E201.01757
G0 F9000 X95.038 Y95.031
G1 F2400 X97.759 Y92.31 E201.11356
G0 F9000 X97.759 Y91.744
G1 F2400 X95.038 Y94.465 E201.20955
G0 F9000 X95.038 Y93.9
G1 F2400 X97.759 Y91.179 E201.30554
G0 F9000 X97.759 Y90.613
G1 F2400 X95.038 Y93.334 E201.40153
G0 F9000 X95.038 Y92.768
G1 F2400 X97.759 Y90.047 E201.49753
G0 F9000 X97.759 Y89.482
G1 F2400 X95.038 Y92.203 E201.59352
G0 F9000 X95.038 Y91.637
G1 F2400 X97.659 Y89.016 E201.68598
G0 F9000 X97.093 Y89.016
G1 F2400 X95.038 Y91.071 E201.75847
G0 F9000 X95.038 Y90.506
G1 F2400 X96.527 Y89.016 E201.81102
G0 F9000 X95.962 Y89.016
G1 F2400 X95.038 Y89.94 E201.84362
G0 F9000 X95.038 Y89.374
G1 F2400 X95.396 Y89.016 E201.85625
G1 F1500 E200.35625
G1 F900 Z2.36
G0 F9000 X95.396 Y89.016 Z2.36
G0 X83.977 Y90.45
;TIME_ELAPSED:371.140308
;LAYER:8
G0 X83.977 Y90.45 Z2.51
;TYPE:WALL-INNER
G1 F900 Z1.51
G1 F480 E201.91861
G1 F1500 X84.264 Y90.534 E201.92607
G1 X84.483 Y90.564 E201.93158
G1 X84.712 Y90.565 E201.9373
G1 X84.92 Y90.537 E201.94253
G1 X85.139 Y90.477 E201.9482
G1 X85.37 Y90.374 E201.9545
G1 X85.584 Y90.235 E201.96087
G1 X85.797 Y90.036 E201.96814
G1 X85.958 Y89.819 E201.97488
G1 X86.092 Y89.569 E201.98196
G1 X86.195 Y89.187 E201.99183
G1 X86.202 Y88.895 E201.99911
G1 X86.17 Y88.626 E202.00587
G1 X86.083 Y88.345 E202.01321
G1 X85.948 Y88.097 E202.02025
G1 X85.78 Y87.878 E202.02714
G1 X85.573 Y87.687 E202.03416
G1 X85.312 Y87.527 E202.0418
G1 X85.05 Y87.427 E202.0488
G1 X84.82 Y87.376 E202.05467
G1 X84.596 Y87.361 E202.06027
G1 X84.378 Y87.377 E202.06572
G1 X84.175 Y87.419 E202.0709
G1 X83.965 Y87.491 E202.07643
G1 X83.702 Y87.636 E202.08393
G1 X83.466 Y87.826 E202.09148
G1 X83.288 Y88.043 E202.09848
G1 X83.149 Y88.281 E202.10536
G1 X83.063 Y88.513 E202.11153
G1 X83.05 Y88.546 E202.11242
G1 X83.001 Y88.82 E202.11936
G1 X83 Y89.106 E202.12649
G1 X83.014 Y89.179 E202.12835
G0 F1350 X83.049 Y89.38
G0 X83.139 Y89.635
G0 X83.279 Y89.876
G0 X83.457 Y90.093
G0 X83.663 Y90.271
G0 X83.977 Y90.45
G0 F9000 X84.134 Y90.079
G1 F480 E202.16988
G1 F1500 X84.348 Y90.142 E202.17545
G1 X84.511 Y90.164 E202.17955
G1 X84.686 Y90.165 E202.18392
G1 X84.84 Y90.144 E202.18779
G1 X85.004 Y90.099 E202.19203
G1 X85.179 Y90.021 E202.19681
G1 X85.337 Y89.919 E202.2015
G1 X85.497 Y89.769 E202.20698
G1 X85.619 Y89.604 E202.21209
G1 X85.718 Y89.42 E202.21731
G1 X85.796 Y89.13 E202.2248
G1 X85.801 Y88.914 E202.23019
G1 X85.777 Y88.709 E202.23534
G1 X85.713 Y88.501 E202.24076
G1 X85.612 Y88.316 E202.24602
G1 X85.484 Y88.149 E202.25127
G1 X85.33 Y88.007 E202.2565
G1 X85.135 Y87.887 E202.26221
G1 X84.935 Y87.811 E202.26755
G1 X84.763 Y87.773 E202.27194
G1 X84.597 Y87.762 E202.27609
G1 X84.434 Y87.774 E202.28017
G1 X84.28 Y87.806 E202.28409
G1 X84.127 Y87.858 E202.28812
G1 X83.926 Y87.969 E202.29385
G1 X83.749 Y88.112 E202.29953
G1 X83.617 Y88.272 E202.3047
G1 X83.512 Y88.453 E202.30992
G1 X83.437 Y88.652 E202.31522
G1 X83.426 Y88.714 E202.31679
G0 F1350 X83.401 Y88.856
G0 X83.4 Y89.071
G0 X83.437 Y89.277
G0 X83.504 Y89.467
G0 X83.609 Y89.648
G0 X83.744 Y89.813
G0 X83.895 Y89.943
G0 X84.134 Y90.079
G0 F9000 X84.301 Y89.685
;TYPE:WALL-OUTER
G1 F480 E202.35833
G1 F900 X84.437 Y89.725 E202.36142
G1 X84.541 Y89.739 E202.36371
G1 X84.659 Y89.74 E202.36629
G1 X84.755 Y89.727 E202.3684
G1 X84.86 Y89.698 E202.37078
G1 X84.976 Y89.646 E202.37356
G1 X85.074 Y89.583 E202.3761
G1 X85.178 Y89.485 E202.37922
G1 X85.259 Y89.376 E202.38218
G1 X85.32 Y89.262 E202.385
G1 X85.372 Y89.069 E202.38937
G1 X85.375 Y88.934 E202.39231
G1 X85.359 Y88.797 E202.39532
G1 X85.319 Y88.667 E202.39829
G1 X85.254 Y88.548 E202.40125
G1 X85.169 Y88.436 E202.40432
G1 X85.073 Y88.348 E202.40716
G1 X84.946 Y88.27 E202.41042
G1 X84.813 Y88.219 E202.41353
G1 X84.703 Y88.195 E202.41598
G1 X84.599 Y88.188 E202.41826
G1 X84.493 Y88.196 E202.42058
G1 X84.391 Y88.217 E202.42285
G1 X84.299 Y88.248 E202.42497
G1 X84.234 Y88.285 E202.4266
G0 F810 X84.164 Y88.323
G0 X84.05 Y88.415
G0 X83.967 Y88.516
G0 X83.897 Y88.636
G0 X83.849 Y88.764
G0 X83.826 Y88.895
G0 X83.825 Y89.034
G0 X83.849 Y89.167
G0 X83.892 Y89.288
G0 X83.96 Y89.406
G0 X84.049 Y89.515
G0 X84.141 Y89.594
G0 X84.301 Y89.685
G0 F9000 X84.437 Y89.725
G0 X84.496 Y89.732
G0 X84.445 Y90.117
G0 X84.427 Y90.253
G0 X81.05 Y107.977
;TYPE:WALL-INNER
G1 F480 E202.46471
G1 F1500 X81.05 Y107.778 E202.46968
G1 X81.05 Y85.086 E203.03573
G1 X88.15 Y85.086 E203.21284
G1 X88.15 Y107.976 E203.78384
G1 X86.085 Y107.976 E203.83535
G1 X86.084 Y98.547 E204.07055
G1 X83.116 Y98.547 E204.14459
G1 X83.115 Y107.976 E204.3798
G1 X81.249 Y107.977 E204.42635
G1 X81.05 Y107.977 E204.42956
G0 F9000 X80.849 Y108.377
G1 F1500 X80.65 Y108.377 E204.43452
G1 X80.65 Y108.178 E204.43773
G1 X80.65 Y84.686 E205.02374
G1 X88.55 Y84.686 E205.22081
G1 X88.55 Y108.376 E205.81176
G1 X85.685 Y108.376 E205.88323
G1 X85.684 Y98.947 E206.11844
G1 X83.516 Y98.947 E206.17252
G1 X83.515 Y108.376 E206.40772
G1 X82.514 Y108.377 E206.43269
G0 F1350 X80.849 Y108.377
G0 F9000 X80.225 Y108.802
;TYPE:WALL-OUTER
G1 F480 E206.47423
G1 F900 X80.225 Y108.627 E206.47805
G1 X80.225 Y84.261 E207.00988
G1 X88.975 Y84.261 E207.20087
G1 X88.975 Y108.801 E207.7365
G1 X85.26 Y108.801 E207.81759
G1 X85.259 Y99.372 E208.0234
G1 X83.941 Y99.372 E208.05216
G1 X83.94 Y108.801 E208.25797
G1 X80.4 Y108.802 E208.33524
G1 X80.225 Y108.802 E208.33771
G0 F9000 X80.225 Y108.627
G0 X80.225 Y108.602
G0 X80.611 Y108.416
G0 X81.41 Y105.588
;TYPE:FILL
G1 F3000 X82.754 Y104.243 E208.38514
G1 X82.755 Y107.606 E208.46903
G1 X81.409 Y106.26 E208.51651
G1 X81.409 Y102.49 E208.61056
G1 X82.755 Y103.835 E208.65802
G1 X82.755 Y100.472 E208.74191
G1 X81.41 Y101.817 E208.78936
G1 X81.409 Y98.719 E208.86664
G1 X82.756 Y100.066 E208.91416
G1 X82.756 Y98.187 E208.96103
G1 X84.646 Y98.186 E209.00818
G1 X81.409 Y94.949 E209.12237
G1 X81.41 Y98.047 E209.19965
G1 X87.789 Y91.668 E209.42469
G1 X87.789 Y90.018 E209.46585
G1 X86.55 Y88.779 E209.50956
G1 X86.523 Y88.548 E209.51536
G1 X86.416 Y88.205 E209.52432
G1 X86.302 Y87.993 E209.53033
G1 X86.33 Y87.952 E209.53157
G1 X86.829 Y88.021 E209.54413
G1 X87.469 Y85.928 E209.59873
G1 X87.789 Y86.247 E209.61
G1 X87.789 Y87.898 E209.65118
G1 X86.556 Y89.13 E209.69466
G1 X86.554 Y89.24 E209.69741
G1 X86.429 Y89.703 E209.70937
G1 X86.264 Y90.014 E209.71815
G1 X86.068 Y90.276 E209.72632
G1 X85.808 Y90.518 E209.73518
G1 X85.544 Y90.691 E209.74305
G1 X85.261 Y90.817 E209.75078
G1 X84.989 Y90.891 E209.75781
G1 X84.903 Y90.902 E209.75997
G1 X87.789 Y93.788 E209.86178
G1 X87.789 Y95.438 E209.90294
G1 X85.041 Y98.186 E209.99989
G1 X86.444 Y98.187 E210.03488
G1 X86.443 Y99.983 E210.07969
G1 X87.789 Y101.329 E210.12717
G1 X87.789 Y102.979 E210.16833
G1 X86.444 Y104.324 E210.21578
G1 X86.443 Y107.524 E210.2956
G1 X86.535 Y107.615 E210.29883
G1 X86.923 Y107.615 E210.30851
G1 X87.789 Y106.749 E210.33906
G1 X87.789 Y105.099 E210.38022
G1 X86.443 Y103.753 E210.4277
G1 X86.444 Y100.554 E210.5075
G1 X87.789 Y99.209 E210.55495
G1 X87.789 Y97.558 E210.59613
G1 X81.409 Y91.179 E210.82119
G1 X81.41 Y94.277 E210.89847
G1 X84.767 Y90.919 E211.01691
G1 X84.737 Y90.925 E211.01768
G1 X84.457 Y90.924 E211.02466
G1 X84.19 Y90.887 E211.03138
G1 X83.836 Y90.784 E211.04058
G1 X83.453 Y90.565 E211.05159
G1 X83.197 Y90.344 E211.06002
G1 X82.982 Y90.084 E211.06844
G1 X82.811 Y89.788 E211.07697
G1 X82.7 Y89.471 E211.08534
G1 X82.66 Y89.256 E211.0908
G1 X81.41 Y90.506 E211.1349
G1 X81.409 Y87.409 E211.21215
G1 X82.664 Y88.663 E211.25641
G1 X82.702 Y88.449 E211.26183
G1 X82.821 Y88.128 E211.27037
G1 X82.901 Y87.993 E211.27428
G1 X82.874 Y87.952 E211.27551
G1 X82.369 Y88.02 E211.28822
G1 X81.717 Y85.886 E211.34388
G1 X82.487 Y85.508 E211.36528
G1 X82.473 Y85.446 E211.36686
G1 X81.41 Y85.446 E211.39338
G1 X81.41 Y86.736 E211.42556
G1 X81.844 Y86.302 E211.44087
G0 F9000 X86.987 Y85.446
G1 F3000 X87.374 Y85.832 E211.45451
G1 X86.713 Y85.507 E211.47288
G1 X86.727 Y85.446 E211.47444
G1 X87.79 Y85.446 E211.50096
G0 F9000 X87.302 Y85.965
;TYPE:SKIN
G1 F2400 X86.722 Y87.856 E211.5503
G1 X86.197 Y87.783 E211.56352
G1 X86.069 Y87.615 E211.56879
G1 X85.809 Y87.375 E211.57761
G1 X85.485 Y87.176 E211.5871
G1 X85.163 Y87.053 E211.5957
G1 X84.875 Y86.988 E211.60306
G1 X84.594 Y86.971 E211.61009
G1 X84.324 Y86.989 E211.61684
G1 X84.072 Y87.042 E211.62326
G1 X83.807 Y87.133 E211.63025
G1 X83.484 Y87.311 E211.63945
G1 X83.19 Y87.547 E211.64885
G1 X82.996 Y87.782 E211.65645
G1 X82.476 Y87.854 E211.66955
G1 X81.899 Y85.965 E211.71882
G1 X82.893 Y85.476 E211.74645
G1 X85.75 Y85.476 E211.81772
G0 F2160 X86.307 Y85.476
G0 X87.302 Y85.965
G0 F9000 X86.976 Y86.411
G1 F480 E211.85926
G1 F2400 X86.221 Y85.655 E211.88591
G0 F9000 X85.655 Y85.655
G1 F2400 X86.844 Y86.844 E211.92785
G0 F9000 X86.711 Y87.277
G1 F2400 X85.089 Y85.655 E211.98507
G0 F9000 X84.524 Y85.655
G1 F2400 X86.512 Y87.643 E212.05521
G0 F9000 X85.172 Y86.869
G1 F2400 X83.958 Y85.655 E212.09803
G0 F9000 X83.392 Y85.655
G1 F2400 X84.531 Y86.793 E212.1382
G0 F9000 X84.036 Y86.864
G1 F2400 X82.862 Y85.69 E212.17961
G0 F9000 X82.483 Y85.877
G1 F2400 X83.63 Y87.024 E212.22008
G0 F9000 X83.281 Y87.241
G1 F2400 X82.121 Y86.081 E212.261
G0 F9000 X82.37 Y86.896
G1 F2400 X82.986 Y87.511 E212.28271
G1 F1500 E210.78271
G1 F900 Z2.51
G0 F9000 X82.986 Y87.511 Z2.51
G0 X92.85 Y98.322
;TYPE:WALL-INNER
G1 F900 Z1.51
G1 F480 E212.34507
G1 F1500 X92.85 Y98.123 E212.35004
G1 X92.85 Y85.348 E212.66871
G1 X99.751 Y85.347 E212.84086
G1 X99.95 Y85.347 E212.84582
G1 X99.95 Y85.546 E212.84903
G1 X99.95 Y98.321 E213.16771
G1 X93.049 Y98.322 E213.33985
G1 X92.85 Y98.322 E213.34307
G0 F9000 X92.649 Y98.722
G1 F1500 X92.45 Y98.722 E213.34803
G1 X92.45 Y98.523 E213.35124
G1 X92.45 Y84.948 E213.68987
G1 X100.151 Y84.947 E213.88197
G1 X100.35 Y84.947 E213.88694
G1 X100.35 Y85.146 E213.89015
G1 X100.35 Y98.721 E214.22878
G1 X94.314 Y98.722 E214.37935
G0 F1350 X92.649 Y98.722
G0 F9000 X92.025 Y99.147
;TYPE:WALL-OUTER
G1 F480 E214.42088
G1 F900 X92.025 Y98.972 E214.4247
G1 X92.025 Y84.523 E214.74008
G1 X100.6 Y84.522 E214.92724
G1 X100.775 Y84.522 E214.93106
G1 X100.775 Y84.697 E214.93354
G1 X100.775 Y99.146 E215.24891
G1 X92.2 Y99.147 E215.43608
G1 X92.025 Y99.147 E215.43855
G0 F9000 X92.025 Y98.972
G0 X92.025 Y98.947
G0 X92.411 Y98.761
G0 X93.209 Y95.438
;TYPE:FILL
G1 F3000 X94.542 Y96.771 E215.48558
G1 X94.541 Y96.227 E215.49915
G1 X93.21 Y97.558 E215.5461
G1 X93.21 Y93.788 E215.64015
G1 X94.541 Y92.457 E215.6871
G1 X94.542 Y93 E215.70064
G1 X93.209 Y91.667 E215.74767
G1 X93.21 Y90.018 E215.7888
G1 X97.521 Y85.706 E215.9409
G1 X93.75 Y85.707 E216.03497
G1 X93.21 Y86.247 E216.05402
G1 X93.209 Y87.897 E216.09518
G1 X94.542 Y89.23 E216.14221
G1 X94.543 Y88.687 E216.15575
G1 X97.768 Y88.686 E216.2362
G1 X94.79 Y85.708 E216.34126
G0 F9000 X99.59 Y85.707
G1 F3000 X98.56 Y85.707 E216.36695
G1 X99.588 Y86.736 E216.40323
G1 X99.588 Y87.409 E216.42002
G1 X98.257 Y88.741 E216.46699
G1 X98.256 Y89.174 E216.4778
G1 X99.588 Y90.506 E216.52479
G1 X99.588 Y91.18 E216.5416
G1 X98.257 Y92.511 E216.58855
G1 X98.256 Y92.944 E216.59935
G1 X99.588 Y94.277 E216.64636
G1 X99.588 Y94.95 E216.66315
G1 X98.257 Y96.281 E216.7101
G1 X98.258 Y97.961 E216.75201
G1 X99.501 Y97.96 E216.78302
G1 X98.256 Y96.715 E216.82694
G0 F9000 X98.108 Y97.931
;TYPE:SKIN
G1 F2400 X94.692 Y97.932 E216.91215
G1 X94.693 Y88.837 E217.13903
G1 X98.107 Y88.837 E217.22419
G1 X98.108 Y96.266 E217.40951
G0 F2160 X98.108 Y97.931
G0 F9000 X95.487 Y97.75
G1 F480 E217.45104
G1 F2400 X94.871 Y97.134 E217.47277
G0 F9000 X94.871 Y96.568
G1 F2400 X96.053 Y97.75 E217.51447
G0 F9000 X96.619 Y97.75
G1 F2400 X94.871 Y96.003 E217.57612
G0 F9000 X94.871 Y95.437
G1 F2400 X97.184 Y97.75 E217.65772
G0 F9000 X97.75 Y97.75
G1 F2400 X94.871 Y94.871 E217.75928
G0 F9000 X94.871 Y94.306
G1 F2400 X97.927 Y97.361 E217.86707
G0 F9000 X97.927 Y96.795
G1 F2400 X94.871 Y93.74 E217.97486
G0 F9000 X94.871 Y93.174
G1 F2400 X97.927 Y96.23 E218.08267
G0 F9000 X97.927 Y95.664
G1 F2400 X94.871 Y92.609 E218.19046
G0 F9000 X94.871 Y92.043
G1 F2400 X97.927 Y95.098 E218.29825
G0 F9000 X97.927 Y94.533
G1 F2400 X94.871 Y91.477 E218.40606
G0 F9000 X94.871 Y90.912
G1 F2400 X97.927 Y93.967 E218.51385
G0 F9000 X97.927 Y93.401
G1 F2400 X94.871 Y90.346 E218.62164
G0 F9000 X94.871 Y89.78
G1 F2400 X97.927 Y92.836 E218.72945
G0 F9000 X97.927 Y92.27
G1 F2400 X94.871 Y89.214 E218.83726
G0 F9000 X95.239 Y89.016
G1 F2400 X97.927 Y91.704 E218.93209
G0 F9000 X97.927 Y91.138
G1 F2400 X95.805 Y89.016 E219.00695
G0 F9000 X96.37 Y89.016
G1 F2400 X97.927 Y90.573 E219.06187
G0 F9000 X97.927 Y90.007
G1 F2400 X96.936 Y89.016 E219.09683
G0 F9000 X97.502 Y89.016
G1 F2400 X97.927 Y89.441 E219.11183
G1 F1500 E217.61183
G1 F900 Z2.51
G0 F9000 X97.927 Y89.441 Z2.51
G0 X83.974 Y90.45
;TIME_ELAPSED:410.558365
;LAYER:9
G0 X83.974 Y90.45 Z2.66
;TYPE:WALL-INNER
G1 F900 Z1.66
G1 F480 E219.17419
G1 F1500 X84.252 Y90.53 E219.18141
G1 X84.469 Y90.564 E219.18689
G1 X84.758 Y90.565 E219.19409
G1 X85.122 Y90.485 E219.20339
G1 X85.368 Y90.375 E219.21011
G1 X85.588 Y90.233 E219.21664
G1 X85.799 Y90.03 E219.22395
G1 X85.955 Y89.823 E219.23041
G1 X86.086 Y89.581 E219.23728
G1 X86.169 Y89.302 E219.24454
G1 X86.202 Y89.043 E219.25105
G1 X86.195 Y88.758 E219.25816
G1 X86.128 Y88.479 E219.26532
G1 X86.027 Y88.229 E219.27205
G1 X85.871 Y87.983 E219.27931
G1 X85.666 Y87.767 E219.28674
G1 X85.452 Y87.606 E219.29342
G1 X85.205 Y87.476 E219.30039
G1 X84.896 Y87.389 E219.30839
G1 X84.614 Y87.359 E219.31547
G1 X84.351 Y87.379 E219.32205
G1 X83.991 Y87.475 E219.33134
G1 X83.706 Y87.634 E219.33948
G1 X83.469 Y87.825 E219.34708
G1 X83.289 Y88.042 E219.35411
G1 X83.151 Y88.276 E219.36088
G1 X83.049 Y88.548 E219.36813
G1 X83.001 Y88.825 E219.37514
G1 X83 Y89.099 E219.38198
G1 X83.014 Y89.177 E219.38396
G0 F1350 X83.049 Y89.378
G0 X83.142 Y89.639
G0 X83.277 Y89.872
G0 X83.455 Y90.093
G0 X83.665 Y90.271
G0 X83.974 Y90.45
G0 F9000 X84.132 Y90.079
G1 F480 E219.42549
G1 F1500 X84.339 Y90.139 E219.43087
G1 X84.501 Y90.164 E219.43495
G1 X84.715 Y90.165 E219.44029
G1 X84.996 Y90.103 E219.44747
G1 X85.177 Y90.022 E219.45242
G1 X85.339 Y89.918 E219.45722
G1 X85.499 Y89.764 E219.46276
G1 X85.617 Y89.607 E219.46766
G1 X85.714 Y89.427 E219.47276
G1 X85.776 Y89.219 E219.47817
G1 X85.801 Y89.022 E219.48313
G1 X85.796 Y88.81 E219.48842
G1 X85.746 Y88.601 E219.49378
G1 X85.67 Y88.413 E219.49884
G1 X85.554 Y88.23 E219.50424
G1 X85.399 Y88.067 E219.50985
G1 X85.237 Y87.945 E219.51491
G1 X85.056 Y87.849 E219.52002
G1 X84.821 Y87.783 E219.52611
G1 X84.608 Y87.761 E219.53145
G1 X84.418 Y87.775 E219.5362
G1 X84.142 Y87.849 E219.54333
G1 X83.93 Y87.967 E219.54938
G1 X83.751 Y88.111 E219.55512
G1 X83.617 Y88.273 E219.56036
G1 X83.513 Y88.449 E219.56546
G1 X83.437 Y88.653 E219.57089
G1 X83.427 Y88.711 E219.57236
G0 F1350 X83.401 Y88.86
G0 X83.4 Y89.065
G0 X83.437 Y89.276
G0 X83.506 Y89.47
G0 X83.608 Y89.645
G0 X83.743 Y89.813
G0 X83.896 Y89.943
G0 X84.132 Y90.079
G0 F9000 X84.3 Y89.685
;TYPE:WALL-OUTER
G1 F480 E219.61389
G1 F900 X84.431 Y89.723 E219.61687
G1 X84.535 Y89.739 E219.61917
G1 X84.67 Y89.74 E219.62211
G1 X84.862 Y89.697 E219.62641
G1 X84.975 Y89.647 E219.6291
G1 X85.075 Y89.583 E219.6317
G1 X85.18 Y89.482 E219.63488
G1 X85.258 Y89.378 E219.63771
G1 X85.319 Y89.264 E219.64053
G1 X85.359 Y89.131 E219.64357
G1 X85.375 Y89.001 E219.64643
G1 X85.372 Y88.865 E219.64939
G1 X85.34 Y88.731 E219.6524
G1 X85.29 Y88.608 E219.6553
G1 X85.217 Y88.492 E219.65829
G1 X85.116 Y88.386 E219.66149
G1 X85.008 Y88.305 E219.66443
G1 X84.897 Y88.246 E219.66718
G1 X84.741 Y88.202 E219.67072
G1 X84.602 Y88.188 E219.67376
G1 X84.489 Y88.196 E219.67624
G1 X84.303 Y88.246 E219.68044
G1 X84.237 Y88.283 E219.68209
G0 F810 X84.168 Y88.321
G0 X84.051 Y88.415
G0 X83.966 Y88.518
G0 X83.898 Y88.633
G0 X83.849 Y88.764
G0 X83.826 Y88.898
G0 X83.825 Y89.03
G0 X83.849 Y89.167
G0 X83.893 Y89.29
G0 X83.959 Y89.403
G0 X84.049 Y89.515
G0 X84.142 Y89.594
G0 X84.3 Y89.685
G0 F9000 X84.431 Y89.723
G0 X84.494 Y89.732
G0 X84.435 Y90.113
G0 X84.414 Y90.251
G0 X81.05 Y107.969
;TYPE:WALL-INNER
G1 F480 E219.72022
G1 F1500 X81.05 Y85.077 E220.29127
G1 X88.15 Y85.077 E220.46838
G1 X88.15 Y107.968 E221.0394
G1 X86.535 Y107.969 E221.07968
G1 X86.336 Y107.969 E221.08465
G1 X86.336 Y107.77 E221.08786
G1 X86.335 Y98.547 E221.31793
G1 X82.864 Y98.547 E221.40451
G1 X82.864 Y107.969 E221.63954
G1 X82.715 Y107.969 E221.64326
G0 F1350 X81.05 Y107.969
G0 F9000 X80.65 Y108.369
G1 F480 E221.68479
G1 F1500 X80.65 Y84.677 E222.27579
G1 X88.55 Y84.677 E222.47286
G1 X88.55 Y108.368 E223.06383
G1 X86.135 Y108.369 E223.12408
G1 X85.936 Y108.369 E223.12904
G1 X85.936 Y108.17 E223.13225
G1 X85.935 Y98.947 E223.36232
G1 X83.264 Y98.947 E223.42895
G1 X83.264 Y108.369 E223.66398
G1 X82.315 Y108.369 E223.68766
G0 F1350 X80.65 Y108.369
G0 F9000 X80.225 Y108.794
;TYPE:WALL-OUTER
G1 F480 E223.72919
G1 F900 X80.225 Y84.252 E224.26487
G1 X88.975 Y84.252 E224.45585
G1 X88.975 Y108.793 E224.99151
G1 X85.686 Y108.794 E225.0633
G1 X85.511 Y108.794 E225.06712
G1 X85.511 Y108.619 E225.06959
G1 X85.51 Y99.372 E225.27142
G1 X83.689 Y99.372 E225.31117
G1 X83.689 Y108.794 E225.51682
G1 X82.127 Y108.794 E225.55092
G0 F810 X80.225 Y108.794
G0 F9000 X80.225 Y108.594
G0 X80.61 Y108.409
G0 X81.409 Y105.588
;TYPE:FILL
G1 F480 E225.59243
G1 F3000 X82.503 Y104.494 E225.63103
G1 X82.504 Y107.355 E225.70239
G1 X81.409 Y106.26 E225.74102
G1 X81.409 Y102.49 E225.83507
G1 X82.504 Y103.584 E225.87368
G1 X82.503 Y100.724 E225.94502
G1 X81.409 Y101.818 E225.98361
G1 X81.409 Y98.719 E226.06092
G1 X82.504 Y99.814 E226.09955
G1 X82.504 Y98.187 E226.14013
G1 X84.646 Y98.186 E226.19357
G1 X83.353 Y96.893 E226.23918
G1 X83.313 Y96.878 E226.24025
G1 X83.091 Y96.768 E226.24643
G1 X82.853 Y96.604 E226.25364
G1 X81.409 Y98.048 E226.30458
G1 X81.409 Y94.949 E226.38188
G1 X82.095 Y95.635 E226.40608
G1 X82.061 Y95.547 E226.40844
G1 X82.005 Y95.289 E226.41502
G1 X81.987 Y95.09 E226.42001
G1 X81.987 Y92.138 E226.49364
G1 X81.697 Y91.887 E226.50321
G1 X81.462 Y91.622 E226.51205
G1 X81.41 Y91.642 E226.51344
G1 X81.409 Y94.277 E226.57917
G1 X81.986 Y93.7 E226.59952
G0 F9000 X86.619 Y96.388
G1 F3000 X87.79 Y97.559 E226.64083
G1 X87.789 Y95.438 E226.69374
G1 X85.041 Y98.186 E226.79068
G1 X86.695 Y98.187 E226.83194
G1 X86.694 Y100.234 E226.883
G1 X87.79 Y101.329 E226.92165
G1 X87.789 Y99.209 E226.97454
G1 X86.695 Y100.303 E227.01313
G1 X86.695 Y104.005 E227.10548
G1 X87.79 Y105.1 E227.1441
G1 X87.789 Y102.979 E227.19701
G1 X86.696 Y104.072 E227.23557
G1 X86.696 Y107.609 E227.3238
G1 X87.79 Y107.608 E227.35109
G1 X87.789 Y106.749 E227.37252
G1 X86.931 Y107.608 E227.40281
G0 F9000 X86.621 Y96.388
G1 F3000 X86.789 Y96.202 E227.40906
G1 X86.932 Y95.997 E227.41529
G1 X87.038 Y95.806 E227.42074
G1 X87.136 Y95.551 E227.42756
G1 X87.193 Y95.301 E227.43395
G1 X87.211 Y95.101 E227.43896
G1 X87.211 Y93.21 E227.48613
G1 X87.79 Y93.789 E227.50656
G1 X87.789 Y91.668 E227.55947
G1 X87.211 Y92.246 E227.57986
G1 X87.212 Y92.141 E227.58248
G1 X87.503 Y91.887 E227.59211
G1 X87.738 Y91.621 E227.60097
G0 F9000 X87.79 Y85.437
G1 F3000 X86.707 Y85.437 E227.62798
G1 X86.69 Y85.494 E227.62947
G1 X87.098 Y85.76 E227.64162
G1 X87.503 Y86.112 E227.655
G1 X87.738 Y86.377 E227.66384
G1 X87.79 Y86.357 E227.66523
G1 X87.789 Y86.247 E227.66797
G1 X86.978 Y85.436 E227.69658
G0 F9000 X86.621 Y96.388
G1 F3000 X86.619 Y96.388 E227.69663
G0 F9000 X86.521 Y96.276
;TYPE:SKIN
G1 F2400 X86.339 Y96.434 E227.70264
G1 X86.029 Y96.638 E227.7119
G1 X85.833 Y96.736 E227.71737
G1 X85.631 Y96.819 E227.72281
G1 X85.428 Y96.881 E227.72811
G1 X85.201 Y96.936 E227.73394
G1 X84.837 Y96.985 E227.7431
G1 X84.6 Y96.994 E227.74901
G1 X84.384 Y96.985 E227.75441
G1 X84.165 Y96.962 E227.7599
G1 X83.985 Y96.932 E227.76445
G1 X83.76 Y96.878 E227.77022
G1 X83.569 Y96.818 E227.77522
G1 X83.369 Y96.74 E227.78057
G1 X83.168 Y96.64 E227.78617
G1 X82.848 Y96.421 E227.79585
G1 X82.674 Y96.268 E227.80163
G1 X82.527 Y96.106 E227.80708
G1 X82.391 Y95.915 E227.81293
G1 X82.289 Y95.721 E227.8184
G1 X82.208 Y95.511 E227.82401
G1 X82.152 Y95.26 E227.83043
G1 X82.137 Y95.09 E227.83469
G1 X82.137 Y92.069 E227.91004
G1 X81.803 Y91.78 E227.92106
G1 X81.44 Y91.368 E227.93476
G1 X81.44 Y86.633 E228.05287
G1 X81.8 Y86.222 E228.0665
G1 X82.195 Y85.881 E228.07952
G1 X82.665 Y85.578 E228.09347
G1 X82.899 Y85.467 E228.09993
G1 X86.305 Y85.467 E228.18489
G1 X86.583 Y85.604 E228.19263
G1 X87.01 Y85.882 E228.20534
G1 X87.397 Y86.219 E228.21814
G1 X87.76 Y86.633 E228.23187
G1 X87.76 Y91.364 E228.34989
G1 X87.398 Y91.78 E228.36364
G1 X87.062 Y92.072 E228.37475
G1 X87.061 Y94.756 E228.4417
G0 F2160 X87.061 Y95.094
G0 X87.044 Y95.282
G0 X86.992 Y95.511
G0 X86.907 Y95.734
G0 X86.799 Y95.925
G0 X86.668 Y96.112
G0 X86.521 Y96.276
G0 F9000 X85.245 Y90.857
G1 F480 E228.48323
G1 F2400 X85.555 Y90.719 E228.4917
G1 X85.832 Y90.541 E228.49991
G1 X86.092 Y90.289 E228.50894
G1 X86.284 Y90.034 E228.51691
G1 X86.449 Y89.731 E228.52551
G1 X86.552 Y89.382 E228.53459
G1 X86.592 Y89.063 E228.54261
G1 X86.583 Y88.707 E228.55149
G1 X86.501 Y88.36 E228.56039
G1 X86.376 Y88.05 E228.56872
G1 X86.18 Y87.742 E228.57783
G1 X85.927 Y87.475 E228.58701
G1 X85.661 Y87.276 E228.59529
G1 X85.35 Y87.112 E228.60406
G1 X84.97 Y87.005 E228.61391
G1 X84.62 Y86.967 E228.62269
G1 X84.285 Y86.993 E228.63108
G1 X83.843 Y87.111 E228.64249
G1 X83.487 Y87.31 E228.65266
G1 X83.194 Y87.546 E228.66205
G1 X82.969 Y87.817 E228.67083
G1 X82.798 Y88.107 E228.67923
G1 X82.671 Y88.445 E228.68824
G1 X82.611 Y88.79 E228.69697
G1 X82.61 Y89.132 E228.7055
G1 X82.671 Y89.478 E228.71427
G1 X82.787 Y89.803 E228.72288
G1 X82.955 Y90.094 E228.73126
G1 X83.174 Y90.366 E228.73997
G1 X83.439 Y90.591 E228.74864
G1 X83.636 Y90.705 E228.75432
G0 F2160 X83.82 Y90.811
G0 X84.168 Y90.912
G0 X84.438 Y90.954
G0 X84.799 Y90.955
G0 X85.245 Y90.857
G0 F9000 X86.856 Y95.294
G1 F480 E228.79585
G1 F2400 X85.472 Y96.678 E228.84468
G0 F9000 X84.778 Y96.806
G1 F2400 X86.88 Y94.704 E228.91883
G0 F9000 X86.88 Y94.138
G1 F2400 X84.231 Y96.788 E229.0123
G0 F9000 X83.763 Y96.689
G1 F2400 X86.88 Y93.572 E229.12226
G0 F9000 X86.881 Y93.006
G1 F2400 X83.356 Y96.531 E229.24661
G0 F9000 X83.009 Y96.312
G1 F2400 X86.881 Y92.44 E229.38321
G0 F9000 X87.579 Y91.177
G1 F2400 X82.713 Y96.043 E229.55487
G0 F9000 X82.484 Y95.706
G1 F2400 X87.579 Y90.611 E229.73461
G0 F9000 X87.579 Y90.045
G1 F2400 X82.341 Y95.283 E229.91939
G0 F9000 X82.317 Y94.742
G1 F2400 X87.579 Y89.48 E230.10503
G0 F9000 X87.579 Y88.914
G1 F2400 X86.522 Y89.97 E230.1423
G0 F9000 X86.759 Y89.168
G1 F2400 X87.579 Y88.348 E230.17122
G0 F9000 X87.579 Y87.783
G1 F2400 X86.747 Y88.615 E230.20058
G0 F9000 X86.621 Y88.175
G1 F2400 X87.579 Y87.217 E230.23437
G0 F9000 X87.556 Y86.674
G1 F2400 X86.431 Y87.8 E230.27408
G0 F9000 X86.182 Y87.482
G1 F2400 X87.291 Y86.373 E230.3132
G0 F9000 X86.993 Y86.106
G1 F2400 X85.883 Y87.216 E230.35236
G0 F9000 X85.53 Y87.003
G1 F2400 X86.662 Y85.871 E230.39229
G0 F9000 X86.302 Y85.665
G1 F2400 X85.11 Y86.857 E230.43434
G0 F9000 X84.616 Y86.786
G1 F2400 X85.755 Y85.646 E230.47454
G0 F9000 X85.19 Y85.646
G1 F2400 X83.938 Y86.898 E230.51871
G0 F9000 X84.058 Y85.646
G1 F2400 X81.619 Y88.085 E230.60475
G0 F9000 X81.619 Y87.52
G1 F2400 X83.493 Y85.646 E230.67086
G0 F9000 X82.916 Y85.658
G1 F2400 X81.619 Y86.954 E230.7166
G0 F9000 X82.529 Y88.307
G1 F2400 X81.619 Y89.217 E230.7487
G0 F9000 X81.619 Y89.782
G1 F2400 X82.43 Y88.972 E230.7773
G0 F9000 X82.488 Y89.48
G1 F2400 X81.619 Y90.348 E230.80793
G0 F9000 X81.619 Y90.914
G1 F2400 X82.635 Y89.898 E230.84378
G0 F9000 X82.85 Y90.249
G1 F2400 X81.704 Y91.394 E230.88419
G0 F9000 X81.975 Y91.689
G1 F2400 X83.115 Y90.549 E230.9244
G0 F9000 X83.435 Y90.795
G1 F2400 X82.278 Y91.952 E230.96522
G0 F9000 X82.317 Y92.479
G1 F2400 X83.804 Y90.992 E231.01768
G0 F9000 X84.256 Y91.106
G1 F2400 X82.317 Y93.045 E231.08608
G0 F9000 X82.317 Y93.611
G1 F2400 X84.794 Y91.134 E231.17346
G0 F9000 X85.595 Y90.897
G1 F2400 X82.317 Y94.176 E231.28912
G0 F9000 X81.619 Y88.651
G1 F2400 X84.624 Y85.646 E231.39513
G1 F1500 E229.89513
G1 F900 Z2.66
G0 F9000 X84.624 Y85.646 Z2.66
G0 X92.85 Y98.319
;TYPE:WALL-INNER
G1 F900 Z1.66
G1 F480 E231.45749
G1 F1500 X92.85 Y98.12 E231.46246
G1 X92.85 Y85.344 E231.78116
G1 X99.751 Y85.343 E231.9533
G1 X99.95 Y85.343 E231.95827
G1 X99.95 Y85.542 E231.96148
G1 X99.95 Y98.318 E232.28018
G1 X93.049 Y98.319 E232.45232
G1 X92.85 Y98.319 E232.45554
G0 F9000 X92.649 Y98.719
G1 F1500 X92.45 Y98.719 E232.4605
G1 X92.45 Y98.52 E232.46371
G1 X92.45 Y84.944 E232.80237
G1 X100.151 Y84.943 E232.99447
G1 X100.35 Y84.943 E232.99943
G1 X100.35 Y85.142 E233.00264
G1 X100.35 Y98.718 E233.3413
G1 X94.314 Y98.719 E233.49187
G0 F1350 X92.649 Y98.719
G0 F9000 X92.025 Y99.144
;TYPE:WALL-OUTER
G1 F480 E233.5334
G1 F900 X92.025 Y98.969 E233.53722
G1 X92.025 Y84.519 E233.85262
G1 X100.6 Y84.518 E234.03979
G1 X100.775 Y84.518 E234.04361
G1 X100.775 Y84.693 E234.04608
G1 X100.775 Y99.143 E234.36148
G1 X92.2 Y99.144 E234.54864
G1 X92.025 Y99.144 E234.55112
G0 F9000 X92.025 Y98.969
G0 X92.025 Y98.944
G0 X92.411 Y98.758
G0 X93.209 Y95.438
;TYPE:FILL
G1 F3000 X94.429 Y96.658 E234.59415
G1 X94.429 Y96.339 E234.60211
G1 X93.209 Y97.559 E234.64515
G1 X93.209 Y93.789 E234.73919
G1 X94.429 Y92.568 E234.78225
G1 X94.429 Y92.888 E234.79023
G1 X93.209 Y91.667 E234.83329
G1 X93.209 Y90.018 E234.87442
G1 X94.429 Y88.798 E234.91746
G1 X94.429 Y89.118 E234.92544
G1 X93.209 Y87.897 E234.9685
G1 X93.209 Y86.248 E235.00964
G1 X93.754 Y85.703 E235.02886
G1 X94.786 Y85.704 E235.05461
G1 X97.768 Y88.686 E235.1598
G1 X94.541 Y88.686 E235.2403
G1 X97.525 Y85.702 E235.34557
G1 X98.555 Y85.703 E235.37126
G1 X99.588 Y86.736 E235.40771
G1 X99.588 Y87.409 E235.42449
G1 X98.311 Y88.686 E235.46954
G1 X98.369 Y88.687 E235.47099
G1 X98.368 Y89.286 E235.48593
G1 X99.588 Y90.506 E235.52897
G1 X99.588 Y91.18 E235.54578
G1 X98.369 Y92.399 E235.58879
G1 X98.368 Y93.056 E235.60518
G1 X99.588 Y94.277 E235.64823
G1 X99.588 Y94.95 E235.66502
G1 X98.369 Y96.17 E235.70804
G1 X98.37 Y97.958 E235.75264
G1 X99.499 Y97.957 E235.78081
G1 X98.368 Y96.826 E235.82071
G0 F9000 X98.22 Y97.928
;TYPE:SKIN
G1 F2400 X94.58 Y97.929 E235.91151
G1 X94.581 Y88.837 E236.13831
G1 X98.219 Y88.837 E236.22906
G1 X98.22 Y96.263 E236.4143
G0 F2160 X98.22 Y97.928
G0 F9000 X98.008 Y97.718
G1 F480 E236.45583
G1 F2400 X97.725 Y97.435 E236.46791
G0 F9000 X98.038 Y96.556
G1 F2400 X96.847 Y97.748 E236.50995
G0 F9000 X96.281 Y97.748
G1 F2400 X98.038 Y95.991 E236.57193
G0 F9000 X98.038 Y95.425
G1 F2400 X95.716 Y97.748 E236.65386
G0 F9000 X95.15 Y97.748
G1 F2400 X98.038 Y94.859 E236.75576
G0 F9000 X98.038 Y94.294
G1 F2400 X94.76 Y97.572 E236.8714
G0 F9000 X94.76 Y97.007
G1 F2400 X98.038 Y93.728 E236.98706
G0 F9000 X98.038 Y93.163
G1 F2400 X94.76 Y96.441 E237.1027
G0 F9000 X94.76 Y95.875
G1 F2400 X98.038 Y92.597 E237.21834
G0 F9000 X98.038 Y92.032
G1 F2400 X94.76 Y95.31 E237.33398
G0 F9000 X94.76 Y94.744
G1 F2400 X98.038 Y91.466 E237.44962
G0 F9000 X98.038 Y90.9
G1 F2400 X94.76 Y94.178 E237.56526
G0 F9000 X94.76 Y93.613
G1 F2400 X98.038 Y90.335 E237.6809
G0 F9000 X98.038 Y89.769
G1 F2400 X94.76 Y93.047 E237.79654
G0 F9000 X94.76 Y92.481
G1 F2400 X98.038 Y89.203 E237.91218
G0 F9000 X97.659 Y89.016
G1 F2400 X94.76 Y91.916 E238.01447
G0 F9000 X94.76 Y91.35
G1 F2400 X97.093 Y89.016 E238.09679
G0 F9000 X96.527 Y89.016
G1 F2400 X94.76 Y90.784 E238.15914
G0 F9000 X94.76 Y90.219
G1 F2400 X95.962 Y89.016 E238.20157
G0 F9000 X95.078 Y89.334
G1 F2400 X94.795 Y89.051 E238.21404
G0 F9000 X94.83 Y89.016
G1 F1500 E236.71404
G1 F900 Z2.66
G0 F9000 X94.83 Y89.016 Z2.66
G0 X83.971 Y90.448
;TIME_ELAPSED:455.357691
;LAYER:10
G0 X83.971 Y90.448 Z2.81
;TYPE:WALL-INNER
G1 F900 Z1.81
G1 F480 E238.27641
G1 F1500 X84.224 Y90.523 E238.28299
G1 X84.258 Y90.534 E238.28388
G1 X84.571 Y90.57 E238.29174
G1 X84.835 Y90.556 E238.29834
G1 X85.215 Y90.455 E238.30814
G1 X85.572 Y90.249 E238.31843
G1 X85.803 Y90.027 E238.32642
G1 X85.955 Y89.824 E238.33274
G1 X86.086 Y89.58 E238.33965
G1 X86.171 Y89.297 E238.34702
G1 X86.202 Y89.043 E238.35341
G1 X86.195 Y88.758 E238.36052
G1 X86.127 Y88.474 E238.3678
G1 X86.028 Y88.233 E238.3743
G1 X85.873 Y87.985 E238.3816
G1 X85.661 Y87.762 E238.38927
G1 X85.45 Y87.607 E238.3958
G1 X85.206 Y87.475 E238.40272
G1 X84.886 Y87.387 E238.411
G1 X84.644 Y87.365 E238.41706
G1 X84.611 Y87.361 E238.41789
G1 X84.352 Y87.379 E238.42437
G1 X83.99 Y87.476 E238.43372
G1 X83.714 Y87.63 E238.4416
G1 X83.469 Y87.822 E238.44937
G1 X83.283 Y88.051 E238.45673
G1 X83.153 Y88.274 E238.46316
G1 X83.049 Y88.546 E238.47043
G1 X83.001 Y88.829 E238.47759
G1 X83 Y89.096 E238.48425
G1 X83.014 Y89.173 E238.4862
G0 F1350 X83.049 Y89.378
G0 X83.143 Y89.641
G0 X83.275 Y89.869
G0 X83.455 Y90.093
G0 X83.667 Y90.273
G0 X83.971 Y90.448
G0 F9000 X84.131 Y90.078
G1 F480 E238.52774
G1 F1500 X84.339 Y90.141 E238.53316
G1 X84.583 Y90.169 E238.53928
G1 X84.772 Y90.159 E238.544
G1 X85.061 Y90.082 E238.55147
G1 X85.33 Y89.927 E238.55921
G1 X85.503 Y89.761 E238.56519
G1 X85.617 Y89.609 E238.56993
G1 X85.714 Y89.427 E238.57507
G1 X85.778 Y89.215 E238.5806
G1 X85.801 Y89.024 E238.5854
G1 X85.796 Y88.81 E238.59074
G1 X85.745 Y88.597 E238.5962
G1 X85.671 Y88.416 E238.60108
G1 X85.555 Y88.231 E238.60653
G1 X85.396 Y88.063 E238.6123
G1 X85.236 Y87.946 E238.61724
G1 X85.056 Y87.849 E238.62234
G1 X84.813 Y87.782 E238.62863
G1 X84.606 Y87.762 E238.63382
G1 X84.418 Y87.775 E238.63852
G1 X84.142 Y87.849 E238.64565
G1 X83.936 Y87.964 E238.65153
G1 X83.751 Y88.109 E238.65739
G1 X83.613 Y88.279 E238.66286
G1 X83.515 Y88.447 E238.66771
G1 X83.437 Y88.652 E238.67318
G1 X83.427 Y88.71 E238.67465
G0 F1350 X83.401 Y88.864
G0 X83.4 Y89.063
G0 X83.437 Y89.276
G0 X83.507 Y89.472
G0 X83.606 Y89.642
G0 X83.743 Y89.813
G0 X83.898 Y89.944
G0 X84.131 Y90.078
G0 F9000 X84.3 Y89.685
;TYPE:WALL-OUTER
G1 F480 E238.71618
G1 F900 X84.426 Y89.723 E238.71905
G1 X84.596 Y89.743 E238.72279
G1 X84.705 Y89.737 E238.72517
G1 X84.898 Y89.686 E238.72953
G1 X85.073 Y89.585 E238.73394
G1 X85.183 Y89.479 E238.73727
G1 X85.257 Y89.38 E238.73997
G1 X85.319 Y89.264 E238.74284
G1 X85.36 Y89.128 E238.74594
G1 X85.375 Y89.003 E238.74869
G1 X85.372 Y88.865 E238.7517
G1 X85.339 Y88.728 E238.75478
G1 X85.291 Y88.61 E238.75756
G1 X85.217 Y88.492 E238.7606
G1 X85.114 Y88.383 E238.76387
G1 X85.009 Y88.306 E238.76672
G1 X84.897 Y88.246 E238.76949
G1 X84.735 Y88.201 E238.77316
G1 X84.601 Y88.188 E238.7761
G1 X84.489 Y88.196 E238.77855
G1 X84.303 Y88.246 E238.78275
G1 X84.24 Y88.281 E238.78433
G0 F810 X84.172 Y88.319
G0 X84.051 Y88.414
G0 X83.964 Y88.521
G0 X83.9 Y88.631
G0 X83.849 Y88.764
G0 X83.826 Y88.901
G0 X83.825 Y89.028
G0 X83.849 Y89.167
G0 X83.894 Y89.292
G0 X83.957 Y89.401
G0 X84.049 Y89.515
G0 X84.143 Y89.595
G0 X84.3 Y89.685
G0 F9000 X84.426 Y89.723
G0 X84.494 Y89.731
G0 X84.448 Y90.112
G0 X84.432 Y90.252
G0 X81.05 Y107.961
;TYPE:WALL-INNER
G1 F480 E238.8225
G1 F1500 X81.05 Y107.762 E238.82746
G1 X81.05 Y85.069 E239.39354
G1 X88.15 Y85.069 E239.57065
G1 X88.15 Y107.96 E240.14167
G1 X86.47 Y107.96 E240.18358
G1 X86.469 Y98.547 E240.41839
G1 X82.734 Y98.547 E240.51156
G1 X82.73 Y107.96 E240.74637
G1 X81.249 Y107.961 E240.78331
G1 X81.05 Y107.961 E240.78652
G0 F9000 X80.849 Y108.361
G1 F1500 X80.65 Y108.361 E240.79149
G1 X80.65 Y108.162 E240.7947
G1 X80.65 Y84.669 E241.38073
G1 X88.55 Y84.669 E241.5778
G1 X88.55 Y108.36 E242.16877
G1 X86.07 Y108.36 E242.23064
G1 X86.069 Y98.947 E242.46545
G1 X83.134 Y98.947 E242.53866
G1 X83.13 Y108.36 E242.77347
G1 X82.514 Y108.361 E242.78883
G0 F1350 X80.849 Y108.361
G0 F9000 X80.225 Y108.786
;TYPE:WALL-OUTER
G1 F480 E242.83037
G1 F900 X80.225 Y108.611 E242.83419
G1 X80.225 Y84.244 E243.36605
G1 X88.975 Y84.244 E243.55703
G1 X88.975 Y108.785 E244.09269
G1 X85.645 Y108.785 E244.16537
G1 X85.644 Y99.372 E244.37083
G1 X83.559 Y99.372 E244.41634
G1 X83.555 Y108.785 E244.62179
G1 X80.4 Y108.786 E244.69066
G1 X80.225 Y108.786 E244.69313
G0 F9000 X80.225 Y108.611
G0 X80.225 Y108.586
G0 X80.611 Y108.4
G0 X81.409 Y105.588
;TYPE:FILL
G1 F3000 X82.37 Y104.627 E244.72703
G1 X82.37 Y107.221 E244.79174
G1 X81.409 Y106.26 E244.82564
G1 X81.409 Y102.49 E244.91968
G1 X82.372 Y103.452 E244.95364
G1 X82.372 Y100.856 E245.0184
G1 X81.409 Y101.818 E245.05235
G1 X81.409 Y98.719 E245.12966
G1 X82.373 Y99.683 E245.16366
G1 X82.374 Y98.187 E245.20098
G1 X84.646 Y98.186 E245.25766
G1 X83.344 Y96.884 E245.30359
G1 X83.313 Y96.872 E245.30442
G1 X83.091 Y96.762 E245.3106
G1 X82.856 Y96.601 E245.3177
G1 X81.409 Y98.048 E245.36875
G1 X81.409 Y94.949 E245.44606
G1 X82.098 Y95.638 E245.47036
G1 X82.071 Y95.572 E245.47214
G1 X82.005 Y95.294 E245.47927
G1 X81.987 Y95.089 E245.4844
G1 X81.986 Y93.7 E245.51905
G1 X81.409 Y94.277 E245.53941
G1 X81.41 Y91.635 E245.60531
G1 X81.462 Y91.615 E245.6067
G0 F9000 X87.79 Y91.667
G1 F3000 X87.213 Y92.244 E245.62706
G1 X87.213 Y92.132 E245.62985
G1 X87.507 Y91.877 E245.63956
G1 X87.738 Y91.616 E245.64825
G1 X87.79 Y91.636 E245.64964
G1 X87.79 Y93.789 E245.70335
G1 X87.212 Y93.211 E245.72374
G1 X87.212 Y95.083 E245.77044
G1 X87.198 Y95.273 E245.77519
G1 X87.145 Y95.519 E245.78147
G1 X87.052 Y95.772 E245.78819
G1 X86.929 Y95.998 E245.79461
G1 X86.788 Y96.197 E245.80069
G1 X86.645 Y96.357 E245.80605
G1 X86.614 Y96.383 E245.80706
G1 X87.79 Y97.559 E245.84854
G1 X87.79 Y95.438 E245.90145
G1 X85.041 Y98.186 E245.99841
G1 X86.829 Y98.187 E246.04301
G1 X86.829 Y100.168 E246.09243
G1 X87.79 Y99.208 E246.12631
G1 X87.79 Y101.329 E246.17922
G1 X86.829 Y100.368 E246.21312
G1 X86.829 Y103.939 E246.3022
G1 X87.79 Y102.978 E246.3361
G1 X87.79 Y105.1 E246.38904
G1 X86.829 Y104.139 E246.42294
G1 X86.83 Y107.6 E246.50927
G1 X87.79 Y107.6 E246.53322
G1 X87.79 Y106.749 E246.55445
G1 X86.94 Y107.599 E246.58444
G0 F9000 X86.97 Y85.429
G1 F3000 X87.789 Y86.247 E246.61331
G1 X87.79 Y86.349 E246.61586
G1 X87.738 Y86.369 E246.61725
G1 X87.506 Y86.107 E246.62598
G1 X87.1 Y85.755 E246.63938
G1 X86.691 Y85.485 E246.6516
G1 X86.708 Y85.429 E246.65306
G1 X87.79 Y85.429 E246.68006
G0 F9000 X87.4 Y86.214
;TYPE:SKIN
G1 F2400 X87.734 Y86.59 E246.6926
G1 X87.76 Y86.628 E246.69375
G1 X87.76 Y91.358 E246.81174
G1 X87.737 Y91.392 E246.81276
G1 X87.401 Y91.77 E246.82538
G1 X87.063 Y92.063 E246.83654
G1 X87.062 Y95.077 E246.91172
G1 X87.048 Y95.253 E246.91613
G1 X87 Y95.48 E246.92191
G1 X86.917 Y95.706 E246.92792
G1 X86.802 Y95.918 E246.93394
G1 X86.671 Y96.102 E246.93957
G1 X86.539 Y96.251 E246.94454
G1 X86.366 Y96.407 E246.95035
G1 X86.2 Y96.529 E246.95549
G1 X86.017 Y96.639 E246.96081
G1 X85.828 Y96.734 E246.96609
G1 X85.633 Y96.812 E246.97133
G1 X85.438 Y96.873 E246.97642
G1 X85.201 Y96.93 E246.98251
G1 X84.837 Y96.979 E246.99167
G1 X84.6 Y96.988 E246.99758
G1 X84.384 Y96.979 E247.00298
G1 X84.165 Y96.956 E247.00847
G1 X83.985 Y96.926 E247.01302
G1 X83.76 Y96.872 E247.01879
G1 X83.569 Y96.812 E247.02379
G1 X83.369 Y96.734 E247.02914
G1 X83.168 Y96.634 E247.03474
G1 X82.848 Y96.415 E247.04442
G1 X82.674 Y96.262 E247.0502
G1 X82.527 Y96.1 E247.05565
G1 X82.388 Y95.903 E247.06167
G1 X82.29 Y95.716 E247.06693
G1 X82.217 Y95.535 E247.0718
G1 X82.153 Y95.266 E247.0787
G1 X82.137 Y95.082 E247.08331
G1 X82.137 Y92.062 E247.15864
G1 X81.8 Y91.77 E247.16976
G1 X81.44 Y91.36 E247.18337
G1 X81.44 Y86.625 E247.30149
G1 X81.799 Y86.216 E247.31506
G1 X82.196 Y85.871 E247.32818
G1 X82.624 Y85.591 E247.34094
G1 X82.894 Y85.459 E247.34844
G1 X85.975 Y85.459 E247.4253
G0 F2160 X86.306 Y85.459
G0 X86.577 Y85.591
G0 X87.009 Y85.875
G0 X87.4 Y86.214
G0 F9000 X85.92 Y87.468
G1 F480 E247.46683
G1 F2400 X85.659 Y87.277 E247.4749
G1 X85.352 Y87.111 E247.4836
G1 X84.956 Y87.002 E247.49385
G1 X84.615 Y86.969 E247.50239
G1 X84.287 Y86.993 E247.5106
G1 X83.842 Y87.112 E247.52209
G1 X83.497 Y87.304 E247.53194
G1 X83.194 Y87.542 E247.54155
G1 X82.961 Y87.829 E247.55077
G1 X82.8 Y88.105 E247.55874
G1 X82.671 Y88.443 E247.56777
G1 X82.611 Y88.796 E247.5767
G1 X82.61 Y89.129 E247.585
G1 X82.671 Y89.478 E247.59384
G1 X82.788 Y89.805 E247.60251
G1 X82.953 Y90.09 E247.61072
G1 X83.174 Y90.366 E247.61954
G1 X83.441 Y90.593 E247.62828
G1 X83.815 Y90.809 E247.63906
G1 X84.18 Y90.918 E247.64856
G1 X84.559 Y90.962 E247.65808
G1 X84.896 Y90.944 E247.6665
G1 X85.365 Y90.818 E247.67861
G1 X85.808 Y90.563 E247.69136
G1 X86.096 Y90.286 E247.70133
G1 X86.285 Y90.035 E247.70917
G1 X86.449 Y89.73 E247.7178
G1 X86.554 Y89.377 E247.72699
G1 X86.592 Y89.062 E247.73491
G1 X86.588 Y88.942 E247.7379
G0 F2160 X86.583 Y88.707
G0 X86.499 Y88.354
G0 X86.377 Y88.054
G0 X86.183 Y87.745
G0 X85.92 Y87.468
G0 F9000 X87.58 Y87.014
G1 F480 E247.77943
G1 F2400 X86.204 Y85.639 E247.82796
G0 F9000 X85.639 Y85.639
G1 F2400 X87.58 Y87.58 E247.89643
G0 F9000 X87.58 Y88.145
G1 F2400 X85.073 Y85.639 E247.98486
G0 F9000 X84.507 Y85.639
G1 F2400 X87.58 Y88.711 E248.09325
G0 F9000 X87.58 Y89.277
G1 F2400 X86.693 Y88.39 E248.12454
G0 F9000 X86.77 Y89.033
G1 F2400 X87.58 Y89.842 E248.1531
G0 F9000 X87.58 Y90.408
G1 F2400 X86.697 Y89.526 E248.18423
G0 F9000 X86.542 Y89.936
G1 F2400 X87.58 Y90.974 E248.22085
G0 F9000 X87.466 Y91.426
G1 F2400 X86.322 Y90.282 E248.2612
G0 F9000 X86.052 Y90.577
G1 F2400 X87.188 Y91.713 E248.30128
G0 F9000 X86.885 Y91.976
G1 F2400 X85.726 Y90.817 E248.34217
G0 F9000 X85.351 Y91.008
G1 F2400 X86.882 Y92.539 E248.39618
G0 F9000 X86.882 Y93.105
G1 F2400 X84.901 Y91.124 E248.46606
G0 F9000 X84.327 Y91.115
G1 F2400 X86.882 Y93.671 E248.55621
G0 F9000 X86.882 Y94.236
G1 F2400 X83.454 Y90.808 E248.67715
G0 F9000 X82.758 Y90.112
G1 F2400 X81.619 Y88.973 E248.71733
G0 F9000 X81.619 Y88.408
G1 F2400 X82.446 Y89.234 E248.74648
G0 F9000 X82.45 Y88.672
G1 F2400 X81.619 Y87.842 E248.77578
G0 F9000 X81.619 Y87.276
G1 F2400 X82.563 Y88.22 E248.80908
G0 F9000 X82.747 Y87.838
G1 F2400 X81.619 Y86.711 E248.84886
G0 F9000 X81.874 Y86.399
G1 F2400 X82.987 Y87.512 E248.88812
G0 F9000 X83.282 Y87.242
G1 F2400 X82.171 Y86.131 E248.92732
G0 F9000 X82.495 Y85.889
G1 F2400 X83.628 Y87.022 E248.96729
G0 F9000 X84.041 Y86.87
G1 F2400 X82.851 Y85.68 E249.00927
G0 F9000 X83.376 Y85.639
G1 F2400 X84.53 Y86.793 E249.04998
G0 F9000 X85.178 Y86.875
G1 F2400 X83.942 Y85.639 E249.09358
G0 F9000 X81.619 Y89.539
G1 F2400 X86.882 Y94.802 E249.27925
G0 F9000 X86.847 Y95.332
G1 F2400 X81.619 Y90.105 E249.46366
G0 F9000 X81.619 Y90.67
G1 F2400 X86.691 Y95.742 E249.64259
G0 F9000 X86.455 Y96.072
G1 F2400 X81.619 Y91.236 E249.81319
G0 F9000 X82.317 Y92.499
G1 F2400 X86.155 Y96.337 E249.94859
G0 F9000 X85.798 Y96.546
G1 F2400 X82.317 Y93.065 E250.07139
G0 F9000 X82.317 Y93.63
G1 F2400 X85.385 Y96.698 E250.17962
G0 F9000 X84.907 Y96.786
G1 F2400 X82.317 Y94.196 E250.27099
G0 F9000 X82.317 Y94.762
G1 F2400 X84.347 Y96.793 E250.34262
G0 F9000 X83.631 Y96.642
G1 F2400 X82.365 Y95.375 E250.3873
G1 F1500 E248.8873
G1 F900 Z2.81
G0 F9000 X82.365 Y95.375 Z2.81
G0 X92.85 Y98.316
;TYPE:WALL-INNER
G1 F900 Z1.81
G1 F480 E250.44967
G1 F1500 X92.85 Y98.117 E250.45463
G1 X92.85 Y85.341 E250.77333
G1 X99.751 Y85.34 E250.94547
G1 X99.95 Y85.34 E250.95044
G1 X99.95 Y85.539 E250.95365
G1 X99.95 Y98.315 E251.27235
G1 X93.049 Y98.316 E251.4445
G1 X92.85 Y98.316 E251.44771
G0 F9000 X92.649 Y98.716
G1 F1500 X92.45 Y98.716 E251.45267
G1 X92.45 Y98.517 E251.45588
G1 X92.45 Y84.941 E251.79454
G1 X100.151 Y84.94 E251.98664
G1 X100.35 Y84.94 E251.9916
G1 X100.35 Y85.139 E251.99482
G1 X100.35 Y98.715 E252.33347
G1 X94.314 Y98.716 E252.48404
G0 F1350 X92.649 Y98.716
G0 F9000 X92.025 Y99.141
;TYPE:WALL-OUTER
G1 F480 E252.52557
G1 F900 X92.025 Y98.966 E252.52939
G1 X92.025 Y84.516 E252.84479
G1 X100.6 Y84.515 E253.03196
G1 X100.775 Y84.515 E253.03578
G1 X100.775 Y84.69 E253.03825
G1 X100.775 Y99.14 E253.35365
G1 X92.2 Y99.141 E253.54082
G1 X92.025 Y99.141 E253.54329
G0 F9000 X92.025 Y98.966
G0 X92.025 Y98.941
G0 X92.411 Y98.755
G0 X93.209 Y95.438
;TYPE:FILL
G1 F3000 X94.357 Y96.586 E253.58379
G1 X94.357 Y96.411 E253.58815
G1 X93.21 Y97.558 E253.62861
G1 X93.21 Y93.788 E253.72266
G1 X94.357 Y92.641 E253.76312
G1 X94.357 Y92.816 E253.76749
G1 X93.209 Y91.667 E253.808
G1 X93.21 Y90.018 E253.84914
G1 X94.357 Y88.871 E253.8896
G1 X94.357 Y89.045 E253.89394
G1 X93.209 Y87.897 E253.93444
G1 X93.21 Y86.247 E253.9756
G1 X93.757 Y85.7 E253.9949
G1 X94.783 Y85.701 E254.02049
G1 X97.768 Y88.686 E254.12579
G1 X94.54 Y88.687 E254.20632
G1 X97.528 Y85.699 E254.31173
G1 X98.553 Y85.7 E254.3373
G1 X99.589 Y86.737 E254.37386
G1 X99.588 Y87.409 E254.39062
G1 X98.311 Y88.687 E254.43569
G1 X98.442 Y88.687 E254.43896
G1 X98.441 Y89.359 E254.45572
G1 X99.589 Y90.507 E254.49622
G1 X99.588 Y91.18 E254.51301
G1 X98.441 Y92.326 E254.55346
G1 X98.441 Y93.129 E254.57349
G1 X99.589 Y94.277 E254.61398
G1 X99.588 Y94.95 E254.63077
G1 X98.442 Y96.096 E254.6712
G1 X98.443 Y97.955 E254.71757
G1 X99.496 Y97.954 E254.74384
G1 X98.441 Y96.9 E254.78104
G0 F9000 X98.293 Y97.925
;TYPE:SKIN
G1 F2400 X94.507 Y97.926 E254.87548
G1 X94.508 Y88.837 E255.10221
G1 X98.292 Y88.837 E255.1966
G1 X98.293 Y96.26 E255.38177
G0 F2160 X98.293 Y97.925
G0 F9000 X94.916 Y97.744
G1 F480 E255.4233
G1 F2400 X94.686 Y97.514 E255.43142
G0 F9000 X94.686 Y96.949
G1 F2400 X95.482 Y97.744 E255.45948
G0 F9000 X96.047 Y97.744
G1 F2400 X94.686 Y96.383 E255.50749
G0 F9000 X94.686 Y95.817
G1 F2400 X96.613 Y97.744 E255.57547
G0 F9000 X97.179 Y97.744
G1 F2400 X94.686 Y95.252 E255.6634
G0 F9000 X94.686 Y94.686
G1 F2400 X97.744 Y97.744 E255.77128
G0 F9000 X98.112 Y97.546
G1 F2400 X94.686 Y94.12 E255.89214
G0 F9000 X94.686 Y93.555
G1 F2400 X98.112 Y96.981 E256.01301
G0 F9000 X98.112 Y96.415
G1 F2400 X94.687 Y92.99 E256.13383
G0 F9000 X94.687 Y92.424
G1 F2400 X98.112 Y95.849 E256.25466
G0 F9000 X98.112 Y95.284
G1 F2400 X94.687 Y91.858 E256.3755
G0 F9000 X94.687 Y91.293
G1 F2400 X98.112 Y94.718 E256.49633
G0 F9000 X98.112 Y94.152
G1 F2400 X94.687 Y90.727 E256.61715
G0 F9000 X94.687 Y90.161
G1 F2400 X98.112 Y93.586 E256.73798
G0 F9000 X98.112 Y93.021
G1 F2400 X94.687 Y89.596 E256.85881
G0 F9000 X94.687 Y89.03
G1 F2400 X98.112 Y92.455 E256.97963
G0 F9000 X98.112 Y91.889
G1 F2400 X95.239 Y89.016 E257.08098
G0 F9000 X95.805 Y89.016
G1 F2400 X98.112 Y91.324 E257.16239
G0 F9000 X98.112 Y90.758
G1 F2400 X96.37 Y89.016 E257.22384
G0 F9000 X96.936 Y89.016
G1 F2400 X98.112 Y90.192 E257.26533
G0 F9000 X98.112 Y89.627
G1 F2400 X97.502 Y89.016 E257.28687
G1 F1500 E255.78687
G1 F900 Z2.81
G0 F9000 X97.502 Y89.016 Z2.81
G0 X84.016 Y90.46
;TIME_ELAPSED:499.680658
;LAYER:11
G0 X84.016 Y90.46 Z2.96
;TYPE:WALL-INNER
G1 F900 Z1.96
G1 F480 E257.34923
G1 F1500 X84.251 Y90.531 E257.35535
G1 X84.567 Y90.57 E257.36329
G1 X84.834 Y90.556 E257.36996
G1 X85.185 Y90.463 E257.37902
G1 X85.384 Y90.365 E257.38456
G1 X85.591 Y90.23 E257.39072
G1 X85.802 Y90.027 E257.39802
G1 X85.954 Y89.828 E257.40427
G1 X86.088 Y89.575 E257.41141
G1 X86.17 Y89.296 E257.41867
G1 X86.202 Y89.05 E257.42485
G1 X86.195 Y88.758 E257.43214
G1 X86.126 Y88.469 E257.43955
G1 X86.028 Y88.233 E257.44593
G1 X85.872 Y87.983 E257.45328
G1 X85.659 Y87.76 E257.46097
G1 X85.454 Y87.608 E257.46734
G1 X85.206 Y87.475 E257.47436
G1 X84.879 Y87.385 E257.48282
G1 X84.61 Y87.361 E257.48955
G1 X84.35 Y87.379 E257.49605
G1 X83.992 Y87.475 E257.5053
G1 X83.716 Y87.627 E257.51316
G1 X83.469 Y87.825 E257.52106
G1 X83.285 Y88.048 E257.52827
G1 X83.155 Y88.268 E257.53464
G1 X83.049 Y88.548 E257.54211
G1 X83.001 Y88.834 E257.54935
G1 X83 Y89.091 E257.55576
G1 X83.022 Y89.218 E257.55897
G0 F1350 X83.048 Y89.379
G0 X83.144 Y89.641
G0 X83.27 Y89.864
G0 X83.457 Y90.095
G0 X83.67 Y90.275
G0 X83.973 Y90.448
G0 X84.016 Y90.46
G0 F9000 X84.131 Y90.078
G1 F480 E257.60051
G1 F1500 X84.333 Y90.138 E257.60576
G1 X84.581 Y90.169 E257.612
G1 X84.772 Y90.159 E257.61677
G1 X85.044 Y90.087 E257.62379
G1 X85.186 Y90.017 E257.62774
G1 X85.341 Y89.916 E257.63235
G1 X85.503 Y89.76 E257.63796
G1 X85.616 Y89.612 E257.64261
G1 X85.715 Y89.424 E257.64791
G1 X85.777 Y89.213 E257.65339
G1 X85.801 Y89.029 E257.65802
G1 X85.796 Y88.81 E257.66348
G1 X85.744 Y88.593 E257.66905
G1 X85.671 Y88.417 E257.6738
G1 X85.554 Y88.23 E257.67931
G1 X85.393 Y88.061 E257.68513
G1 X85.239 Y87.947 E257.68991
G1 X85.056 Y87.849 E257.69509
G1 X84.807 Y87.78 E257.70153
G1 X84.606 Y87.762 E257.70657
G1 X84.417 Y87.775 E257.71129
G1 X84.143 Y87.849 E257.71837
G1 X83.939 Y87.961 E257.72418
G1 X83.751 Y88.111 E257.73018
G1 X83.614 Y88.278 E257.73557
G1 X83.517 Y88.442 E257.74032
G1 X83.437 Y88.653 E257.74595
G1 X83.427 Y88.709 E257.74737
G0 F1350 X83.401 Y88.868
G0 X83.4 Y89.059
G0 X83.436 Y89.276
G0 X83.508 Y89.472
G0 X83.602 Y89.638
G0 X83.744 Y89.814
G0 X83.9 Y89.946
G0 X84.131 Y90.078
G0 F9000 X84.3 Y89.685
;TYPE:WALL-OUTER
G1 F480 E257.7889
G1 F900 X84.421 Y89.721 E257.79166
G1 X84.596 Y89.743 E257.7955
G1 X84.705 Y89.737 E257.79789
G1 X84.894 Y89.687 E257.80215
G1 X84.975 Y89.647 E257.80413
G1 X85.075 Y89.582 E257.80673
G1 X85.185 Y89.476 E257.81006
G1 X85.256 Y89.383 E257.81262
G1 X85.319 Y89.263 E257.81558
G1 X85.36 Y89.125 E257.81872
G1 X85.375 Y89.007 E257.82131
G1 X85.372 Y88.865 E257.82442
G1 X85.338 Y88.724 E257.82758
G1 X85.292 Y88.612 E257.83022
G1 X85.217 Y88.492 E257.83331
G1 X85.111 Y88.381 E257.83666
G1 X85.011 Y88.307 E257.83938
G1 X84.897 Y88.246 E257.8422
G1 X84.73 Y88.2 E257.84598
G1 X84.601 Y88.188 E257.84881
G1 X84.488 Y88.196 E257.85128
G1 X84.303 Y88.246 E257.85546
G1 X84.241 Y88.28 E257.85701
G0 F810 X84.175 Y88.316
G0 X84.051 Y88.415
G0 X83.963 Y88.522
G0 X83.901 Y88.627
G0 X83.849 Y88.764
G0 X83.826 Y88.904
G0 X83.825 Y89.025
G0 X83.849 Y89.167
G0 X83.895 Y89.294
G0 X83.954 Y89.398
G0 X84.049 Y89.515
G0 X84.145 Y89.596
G0 X84.3 Y89.685
G0 F9000 X84.421 Y89.721
G0 X84.494 Y89.73
G0 X84.445 Y90.112
G0 X84.428 Y90.25
G0 X81.05 Y107.952
;TYPE:WALL-INNER
G1 F480 E257.89523
G1 F1500 X81.05 Y107.753 E257.90019
G1 X81.05 Y85.061 E258.46624
G1 X88.15 Y85.061 E258.64336
G1 X88.15 Y107.951 E259.21435
G1 X86.537 Y107.951 E259.25458
G1 X86.536 Y98.547 E259.48917
G1 X82.663 Y98.547 E259.58578
G1 X82.663 Y107.951 E259.82036
G1 X81.249 Y107.952 E259.85564
G1 X81.05 Y107.952 E259.85885
G0 F9000 X80.849 Y108.352
G1 F1500 X80.65 Y108.352 E259.86381
G1 X80.65 Y108.153 E259.86702
G1 X80.65 Y84.661 E260.45303
G1 X88.55 Y84.661 E260.6501
G1 X88.55 Y108.351 E261.24105
G1 X86.137 Y108.351 E261.30124
G1 X86.136 Y98.947 E261.53583
G1 X83.063 Y98.947 E261.61248
G1 X83.063 Y108.351 E261.84707
G1 X82.514 Y108.352 E261.86076
G0 F1350 X80.849 Y108.352
G0 F9000 X80.225 Y108.777
;TYPE:WALL-OUTER
G1 F480 E261.9023
G1 F900 X80.225 Y108.602 E261.90612
G1 X80.225 Y84.236 E262.43795
G1 X88.975 Y84.236 E262.62894
G1 X88.975 Y108.776 E263.16457
G1 X85.712 Y108.776 E263.23579
G1 X85.711 Y99.372 E263.44105
G1 X83.488 Y99.372 E263.48957
G1 X83.488 Y108.776 E263.69483
G1 X80.4 Y108.777 E263.76224
G1 X80.225 Y108.777 E263.76471
G0 F9000 X80.225 Y108.602
G0 X80.225 Y108.577
G0 X80.611 Y108.391
G0 X81.409 Y105.588
;TYPE:FILL
G1 F3000 X82.302 Y104.695 E263.79621
G1 X82.302 Y107.153 E263.85753
G1 X81.409 Y106.26 E263.88903
G1 X81.409 Y102.49 E263.98307
G1 X82.302 Y103.383 E264.01458
G1 X82.302 Y100.925 E264.07589
G1 X81.409 Y101.818 E264.10739
G1 X81.409 Y98.719 E264.1847
G1 X82.302 Y99.612 E264.2162
G1 X82.303 Y98.187 E264.25175
G1 X84.646 Y98.186 E264.31019
G1 X83.335 Y96.875 E264.35644
G1 X83.065 Y96.737 E264.36401
G1 X82.858 Y96.599 E264.37021
G1 X81.409 Y98.048 E264.42133
G1 X81.409 Y94.949 E264.49864
G1 X82.102 Y95.642 E264.52308
G1 X82.087 Y95.609 E264.52399
G1 X82.005 Y95.294 E264.53211
G1 X81.987 Y95.082 E264.53741
G1 X81.987 Y92.122 E264.61125
G1 X81.694 Y91.869 E264.62091
G1 X81.462 Y91.607 E264.62964
G1 X81.41 Y91.627 E264.63103
G1 X81.409 Y94.277 E264.69713
G1 X81.986 Y93.7 E264.71749
G0 F9000 X87.739 Y91.607
G1 F3000 X87.506 Y91.868 E264.72622
G1 X87.213 Y92.121 E264.73587
G1 X87.213 Y92.244 E264.73894
G1 X87.789 Y91.668 E264.75926
G1 X87.79 Y93.789 E264.81217
G1 X87.211 Y93.21 E264.83259
G1 X87.21 Y95.097 E264.87967
G1 X87.185 Y95.334 E264.88561
G1 X87.117 Y95.596 E264.89236
G1 X87.02 Y95.827 E264.89861
G1 X86.902 Y96.034 E264.90456
G1 X86.756 Y96.226 E264.91057
G1 X86.61 Y96.38 E264.91587
G1 X87.79 Y97.559 E264.95748
G1 X87.789 Y95.438 E265.01039
G1 X85.042 Y98.186 E265.10731
G1 X86.896 Y98.187 E265.15356
G1 X86.897 Y100.101 E265.2013
G1 X87.789 Y99.209 E265.23277
G1 X87.79 Y101.329 E265.28566
G1 X86.896 Y100.436 E265.31718
G1 X86.897 Y103.871 E265.40286
G1 X87.789 Y102.979 E265.43433
G1 X87.79 Y105.1 E265.48724
G1 X86.896 Y104.206 E265.51878
G1 X86.897 Y107.591 E265.60322
G1 X87.79 Y107.591 E265.62549
G1 X87.789 Y106.749 E265.6465
G1 X86.948 Y107.59 E265.67616
G0 F9000 X86.962 Y85.421
G1 F3000 X87.789 Y86.247 E265.70532
G1 X87.79 Y86.343 E265.70772
G1 X87.738 Y86.363 E265.70911
G1 X87.504 Y86.097 E265.71794
G1 X87.098 Y85.745 E265.73135
G1 X86.688 Y85.478 E265.74355
G1 X86.705 Y85.421 E265.74504
G1 X87.79 Y85.421 E265.7721
G0 F9000 X87.398 Y86.204
;TYPE:SKIN
G1 F2400 X87.76 Y86.621 E265.78588
G1 X87.76 Y91.35 E265.90384
G1 X87.737 Y91.384 E265.90487
G1 X87.401 Y91.761 E265.91746
G1 X87.063 Y92.053 E265.92861
G1 X87.06 Y95.089 E266.00434
G1 X87.037 Y95.305 E266.00976
G1 X86.976 Y95.543 E266.01589
G1 X86.885 Y95.76 E266.02176
G1 X86.776 Y95.953 E266.02729
G1 X86.642 Y96.129 E266.0328
G1 X86.491 Y96.289 E266.03829
G1 X86.316 Y96.439 E266.04404
G1 X86.032 Y96.627 E266.05254
G1 X85.809 Y96.735 E266.05872
G1 X85.591 Y96.819 E266.06455
G1 X85.365 Y96.884 E266.07041
G1 X84.965 Y96.959 E266.08056
G1 X84.565 Y96.979 E266.09055
G1 X84.315 Y96.966 E266.0968
G1 X84.032 Y96.929 E266.10392
G1 X83.823 Y96.882 E266.10926
G1 X83.631 Y96.826 E266.11425
G1 X83.405 Y96.742 E266.12027
G1 X83.144 Y96.609 E266.12757
G1 X82.878 Y96.432 E266.13554
G1 X82.72 Y96.299 E266.14069
G1 X82.546 Y96.116 E266.14699
G1 X82.36 Y95.853 E266.15503
G1 X82.228 Y95.558 E266.16309
G1 X82.153 Y95.27 E266.17051
G1 X82.137 Y95.075 E266.1754
G1 X82.137 Y92.053 E266.25078
G1 X81.8 Y91.761 E266.2619
G1 X81.44 Y91.352 E266.27549
G1 X81.44 Y86.619 E266.39356
G1 X81.798 Y86.209 E266.40714
G1 X82.195 Y85.864 E266.42026
G1 X82.62 Y85.586 E266.43293
G1 X82.896 Y85.451 E266.44059
G1 X85.972 Y85.451 E266.51732
G0 F2160 X86.303 Y85.451
G0 X86.583 Y85.589
G0 X87.009 Y85.867
G0 X87.398 Y86.204
G0 F9000 X85.918 Y87.467
G1 F480 E266.55885
G1 F2400 X85.663 Y87.278 E266.56677
G1 X85.352 Y87.111 E266.57558
G1 X84.949 Y86.999 E266.58601
G1 X84.614 Y86.969 E266.5944
G1 X84.285 Y86.993 E266.60263
G1 X83.846 Y87.11 E266.61396
G1 X83.498 Y87.302 E266.62388
G1 X83.194 Y87.546 E266.6336
G1 X82.965 Y87.823 E266.64257
G1 X82.802 Y88.098 E266.65054
G1 X82.671 Y88.446 E266.65982
G1 X82.611 Y88.801 E266.6688
G1 X82.61 Y89.122 E266.67681
G1 X82.67 Y89.479 E266.68584
G1 X82.789 Y89.805 E266.69449
G1 X82.946 Y90.084 E266.70248
G1 X83.177 Y90.37 E266.71165
G1 X83.446 Y90.596 E266.72041
G1 X83.819 Y90.809 E266.73113
G1 X84.171 Y90.914 E266.74029
G1 X84.553 Y90.962 E266.7499
G1 X84.895 Y90.944 E266.75844
G1 X85.322 Y90.83 E266.76946
G1 X85.577 Y90.704 E266.77656
G1 X85.835 Y90.536 E266.78424
G1 X86.094 Y90.288 E266.79318
G1 X86.284 Y90.039 E266.801
G1 X86.451 Y89.723 E266.80991
G1 X86.552 Y89.376 E266.81893
G1 X86.592 Y89.071 E266.8266
G1 X86.588 Y88.939 E266.8299
G0 F2160 X86.583 Y88.708
G0 X86.498 Y88.348
G0 X86.375 Y88.054
G0 X86.182 Y87.743
G0 X85.918 Y87.467
G0 F9000 X81.62 Y86.953
G1 F480 E266.87143
G1 F2400 X82.943 Y85.63 E266.9181
G0 F9000 X83.509 Y85.63
G1 F2400 X81.62 Y87.519 E266.98474
G0 F9000 X81.62 Y88.084
G1 F2400 X84.074 Y85.63 E267.07131
G0 F9000 X84.64 Y85.63
G1 F2400 X81.62 Y88.65 E267.17785
G0 F9000 X81.62 Y89.216
G1 F2400 X82.531 Y88.305 E267.20999
G0 F9000 X82.429 Y88.973
G1 F2400 X81.62 Y89.782 E267.23853
G0 F9000 X81.62 Y90.347
G1 F2400 X82.487 Y89.48 E267.26911
G0 F9000 X82.635 Y89.898
G1 F2400 X81.62 Y90.913 E267.30492
G0 F9000 X81.711 Y91.387
G1 F2400 X82.849 Y90.25 E267.34505
G0 F9000 X83.114 Y90.55
G1 F2400 X81.984 Y91.681 E267.38493
G0 F9000 X82.286 Y91.944
G1 F2400 X83.435 Y90.796 E267.42545
G0 F9000 X83.805 Y90.991
G1 F2400 X82.317 Y92.479 E267.47794
G0 F9000 X82.317 Y93.045
G1 F2400 X84.257 Y91.105 E267.54638
G0 F9000 X84.799 Y91.128
G1 F2400 X82.317 Y93.611 E267.63396
G0 F9000 X82.317 Y94.176
G1 F2400 X85.602 Y90.891 E267.74984
G0 F9000 X86.523 Y89.97
G1 F2400 X87.579 Y88.914 E267.7871
G0 F9000 X87.579 Y88.348
G1 F2400 X86.76 Y89.167 E267.81599
G0 F9000 X86.747 Y88.615
G1 F2400 X87.579 Y87.783 E267.84534
G0 F9000 X87.579 Y87.217
G1 F2400 X86.621 Y88.174 E267.87912
G0 F9000 X86.429 Y87.801
G1 F2400 X87.561 Y86.669 E267.91905
G0 F9000 X87.298 Y86.366
G1 F2400 X86.182 Y87.482 E267.95842
G0 F9000 X85.883 Y87.216
G1 F2400 X87.001 Y86.098 E267.99786
G0 F9000 X86.672 Y85.861
G1 F2400 X85.531 Y87.002 E268.03812
G0 F9000 X85.112 Y86.856
G1 F2400 X86.312 Y85.656 E268.08045
G0 F9000 X85.772 Y85.63
G1 F2400 X84.615 Y86.787 E268.12126
G0 F9000 X83.938 Y86.898
G1 F2400 X85.206 Y85.63 E268.166
G0 F9000 X87.579 Y89.48
G1 F2400 X82.317 Y94.742 E268.35163
G0 F9000 X82.342 Y95.282
G1 F2400 X87.579 Y90.045 E268.53638
G0 F9000 X87.579 Y90.611
G1 F2400 X82.49 Y95.7 E268.71591
G0 F9000 X82.72 Y96.036
G1 F2400 X87.579 Y91.177 E268.88732
G0 F9000 X86.882 Y92.44
G1 F2400 X83.015 Y96.306 E269.02372
G0 F9000 X83.367 Y96.52
G1 F2400 X86.881 Y93.006 E269.14769
G0 F9000 X86.88 Y93.572
G1 F2400 X83.773 Y96.679 E269.25729
G0 F9000 X84.243 Y96.775
G1 F2400 X86.88 Y94.138 E269.35032
G0 F9000 X86.88 Y94.704
G1 F2400 X84.798 Y96.786 E269.42377
G0 F9000 X85.489 Y96.66
G1 F2400 X86.852 Y95.298 E269.47184
G1 F1500 E267.97184
G1 F900 Z2.96
G0 F9000 X86.852 Y95.298 Z2.96
G0 X92.85 Y98.312
;TYPE:WALL-INNER
G1 F900 Z1.96
G1 F480 E269.5342
G1 F1500 X92.85 Y98.113 E269.53916
G1 X92.85 Y85.338 E269.85784
G1 X99.751 Y85.337 E270.02998
G1 X99.95 Y85.337 E270.03495
G1 X99.95 Y85.536 E270.03816
G1 X99.95 Y98.311 E270.35683
G1 X93.049 Y98.312 E270.52898
G1 X92.85 Y98.312 E270.53219
G0 F9000 X92.649 Y98.712
G1 F1500 X92.45 Y98.712 E270.53715
G1 X92.45 Y98.513 E270.54037
G1 X92.45 Y84.938 E270.879
G1 X100.151 Y84.937 E271.0711
G1 X100.35 Y84.937 E271.07606
G1 X100.35 Y85.136 E271.07927
G1 X100.35 Y98.711 E271.4179
G1 X94.314 Y98.712 E271.56847
G0 F1350 X92.649 Y98.712
G0 F9000 X92.025 Y99.137
;TYPE:WALL-OUTER
G1 F480 E271.61001
G1 F900 X92.025 Y98.962 E271.61383
G1 X92.025 Y84.513 E271.9292
G1 X100.6 Y84.512 E272.11637
G1 X100.775 Y84.512 E272.12019
G1 X100.775 Y84.687 E272.12266
G1 X100.775 Y99.136 E272.43804
G1 X92.2 Y99.137 E272.62521
G1 X92.025 Y99.137 E272.62768
G0 F9000 X92.025 Y98.962
G0 X92.025 Y98.937
G0 X92.411 Y98.751
G0 X93.209 Y95.438
;TYPE:FILL
G1 F3000 X94.312 Y96.541 E272.66659
G1 X94.312 Y96.456 E272.66871
G1 X93.209 Y97.559 E272.70762
G1 X93.209 Y93.789 E272.80166
G1 X94.312 Y92.686 E272.84057
G1 X94.312 Y92.77 E272.84267
G1 X93.209 Y91.667 E272.88158
G1 X93.209 Y90.018 E272.92272
G1 X94.312 Y88.915 E272.96163
G1 X94.312 Y89 E272.96375
G1 X93.209 Y87.897 E273.00266
G1 X93.209 Y86.248 E273.04379
G1 X93.76 Y85.697 E273.06323
G1 X94.78 Y85.698 E273.08867
G1 X97.768 Y88.686 E273.19408
G1 X94.54 Y88.687 E273.27461
G1 X97.531 Y85.697 E273.38011
G1 X98.55 Y85.697 E273.40552
G1 X99.588 Y86.736 E273.44216
G1 X99.588 Y87.409 E273.45895
G1 X98.311 Y88.687 E273.50402
G1 X98.487 Y88.687 E273.50841
G1 X98.486 Y89.404 E273.52629
G1 X99.588 Y90.506 E273.56517
G1 X99.588 Y91.18 E273.58198
G1 X98.487 Y92.281 E273.62082
G1 X98.486 Y93.174 E273.6431
G1 X99.588 Y94.277 E273.68199
G1 X99.588 Y94.95 E273.69878
G1 X98.487 Y96.051 E273.73762
G1 X98.488 Y97.951 E273.78502
G1 X99.492 Y97.951 E273.81006
G1 X98.486 Y96.945 E273.84555
G0 F9000 X98.338 Y97.921
;TYPE:SKIN
G1 F2400 X94.462 Y97.922 E273.94224
G1 X94.463 Y88.837 E274.16886
G1 X98.337 Y88.837 E274.2655
G1 X98.338 Y96.256 E274.45057
G0 F2160 X98.338 Y97.921
G0 F9000 X98.156 Y97.57
G1 F480 E274.4921
G1 F2400 X97.985 Y97.741 E274.49813
G0 F9000 X97.419 Y97.741
G1 F2400 X98.156 Y97.005 E274.52412
G0 F9000 X98.156 Y96.439
G1 F2400 X96.853 Y97.741 E274.57007
G0 F9000 X96.288 Y97.741
G1 F2400 X98.156 Y95.873 E274.63596
G0 F9000 X98.156 Y95.308
G1 F2400 X95.722 Y97.741 E274.72181
G0 F9000 X95.156 Y97.741
G1 F2400 X98.156 Y94.742 E274.82763
G0 F9000 X98.156 Y94.176
G1 F2400 X94.642 Y97.69 E274.95159
G0 F9000 X94.642 Y97.124
G1 F2400 X98.156 Y93.611 E275.07554
G0 F9000 X98.156 Y93.045
G1 F2400 X94.642 Y96.558 E275.19949
G0 F9000 X94.642 Y95.993
G1 F2400 X98.156 Y92.479 E275.32346
G0 F9000 X98.156 Y91.913
G1 F2400 X94.642 Y95.427 E275.44742
G0 F9000 X94.642 Y94.861
G1 F2400 X98.156 Y91.348 E275.57137
G0 F9000 X98.156 Y90.782
G1 F2400 X94.642 Y94.296 E275.69534
G0 F9000 X94.642 Y93.73
G1 F2400 X98.156 Y90.216 E275.8193
G0 F9000 X98.156 Y89.651
G1 F2400 X94.642 Y93.164 E275.94325
G0 F9000 X94.642 Y92.599
G1 F2400 X98.156 Y89.085 E276.06722
G0 F9000 X97.659 Y89.016
G1 F2400 X94.642 Y92.033 E276.17365
G0 F9000 X94.642 Y91.467
G1 F2400 X97.093 Y89.016 E276.26011
G0 F9000 X96.527 Y89.016
G1 F2400 X94.642 Y90.902 E276.32663
G0 F9000 X94.642 Y90.336
G1 F2400 X95.962 Y89.016 E276.3732
G0 F9000 X95.396 Y89.016
G1 F2400 X94.642 Y89.77 E276.3998
G0 F9000 X94.642 Y89.205
G1 F2400 X94.83 Y89.016 E276.40645
G1 F1500 E274.90645
G1 F900 Z2.96
G0 F9000 X94.83 Y89.016 Z2.96
G0 X83.969 Y90.445
;TIME_ELAPSED:543.974339
;LAYER:12
G0 X83.969 Y90.445 Z3.11
;TYPE:WALL-INNER
G1 F900 Z2.11
G1 F480 E276.46881
G1 F1500 X84.215 Y90.523 E276.47525
G1 X84.412 Y90.556 E276.48023
G1 X84.593 Y90.57 E276.48476
G1 X84.835 Y90.556 E276.4908
G1 X85.215 Y90.455 E276.50061
G1 X85.574 Y90.249 E276.51094
G1 X85.815 Y90.015 E276.51932
G1 X85.953 Y89.825 E276.52518
G1 X86.085 Y89.583 E276.53205
G1 X86.172 Y89.291 E276.53965
G1 X86.202 Y89.05 E276.54571
G1 X86.195 Y88.756 E276.55305
G1 X86.125 Y88.472 E276.56034
G1 X86.034 Y88.241 E276.56654
G1 X85.869 Y87.978 E276.57428
G1 X85.652 Y87.756 E276.58202
G1 X85.456 Y87.61 E276.58812
G1 X85.207 Y87.475 E276.59519
G1 X84.869 Y87.382 E276.60393
G1 X84.605 Y87.361 E276.61054
G1 X84.35 Y87.379 E276.61691
G1 X83.999 Y87.474 E276.62599
G1 X83.723 Y87.62 E276.63377
G1 X83.465 Y87.827 E276.64203
G1 X83.285 Y88.05 E276.64917
G1 X83.156 Y88.263 E276.65539
G1 X83.049 Y88.548 E276.66298
G1 X83 Y88.838 E276.67032
G1 X83 Y89.09 E276.6766
G1 X83.014 Y89.171 E276.67865
G0 F1350 X83.047 Y89.377
G0 X83.144 Y89.643
G0 X83.267 Y89.861
G0 X83.457 Y90.095
G0 X83.673 Y90.277
G0 X83.969 Y90.445
G0 F9000 X84.13 Y90.076
G1 F480 E276.72019
G1 F1500 X84.31 Y90.133 E276.7249
G1 X84.461 Y90.159 E276.72872
G1 X84.596 Y90.169 E276.7321
G1 X84.772 Y90.159 E276.73649
G1 X85.061 Y90.082 E276.74395
G1 X85.331 Y89.927 E276.75172
G1 X85.511 Y89.752 E276.75798
G1 X85.614 Y89.61 E276.76236
G1 X85.714 Y89.428 E276.76754
G1 X85.779 Y89.209 E276.77324
G1 X85.801 Y89.03 E276.77774
G1 X85.796 Y88.809 E276.78325
G1 X85.743 Y88.594 E276.78877
G1 X85.675 Y88.422 E276.79339
G1 X85.553 Y88.227 E276.79913
G1 X85.388 Y88.058 E276.80502
G1 X85.24 Y87.948 E276.80962
G1 X85.057 Y87.849 E276.81481
G1 X84.799 Y87.778 E276.82148
G1 X84.603 Y87.762 E276.82639
G1 X84.417 Y87.775 E276.83104
G1 X84.147 Y87.848 E276.83802
G1 X83.944 Y87.956 E276.84375
G1 X83.749 Y88.112 E276.84998
G1 X83.613 Y88.28 E276.85537
G1 X83.518 Y88.438 E276.85997
G1 X83.437 Y88.653 E276.8657
G1 X83.428 Y88.707 E276.86707
G0 F1350 X83.4 Y88.872
G0 X83.4 Y89.057
G0 X83.436 Y89.275
G0 X83.509 Y89.475
G0 X83.599 Y89.635
G0 X83.744 Y89.814
G0 X83.902 Y89.947
G0 X84.13 Y90.076
G0 F9000 X84.3 Y89.684
;TYPE:WALL-OUTER
G1 F480 E276.9086
G1 F900 X84.411 Y89.719 E276.91114
G1 X84.513 Y89.737 E276.9134
G1 X84.599 Y89.743 E276.91528
G1 X84.705 Y89.737 E276.9176
G1 X84.898 Y89.686 E276.92196
G1 X85.073 Y89.585 E276.92637
G1 X85.189 Y89.473 E276.92989
G1 X85.254 Y89.383 E276.93231
G1 X85.319 Y89.264 E276.93527
G1 X85.361 Y89.122 E276.9385
G1 X85.375 Y89.008 E276.94101
G1 X85.372 Y88.865 E276.94413
G1 X85.337 Y88.723 E276.94733
G1 X85.294 Y88.614 E276.94988
G1 X85.217 Y88.491 E276.95305
G1 X85.108 Y88.379 E276.95646
G1 X85.012 Y88.308 E276.95907
G1 X84.897 Y88.246 E276.96192
G1 X84.724 Y88.198 E276.96584
G1 X84.601 Y88.188 E276.96853
G1 X84.488 Y88.196 E276.971
G1 X84.304 Y88.246 E276.97517
G1 X84.244 Y88.278 E276.97665
G0 F810 X84.178 Y88.313
G0 X84.05 Y88.415
G0 X83.962 Y88.524
G0 X83.902 Y88.624
G0 X83.849 Y88.764
G0 X83.825 Y88.907
G0 X83.825 Y89.022
G0 X83.849 Y89.167
G0 X83.896 Y89.296
G0 X83.952 Y89.395
G0 X84.049 Y89.515
G0 X84.146 Y89.597
G0 X84.3 Y89.684
G0 F9000 X84.411 Y89.719
G0 X84.494 Y89.733
G0 X84.427 Y90.114
G0 X84.404 Y90.25
G0 X81.05 Y107.943
;TYPE:WALL-INNER
G1 F480 E277.01498
G1 F1500 X81.05 Y85.052 E277.586
G1 X88.15 Y85.052 E277.76311
G1 X88.15 Y107.943 E278.33413
G1 X86.748 Y107.944 E278.3691
G1 X86.549 Y107.944 E278.37406
G1 X86.549 Y107.745 E278.37727
G1 X86.549 Y98.547 E278.60672
G1 X82.652 Y98.547 E278.70393
G1 X82.652 Y107.88 E278.93674
G0 F1350 X82.652 Y107.943
G0 X81.05 Y107.943
G0 F9000 X80.65 Y108.343
G1 F480 E278.97828
G1 F1500 X80.65 Y84.652 E279.56925
G1 X88.55 Y84.652 E279.76632
G1 X88.55 Y108.343 E280.35729
G1 X86.348 Y108.344 E280.41222
G1 X86.149 Y108.344 E280.41718
G1 X86.149 Y108.145 E280.4204
G1 X86.149 Y98.947 E280.64984
G1 X83.052 Y98.947 E280.7271
G1 X83.052 Y108.343 E280.96148
G1 X82.315 Y108.343 E280.97987
G0 F1350 X80.65 Y108.343
G0 F9000 X80.225 Y108.768
;TYPE:WALL-OUTER
G1 F480 E281.0214
G1 F900 X80.225 Y84.227 E281.55705
G1 X88.975 Y84.227 E281.74804
G1 X88.975 Y108.768 E282.2837
G1 X85.899 Y108.769 E282.35084
G1 X85.724 Y108.769 E282.35466
G1 X85.724 Y108.594 E282.35713
G1 X85.724 Y99.372 E282.55842
G1 X83.477 Y99.372 E282.60746
G1 X83.477 Y108.768 E282.81255
G1 X82.127 Y108.768 E282.84201
G0 F810 X80.225 Y108.768
G0 F9000 X80.225 Y108.568
G0 X80.61 Y108.383
G0 X81.409 Y105.588
;TYPE:FILL
G1 F480 E282.88353
G1 F3000 X82.291 Y104.706 E282.91464
G1 X82.291 Y107.142 E282.97541
G1 X81.409 Y106.26 E283.00652
G1 X81.409 Y102.49 E283.10057
G1 X82.291 Y103.371 E283.13166
G1 X82.291 Y100.936 E283.19241
G1 X81.409 Y101.818 E283.22352
G1 X81.409 Y98.719 E283.30083
G1 X82.291 Y99.601 E283.33194
G1 X82.292 Y98.187 E283.36721
G1 X84.646 Y98.186 E283.42593
G1 X83.315 Y96.855 E283.47289
G1 X83.052 Y96.724 E283.48022
G1 X82.863 Y96.595 E283.48593
G1 X81.409 Y98.048 E283.5372
G1 X81.409 Y94.949 E283.61451
G1 X82.103 Y95.643 E283.63899
G1 X82.097 Y95.631 E283.63932
G1 X82.028 Y95.402 E283.64529
G1 X81.987 Y95.087 E283.65321
G1 X81.986 Y93.7 E283.68781
G1 X81.409 Y94.277 E283.70817
G1 X81.41 Y91.619 E283.77447
G1 X81.461 Y91.599 E283.77584
G0 F9000 X87.79 Y91.667
G1 F3000 X87.213 Y92.244 E283.79619
G1 X87.214 Y92.115 E283.79941
G1 X87.507 Y91.861 E283.80909
G1 X87.738 Y91.601 E283.81776
G1 X87.79 Y91.621 E283.81915
G1 X87.79 Y93.789 E283.87323
G1 X87.211 Y93.21 E283.89366
G1 X87.209 Y95.097 E283.94073
G1 X87.178 Y95.363 E283.94741
G1 X87.11 Y95.605 E283.95368
G1 X87.014 Y95.827 E283.95971
G1 X86.886 Y96.053 E283.96619
G1 X86.731 Y96.246 E283.97237
G1 X86.605 Y96.374 E283.97685
G1 X87.79 Y97.559 E284.01865
G1 X87.79 Y95.438 E284.07156
G1 X85.042 Y98.186 E284.1685
G1 X86.909 Y98.187 E284.21508
G1 X86.909 Y100.089 E284.26252
G1 X87.79 Y99.208 E284.2936
G1 X87.79 Y101.329 E284.34651
G1 X86.909 Y100.448 E284.37759
G1 X86.909 Y103.859 E284.46268
G1 X87.79 Y102.978 E284.49376
G1 X87.79 Y105.1 E284.54669
G1 X86.909 Y104.219 E284.57777
G1 X86.909 Y107.584 E284.66171
G1 X87.79 Y107.583 E284.68369
G1 X87.79 Y106.749 E284.70449
G1 X86.955 Y107.583 E284.73393
G0 F9000 X86.953 Y85.412
G1 F3000 X87.789 Y86.247 E284.7634
G1 X87.79 Y86.334 E284.76557
G1 X87.739 Y86.354 E284.76694
G1 X87.507 Y86.094 E284.77563
G1 X87.101 Y85.74 E284.78907
G1 X86.686 Y85.469 E284.80143
G1 X86.703 Y85.412 E284.80292
G1 X87.79 Y85.412 E284.83003
G0 F9000 X87.401 Y86.2
;TYPE:SKIN
G1 F2400 X87.734 Y86.573 E284.84251
G1 X87.76 Y86.613 E284.8437
G1 X87.76 Y91.343 E284.96169
G1 X87.401 Y91.755 E284.97532
G1 X87.064 Y92.046 E284.98643
G1 X87.059 Y95.088 E285.06231
G1 X87.032 Y95.328 E285.06833
G1 X86.967 Y95.559 E285.07432
G1 X86.879 Y95.764 E285.07988
G1 X86.763 Y95.967 E285.08572
G1 X86.615 Y96.151 E285.09161
G1 X86.473 Y96.298 E285.09671
G1 X86.303 Y96.441 E285.10225
G1 X86.022 Y96.626 E285.11064
G1 X85.737 Y96.756 E285.11845
G1 X85.361 Y96.879 E285.12832
G1 X84.949 Y96.955 E285.13877
G1 X84.545 Y96.972 E285.14886
G1 X84.3 Y96.957 E285.15498
G1 X84.069 Y96.928 E285.16079
G1 X83.833 Y96.877 E285.16681
G1 X83.637 Y96.821 E285.1719
G1 X83.426 Y96.743 E285.17751
G1 X83.127 Y96.594 E285.18584
G1 X82.882 Y96.429 E285.19321
G1 X82.737 Y96.307 E285.19794
G1 X82.563 Y96.128 E285.20417
G1 X82.36 Y95.844 E285.21287
G1 X82.239 Y95.58 E285.22012
G1 X82.174 Y95.365 E285.22572
G1 X82.137 Y95.078 E285.23294
G1 X82.137 Y92.048 E285.30852
G1 X81.799 Y91.753 E285.31971
G1 X81.44 Y91.344 E285.33329
G1 X81.44 Y86.613 E285.4513
G1 X81.802 Y86.197 E285.46506
G1 X82.19 Y85.859 E285.4779
G1 X82.619 Y85.578 E285.49069
G1 X82.898 Y85.442 E285.49843
G1 X85.977 Y85.442 E285.57524
G0 F2160 X86.3 Y85.442
G0 X86.583 Y85.581
G0 X87.009 Y85.86
G0 X87.401 Y86.2
G0 F9000 X85.91 Y87.462
G1 F480 E285.61677
G1 F2400 X85.667 Y87.281 E285.62433
G1 X85.353 Y87.111 E285.63324
G1 X84.937 Y86.996 E285.644
G1 X84.607 Y86.969 E285.65226
G1 X84.285 Y86.993 E285.66032
G1 X83.855 Y87.109 E285.67143
G1 X83.508 Y87.293 E285.68122
G1 X83.188 Y87.55 E285.69146
G1 X82.965 Y87.825 E285.70029
G1 X82.803 Y88.092 E285.70808
G1 X82.671 Y88.446 E285.71751
G1 X82.61 Y88.805 E285.72659
G1 X82.61 Y89.122 E285.7345
G1 X82.668 Y89.476 E285.74345
G1 X82.789 Y89.807 E285.75224
G1 X82.943 Y90.081 E285.76008
G1 X83.178 Y90.37 E285.76937
G1 X83.449 Y90.599 E285.77822
G1 X83.813 Y90.804 E285.78864
G1 X84.123 Y90.903 E285.79676
G1 X84.365 Y90.944 E285.80288
G1 X84.589 Y90.96 E285.80849
G1 X84.897 Y90.943 E285.81618
G1 X85.365 Y90.819 E285.82826
G1 X85.81 Y90.563 E285.84106
G1 X86.111 Y90.271 E285.85153
G1 X86.283 Y90.034 E285.85883
G1 X86.447 Y89.733 E285.86738
G1 X86.555 Y89.371 E285.8768
G1 X86.592 Y89.07 E285.88437
G1 X86.588 Y88.929 E285.88789
G0 F2160 X86.583 Y88.704
G0 X86.497 Y88.353
G0 X86.383 Y88.064
G0 X86.177 Y87.736
G0 X85.91 Y87.462
G0 F9000 X87.58 Y87.014
G1 F480 E285.92942
G1 F2400 X86.187 Y85.622 E285.97855
G0 F9000 X85.622 Y85.622
G1 F2400 X87.58 Y87.58 E286.04762
G0 F9000 X87.58 Y88.145
G1 F2400 X85.056 Y85.622 E286.13664
G0 F9000 X84.49 Y85.622
G1 F2400 X87.58 Y88.711 E286.24563
G0 F9000 X87.58 Y89.277
G1 F2400 X86.691 Y88.388 E286.277
G0 F9000 X86.77 Y89.033
G1 F2400 X87.58 Y89.842 E286.30555
G0 F9000 X87.58 Y90.408
G1 F2400 X86.696 Y89.524 E286.33674
G0 F9000 X86.54 Y89.934
G1 F2400 X87.58 Y90.974 E286.37343
G0 F9000 X87.457 Y91.416
G1 F2400 X86.323 Y90.283 E286.41341
G0 F9000 X86.052 Y90.578
G1 F2400 X87.18 Y91.706 E286.45321
G0 F9000 X86.883 Y91.974
G1 F2400 X85.727 Y90.818 E286.49399
G0 F9000 X85.352 Y91.009
G1 F2400 X86.882 Y92.539 E286.54796
G0 F9000 X86.882 Y93.104
G1 F2400 X84.9 Y91.122 E286.61788
G0 F9000 X84.332 Y91.12
G1 F2400 X86.881 Y93.669 E286.70781
G0 F9000 X86.88 Y94.233
G1 F2400 X83.455 Y90.809 E286.82862
G0 F9000 X82.749 Y90.103
G1 F2400 X81.619 Y88.973 E286.86848
G0 F9000 X81.619 Y88.408
G1 F2400 X82.445 Y89.234 E286.89762
G0 F9000 X82.45 Y88.673
G1 F2400 X81.619 Y87.842 E286.92693
G0 F9000 X81.619 Y87.276
G1 F2400 X82.563 Y88.22 E286.96024
G0 F9000 X82.746 Y87.837
G1 F2400 X81.619 Y86.711 E286.99998
G0 F9000 X81.868 Y86.394
G1 F2400 X82.987 Y87.512 E287.03943
G0 F9000 X83.283 Y87.242
G1 F2400 X82.162 Y86.122 E287.07896
G0 F9000 X82.486 Y85.88
G1 F2400 X83.629 Y87.023 E287.11929
G0 F9000 X84.042 Y86.87
G1 F2400 X82.841 Y85.67 E287.16164
G0 F9000 X83.359 Y85.622
G1 F2400 X84.53 Y86.793 E287.20295
G0 F9000 X85.177 Y86.874
G1 F2400 X83.925 Y85.622 E287.24711
G0 F9000 X81.619 Y89.539
G1 F2400 X86.879 Y94.798 E287.43266
G0 F9000 X86.844 Y95.33
G1 F2400 X81.619 Y90.105 E287.61698
G0 F9000 X81.619 Y90.67
G1 F2400 X86.686 Y95.737 E287.79574
G0 F9000 X86.448 Y96.065
G1 F2400 X81.619 Y91.236 E287.96609
G0 F9000 X82.317 Y92.499
G1 F2400 X86.145 Y96.327 E288.10113
G0 F9000 X85.786 Y96.534
G1 F2400 X82.317 Y93.065 E288.22351
G0 F9000 X82.317 Y93.63
G1 F2400 X85.371 Y96.684 E288.33125
G0 F9000 X84.896 Y96.776
G1 F2400 X82.317 Y94.196 E288.42225
G0 F9000 X82.317 Y94.762
G1 F2400 X84.332 Y96.777 E288.49333
G0 F9000 X83.605 Y96.616
G1 F2400 X82.364 Y95.375 E288.53711
G1 F1500 E287.03711
G1 F900 Z3.11
G0 F9000 X82.364 Y95.375 Z3.11
G0 X92.85 Y98.309
;TYPE:WALL-INNER
G1 F900 Z2.11
G1 F480 E288.59948
G1 F1500 X92.85 Y98.11 E288.60444
G1 X92.85 Y85.334 E288.92314
G1 X99.751 Y85.333 E289.09529
G1 X99.95 Y85.333 E289.10025
G1 X99.95 Y85.532 E289.10346
G1 X99.95 Y98.308 E289.42216
G1 X97.619 Y98.308 E289.48031
G1 X97.618 Y88.847 E289.71631
G1 X95.182 Y88.847 E289.77708
G1 X95.181 Y98.308 E290.01308
G1 X93.049 Y98.309 E290.06627
G1 X92.85 Y98.309 E290.06948
G0 F9000 X92.649 Y98.709
G1 F1500 X92.45 Y98.709 E290.07444
G1 X92.45 Y98.51 E290.07766
G1 X92.45 Y84.934 E290.41631
G1 X100.151 Y84.933 E290.60841
G1 X100.35 Y84.933 E290.61338
G1 X100.35 Y85.132 E290.61659
G1 X100.35 Y98.708 E290.95524
G1 X97.219 Y98.708 E291.03335
G1 X97.218 Y89.247 E291.26935
G1 X95.582 Y89.247 E291.31016
G1 X95.581 Y98.708 E291.54617
G1 X94.314 Y98.709 E291.57777
G0 F1350 X92.649 Y98.709
G0 F9000 X92.025 Y99.134
;TYPE:WALL-OUTER
G1 F480 E291.61931
G1 F900 X92.025 Y98.959 E291.62313
G1 X92.025 Y84.509 E291.93853
G1 X100.6 Y84.508 E292.12569
G1 X100.775 Y84.508 E292.12951
G1 X100.775 Y84.683 E292.13198
G1 X100.775 Y99.133 E292.44738
G1 X96.794 Y99.133 E292.53428
G1 X96.793 Y89.672 E292.74078
G1 X96.007 Y89.672 E292.75794
G1 X96.006 Y99.133 E292.96444
G1 X92.2 Y99.134 E293.04752
G1 X92.025 Y99.134 E293.04999
G0 F9000 X92.025 Y98.959
G0 X92.025 Y98.934
G0 X92.411 Y98.748
G0 X92.52 Y98.639
G0 X95.554 Y89.219
G0 X98.545 Y85.693
;TYPE:FILL
G1 F3000 X99.589 Y86.737 E293.08682
G1 X99.588 Y87.409 E293.10358
G1 X97.978 Y89.02 E293.1604
G1 X97.977 Y92.665 E293.25132
G1 X99.589 Y94.277 E293.30819
G1 X99.588 Y94.95 E293.32498
G1 X97.978 Y96.561 E293.38179
G1 X97.979 Y97.948 E293.41639
G1 X99.489 Y97.947 E293.45406
G1 X97.977 Y96.435 E293.5074
G1 X97.978 Y92.79 E293.59832
G1 X99.588 Y91.18 E293.65512
G1 X99.589 Y90.507 E293.67191
G1 X97.977 Y88.895 E293.72877
G1 X97.978 Y88.487 E293.73895
G1 X97.568 Y88.486 E293.74918
G1 X94.776 Y85.694 E293.84767
G1 X93.764 Y85.693 E293.87292
G1 X93.21 Y86.247 E293.89246
G1 X93.209 Y87.897 E293.93362
G1 X94.821 Y89.509 E293.99049
G1 X94.82 Y92.177 E294.05704
G1 X93.21 Y93.788 E294.11386
G1 X93.209 Y95.438 E294.15502
G1 X94.821 Y97.05 E294.21189
G1 X94.821 Y97.948 E294.23429
G1 X93.21 Y97.949 E294.27447
G1 X93.21 Y97.558 E294.28423
G1 X94.82 Y95.948 E294.34102
G1 X94.821 Y93.28 E294.40758
G1 X93.209 Y91.667 E294.46446
G1 X93.21 Y90.018 E294.5056
G1 X97.535 Y85.692 E294.65819
G1 X99.59 Y85.693 E294.70945
G1 F1500 E293.20945
G1 F900 Z3.11
G0 F9000 X99.59 Y85.693 Z3.11
G0 X83.968 Y90.445
;TIME_ELAPSED:586.826531
;LAYER:13
G0 X83.968 Y90.445 Z3.26
;TYPE:WALL-INNER
G1 F900 Z2.26
G1 F480 E294.77182
G1 F1500 X84.202 Y90.519 E294.77794
G1 X84.38 Y90.551 E294.78245
G1 X84.402 Y90.556 E294.78301
G1 X84.596 Y90.57 E294.78786
G1 X84.835 Y90.556 E294.79384
G1 X85.217 Y90.455 E294.80369
G1 X85.574 Y90.246 E294.81401
G1 X85.815 Y90.014 E294.82236
G1 X85.952 Y89.827 E294.82814
G1 X86.086 Y89.58 E294.83515
G1 X86.17 Y89.289 E294.8427
G1 X86.173 Y89.262 E294.84338
G1 X86.202 Y89.057 E294.84855
G1 X86.195 Y88.753 E294.85613
G1 X86.123 Y88.466 E294.86351
G1 X86.034 Y88.243 E294.8695
G1 X85.871 Y87.983 E294.87716
G1 X85.649 Y87.75 E294.88518
G1 X85.452 Y87.609 E294.89123
G1 X85.208 Y87.476 E294.89816
G1 X84.86 Y87.38 E294.90717
G1 X84.602 Y87.361 E294.91362
G1 X84.349 Y87.379 E294.91995
G1 X83.996 Y87.475 E294.92907
G1 X83.728 Y87.618 E294.93665
G1 X83.466 Y87.824 E294.94496
G1 X83.28 Y88.057 E294.9524
G1 X83.159 Y88.261 E294.95832
G1 X83.049 Y88.546 E294.96594
G1 X83 Y88.842 E294.97342
G1 X83 Y89.085 E294.97948
G1 X83.014 Y89.169 E294.98161
G0 F1350 X83.047 Y89.376
G0 X83.146 Y89.647
G0 X83.265 Y89.856
G0 X83.456 Y90.095
G0 X83.675 Y90.278
G0 X83.968 Y90.445
G0 F9000 X84.129 Y90.076
G1 F480 E295.02314
G1 F1500 X84.3 Y90.13 E295.02761
G1 X84.453 Y90.159 E295.0315
G1 X84.598 Y90.169 E295.03512
G1 X84.772 Y90.159 E295.03947
G1 X85.062 Y90.082 E295.04696
G1 X85.331 Y89.925 E295.05473
G1 X85.513 Y89.75 E295.06102
G1 X85.613 Y89.613 E295.06525
G1 X85.714 Y89.427 E295.07053
G1 X85.778 Y89.206 E295.07627
G1 X85.801 Y89.035 E295.08058
G1 X85.796 Y88.807 E295.08627
G1 X85.741 Y88.589 E295.09188
G1 X85.676 Y88.424 E295.0963
G1 X85.554 Y88.23 E295.10202
G1 X85.385 Y88.053 E295.10812
G1 X85.239 Y87.948 E295.11261
G1 X85.057 Y87.849 E295.11777
G1 X84.792 Y87.776 E295.12463
G1 X84.601 Y87.762 E295.12941
G1 X84.416 Y87.775 E295.13403
G1 X84.145 Y87.849 E295.14104
G1 X83.948 Y87.954 E295.14661
G1 X83.75 Y88.11 E295.1529
G1 X83.61 Y88.285 E295.15849
G1 X83.52 Y88.436 E295.16287
G1 X83.437 Y88.652 E295.16865
G1 X83.427 Y88.707 E295.17004
G0 F1350 X83.4 Y88.875
G0 X83.4 Y89.053
G0 X83.436 Y89.275
G0 X83.51 Y89.478
G0 X83.597 Y89.63
G0 X83.744 Y89.814
G0 X83.904 Y89.948
G0 X84.129 Y90.076
G0 F9000 X84.3 Y89.684
;TYPE:WALL-OUTER
G1 F480 E295.21157
G1 F900 X84.405 Y89.717 E295.21398
G1 X84.508 Y89.737 E295.21627
G1 X84.6 Y89.743 E295.21828
G1 X84.705 Y89.737 E295.22058
G1 X84.898 Y89.686 E295.22493
G1 X85.073 Y89.584 E295.22935
G1 X85.191 Y89.47 E295.23293
G1 X85.253 Y89.385 E295.23523
G1 X85.319 Y89.264 E295.23824
G1 X85.361 Y89.119 E295.24153
G1 X85.375 Y89.012 E295.24389
G1 X85.372 Y88.864 E295.24712
G1 X85.336 Y88.72 E295.25036
G1 X85.295 Y88.617 E295.25278
G1 X85.217 Y88.492 E295.256
G1 X85.105 Y88.375 E295.25953
G1 X85.013 Y88.309 E295.262
G1 X84.897 Y88.246 E295.26488
G1 X84.719 Y88.197 E295.26891
G1 X84.6 Y88.188 E295.27152
G1 X84.487 Y88.196 E295.27399
G1 X84.303 Y88.246 E295.27815
G1 X84.245 Y88.277 E295.27959
G0 F810 X84.182 Y88.311
G0 X84.051 Y88.414
G0 X83.96 Y88.527
G0 X83.904 Y88.622
G0 X83.849 Y88.764
G0 X83.825 Y88.91
G0 X83.825 Y89.019
G0 X83.849 Y89.167
G0 X83.897 Y89.298
G0 X83.95 Y89.391
G0 X84.049 Y89.515
G0 X84.147 Y89.597
G0 X84.3 Y89.684
G0 F9000 X84.405 Y89.717
G0 X84.494 Y89.734
G0 X84.421 Y90.115
G0 X84.396 Y90.249
G0 X81.05 Y107.934
;TYPE:WALL-INNER
G1 F480 E295.31794
G1 F1500 X81.05 Y85.044 E295.88893
G1 X88.15 Y85.044 E296.06604
G1 X88.15 Y107.934 E296.63704
G1 X86.711 Y107.935 E296.67293
G1 X86.512 Y107.935 E296.6779
G1 X86.512 Y107.736 E296.68111
G1 X86.512 Y98.547 E296.91033
G1 X82.689 Y98.547 E297.00569
G1 X82.689 Y107.908 E297.2392
G0 F1350 X82.689 Y107.934
G0 X81.05 Y107.934
G0 F9000 X80.65 Y108.334
G1 F480 E297.28074
G1 F1500 X80.65 Y84.644 E297.87169
G1 X88.55 Y84.644 E298.06875
G1 X88.55 Y108.334 E298.6597
G1 X86.311 Y108.335 E298.71556
G1 X86.112 Y108.335 E298.72052
G1 X86.112 Y108.136 E298.72373
G1 X86.112 Y98.947 E298.95295
G1 X83.089 Y98.947 E299.02836
G1 X83.089 Y108.334 E299.26252
G1 X82.315 Y108.334 E299.28183
G0 F1350 X80.65 Y108.334
G0 F9000 X80.225 Y108.759
;TYPE:WALL-OUTER
G1 F480 E299.32336
G1 F900 X80.225 Y84.219 E299.859
G1 X88.975 Y84.219 E300.04998
G1 X88.975 Y108.759 E300.58561
G1 X85.862 Y108.76 E300.65356
G1 X85.687 Y108.76 E300.65738
G1 X85.687 Y108.585 E300.65985
G1 X85.687 Y99.372 E300.86095
G1 X83.514 Y99.372 E300.90838
G1 X83.514 Y108.759 E301.11327
G1 X82.127 Y108.759 E301.14354
G0 F810 X80.225 Y108.759
G0 F9000 X80.225 Y108.559
G0 X80.61 Y108.374
G0 X81.409 Y105.588
;TYPE:FILL
G1 F480 E301.18505
G1 F3000 X82.329 Y104.669 E301.21749
G1 X82.329 Y107.179 E301.2801
G1 X81.409 Y106.26 E301.31254
G1 X81.409 Y102.49 E301.40659
G1 X82.329 Y103.409 E301.43902
G1 X82.329 Y100.899 E301.50164
G1 X81.409 Y101.818 E301.53407
G1 X81.409 Y98.719 E301.61138
G1 X82.329 Y99.639 E301.64383
G1 X82.329 Y98.187 E301.68005
G1 X84.646 Y98.186 E301.73785
G1 X83.302 Y96.842 E301.78526
G1 X83.223 Y96.807 E301.78742
G1 X83.021 Y96.698 E301.79315
G1 X82.865 Y96.592 E301.79785
G1 X81.409 Y98.048 E301.84921
G1 X81.409 Y94.949 E301.92652
G1 X82.108 Y95.648 E301.95118
G1 X82.099 Y95.628 E301.95173
G1 X82.025 Y95.38 E301.95818
G1 X81.987 Y95.084 E301.96563
G1 X81.986 Y93.7 E302.00015
G1 X81.409 Y94.277 E302.02051
G1 X81.41 Y91.611 E302.08701
G1 X81.461 Y91.591 E302.08838
G0 F9000 X87.79 Y91.667
G1 F3000 X87.215 Y92.242 E302.10866
G1 X87.215 Y92.106 E302.11205
G1 X87.507 Y91.853 E302.12169
G1 X87.738 Y91.593 E302.13037
G1 X87.79 Y91.613 E302.13176
G1 X87.79 Y93.789 E302.18604
G1 X87.212 Y93.211 E302.20643
G1 X87.208 Y95.123 E302.25412
G1 X87.177 Y95.36 E302.26008
G1 X87.102 Y95.631 E302.2671
G1 X87.002 Y95.845 E302.27299
G1 X86.876 Y96.057 E302.27914
G1 X86.718 Y96.257 E302.2855
G1 X86.602 Y96.371 E302.28956
G1 X87.79 Y97.559 E302.33147
G1 X87.79 Y95.438 E302.38438
G1 X85.041 Y98.186 E302.48134
G1 X86.872 Y98.187 E302.52701
G1 X86.872 Y100.126 E302.57538
G1 X87.79 Y99.208 E302.60777
G1 X87.79 Y101.329 E302.66067
G1 X86.871 Y100.411 E302.69308
G1 X86.872 Y103.896 E302.78001
G1 X87.79 Y102.978 E302.8124
G1 X87.79 Y105.1 E302.86533
G1 X86.871 Y104.181 E302.89775
G1 X86.872 Y107.575 E302.98241
G1 X87.79 Y107.574 E303.00531
G1 X87.79 Y106.749 E303.02589
G1 X86.964 Y107.574 E303.05501
G0 F9000 X86.945 Y85.403
G1 F3000 X87.789 Y86.247 E303.08479
G1 X87.79 Y86.327 E303.08678
G1 X87.739 Y86.347 E303.08815
G1 X87.506 Y86.086 E303.09688
G1 X87.1 Y85.733 E303.1103
G1 X86.687 Y85.46 E303.12265
G1 X86.704 Y85.404 E303.12411
G1 X87.79 Y85.404 E303.1512
G0 F9000 X87.396 Y86.189
;TYPE:SKIN
G1 F2400 X87.76 Y86.604 E303.16497
G1 X87.76 Y91.335 E303.28298
G1 X87.738 Y91.367 E303.28395
G1 X87.401 Y91.746 E303.2966
G1 X87.065 Y92.037 E303.30769
G1 X87.058 Y95.113 E303.38442
G1 X87.029 Y95.333 E303.38996
G1 X86.962 Y95.575 E303.39622
G1 X86.871 Y95.77 E303.40159
G1 X86.75 Y95.975 E303.40753
G1 X86.607 Y96.156 E303.41328
G1 X86.444 Y96.317 E303.419
G1 X86.299 Y96.44 E303.42374
G1 X86.02 Y96.621 E303.43204
G1 X85.718 Y96.759 E303.44032
G1 X85.341 Y96.88 E303.4502
G1 X84.931 Y96.949 E303.46057
G1 X84.528 Y96.965 E303.47063
G1 X84.294 Y96.949 E303.47648
G1 X84.075 Y96.923 E303.48198
G1 X83.872 Y96.882 E303.48715
G1 X83.648 Y96.817 E303.49296
G1 X83.452 Y96.746 E303.49816
G1 X83.284 Y96.67 E303.50276
G1 X83.094 Y96.567 E303.50816
G1 X82.907 Y96.443 E303.51375
G1 X82.75 Y96.31 E303.51889
G1 X82.593 Y96.156 E303.52437
G1 X82.465 Y95.995 E303.5295
G1 X82.344 Y95.807 E303.53508
G1 X82.238 Y95.571 E303.54153
G1 X82.172 Y95.348 E303.54733
G1 X82.137 Y95.076 E303.55417
G1 X82.137 Y92.04 E303.62991
G1 X81.799 Y91.745 E303.6411
G1 X81.44 Y91.336 E303.65467
G1 X81.44 Y86.602 E303.77276
G1 X81.801 Y86.189 E303.78645
G1 X82.192 Y85.851 E303.79934
G1 X82.617 Y85.573 E303.81201
G1 X82.899 Y85.434 E303.81985
G1 X85.971 Y85.434 E303.89648
G0 F2160 X86.301 Y85.434
G0 X86.58 Y85.571
G0 X87.012 Y85.856
G0 X87.396 Y86.189
G0 F9000 X85.906 Y87.454
G1 F480 E303.93802
G1 F2400 X85.659 Y87.278 E303.94558
G1 X85.355 Y87.112 E303.95422
G1 X84.927 Y86.994 E303.9653
G1 X84.602 Y86.969 E303.97343
G1 X84.283 Y86.993 E303.98141
G1 X83.851 Y87.11 E303.99257
G1 X83.514 Y87.29 E304.0021
G1 X83.189 Y87.545 E304.01241
G1 X82.958 Y87.835 E304.02166
G1 X82.806 Y88.09 E304.02906
G1 X82.671 Y88.443 E304.03849
G1 X82.61 Y88.81 E304.04777
G1 X82.61 Y89.116 E304.0554
G1 X82.668 Y89.475 E304.06447
G1 X82.791 Y89.811 E304.0734
G1 X82.941 Y90.076 E304.081
G1 X83.175 Y90.37 E304.09037
G1 X83.451 Y90.6 E304.09933
G1 X83.811 Y90.804 E304.10965
G1 X84.107 Y90.898 E304.1174
G1 X84.353 Y90.944 E304.12364
G1 X84.594 Y90.96 E304.12967
G1 X84.897 Y90.943 E304.13724
G1 X85.367 Y90.818 E304.14937
G1 X85.811 Y90.56 E304.16218
G1 X86.11 Y90.271 E304.17255
G1 X86.282 Y90.036 E304.17982
G1 X86.449 Y89.729 E304.18854
G1 X86.552 Y89.37 E304.19785
G1 X86.592 Y89.079 E304.20518
G1 X86.588 Y88.922 E304.2091
G0 F2160 X86.583 Y88.701
G0 X86.495 Y88.345
G0 X86.383 Y88.066
G0 X86.181 Y87.743
G0 X85.906 Y87.454
G0 F9000 X81.62 Y86.953
G1 F480 E304.25063
G1 F2400 X82.961 Y85.612 E304.29794
G0 F9000 X83.526 Y85.612
G1 F2400 X81.62 Y87.519 E304.36519
G0 F9000 X81.62 Y88.084
G1 F2400 X84.092 Y85.612 E304.4524
G0 F9000 X84.658 Y85.612
G1 F2400 X81.62 Y88.65 E304.55958
G0 F9000 X81.62 Y89.216
G1 F2400 X82.529 Y88.307 E304.59164
G0 F9000 X82.429 Y88.973
G1 F2400 X81.62 Y89.782 E304.62018
G0 F9000 X81.62 Y90.347
G1 F2400 X82.486 Y89.482 E304.65072
G0 F9000 X82.634 Y89.899
G1 F2400 X81.62 Y90.913 E304.68649
G0 F9000 X81.719 Y91.38
G1 F2400 X82.849 Y90.25 E304.72635
G0 F9000 X83.113 Y90.552
G1 F2400 X81.991 Y91.673 E304.76591
G0 F9000 X82.293 Y91.938
G1 F2400 X83.435 Y90.796 E304.8062
G0 F9000 X83.807 Y90.989
G1 F2400 X82.317 Y92.479 E304.85877
G0 F9000 X82.317 Y93.045
G1 F2400 X84.255 Y91.107 E304.92713
G0 F9000 X84.8 Y91.127
G1 F2400 X82.317 Y93.611 E305.01475
G0 F9000 X82.317 Y94.176
G1 F2400 X85.608 Y90.885 E305.13084
G0 F9000 X86.519 Y89.974
G1 F2400 X87.579 Y88.914 E305.16824
G0 F9000 X87.579 Y88.348
G1 F2400 X86.761 Y89.166 E305.1971
G0 F9000 X86.747 Y88.614
G1 F2400 X87.579 Y87.783 E305.22643
G0 F9000 X87.579 Y87.217
G1 F2400 X86.621 Y88.174 E305.26021
G0 F9000 X86.43 Y87.8
G1 F2400 X87.569 Y86.661 E305.30039
G0 F9000 X87.305 Y86.36
G1 F2400 X86.182 Y87.482 E305.33999
G0 F9000 X85.883 Y87.216
G1 F2400 X87.008 Y86.091 E305.37968
G0 F9000 X86.68 Y85.853
G1 F2400 X85.53 Y87.003 E305.42025
G0 F9000 X85.11 Y86.857
G1 F2400 X86.322 Y85.645 E305.463
G0 F9000 X85.789 Y85.612
G1 F2400 X84.613 Y86.788 E305.50449
G0 F9000 X83.937 Y86.899
G1 F2400 X85.224 Y85.612 E305.54989
G0 F9000 X87.579 Y89.48
G1 F2400 X82.317 Y94.742 E305.73552
G0 F9000 X82.345 Y95.279
G1 F2400 X87.579 Y90.045 E305.92017
G0 F9000 X87.579 Y90.611
G1 F2400 X82.492 Y95.698 E306.09962
G0 F9000 X82.725 Y96.03
G1 F2400 X87.579 Y91.177 E306.27084
G0 F9000 X86.883 Y92.438
G1 F2400 X83.02 Y96.301 E306.40712
G0 F9000 X83.374 Y96.513
G1 F2400 X86.882 Y93.005 E306.53088
G0 F9000 X86.88 Y93.572
G1 F2400 X83.785 Y96.668 E306.64008
G0 F9000 X84.256 Y96.762
G1 F2400 X86.88 Y94.139 E306.73263
G0 F9000 X86.878 Y94.706
G1 F2400 X84.812 Y96.772 E306.80551
G0 F9000 X85.516 Y96.634
G1 F2400 X86.851 Y95.299 E306.85261
G1 F1500 E305.35261
G1 F900 Z3.26
G0 F9000 X86.851 Y95.299 Z3.26
G0 X92.85 Y98.306
;TYPE:WALL-INNER
G1 F900 Z2.26
G1 F480 E306.91497
G1 F1500 X92.85 Y98.107 E306.91993
G1 X92.85 Y85.331 E307.23863
G1 X99.751 Y85.33 E307.41078
G1 X99.95 Y85.33 E307.41574
G1 X99.95 Y85.529 E307.41896
G1 X99.95 Y98.305 E307.73765
G1 X97.931 Y98.305 E307.78802
G1 X97.93 Y88.847 E308.02395
G1 X94.87 Y88.847 E308.10028
G1 X94.869 Y98.305 E308.33621
G1 X93.049 Y98.306 E308.38161
G1 X92.85 Y98.306 E308.38482
G0 F9000 X92.649 Y98.706
G1 F1500 X92.45 Y98.706 E308.38979
G1 X92.45 Y98.507 E308.393
G1 X92.45 Y84.931 E308.73165
G1 X100.151 Y84.93 E308.92376
G1 X100.35 Y84.93 E308.92872
G1 X100.35 Y85.129 E308.93193
G1 X100.35 Y98.705 E309.27059
G1 X97.531 Y98.705 E309.34091
G1 X97.53 Y89.247 E309.57684
G1 X95.27 Y89.247 E309.63321
G1 X95.269 Y98.705 E309.86914
G1 X94.314 Y98.706 E309.89297
G0 F1350 X92.649 Y98.706
G0 F9000 X92.025 Y99.131
;TYPE:WALL-OUTER
G1 F480 E309.9345
G1 F900 X92.025 Y98.956 E309.93832
G1 X92.025 Y84.506 E310.25372
G1 X100.6 Y84.505 E310.44089
G1 X100.775 Y84.505 E310.44471
G1 X100.775 Y84.68 E310.44718
G1 X100.775 Y99.13 E310.76258
G1 X97.106 Y99.13 E310.84266
G1 X97.105 Y89.672 E311.0491
G1 X95.695 Y89.672 E311.07988
G1 X95.694 Y99.13 E311.28632
G1 X92.2 Y99.131 E311.36258
G1 X92.025 Y99.131 E311.36505
G0 F9000 X92.025 Y98.956
G0 X92.025 Y98.931
G0 X92.411 Y98.745
G0 X93.209 Y95.438
;TYPE:FILL
G1 F3000 X94.509 Y96.737 E311.41089
G1 X94.509 Y96.259 E311.42282
G1 X93.21 Y97.558 E311.46864
G1 X93.21 Y93.788 E311.56269
G1 X94.509 Y92.489 E311.60851
G1 X94.509 Y92.967 E311.62044
G1 X93.209 Y91.667 E311.6663
G1 X93.21 Y90.018 E311.70743
G1 X94.509 Y88.719 E311.75326
G1 X94.509 Y89.197 E311.76518
G1 X93.209 Y87.897 E311.81104
G1 X93.21 Y86.247 E311.8522
G1 X93.767 Y85.69 E311.87185
G1 X94.773 Y85.691 E311.89695
G1 X97.569 Y88.487 E311.99558
G1 X94.74 Y88.487 E312.06615
G1 X97.538 Y85.69 E312.16484
G1 X98.543 Y85.69 E312.18991
G1 X99.589 Y86.737 E312.22683
G1 X99.588 Y87.409 E312.24359
G1 X98.289 Y88.708 E312.28942
G1 X98.289 Y89.207 E312.30187
G1 X99.589 Y90.507 E312.34773
G1 X99.588 Y91.18 E312.36452
G1 X98.289 Y92.478 E312.41032
G1 X98.289 Y92.977 E312.42277
G1 X99.589 Y94.277 E312.46863
G1 X99.588 Y94.95 E312.48542
G1 X98.289 Y96.249 E312.53125
G1 X98.291 Y97.945 E312.57355
G1 X99.486 Y97.944 E312.60336
G1 X98.289 Y96.747 E312.64559
G1 F1500 E311.14559
G1 F900 Z3.26
G0 F9000 X98.289 Y96.747 Z3.26
G0 X82.899 Y87.782
;TIME_ELAPSED:629.109679
;LAYER:14
G0 X82.899 Y87.782 Z3.41
;TYPE:WALL-INNER
G1 F900 Z2.41
G1 F480 E312.70795
G1 F1500 X83.051 Y87.761 E312.71178
G1 X83.167 Y87.746 E312.7147
G1 X83.326 Y87.748 E312.71866
G1 X83.467 Y87.75 E312.72218
G1 X83.555 Y87.752 E312.72438
G1 X83.466 Y87.83 E312.72517
G1 X83.378 Y87.931 E312.72644
G1 X83.323 Y87.993 E312.72737
G1 X83.259 Y88.091 E312.73029
G1 X83.211 Y88.164 E312.73247
G1 X83.131 Y88.325 E312.73696
G1 X83.117 Y88.351 E312.73769
G1 X83.049 Y88.554 E312.74303
G1 X83.01 Y88.754 E312.74812
G1 X82.995 Y88.966 E312.75342
G1 X83.01 Y89.178 E312.75872
G1 X83.049 Y89.378 E312.7638
G1 X83.117 Y89.581 E312.76914
G1 X83.213 Y89.772 E312.77448
G1 X83.325 Y89.94 E312.77951
G1 X83.462 Y90.098 E312.78473
G1 X83.644 Y90.258 E312.79077
G1 X83.959 Y90.441 E312.79986
G1 X84.191 Y90.517 E312.80595
G1 X84.399 Y90.558 E312.81124
G1 X84.598 Y90.57 E312.81621
G1 X84.837 Y90.556 E312.82219
G1 X85.19 Y90.461 E312.8313
G1 X85.404 Y90.354 E312.83727
G1 X85.574 Y90.241 E312.84236
G1 X85.734 Y90.1 E312.84768
G1 X85.874 Y89.941 E312.85297
G1 X85.987 Y89.772 E312.85804
G1 X86.083 Y89.581 E312.86337
G1 X86.15 Y89.379 E312.86868
G1 X86.192 Y89.173 E312.87393
G1 X86.204 Y88.966 E312.8791
G1 X86.192 Y88.759 E312.88427
G1 X86.15 Y88.553 E312.88952
G1 X86.083 Y88.351 E312.89482
G1 X85.989 Y88.164 E312.90005
G1 X85.94 Y88.089 E312.90228
G1 X85.877 Y87.993 E312.90514
G1 X85.827 Y87.936 E312.90704
G1 X85.734 Y87.83 E312.91055
G1 X85.645 Y87.752 E312.91351
G1 X85.733 Y87.752 E312.91353
G1 X85.874 Y87.75 E312.91493
G1 X86.041 Y87.748 E312.91755
G1 X86.155 Y87.763 E312.92042
G1 X86.309 Y87.785 E312.9243
G1 X87.32 Y87.638 E312.94978
G1 X87.656 Y86.466 E312.9802
G1 X87.003 Y85.898 E313.00179
G1 X86.572 Y85.616 E313.01463
G1 X86.55 Y85.606 E313.01524
G1 X86.195 Y85.432 E313.0251
G1 X86.11 Y85.391 E313.02745
G1 X85.624 Y85.229 E313.04023
G1 X85.119 Y85.127 E313.05308
G1 X85.094 Y85.126 E313.05371
G1 X84.602 Y85.093 E313.06601
G1 X84.087 Y85.127 E313.07888
G1 X83.582 Y85.225 E313.09172
G1 X83.093 Y85.389 E313.10458
G1 X83.004 Y85.432 E313.10705
G1 X82.63 Y85.614 E313.11742
G1 X82.196 Y85.899 E313.13038
G1 X81.539 Y86.473 E313.15214
G1 X81.704 Y87.028 E313.16658
G0 F1350 X81.888 Y87.646
G0 X82.899 Y87.782
G0 F9000 X82.899 Y87.378
G1 F480 E313.20811
G1 F1500 X83.14 Y87.346 E313.21418
G1 X83.734 Y87.354 E313.229
G1 X84.009 Y87.386 E313.2359
G1 X84.405 Y87.307 E313.24598
G1 X84.593 Y87.296 E313.25067
G1 X84.853 Y87.315 E313.25718
G1 X85.188 Y87.385 E313.26572
G1 X85.48 Y87.354 E313.27304
G1 X86.064 Y87.348 E313.28761
G1 X86.307 Y87.381 E313.29373
G1 X87.007 Y87.279 E313.31137
G1 X87.201 Y86.601 E313.32896
G1 X86.761 Y86.218 E313.34352
G1 X86.374 Y85.964 E313.35506
G1 X85.959 Y85.762 E313.36658
G1 X85.521 Y85.616 E313.37809
G1 X85.066 Y85.524 E313.38967
G1 X84.602 Y85.494 E313.40127
G1 X84.139 Y85.524 E313.41284
G1 X83.684 Y85.613 E313.42441
G1 X83.245 Y85.76 E313.43596
G1 X82.828 Y85.963 E313.44753
G1 X82.438 Y86.218 E313.45915
G1 X82.184 Y86.441 E313.46758
G0 F1350 X81.996 Y86.605
G0 X82.198 Y87.284
G0 X82.899 Y87.378
G0 F9000 X82.527 Y86.899
;TYPE:WALL-OUTER
G1 F480 E313.50912
G1 F900 X82.734 Y86.926 E313.51367
G1 X82.9 Y86.949 E313.51733
G1 X83.238 Y86.905 E313.52477
G1 X83.253 Y86.923 E313.52528
G1 X83.69 Y86.929 E313.53482
G1 X83.702 Y86.923 E313.53511
G1 X83.991 Y86.956 E313.54146
G1 X84.347 Y86.885 E313.54939
G1 X84.599 Y86.87 E313.5549
G1 X84.91 Y86.893 E313.5617
G1 X85.209 Y86.955 E313.56837
G1 X85.503 Y86.924 E313.57482
G1 X85.512 Y86.929 E313.57505
G1 X85.946 Y86.924 E313.58452
G1 X85.961 Y86.905 E313.58505
G1 X86.305 Y86.952 E313.59263
G1 X86.47 Y86.927 E313.59627
G1 X86.674 Y86.898 E313.60077
G1 X86.718 Y86.744 E313.60426
G1 X86.563 Y86.609 E313.60764
G1 X86.504 Y86.558 E313.60934
G1 X86.163 Y86.334 E313.61824
G1 X85.798 Y86.156 E313.62711
G1 X85.411 Y86.027 E313.63601
G1 X85.01 Y85.946 E313.64494
G1 X84.602 Y85.92 E313.65387
G1 X84.194 Y85.946 E313.66279
G1 X83.793 Y86.025 E313.67171
G1 X83.406 Y86.154 E313.68061
G1 X83.038 Y86.333 E313.68955
G1 X82.696 Y86.557 E313.69847
G1 X82.638 Y86.608 E313.70016
G1 X82.481 Y86.745 E313.70358
G1 X82.527 Y86.899 E313.70708
G0 F9000 X82.726 Y86.924
G0 X82.674 Y87.306
G0 X83.879 Y89.932
;TYPE:WALL-INNER
G1 F1500 X84.123 Y90.074 E313.71413
G1 X84.292 Y90.129 E313.71856
G1 X84.45 Y90.16 E313.72258
G1 X84.599 Y90.169 E313.7263
G1 X84.773 Y90.159 E313.73065
G1 X85.047 Y90.085 E313.73773
G1 X85.203 Y90.007 E313.74208
G1 X85.331 Y89.922 E313.74591
G1 X85.451 Y89.817 E313.74989
G1 X85.556 Y89.697 E313.75387
G1 X85.641 Y89.57 E313.75768
G1 X85.713 Y89.427 E313.76167
G1 X85.763 Y89.276 E313.76564
G1 X85.794 Y89.122 E313.76956
G1 X85.803 Y88.966 E313.77346
G1 X85.794 Y88.81 E313.77735
G1 X85.763 Y88.656 E313.78127
G1 X85.713 Y88.505 E313.78524
G1 X85.642 Y88.364 E313.78918
G1 X85.558 Y88.236 E313.793
G1 X85.451 Y88.114 E313.79705
G1 X85.33 Y88.008 E313.80106
G1 X85.202 Y87.924 E313.80488
G1 X85.061 Y87.853 E313.80882
G1 X84.91 Y87.803 E313.81278
G1 X84.759 Y87.773 E313.81662
G1 X84.6 Y87.762 E313.8206
G1 X84.415 Y87.775 E313.82523
G1 X84.152 Y87.847 E313.83203
G1 X83.999 Y87.924 E313.8363
G1 X83.87 Y88.008 E313.84014
G1 X83.749 Y88.114 E313.84415
G1 X83.642 Y88.236 E313.8482
G1 X83.558 Y88.364 E313.85202
G1 X83.522 Y88.435 E313.85401
G0 F1350 X83.487 Y88.505
G0 X83.437 Y88.656
G0 X83.407 Y88.807
G0 X83.396 Y88.966
G0 X83.407 Y89.125
G0 X83.437 Y89.276
G0 X83.487 Y89.427
G0 X83.559 Y89.57
G0 X83.644 Y89.697
G0 X83.747 Y89.816
G0 X83.879 Y89.932
G0 F9000 X84.129 Y89.586
;TYPE:WALL-OUTER
G1 F480 E313.89554
G1 F900 X84.298 Y89.684 E313.8998
G1 X84.399 Y89.717 E313.90212
G1 X84.503 Y89.737 E313.90443
G1 X84.6 Y89.743 E313.90656
G1 X84.705 Y89.737 E313.90885
G1 X84.895 Y89.686 E313.91314
G1 X84.989 Y89.639 E313.91544
G1 X85.073 Y89.583 E313.91764
G1 X85.15 Y89.516 E313.91987
G1 X85.217 Y89.439 E313.9221
G1 X85.273 Y89.355 E313.9243
G1 X85.319 Y89.264 E313.92653
G1 X85.351 Y89.167 E313.92876
G1 X85.371 Y89.067 E313.93098
G1 X85.377 Y88.966 E313.93319
G1 X85.371 Y88.865 E313.9354
G1 X85.351 Y88.765 E313.93763
G1 X85.319 Y88.668 E313.93985
G1 X85.273 Y88.577 E313.94208
G1 X85.218 Y88.493 E313.94427
G1 X85.15 Y88.415 E313.94653
G1 X85.073 Y88.348 E313.94876
G1 X84.989 Y88.293 E313.95095
G1 X84.898 Y88.247 E313.95318
G1 X84.801 Y88.215 E313.9554
G1 X84.702 Y88.195 E313.95761
G1 X84.6 Y88.188 E313.95984
G1 X84.487 Y88.196 E313.96231
G1 X84.399 Y88.22 E313.9643
G0 F810 X84.305 Y88.246
G0 X84.211 Y88.293
G0 X84.127 Y88.348
G0 X84.05 Y88.415
G0 X83.982 Y88.493
G0 X83.927 Y88.577
G0 X83.881 Y88.668
G0 X83.849 Y88.765
G0 X83.829 Y88.864
G0 X83.822 Y88.966
G0 X83.829 Y89.068
G0 X83.849 Y89.167
G0 X83.881 Y89.264
G0 X83.927 Y89.355
G0 X83.983 Y89.439
G0 X84.05 Y89.516
G0 X84.129 Y89.586
G0 F9000 X84.298 Y89.684
G0 X84.302 Y89.685
G0 X84.182 Y90.051
G0 X84.138 Y90.184
G0 X81.05 Y107.926
;TYPE:WALL-INNER
G1 F480 E314.002
G1 F1500 X81.05 Y85.036 E314.57299
G1 X82.994 Y85.036 E314.62149
G1 X83.093 Y85.036 E314.62382
G1 X83.582 Y85.036 E314.63205
G1 X84.087 Y85.036 E314.63644
G1 X84.602 Y85.036 E314.63882
G1 X85.119 Y85.036 E314.6415
G1 X85.624 Y85.036 E314.64594
G1 X86.11 Y85.036 E314.65422
G1 X86.205 Y85.036 E314.65646
G1 X88.15 Y85.036 E314.70498
G1 X88.15 Y107.926 E315.27597
G1 X86.617 Y107.927 E315.31421
G1 X86.418 Y107.927 E315.31918
G1 X86.418 Y107.728 E315.32239
G1 X86.418 Y98.547 E315.55141
G1 X82.782 Y98.547 E315.64211
G1 X82.782 Y107.728 E315.87113
G1 X82.782 Y107.927 E315.87609
G1 X82.583 Y107.927 E315.87931
G1 X81.05 Y107.926 E315.91755
G0 F9000 X80.65 Y108.326
G1 F1500 X80.65 Y84.636 E316.5085
G1 X88.55 Y84.636 E316.70556
G1 X88.55 Y108.326 E317.29651
G1 X86.217 Y108.327 E317.35471
G1 X86.018 Y108.327 E317.35967
G1 X86.018 Y108.128 E317.36288
G1 X86.018 Y98.947 E317.59191
G1 X83.182 Y98.947 E317.66265
G1 X83.182 Y108.128 E317.89167
G1 X83.182 Y108.327 E317.89663
G1 X82.983 Y108.327 E317.89985
G1 X80.65 Y108.326 E317.95804
G0 F9000 X80.225 Y108.751
;TYPE:WALL-OUTER
G1 F900 X80.225 Y84.211 E318.49368
G1 X88.975 Y84.211 E318.68466
G1 X88.975 Y108.751 E319.2203
G1 X85.768 Y108.752 E319.2903
G1 X85.593 Y108.752 E319.29412
G1 X85.593 Y108.577 E319.29659
G1 X85.593 Y99.372 E319.4975
G1 X83.607 Y99.372 E319.54085
G1 X83.607 Y108.577 E319.74177
G1 X83.607 Y108.752 E319.74559
G1 X83.432 Y108.752 E319.74806
G1 X80.225 Y108.751 E319.81806
G0 F9000 X80.225 Y108.551
G0 X80.61 Y108.367
G0 X81.409 Y105.588
;TYPE:FILL
G1 F3000 X82.421 Y104.576 E319.85376
G1 X82.421 Y107.272 E319.92101
G1 X81.409 Y106.26 E319.95672
G1 X81.409 Y102.49 E320.05076
G1 X82.421 Y103.502 E320.08646
G1 X82.421 Y100.806 E320.15371
G1 X81.409 Y101.818 E320.18941
G1 X81.409 Y98.719 E320.26672
G1 X82.421 Y99.731 E320.30242
G1 X82.422 Y98.187 E320.34093
G1 X84.646 Y98.186 E320.39641
G1 X83.288 Y96.828 E320.44432
G1 X83.221 Y96.798 E320.44615
G1 X82.988 Y96.675 E320.45272
G1 X82.871 Y96.586 E320.45639
G1 X81.409 Y98.048 E320.50796
G1 X81.409 Y94.949 E320.58527
G1 X82.111 Y95.651 E320.61003
G1 X82.108 Y95.644 E320.61022
G1 X82.025 Y95.378 E320.61718
G1 X81.987 Y95.056 E320.62526
G1 X81.986 Y93.7 E320.65909
G1 X81.409 Y94.277 E320.67944
G1 X81.41 Y91.604 E320.74612
G1 X81.462 Y91.584 E320.74751
G0 F9000 X87.79 Y91.667
G1 F3000 X87.217 Y92.24 E320.76773
G1 X87.217 Y92.097 E320.77129
G1 X87.507 Y91.846 E320.78086
G1 X87.738 Y91.585 E320.78956
G1 X87.79 Y91.605 E320.79095
G1 X87.79 Y93.789 E320.84543
G1 X87.215 Y93.214 E320.86571
G1 X87.212 Y95.065 E320.91188
G1 X87.197 Y95.243 E320.91634
G1 X87.139 Y95.521 E320.92342
G1 X86.994 Y95.858 E320.93258
G1 X86.851 Y96.084 E320.93925
G1 X86.702 Y96.267 E320.94513
G1 X86.599 Y96.368 E320.94873
G1 X87.79 Y97.559 E320.99075
G1 X87.79 Y95.438 E321.04366
G1 X85.041 Y98.186 E321.14062
G1 X86.778 Y98.187 E321.18395
G1 X86.778 Y100.22 E321.23466
G1 X87.79 Y99.208 E321.27036
G1 X87.79 Y101.329 E321.32327
G1 X86.777 Y100.317 E321.35899
G1 X86.778 Y103.99 E321.45061
G1 X87.79 Y102.978 E321.48631
G1 X87.79 Y105.1 E321.53925
G1 X86.777 Y104.087 E321.57498
G1 X86.778 Y107.567 E321.66179
G1 X87.79 Y107.566 E321.68704
G1 X87.79 Y106.749 E321.70742
G1 X86.972 Y107.566 E321.73626
G0 F9000 X87.239 Y86.59
G0 X86.983 Y85.441
G1 F3000 X87.02 Y85.479 E321.73758
G1 X86.981 Y85.453 E321.73875
G1 X86.998 Y85.396 E321.74023
G1 X87.79 Y85.396 E321.75999
G0 F9000 X87.76 Y87.519
;TYPE:SKIN
G1 F2400 X87.76 Y91.328 E321.855
G1 X87.738 Y91.36 E321.85597
G1 X87.401 Y91.738 E321.86861
G1 X87.067 Y92.028 E321.87964
G1 X87.062 Y95.058 E321.95522
G1 X87.048 Y95.223 E321.95935
G1 X86.996 Y95.478 E321.96585
G1 X86.865 Y95.781 E321.97408
G1 X86.73 Y95.994 E321.98037
G1 X86.586 Y96.171 E321.98606
G1 X86.447 Y96.31 E321.99097
G1 X86.271 Y96.45 E321.99658
G1 X86.089 Y96.567 E322.00197
G1 X85.828 Y96.708 E322.00937
G1 X85.52 Y96.821 E322.01756
G1 X85.119 Y96.917 E322.02784
G1 X84.901 Y96.945 E322.03333
G1 X84.488 Y96.959 E322.04363
G1 X84.101 Y96.921 E322.05333
G1 X83.879 Y96.876 E322.05898
G1 X83.677 Y96.821 E322.06421
G1 X83.476 Y96.75 E322.06952
G1 X83.28 Y96.66 E322.0749
G1 X83.07 Y96.548 E322.08084
G1 X82.763 Y96.32 E322.09038
G1 X82.612 Y96.169 E322.09571
G1 X82.452 Y95.971 E322.10206
G1 X82.335 Y95.782 E322.1076
G1 X82.247 Y95.586 E322.11296
G1 X82.172 Y95.348 E322.11919
G1 X82.137 Y95.049 E322.1267
G1 X82.137 Y92.031 E322.20198
G1 X81.799 Y91.739 E322.21312
G1 X81.44 Y91.326 E322.22677
G1 X81.44 Y87.508 E322.32201
G1 X81.586 Y87.999 E322.33479
G1 X82.777 Y88.16 E322.36477
G1 X82.756 Y88.201 E322.36592
G1 X82.671 Y88.454 E322.37258
G1 X82.622 Y88.703 E322.37891
G1 X82.605 Y88.966 E322.38548
G1 X82.622 Y89.229 E322.39206
G1 X82.671 Y89.478 E322.39839
G1 X82.756 Y89.731 E322.40505
G1 X82.876 Y89.969 E322.41169
G1 X83.015 Y90.176 E322.41791
G1 X83.185 Y90.373 E322.4244
G1 X83.415 Y90.576 E322.43206
G1 X83.799 Y90.799 E322.44313
G1 X84.092 Y90.895 E322.45083
G1 X84.35 Y90.946 E322.45739
G1 X84.598 Y90.96 E322.46358
G1 X84.899 Y90.943 E322.4711
G1 X85.329 Y90.828 E322.48221
G1 X85.599 Y90.692 E322.48975
G1 X85.812 Y90.551 E322.49612
G1 X86.011 Y90.377 E322.50271
G1 X86.184 Y90.179 E322.50927
G1 X86.325 Y89.969 E322.51558
G1 X86.444 Y89.731 E322.52222
G1 X86.528 Y89.48 E322.52882
G1 X86.58 Y89.223 E322.53536
G1 X86.594 Y88.966 E322.54178
G1 X86.58 Y88.709 E322.5482
G1 X86.528 Y88.452 E322.55474
G1 X86.425 Y88.162 E322.56242
G1 X86.459 Y88.157 E322.56328
G0 F2160 X87.626 Y87.987
G0 X87.76 Y87.519
G0 F9000 X87.112 Y88.244
G1 F480 E322.60481
G1 F2400 X87.58 Y88.711 E322.6213
G0 F9000 X87.58 Y89.277
G1 F2400 X86.699 Y88.396 E322.65238
G0 F9000 X86.769 Y89.032
G1 F2400 X87.58 Y89.842 E322.68098
G0 F9000 X87.58 Y90.408
G1 F2400 X86.7 Y89.528 E322.71202
G0 F9000 X86.541 Y89.935
G1 F2400 X87.58 Y90.974 E322.74867
G0 F9000 X87.451 Y91.411
G1 F2400 X86.327 Y90.286 E322.78834
G0 F9000 X86.053 Y90.578
G1 F2400 X87.172 Y91.697 E322.82782
G0 F9000 X86.887 Y91.978
G1 F2400 X85.73 Y90.821 E322.86864
G0 F9000 X85.352 Y91.008
G1 F2400 X86.886 Y92.543 E322.92277
G0 F9000 X86.885 Y93.108
G1 F2400 X84.9 Y91.123 E322.9928
G0 F9000 X84.336 Y91.124
G1 F2400 X86.884 Y93.672 E323.08268
G0 F9000 X86.883 Y94.237
G1 F2400 X83.451 Y90.805 E323.20376
G0 F9000 X82.751 Y90.105
G1 F2400 X81.619 Y88.973 E323.24369
G0 F9000 X81.619 Y88.408
G1 F2400 X82.442 Y89.23 E323.27271
G0 F9000 X82.445 Y88.668
G1 F2400 X82.015 Y88.238 E323.28788
G0 F9000 X81.619 Y89.539
G1 F2400 X86.882 Y94.801 E323.47353
G0 F9000 X86.842 Y95.327
G1 F2400 X81.619 Y90.105 E323.65776
G0 F9000 X81.619 Y90.67
G1 F2400 X86.682 Y95.733 E323.83637
G0 F9000 X86.443 Y96.059
G1 F2400 X81.619 Y91.236 E324.00654
G0 F9000 X82.316 Y92.498
G1 F2400 X86.138 Y96.32 E324.14137
G0 F9000 X85.779 Y96.527
G1 F2400 X82.316 Y93.064 E324.26353
G0 F9000 X82.316 Y93.63
G1 F2400 X85.359 Y96.672 E324.37087
G0 F9000 X84.884 Y96.764
G1 F2400 X82.316 Y94.195 E324.46148
G0 F9000 X82.316 Y94.761
G1 F2400 X84.315 Y96.76 E324.532
G0 F9000 X83.585 Y96.596
G1 F2400 X82.371 Y95.382 E324.57482
G1 F1500 E323.07482
G1 F900 Z3.41
G0 F9000 X82.371 Y95.382 Z3.41
G0 X92.85 Y98.302
;TYPE:WALL-INNER
G1 F900 Z2.41
G1 F480 E324.63719
G1 F1500 X92.85 Y98.103 E324.64215
G1 X92.85 Y85.328 E324.96083
G1 X99.751 Y85.327 E325.13297
G1 X99.95 Y85.327 E325.13794
G1 X99.95 Y85.526 E325.14115
G1 X99.95 Y98.301 E325.45982
G1 X98.098 Y98.301 E325.50602
G1 X98.097 Y88.847 E325.74185
G1 X94.703 Y88.847 E325.82651
G1 X94.702 Y98.301 E326.06235
G1 X93.049 Y98.302 E326.10358
G1 X92.85 Y98.302 E326.10679
G0 F9000 X92.649 Y98.702
G1 F1500 X92.45 Y98.702 E326.11176
G1 X92.45 Y98.503 E326.11497
G1 X92.45 Y84.928 E326.4536
G1 X100.151 Y84.927 E326.6457
G1 X100.35 Y84.927 E326.65066
G1 X100.35 Y85.126 E326.65387
G1 X100.35 Y98.701 E326.9925
G1 X97.698 Y98.701 E327.05866
G1 X97.697 Y89.247 E327.29449
G1 X95.103 Y89.247 E327.3592
G1 X95.102 Y98.701 E327.59503
G1 X94.314 Y98.702 E327.61469
G0 F1350 X92.649 Y98.702
G0 F9000 X92.025 Y99.127
;TYPE:WALL-OUTER
G1 F480 E327.65622
G1 F900 X92.025 Y98.952 E327.66004
G1 X92.025 Y84.503 E327.97542
G1 X100.6 Y84.502 E328.16258
G1 X100.775 Y84.502 E328.1664
G1 X100.775 Y84.677 E328.16887
G1 X100.775 Y99.126 E328.48425
G1 X97.273 Y99.126 E328.56069
G1 X97.272 Y89.672 E328.76704
G1 X95.528 Y89.672 E328.80511
G1 X95.527 Y99.126 E329.01146
G1 X92.2 Y99.127 E329.08408
G1 X92.025 Y99.127 E329.08655
G0 F9000 X92.025 Y98.952
G0 X92.025 Y98.927
G0 X92.411 Y98.741
G0 X93.208 Y95.437
;TYPE:FILL
G1 F3000 X94.342 Y96.57 E329.12654
G1 X94.342 Y96.426 E329.13013
G1 X93.209 Y97.559 E329.1701
G1 X93.209 Y93.789 E329.26414
G1 X94.342 Y92.656 E329.30411
G1 X94.342 Y92.8 E329.3077
G1 X93.208 Y91.667 E329.34769
G1 X93.209 Y90.018 E329.38883
G1 X94.342 Y88.886 E329.42878
G1 X94.342 Y89.03 E329.43237
G1 X93.208 Y87.896 E329.47238
G1 X93.209 Y86.248 E329.51348
G1 X93.77 Y85.687 E329.53328
G1 X94.769 Y85.687 E329.5582
G1 X97.569 Y88.487 E329.65697
G1 X94.74 Y88.487 E329.72754
G1 X97.541 Y85.687 E329.82634
G1 X98.54 Y85.687 E329.85126
G1 X99.589 Y86.737 E329.88828
G1 X99.588 Y87.409 E329.90505
G1 X98.456 Y88.541 E329.94498
G1 X98.456 Y89.374 E329.96576
G1 X99.589 Y90.507 E330.00573
G1 X99.588 Y91.18 E330.02252
G1 X98.456 Y92.312 E330.06245
G1 X98.456 Y93.144 E330.08321
G1 X99.589 Y94.277 E330.12317
G1 X99.588 Y94.95 E330.13996
G1 X98.457 Y96.081 E330.17986
G1 X98.458 Y97.941 E330.22626
G1 X99.482 Y97.94 E330.2518
G1 X98.456 Y96.915 E330.28798
G1 F1500 E328.78798
G1 F900 Z3.41
G0 F9000 X98.456 Y96.915 Z3.41
G0 X83.1 Y96.099
;TIME_ELAPSED:670.959285
;LAYER:15
G0 X83.1 Y96.099 Z3.56
;TYPE:WALL-INNER
G1 F900 Z2.56
G1 F480 E330.35034
G1 F1500 X83.37 Y96.281 E330.35847
G1 X83.541 Y96.366 E330.36323
G1 X83.707 Y96.432 E330.36769
G1 X83.878 Y96.486 E330.37216
G1 X84.055 Y96.528 E330.3767
G1 X84.232 Y96.557 E330.38117
G1 X84.414 Y96.577 E330.38574
G1 X84.6 Y96.583 E330.39038
G1 X84.793 Y96.577 E330.3952
G1 X85.136 Y96.53 E330.40383
G1 X85.321 Y96.487 E330.40857
G1 X85.494 Y96.432 E330.4131
G1 X85.663 Y96.364 E330.41764
G1 X85.822 Y96.283 E330.4221
G1 X86.087 Y96.109 E330.43
G1 X86.229 Y95.986 E330.43469
G1 X86.349 Y95.853 E330.43916
G1 X86.449 Y95.712 E330.44347
G1 X86.534 Y95.56 E330.44781
G1 X86.599 Y95.392 E330.45231
G1 X86.638 Y95.217 E330.45678
G1 X86.651 Y95.056 E330.46081
G1 X86.652 Y91.861 E330.54051
G1 X86.761 Y91.79 E330.54375
G1 X87.11 Y91.487 E330.55528
G1 X87.417 Y91.141 E330.56682
G1 X87.676 Y90.759 E330.57833
G1 X87.883 Y90.345 E330.58988
G1 X88.032 Y89.911 E330.60133
G1 X88.123 Y89.46 E330.6128
G1 X88.152 Y89.029 E330.62358
G1 X88.153 Y88.999 E330.62433
G1 X88.152 Y88.969 E330.62508
G1 X88.123 Y88.541 E330.63578
G1 X88.032 Y88.089 E330.64728
G1 X87.883 Y87.653 E330.65877
G1 X87.675 Y87.241 E330.67029
G1 X87.416 Y86.858 E330.68182
G1 X87.11 Y86.513 E330.69332
G1 X86.761 Y86.21 E330.70485
G1 X86.374 Y85.956 E330.7164
G1 X85.957 Y85.753 E330.72797
G1 X85.518 Y85.606 E330.73952
G1 X85.062 Y85.517 E330.75111
G1 X84.6 Y85.487 E330.76266
G1 X84.136 Y85.517 E330.77425
G1 X83.683 Y85.606 E330.78577
G1 X83.283 Y85.739 E330.79629
G1 X82.867 Y85.935 E330.80776
G1 X82.441 Y86.21 E330.82041
G1 X82.09 Y86.513 E330.83197
G1 X81.782 Y86.861 E330.84357
G1 X81.525 Y87.241 E330.85501
G1 X81.316 Y87.655 E330.86658
G1 X81.161 Y88.127 E330.87897
G1 X81.077 Y88.539 E330.88946
G1 X81.048 Y88.957 E330.89991
G1 X81.046 Y89 E330.90098
G1 X81.048 Y89.043 E330.90206
G1 X81.077 Y89.46 E330.91249
G1 X81.168 Y89.913 E330.92401
G1 X81.318 Y90.347 E330.93547
G1 X81.524 Y90.759 E330.94696
G1 X81.783 Y91.14 E330.95845
G1 X82.089 Y91.486 E330.96997
G1 X82.439 Y91.79 E330.98154
G1 X82.547 Y91.861 E330.98476
G1 X82.547 Y94.606 E331.05323
G0 F1350 X82.547 Y95.055
G0 X82.56 Y95.21
G0 X82.6 Y95.392
G0 X82.662 Y95.548
G0 X82.742 Y95.7
G0 X82.847 Y95.848
G0 X82.963 Y95.976
G0 X83.1 Y96.099
G0 F9000 X83.362 Y95.763
;TYPE:WALL-OUTER
G1 F480 E331.09477
G1 F900 X83.584 Y95.913 E331.10062
G1 X83.714 Y95.977 E331.10378
G1 X83.85 Y96.031 E331.10697
G1 X83.992 Y96.076 E331.11022
G1 X84.139 Y96.111 E331.11352
G1 X84.29 Y96.136 E331.11686
G1 X84.444 Y96.153 E331.12024
G1 X84.6 Y96.158 E331.12365
G1 X84.758 Y96.153 E331.1271
G1 X85.059 Y96.112 E331.13373
G1 X85.208 Y96.077 E331.13707
G1 X85.35 Y96.032 E331.14032
G1 X85.487 Y95.977 E331.14355
G1 X85.609 Y95.915 E331.14653
G1 X85.83 Y95.77 E331.1523
G1 X85.931 Y95.682 E331.15523
G1 X86.017 Y95.587 E331.15802
G1 X86.089 Y95.485 E331.16075
G1 X86.148 Y95.379 E331.1634
G1 X86.191 Y95.268 E331.16599
G1 X86.217 Y95.153 E331.16857
G1 X86.226 Y95.039 E331.17106
G1 X86.227 Y91.632 E331.24543
G1 X86.504 Y91.45 E331.25266
G1 X86.811 Y91.184 E331.26153
G1 X87.081 Y90.88 E331.2704
G1 X87.308 Y90.544 E331.27925
G1 X87.49 Y90.18 E331.28814
G1 X87.621 Y89.799 E331.29693
G1 X87.701 Y89.404 E331.30573
G1 X87.727 Y88.999 E331.31459
G1 X87.701 Y88.597 E331.32338
G1 X87.621 Y88.2 E331.33222
G1 X87.49 Y87.818 E331.34103
G1 X87.308 Y87.456 E331.34988
G1 X87.08 Y87.119 E331.35876
G1 X86.811 Y86.816 E331.3676
G1 X86.504 Y86.55 E331.37647
G1 X86.163 Y86.326 E331.38537
G1 X85.796 Y86.147 E331.39429
G1 X85.409 Y86.018 E331.40319
G1 X85.007 Y85.939 E331.41213
G1 X84.6 Y85.913 E331.42103
G1 X84.191 Y85.939 E331.42998
G1 X83.791 Y86.018 E331.43888
G1 X83.441 Y86.134 E331.44693
G1 X83.074 Y86.307 E331.45578
G1 X82.696 Y86.551 E331.4656
G1 X82.389 Y86.816 E331.47445
G1 X82.118 Y87.122 E331.48338
G1 X81.892 Y87.456 E331.49218
G1 X81.71 Y87.818 E331.50102
G1 X81.572 Y88.236 E331.51063
G1 X81.499 Y88.596 E331.51865
G1 X81.472 Y89 E331.52749
G1 X81.499 Y89.404 E331.53632
G1 X81.579 Y89.801 E331.54516
G1 X81.711 Y90.182 E331.55396
G1 X81.892 Y90.544 E331.5628
G1 X82.119 Y90.879 E331.57163
G1 X82.389 Y91.183 E331.58051
G1 X82.696 Y91.45 E331.58939
G1 X82.972 Y91.631 E331.59659
G1 X82.972 Y93.982 E331.64791
G0 F810 X82.972 Y95.037
G0 X82.981 Y95.146
G0 X83.008 Y95.267
G0 X83.049 Y95.371
G0 X83.105 Y95.478
G0 X83.178 Y95.581
G0 X83.263 Y95.674
G0 X83.362 Y95.763
G0 F9000 X83.528 Y95.875
G0 X83.312 Y96.195
G0 X83.234 Y96.31
G0 X82.708 Y95.72
G0 X82.521 Y95.215
G0 X81.038 Y89.465
G0 X81.05 Y87.294
;TYPE:WALL-INNER
G1 F480 E331.68942
G1 F1500 X81.05 Y87.038 E331.69581
G1 X81.05 Y86.598 E331.70678
G1 X81.05 Y85.027 E331.74597
G1 X83.002 Y85.027 E331.79466
G1 X83.134 Y85.027 E331.79796
G1 X83.581 Y85.027 E331.80911
G1 X84.084 Y85.027 E331.82165
G1 X84.6 Y85.027 E331.83453
G1 X85.113 Y85.027 E331.84732
G1 X85.62 Y85.027 E331.85997
G1 X86.109 Y85.027 E331.87217
G1 X86.203 Y85.027 E331.87451
G1 X88.15 Y85.027 E331.92308
G1 X88.15 Y86.598 E331.96227
G1 X88.15 Y87.038 E331.97325
G1 X88.15 Y87.293 E331.97961
G1 X88.021 Y87.038 E331.98122
G1 X87.775 Y86.674 E331.98863
G1 X87.733 Y86.612 E331.9905
G1 X87.392 Y86.228 E332.00331
G1 X87.003 Y85.89 E332.01617
G1 X86.572 Y85.608 E332.02901
G1 X86.55 Y85.598 E332.02962
G1 X86.193 Y85.423 E332.03953
G1 X86.109 Y85.382 E332.04174
G1 X85.62 Y85.218 E332.0507
G1 X85.113 Y85.12 E332.05539
G1 X85.09 Y85.119 E332.05575
G1 X84.6 Y85.086 E332.05789
G1 X84.084 Y85.12 E332.06036
G1 X83.581 Y85.218 E332.06502
G1 X83.134 Y85.367 E332.073
G1 X83.015 Y85.423 E332.07604
G1 X82.672 Y85.584 E332.08549
G1 X82.201 Y85.889 E332.09949
G1 X81.808 Y86.228 E332.11243
G1 X81.465 Y86.615 E332.12533
G1 X81.425 Y86.674 E332.12711
G1 X81.179 Y87.038 E332.13452
G1 X81.05 Y87.294 E332.13614
G0 F9000 X80.65 Y88.956
G1 F1500 X80.65 Y84.627 E332.24413
G1 X88.55 Y84.627 E332.4412
G1 X88.55 Y88.969 E332.54951
G1 X88.55 Y88.999 E332.55025
G1 X88.55 Y89.029 E332.551
G1 X88.55 Y108.318 E333.03217
G1 X85.839 Y108.318 E333.09979
G1 X85.839 Y98.947 E333.33355
G1 X83.362 Y98.947 E333.39534
G1 X83.362 Y108.317 E333.62908
G1 X80.849 Y108.318 E333.69176
G1 X80.65 Y108.318 E333.69673
G1 X80.65 Y108.119 E333.69994
G1 X80.65 Y89.044 E334.17577
G1 X80.65 Y89 E334.17686
G1 X80.65 Y88.956 E334.17795
G0 F9000 X81.05 Y90.705
G1 F1500 X81.178 Y90.962 E334.18512
G1 X81.425 Y91.324 E334.19605
G1 X81.467 Y91.386 E334.19792
G1 X81.807 Y91.771 E334.21073
G1 X82.147 Y92.067 E334.22197
G1 X82.147 Y95.072 E334.29693
G1 X82.164 Y95.27 E334.30189
G1 X82.216 Y95.51 E334.30802
G1 X82.298 Y95.715 E334.31353
G1 X82.4 Y95.91 E334.31901
G1 X82.535 Y96.099 E334.32481
G1 X82.68 Y96.26 E334.33021
G1 X82.853 Y96.415 E334.33601
G1 X83.168 Y96.627 E334.34548
G1 X83.378 Y96.732 E334.35134
G1 X83.573 Y96.809 E334.35657
G1 X83.771 Y96.872 E334.36175
G1 X83.976 Y96.92 E334.367
G1 X84.178 Y96.953 E334.37211
G1 X84.386 Y96.976 E334.37733
G1 X84.6 Y96.983 E334.38267
G1 X84.826 Y96.976 E334.38831
G1 X85.209 Y96.924 E334.39795
G1 X85.427 Y96.873 E334.40354
G1 X85.629 Y96.809 E334.40882
G1 X85.829 Y96.728 E334.4142
G1 X86.023 Y96.629 E334.41964
G1 X86.329 Y96.429 E334.42876
G1 X86.509 Y96.272 E334.43471
G1 X86.662 Y96.104 E334.44038
G1 X86.788 Y95.926 E334.44582
G1 X86.897 Y95.731 E334.45139
G1 X86.983 Y95.508 E334.45736
G1 X87.034 Y95.277 E334.46326
G1 X87.051 Y95.072 E334.46839
G1 X87.052 Y92.067 E334.54335
G1 X87.392 Y91.772 E334.55458
G1 X87.733 Y91.387 E334.56741
G1 X87.775 Y91.326 E334.56925
G1 X88.022 Y90.962 E334.58023
G1 X88.15 Y90.706 E334.58737
G1 X88.15 Y90.962 E334.58823
G1 X88.15 Y91.402 E334.59565
G1 X88.15 Y107.918 E335.00764
G1 X86.239 Y107.918 E335.05531
G1 X86.239 Y98.547 E335.28907
G1 X82.962 Y98.547 E335.37082
G1 X82.962 Y107.917 E335.60455
G1 X81.249 Y107.918 E335.64728
G1 X81.05 Y107.918 E335.65225
G1 X81.05 Y107.719 E335.65546
G1 X81.05 Y91.401 E336.06251
G1 X81.05 Y90.962 E336.06992
G1 X81.05 Y90.705 E336.07079
G1 F1500 E334.57079
G0 F9000 X80.72 Y108.248
G0 X80.225 Y108.743
;TYPE:WALL-OUTER
G1 F480 E336.13315
G1 F900 X80.225 Y108.568 E336.13697
G1 X80.225 Y84.202 E336.6688
G1 X88.975 Y84.202 E336.85979
G1 X88.975 Y108.743 E337.39545
G1 X85.414 Y108.743 E337.47317
G1 X85.414 Y99.372 E337.67771
G1 X83.787 Y99.372 E337.71323
G1 X83.787 Y108.742 E337.91774
G1 X80.4 Y108.743 E337.99167
G1 X80.225 Y108.743 E337.99414
G0 F9000 X80.225 Y108.568
G0 X80.225 Y108.543
G0 X80.611 Y108.357
G0 X81.41 Y105.588
;TYPE:FILL
G1 F3000 X82.602 Y104.396 E338.03619
G1 X82.602 Y107.452 E338.11243
G1 X81.409 Y106.26 E338.1545
G1 X81.409 Y102.49 E338.24854
G1 X82.602 Y103.682 E338.29061
G1 X82.602 Y100.626 E338.36684
G1 X81.41 Y101.817 E338.40887
G1 X81.409 Y98.719 E338.48615
G1 X82.602 Y99.912 E338.52824
G1 X82.602 Y98.187 E338.57127
G1 X84.646 Y98.186 E338.62226
G1 X83.679 Y97.218 E338.65639
G1 X83.677 Y97.219 E338.65644
G1 X83.447 Y97.146 E338.66246
G1 X83.237 Y97.064 E338.66809
G1 X82.986 Y96.937 E338.6751
G1 X82.708 Y96.749 E338.68348
G1 X81.41 Y98.047 E338.72927
G1 X81.409 Y94.949 E338.80655
G1 X81.814 Y95.354 E338.82083
G1 X81.806 Y95.318 E338.82175
G1 X81.787 Y95.096 E338.82731
G1 X81.786 Y93.9 E338.85715
G1 X81.41 Y94.277 E338.87043
G1 X81.41 Y91.943 E338.92865
G1 X81.463 Y91.923 E338.93006
G0 F9000 X82.626 Y95.564
G0 X82.935 Y96.004
G0 X83.525 Y96.402
G0 X84.412 Y96.616
G0 X85.331 Y96.525
G0 X87.789 Y95.438
G1 F3000 X87.046 Y96.181 E338.95627
G1 X87.092 Y96.119 E338.9582
G1 X87.222 Y95.886 E338.96486
G1 X87.33 Y95.608 E338.9723
G1 X87.39 Y95.331 E338.97937
G1 X87.411 Y95.096 E338.98525
G1 X87.411 Y93.41 E339.02731
G1 X87.79 Y93.789 E339.04068
G1 X87.79 Y97.559 E339.13472
G1 X86.758 Y96.527 E339.17113
G1 X86.757 Y96.532 E339.17126
G1 X86.545 Y96.719 E339.17831
G1 X86.443 Y96.784 E339.18132
G1 X85.041 Y98.186 E339.23078
G1 X86.599 Y98.187 E339.26965
G1 X86.598 Y100.138 E339.31832
G1 X87.79 Y101.329 E339.36035
G1 X87.789 Y99.209 E339.41323
G1 X86.599 Y100.399 E339.45521
G1 X86.598 Y103.908 E339.54275
G1 X87.79 Y105.1 E339.5848
G1 X87.789 Y102.979 E339.63771
G1 X86.599 Y104.169 E339.67969
G1 X86.599 Y107.558 E339.76422
G1 X87.79 Y107.558 E339.79393
G1 X87.789 Y106.749 E339.81412
G1 X86.981 Y107.557 E339.84262
G0 F9000 X88.193 Y88.999
G0 X88.07 Y88.079
G0 X86.979 Y85.438
G1 F3000 X86.998 Y85.456 E339.84327
G1 X86.979 Y85.444 E339.84383
G1 X86.996 Y85.387 E339.84532
G1 X87.79 Y85.387 E339.86512
G1 F1500 E338.36512
G1 F900 Z3.56
G0 F9000 X87.79 Y85.387 Z3.56
G0 X92.85 Y98.299
;TYPE:WALL-INNER
G1 F900 Z2.56
G1 F480 E339.92749
G1 F1500 X92.85 Y98.1 E339.93245
G1 X92.85 Y85.324 E340.25115
G1 X99.751 Y85.323 E340.42329
G1 X99.95 Y85.323 E340.42826
G1 X99.95 Y85.522 E340.43147
G1 X99.95 Y98.298 E340.75017
G1 X98.21 Y98.298 E340.79357
G1 X98.209 Y88.847 E341.02933
G1 X94.591 Y88.847 E341.11958
G1 X94.59 Y98.298 E341.35534
G1 X93.049 Y98.299 E341.39378
G1 X92.85 Y98.299 E341.39699
G0 F9000 X92.649 Y98.699
G1 F1500 X92.45 Y98.699 E341.40195
G1 X92.45 Y98.5 E341.40517
G1 X92.45 Y84.924 E341.74382
G1 X100.151 Y84.923 E341.93592
G1 X100.35 Y84.923 E341.94089
G1 X100.35 Y85.122 E341.9441
G1 X100.35 Y98.698 E342.28275
G1 X97.81 Y98.698 E342.34611
G1 X97.809 Y89.247 E342.58187
G1 X94.991 Y89.247 E342.65216
G1 X94.99 Y98.698 E342.88792
G1 X94.314 Y98.699 E342.90478
G0 F1350 X92.649 Y98.699
G0 F9000 X92.025 Y99.124
;TYPE:WALL-OUTER
G1 F480 E342.94632
G1 F900 X92.025 Y98.949 E342.95014
G1 X92.025 Y84.499 E343.26554
G1 X100.6 Y84.498 E343.4527
G1 X100.775 Y84.498 E343.45652
G1 X100.775 Y84.673 E343.45899
G1 X100.775 Y99.123 E343.77439
G1 X97.385 Y99.123 E343.84839
G1 X97.384 Y89.672 E344.05467
G1 X95.416 Y89.672 E344.09763
G1 X95.415 Y99.123 E344.30392
G1 X92.2 Y99.124 E344.37409
G1 X92.025 Y99.124 E344.37656
G0 F9000 X92.025 Y98.949
G0 X92.025 Y98.924
G0 X92.411 Y98.738
G0 X93.209 Y95.438
;TYPE:FILL
G1 F3000 X94.23 Y96.459 E344.41258
G1 X94.23 Y96.538 E344.41455
G1 X93.21 Y97.558 E344.45053
G1 X93.21 Y93.788 E344.54458
G1 X94.23 Y92.768 E344.58056
G1 X94.23 Y92.688 E344.58256
G1 X93.209 Y91.667 E344.61857
G1 X93.21 Y90.018 E344.65971
G1 X94.23 Y88.997 E344.69571
G1 X94.23 Y88.918 E344.69768
G1 X93.209 Y87.897 E344.7337
G1 X93.21 Y86.247 E344.77486
G1 X93.774 Y85.683 E344.79476
G1 X94.766 Y85.684 E344.8195
G1 X97.568 Y88.486 E344.91835
G1 X94.74 Y88.487 E344.98889
G1 X97.545 Y85.682 E345.08785
G1 X98.536 Y85.683 E345.11257
G1 X99.589 Y86.737 E345.14973
G1 X99.588 Y87.409 E345.1665
G1 X98.511 Y88.487 E345.20451
G1 X98.569 Y88.487 E345.20596
G1 X98.568 Y89.486 E345.23088
G1 X99.589 Y90.507 E345.26689
G1 X99.588 Y91.18 E345.28368
G1 X98.569 Y92.199 E345.31963
G1 X98.568 Y93.256 E345.346
G1 X99.589 Y94.277 E345.38202
G1 X99.588 Y94.95 E345.3988
G1 X98.569 Y95.969 E345.43475
G1 X98.57 Y97.938 E345.48387
G1 X99.479 Y97.937 E345.50654
G1 X98.568 Y97.027 E345.53866
G1 F1500 E344.03866
G1 F900 Z3.56
G0 F9000 X98.568 Y97.027 Z3.56
G0 X83.1 Y96.093
;TIME_ELAPSED:708.099168
;LAYER:16
G0 X83.1 Y96.093 Z3.71
;TYPE:WALL-INNER
G1 F900 Z2.71
G1 F480 E345.60103
G1 F1500 X83.37 Y96.275 E345.60915
G1 X83.541 Y96.36 E345.61391
G1 X83.707 Y96.426 E345.61837
G1 X83.878 Y96.48 E345.62284
G1 X84.055 Y96.522 E345.62738
G1 X84.232 Y96.551 E345.63185
G1 X84.415 Y96.571 E345.63645
G1 X84.6 Y96.577 E345.64106
G1 X84.793 Y96.571 E345.64588
G1 X85.136 Y96.524 E345.65452
G1 X85.321 Y96.481 E345.65925
G1 X85.494 Y96.426 E345.66378
G1 X85.66 Y96.359 E345.66825
G1 X85.819 Y96.281 E345.67267
G1 X85.97 Y96.189 E345.67708
G1 X86.109 Y96.086 E345.68139
G1 X86.237 Y95.971 E345.68568
G1 X86.356 Y95.839 E345.69012
G1 X86.456 Y95.696 E345.69447
G1 X86.54 Y95.542 E345.69885
G1 X86.603 Y95.372 E345.70337
G1 X86.641 Y95.2 E345.70776
G1 X86.652 Y95.047 E345.71159
G1 X86.653 Y91.853 E345.79126
G1 X86.761 Y91.782 E345.79449
G1 X87.11 Y91.479 E345.80602
G1 X87.417 Y91.134 E345.81754
G1 X87.676 Y90.752 E345.82905
G1 X87.884 Y90.336 E345.84065
G1 X88.033 Y89.901 E345.85212
G1 X88.123 Y89.451 E345.86357
G1 X88.152 Y89.02 E345.87435
G1 X88.153 Y88.99 E345.87509
G1 X88.152 Y88.96 E345.87584
G1 X88.123 Y88.533 E345.88652
G1 X88.031 Y88.078 E345.8981
G1 X87.882 Y87.645 E345.90952
G1 X87.676 Y87.234 E345.92099
G1 X87.415 Y86.849 E345.93259
G1 X87.11 Y86.506 E345.94404
G1 X86.761 Y86.203 E345.95557
G1 X86.373 Y85.948 E345.96715
G1 X85.957 Y85.746 E345.97869
G1 X85.518 Y85.598 E345.99025
G1 X85.06 Y85.509 E346.00188
G1 X84.6 Y85.479 E346.01338
G1 X84.134 Y85.51 E346.02503
G1 X83.682 Y85.598 E346.03652
G1 X83.243 Y85.746 E346.04808
G1 X82.827 Y85.947 E346.0596
G1 X82.439 Y86.201 E346.07117
G1 X82.089 Y86.507 E346.08277
G1 X81.78 Y86.854 E346.09436
G1 X81.525 Y87.234 E346.10577
G1 X81.317 Y87.644 E346.11724
G1 X81.168 Y88.082 E346.12878
G1 X81.077 Y88.531 E346.14021
G1 X81.048 Y88.949 E346.15066
G1 X81.046 Y88.992 E346.15174
G1 X81.048 Y89.035 E346.15281
G1 X81.077 Y89.453 E346.16326
G1 X81.169 Y89.907 E346.17482
G1 X81.317 Y90.339 E346.18621
G1 X81.525 Y90.752 E346.19774
G1 X81.783 Y91.134 E346.20924
G1 X82.09 Y91.478 E346.22074
G1 X82.439 Y91.782 E346.23229
G1 X82.547 Y91.853 E346.23551
G1 X82.547 Y94.6 E346.30404
G0 F1350 X82.547 Y95.047
G0 X82.56 Y95.207
G0 X82.605 Y95.397
G0 X82.662 Y95.541
G0 X82.742 Y95.694
G0 X82.847 Y95.842
G0 X82.963 Y95.97
G0 X83.1 Y96.093
G0 F9000 X83.362 Y95.757
;TYPE:WALL-OUTER
G1 F480 E346.34557
G1 F900 X83.584 Y95.907 E346.35142
G1 X83.714 Y95.971 E346.35458
G1 X83.85 Y96.025 E346.35778
G1 X83.992 Y96.07 E346.36103
G1 X84.139 Y96.105 E346.36433
G1 X84.29 Y96.13 E346.36767
G1 X84.445 Y96.147 E346.37107
G1 X84.6 Y96.152 E346.37445
G1 X84.758 Y96.147 E346.3779
G1 X85.059 Y96.106 E346.38454
G1 X85.208 Y96.071 E346.38788
G1 X85.35 Y96.026 E346.39113
G1 X85.486 Y95.971 E346.39433
G1 X85.614 Y95.908 E346.39744
G1 X85.732 Y95.836 E346.40046
G1 X85.84 Y95.756 E346.40339
G1 X85.937 Y95.669 E346.40624
G1 X86.023 Y95.574 E346.40904
G1 X86.094 Y95.472 E346.41175
G1 X86.152 Y95.366 E346.41439
G1 X86.194 Y95.252 E346.41704
G1 X86.219 Y95.138 E346.41958
G1 X86.227 Y95.031 E346.42193
G1 X86.228 Y91.623 E346.49631
G1 X86.504 Y91.442 E346.50352
G1 X86.811 Y91.176 E346.51238
G1 X87.081 Y90.873 E346.52124
G1 X87.308 Y90.537 E346.53009
G1 X87.491 Y90.171 E346.53902
G1 X87.622 Y89.79 E346.54782
G1 X87.701 Y89.395 E346.55661
G1 X87.727 Y88.99 E346.56547
G1 X87.701 Y88.589 E346.57424
G1 X87.62 Y88.19 E346.58313
G1 X87.489 Y87.81 E346.5919
G1 X87.308 Y87.449 E346.60071
G1 X87.079 Y87.11 E346.60964
G1 X86.811 Y86.809 E346.61844
G1 X86.504 Y86.542 E346.62732
G1 X86.163 Y86.318 E346.63623
G1 X85.796 Y86.14 E346.64513
G1 X85.409 Y86.01 E346.65404
G1 X85.005 Y85.931 E346.66302
G1 X84.6 Y85.905 E346.67188
G1 X84.189 Y85.932 E346.68087
G1 X83.791 Y86.01 E346.68973
G1 X83.404 Y86.14 E346.69864
G1 X83.037 Y86.318 E346.70754
G1 X82.696 Y86.541 E346.71643
G1 X82.389 Y86.809 E346.72533
G1 X82.117 Y87.115 E346.73426
G1 X81.892 Y87.449 E346.74305
G1 X81.71 Y87.809 E346.75186
G1 X81.579 Y88.193 E346.76071
G1 X81.499 Y88.588 E346.76951
G1 X81.472 Y88.992 E346.77835
G1 X81.499 Y89.396 E346.78719
G1 X81.58 Y89.795 E346.79607
G1 X81.71 Y90.174 E346.80482
G1 X81.892 Y90.537 E346.81368
G1 X82.119 Y90.872 E346.82251
G1 X82.389 Y91.175 E346.83137
G1 X82.696 Y91.442 E346.84025
G1 X82.972 Y91.623 E346.84746
G1 X82.972 Y93.976 E346.89882
G0 F810 X82.972 Y95.03
G0 X82.981 Y95.14
G0 X83.012 Y95.27
G0 X83.049 Y95.365
G0 X83.105 Y95.472
G0 X83.178 Y95.575
G0 X83.263 Y95.668
G0 X83.362 Y95.757
G0 F9000 X83.528 Y95.869
G0 X83.312 Y96.189
G0 X83.234 Y96.304
G0 X82.708 Y95.714
G0 X82.521 Y95.213
G0 X81.038 Y89.458
G0 X81.05 Y87.285
;TYPE:WALL-INNER
G1 F480 E346.94033
G1 F1500 X81.05 Y87.031 E346.94667
G1 X81.05 Y86.588 E346.95772
G1 X81.05 Y85.019 E346.99686
G1 X82.998 Y85.019 E347.04545
G1 X83.092 Y85.019 E347.04779
G1 X83.579 Y85.019 E347.05994
G1 X84.082 Y85.019 E347.07249
G1 X84.6 Y85.019 E347.08541
G1 X85.111 Y85.019 E347.09816
G1 X85.62 Y85.019 E347.11086
G1 X86.109 Y85.019 E347.12305
G1 X86.202 Y85.019 E347.12537
G1 X88.15 Y85.019 E347.17397
G1 X88.15 Y86.591 E347.21318
G1 X88.15 Y87.031 E347.22416
G1 X88.15 Y87.286 E347.23052
G1 X88.022 Y87.031 E347.23213
G1 X87.775 Y86.667 E347.23953
G1 X87.731 Y86.603 E347.24147
G1 X87.392 Y86.221 E347.25421
G1 X87.003 Y85.883 E347.26707
G1 X86.571 Y85.599 E347.27996
G1 X86.192 Y85.415 E347.29047
G1 X86.109 Y85.375 E347.29265
G1 X85.62 Y85.21 E347.30164
G1 X85.111 Y85.112 E347.30635
G1 X85.088 Y85.111 E347.3067
G1 X84.6 Y85.078 E347.30883
G1 X84.082 Y85.113 E347.31134
G1 X83.579 Y85.21 E347.31601
G1 X83.092 Y85.375 E347.32496
G1 X83.008 Y85.415 E347.32716
G1 X82.63 Y85.598 E347.33764
G1 X82.197 Y85.882 E347.35056
G1 X81.807 Y86.222 E347.36346
G1 X81.463 Y86.608 E347.37636
G1 X81.426 Y86.663 E347.37801
G1 X81.179 Y87.031 E347.38549
G1 X81.05 Y87.285 E347.3871
G0 F9000 X80.65 Y88.948
G1 F1500 X80.65 Y84.619 E347.49509
G1 X88.55 Y84.619 E347.69216
G1 X88.55 Y88.96 E347.80044
G1 X88.55 Y88.99 E347.80119
G1 X88.55 Y89.02 E347.80194
G1 X88.55 Y108.309 E348.2831
G1 X85.657 Y108.31 E348.35527
G1 X85.458 Y108.31 E348.36023
G1 X85.458 Y108.111 E348.36345
G1 X85.458 Y98.947 E348.59204
G1 X83.743 Y98.947 E348.63482
G1 X83.743 Y108.111 E348.86342
G1 X83.743 Y108.31 E348.86838
G1 X83.544 Y108.31 E348.8716
G1 X80.65 Y108.309 E348.94379
G1 X80.65 Y89.036 E349.42455
G1 X80.65 Y88.992 E349.42565
G1 X80.65 Y88.948 E349.42674
G0 F9000 X81.05 Y90.699
G1 F1500 X81.179 Y90.955 E349.43389
G1 X81.425 Y91.318 E349.44483
G1 X81.467 Y91.38 E349.4467
G1 X81.808 Y91.763 E349.45949
G1 X82.147 Y92.058 E349.4707
G1 X82.147 Y95.063 E349.54566
G1 X82.164 Y95.27 E349.55084
G1 X82.222 Y95.517 E349.55717
G1 X82.298 Y95.708 E349.5623
G1 X82.4 Y95.903 E349.56779
G1 X82.535 Y96.093 E349.5736
G1 X82.68 Y96.254 E349.57901
G1 X82.853 Y96.409 E349.5848
G1 X83.168 Y96.621 E349.59427
G1 X83.378 Y96.726 E349.60013
G1 X83.573 Y96.803 E349.60536
G1 X83.771 Y96.866 E349.61054
G1 X83.976 Y96.914 E349.61579
G1 X84.178 Y96.947 E349.6209
G1 X84.387 Y96.97 E349.62615
G1 X84.6 Y96.977 E349.63146
G1 X84.826 Y96.97 E349.6371
G1 X85.209 Y96.918 E349.64674
G1 X85.427 Y96.867 E349.65233
G1 X85.63 Y96.803 E349.65764
G1 X85.823 Y96.725 E349.66283
G1 X86.012 Y96.632 E349.66809
G1 X86.194 Y96.521 E349.6734
G1 X86.362 Y96.396 E349.67863
G1 X86.52 Y96.254 E349.68393
G1 X86.67 Y96.088 E349.68951
G1 X86.797 Y95.907 E349.69502
G1 X86.905 Y95.708 E349.70067
G1 X86.988 Y95.485 E349.70661
G1 X87.038 Y95.258 E349.7124
G1 X87.052 Y95.061 E349.71733
G1 X87.053 Y92.059 E349.79222
G1 X87.392 Y91.764 E349.80343
G1 X87.733 Y91.38 E349.81624
G1 X87.775 Y91.319 E349.81808
G1 X88.022 Y90.955 E349.82906
G1 X88.15 Y90.699 E349.8362
G1 X88.15 Y90.955 E349.83706
G1 X88.15 Y91.395 E349.84448
G1 X88.15 Y107.909 E350.25642
G1 X86.057 Y107.91 E350.30863
G1 X85.858 Y107.91 E350.3136
G1 X85.858 Y107.711 E350.31681
G1 X85.858 Y98.547 E350.5454
G1 X83.343 Y98.547 E350.60814
G1 X83.343 Y107.711 E350.83674
G1 X83.343 Y107.91 E350.8417
G1 X83.144 Y107.91 E350.84491
G1 X81.05 Y107.909 E350.89715
G1 X81.05 Y91.394 E351.30912
G1 X81.05 Y90.955 E351.31653
G1 X81.05 Y90.699 E351.3174
G1 F1500 E349.8174
G0 F9000 X80.72 Y108.239
G0 X80.225 Y108.734
;TYPE:WALL-OUTER
G1 F480 E351.37976
G1 F900 X80.225 Y84.194 E351.91539
G1 X88.975 Y84.194 E352.10638
G1 X88.975 Y108.734 E352.64201
G1 X85.208 Y108.735 E352.72423
G1 X85.033 Y108.735 E352.72805
G1 X85.033 Y108.56 E352.73053
G1 X85.033 Y99.372 E352.93107
G1 X84.168 Y99.372 E352.94995
G1 X84.168 Y108.56 E353.1505
G1 X84.168 Y108.735 E353.15432
G1 X83.993 Y108.735 E353.15679
G1 X80.225 Y108.734 E353.23903
G0 F9000 X80.225 Y108.534
G0 X80.61 Y108.35
G0 X80.72 Y108.239
G0 X83.715 Y98.919
G0 X85.486 Y98.919
G0 X86.989 Y107.549
;TYPE:FILL
G1 F3000 X87.79 Y106.749 E353.26727
G1 X87.79 Y107.549 E353.28723
G1 X86.468 Y107.548 E353.32021
G1 X86.217 Y107.297 E353.32906
G1 X86.218 Y104.55 E353.39759
G1 X87.79 Y102.978 E353.45304
G1 X87.79 Y105.1 E353.50598
G1 X86.217 Y103.527 E353.56147
G1 X86.218 Y100.78 E353.62999
G1 X87.79 Y99.208 E353.68545
G1 X87.79 Y101.329 E353.73836
G1 X86.217 Y99.757 E353.79383
G1 X86.218 Y98.187 E353.833
G1 X85.041 Y98.186 E353.86236
G1 X86.453 Y96.774 E353.91217
G1 X86.589 Y96.676 E353.91635
G1 X86.755 Y96.525 E353.92195
G1 X87.79 Y97.559 E353.95844
G1 X87.79 Y93.789 E354.05249
G1 X87.412 Y93.411 E354.06582
G1 X87.412 Y95.067 E354.10713
G1 X87.395 Y95.316 E354.11336
G1 X87.335 Y95.586 E354.12026
G1 X87.235 Y95.855 E354.12741
G1 X87.102 Y96.101 E354.13439
G1 X87.039 Y96.188 E354.13707
G1 X87.79 Y95.438 E354.16355
G0 F9000 X85.799 Y96.312
G0 X81.409 Y98.048
G1 F3000 X82.712 Y96.745 E354.20951
G1 X82.986 Y96.931 E354.21777
G1 X83.237 Y97.058 E354.22479
G1 X83.447 Y97.14 E354.23041
G1 X83.671 Y97.21 E354.23627
G1 X84.646 Y98.186 E354.27068
G1 X82.983 Y98.187 E354.31217
G1 X82.983 Y100.245 E354.3635
G1 X81.409 Y101.818 E354.41901
G1 X81.409 Y102.49 E354.43577
G1 X82.983 Y104.063 E354.49128
G1 X82.983 Y107.55 E354.57827
G1 X82.698 Y107.548 E354.58538
G1 X81.409 Y106.26 E354.63083
G1 X81.409 Y105.588 E354.6476
G1 X82.983 Y104.015 E354.70311
G1 X82.983 Y100.293 E354.79595
G1 X81.409 Y98.719 E354.85148
G1 X81.409 Y94.949 E354.94552
G1 X81.815 Y95.355 E354.95984
G1 X81.808 Y95.323 E354.96066
G1 X81.787 Y95.086 E354.9666
G1 X81.786 Y93.9 E354.99618
G1 X81.409 Y94.277 E355.00948
G1 X81.41 Y91.935 E355.0679
G1 X81.461 Y91.915 E355.06927
G1 F1500 E353.56927
G1 F900 Z3.71
G0 F9000 X81.461 Y91.915 Z3.71
G0 X92.85 Y98.295
;TYPE:WALL-INNER
G1 F900 Z2.71
G1 F480 E355.13163
G1 F1500 X92.85 Y85.321 E355.45527
G1 X99.751 Y85.32 E355.62742
G1 X99.95 Y85.32 E355.63238
G1 X99.95 Y85.519 E355.63559
G1 X99.95 Y98.294 E355.95426
G1 X98.482 Y98.295 E355.99088
G1 X98.283 Y98.295 E355.99585
G1 X98.283 Y98.096 E355.99906
G1 X98.282 Y88.847 E356.22978
G1 X94.518 Y88.847 E356.32367
G1 X94.517 Y98.295 E356.55935
G1 X94.515 Y98.295 E356.5594
G0 F1350 X92.85 Y98.295
G0 F9000 X92.45 Y98.695
G1 F480 E356.60094
G1 F1500 X92.45 Y84.921 E356.94453
G1 X100.151 Y84.92 E357.13663
G1 X100.35 Y84.92 E357.1416
G1 X100.35 Y85.119 E357.14481
G1 X100.35 Y98.694 E357.48344
G1 X98.082 Y98.695 E357.54001
G1 X97.883 Y98.695 E357.54498
G1 X97.883 Y98.496 E357.54819
G1 X97.882 Y89.247 E357.77891
G1 X94.918 Y89.247 E357.85284
G1 X94.917 Y98.695 E358.08852
G1 X94.115 Y98.695 E358.10853
G0 F1350 X92.45 Y98.695
G0 F9000 X92.025 Y99.12
;TYPE:WALL-OUTER
G1 F480 E358.15006
G1 F900 X92.025 Y84.496 E358.46926
G1 X100.6 Y84.495 E358.65643
G1 X100.775 Y84.495 E358.66025
G1 X100.775 Y84.67 E358.66272
G1 X100.775 Y99.119 E358.9781
G1 X97.633 Y99.12 E359.04668
G1 X97.458 Y99.12 E359.0505
G1 X97.458 Y98.945 E359.05297
G1 X97.457 Y89.672 E359.25537
G1 X95.343 Y89.672 E359.30151
G1 X95.342 Y99.12 E359.50773
G1 X93.927 Y99.12 E359.53862
G0 F810 X92.025 Y99.12
G0 F9000 X92.025 Y98.92
G0 X92.41 Y98.735
G0 X93.209 Y95.438
;TYPE:FILL
G1 F480 E359.58013
G1 F3000 X94.157 Y96.386 E359.61358
G1 X94.156 Y96.611 E359.61919
G1 X93.209 Y97.559 E359.65262
G1 X93.209 Y93.789 E359.74666
G1 X94.156 Y92.841 E359.78008
G1 X94.157 Y92.616 E359.7857
G1 X93.209 Y91.667 E359.81916
G1 X93.209 Y90.018 E359.86029
G1 X94.156 Y89.071 E359.8937
G1 X94.157 Y88.845 E359.89934
G1 X93.209 Y87.897 E359.93278
G1 X93.209 Y86.248 E359.97392
G1 X93.777 Y85.68 E359.99395
G1 X94.763 Y85.681 E360.01855
G1 X97.568 Y88.486 E360.1175
G1 X94.74 Y88.487 E360.18805
G1 X97.548 Y85.68 E360.28709
G1 X98.533 Y85.68 E360.31166
G1 X99.588 Y86.736 E360.3489
G1 X99.588 Y87.409 E360.36568
G1 X98.511 Y88.487 E360.4037
G1 X98.642 Y88.487 E360.40696
G1 X98.641 Y89.559 E360.43371
G1 X99.588 Y90.506 E360.46711
G1 X99.588 Y91.18 E360.48393
G1 X98.642 Y92.126 E360.5173
G1 X98.641 Y93.329 E360.54731
G1 X99.588 Y94.277 E360.58073
G1 X99.588 Y94.95 E360.59752
G1 X98.642 Y95.897 E360.63091
G1 X98.643 Y97.935 E360.68175
G1 X99.475 Y97.934 E360.7025
G1 X98.641 Y97.099 E360.73194
G1 F1500 E359.23194
G1 F900 Z3.71
G0 F9000 X98.641 Y97.099 Z3.71
G0 X82.719 Y95.649
;TIME_ELAPSED:744.859830
;LAYER:17
G0 X82.719 Y95.649 Z3.86
;TYPE:WALL-INNER
G1 F900 Z2.86
G1 F480 E360.79431
G1 F1500 X82.868 Y95.861 E360.80077
G1 X82.994 Y95.993 E360.80532
G1 X83.131 Y96.111 E360.80983
G1 X83.343 Y96.25 E360.81616
G1 X83.575 Y96.367 E360.82264
G1 X83.75 Y96.435 E360.82732
G1 X83.925 Y96.484 E360.83185
G1 X84.104 Y96.524 E360.83643
G1 X84.365 Y96.559 E360.843
G1 X84.564 Y96.569 E360.84797
G1 X84.92 Y96.55 E360.85686
G1 X85.266 Y96.486 E360.86564
G1 X85.447 Y96.434 E360.87034
G1 X85.656 Y96.355 E360.87591
G1 X85.828 Y96.27 E360.8807
G1 X86.066 Y96.112 E360.88782
G1 X86.205 Y95.994 E360.89237
G1 X86.325 Y95.867 E360.89673
G1 X86.43 Y95.728 E360.90108
G1 X86.518 Y95.574 E360.9055
G1 X86.587 Y95.412 E360.90989
G1 X86.631 Y95.239 E360.91434
G1 X86.65 Y95.071 E360.91856
G1 X86.654 Y91.845 E360.99904
G1 X86.761 Y91.774 E361.00224
G1 X87.11 Y91.471 E361.01377
G1 X87.417 Y91.126 E361.02529
G1 X87.676 Y90.744 E361.0368
G1 X87.884 Y90.327 E361.04842
G1 X88.033 Y89.892 E361.05989
G1 X88.123 Y89.443 E361.07132
G1 X88.152 Y89.011 E361.08212
G1 X88.153 Y88.981 E361.08287
G1 X88.152 Y88.951 E361.08362
G1 X88.123 Y88.525 E361.09427
G1 X88.031 Y88.069 E361.10587
G1 X87.882 Y87.637 E361.11727
G1 X87.675 Y87.226 E361.12875
G1 X87.414 Y86.841 E361.14035
G1 X87.11 Y86.498 E361.15179
G1 X86.761 Y86.195 E361.16332
G1 X86.374 Y85.941 E361.17486
G1 X85.959 Y85.738 E361.18639
G1 X85.518 Y85.59 E361.19799
G1 X85.059 Y85.501 E361.20965
G1 X84.599 Y85.471 E361.22115
G1 X84.133 Y85.503 E361.2328
G1 X83.683 Y85.59 E361.24424
G1 X83.241 Y85.738 E361.25587
G1 X82.827 Y85.941 E361.26737
G1 X82.439 Y86.194 E361.27892
G1 X82.089 Y86.498 E361.29049
G1 X81.78 Y86.847 E361.30211
G1 X81.525 Y87.225 E361.31349
G1 X81.317 Y87.636 E361.32498
G1 X81.168 Y88.074 E361.33652
G1 X81.077 Y88.523 E361.34795
G1 X81.048 Y88.942 E361.35842
G1 X81.046 Y88.985 E361.3595
G1 X81.048 Y89.028 E361.36057
G1 X81.077 Y89.445 E361.371
G1 X81.169 Y89.901 E361.3826
G1 X81.318 Y90.332 E361.39398
G1 X81.524 Y90.744 E361.40547
G1 X81.783 Y91.126 E361.41698
G1 X82.09 Y91.47 E361.42848
G1 X82.438 Y91.773 E361.43999
G1 X82.547 Y91.845 E361.44325
G1 X82.547 Y94.012 E361.49731
G0 F1350 X82.547 Y95.041
G0 X82.56 Y95.206
G0 X82.616 Y95.418
G0 X82.719 Y95.649
G0 F9000 X83.09 Y95.438
;TYPE:WALL-OUTER
G1 F480 E361.53884
G1 F900 X83.197 Y95.59 E361.5429
G1 X83.287 Y95.684 E361.54574
G1 X83.388 Y95.771 E361.54865
G1 X83.556 Y95.882 E361.55304
G1 X83.747 Y95.978 E361.55771
G1 X83.885 Y96.031 E361.56094
G1 X84.029 Y96.072 E361.56421
G1 X84.178 Y96.105 E361.56754
G1 X84.404 Y96.135 E361.57251
G1 X84.564 Y96.143 E361.57601
G1 X84.87 Y96.127 E361.5827
G1 X85.168 Y96.072 E361.58931
G1 X85.313 Y96.03 E361.59261
G1 X85.486 Y95.965 E361.59664
G1 X85.615 Y95.901 E361.59978
G1 X85.81 Y95.772 E361.60489
G1 X85.912 Y95.685 E361.60781
G1 X86 Y95.592 E361.61061
G1 X86.075 Y95.493 E361.61332
G1 X86.137 Y95.385 E361.61604
G1 X86.183 Y95.276 E361.61862
G1 X86.212 Y95.162 E361.62119
G1 X86.225 Y95.047 E361.62371
G1 X86.229 Y91.615 E361.69862
G1 X86.504 Y91.434 E361.70581
G1 X86.811 Y91.168 E361.71468
G1 X87.081 Y90.865 E361.72353
G1 X87.308 Y90.529 E361.73238
G1 X87.491 Y90.162 E361.74134
G1 X87.622 Y89.781 E361.75013
G1 X87.701 Y89.387 E361.7589
G1 X87.727 Y88.981 E361.76778
G1 X87.701 Y88.581 E361.77653
G1 X87.62 Y88.181 E361.78544
G1 X87.489 Y87.802 E361.79419
G1 X87.308 Y87.441 E361.803
G1 X87.078 Y87.102 E361.81195
G1 X86.811 Y86.801 E361.82073
G1 X86.504 Y86.535 E361.82959
G1 X86.163 Y86.311 E361.8385
G1 X85.797 Y86.132 E361.84739
G1 X85.409 Y86.002 E361.85632
G1 X85.004 Y85.923 E361.86533
G1 X84.6 Y85.897 E361.87417
G1 X84.188 Y85.925 E361.88318
G1 X83.791 Y86.002 E361.89201
G1 X83.403 Y86.132 E361.90094
G1 X83.037 Y86.311 E361.90983
G1 X82.696 Y86.534 E361.91873
G1 X82.389 Y86.801 E361.92761
G1 X82.117 Y87.108 E361.93656
G1 X81.892 Y87.441 E361.94533
G1 X81.71 Y87.801 E361.95413
G1 X81.579 Y88.185 E361.96299
G1 X81.499 Y88.58 E361.97179
G1 X81.472 Y88.985 E361.98065
G1 X81.499 Y89.388 E361.98946
G1 X81.58 Y89.789 E361.99839
G1 X81.711 Y90.167 E362.00712
G1 X81.892 Y90.529 E362.01596
G1 X82.119 Y90.864 E362.02479
G1 X82.389 Y91.167 E362.03365
G1 X82.696 Y91.434 E362.04253
G1 X82.972 Y91.616 E362.04975
G1 X82.972 Y93.555 E362.09207
G0 F810 X82.972 Y95.024
G0 X82.981 Y95.135
G0 X83.018 Y95.277
G0 X83.09 Y95.438
G0 F9000 X83.197 Y95.59
G0 X83.207 Y95.6
G0 X82.928 Y95.866
G0 X82.827 Y95.962
G0 X82.521 Y95.212
G0 X81.038 Y89.45
G0 X81.05 Y87.277
;TYPE:WALL-INNER
G1 F480 E362.13358
G1 F1500 X81.05 Y87.022 E362.13994
G1 X81.05 Y86.582 E362.15092
G1 X81.05 Y85.01 E362.19013
G1 X82.999 Y85.01 E362.23875
G1 X83.089 Y85.01 E362.241
G1 X83.581 Y85.01 E362.25327
G1 X84.081 Y85.01 E362.26574
G1 X84.598 Y85.01 E362.27864
G1 X85.11 Y85.01 E362.29141
G1 X85.62 Y85.01 E362.30413
G1 X86.111 Y85.01 E362.31638
G1 X86.201 Y85.01 E362.31863
G1 X88.15 Y85.01 E362.36724
G1 X88.15 Y86.584 E362.40651
G1 X88.15 Y87.023 E362.41746
G1 X88.15 Y87.28 E362.42387
G1 X88.021 Y87.023 E362.4255
G1 X87.775 Y86.659 E362.43292
G1 X87.731 Y86.595 E362.43485
G1 X87.392 Y86.213 E362.44759
G1 X87.003 Y85.875 E362.46045
G1 X86.572 Y85.593 E362.4733
G1 X86.191 Y85.406 E362.48388
G1 X86.111 Y85.367 E362.48599
G1 X85.62 Y85.202 E362.49503
G1 X85.11 Y85.103 E362.49977
G1 X84.598 Y85.07 E362.50225
G1 X84.081 Y85.106 E362.50479
G1 X83.581 Y85.202 E362.50949
G1 X83.089 Y85.367 E362.51855
G1 X83.009 Y85.406 E362.52065
G1 X82.629 Y85.593 E362.53122
G1 X82.197 Y85.874 E362.54407
G1 X81.807 Y86.213 E362.55696
G1 X81.463 Y86.602 E362.56992
G1 X81.425 Y86.658 E362.5716
G1 X81.179 Y87.022 E362.57902
G1 X81.05 Y87.277 E362.58063
G0 F9000 X80.65 Y88.941
G1 F1500 X80.65 Y84.61 E362.68867
G1 X88.55 Y84.61 E362.88573
G1 X88.55 Y88.951 E362.99402
G1 X88.55 Y88.981 E362.99477
G1 X88.55 Y89.011 E362.99551
G1 X88.55 Y108.301 E363.4767
G1 X80.65 Y108.301 E363.67377
G1 X80.65 Y89.029 E364.15451
G1 X80.65 Y88.985 E364.15561
G1 X80.65 Y88.941 E364.1567
G0 F9000 X81.05 Y90.69
G1 F1500 X81.178 Y90.947 E364.16386
G1 X81.425 Y91.311 E364.17483
G1 X81.467 Y91.372 E364.17668
G1 X81.808 Y91.755 E364.18947
G1 X82.147 Y92.05 E364.20068
G1 X82.147 Y95.057 E364.27569
G1 X82.164 Y95.273 E364.2811
G1 X82.238 Y95.551 E364.28828
G1 X82.369 Y95.847 E364.29635
G1 X82.558 Y96.116 E364.30455
G1 X82.718 Y96.283 E364.31032
G1 X82.89 Y96.431 E364.31598
G1 X83.143 Y96.597 E364.32353
G1 X83.412 Y96.733 E364.33105
G1 X83.623 Y96.815 E364.33669
G1 X83.827 Y96.872 E364.34198
G1 X84.034 Y96.918 E364.34727
G1 X84.328 Y96.958 E364.35467
G1 X84.565 Y96.97 E364.36059
G1 X84.967 Y96.948 E364.37063
G1 X85.358 Y96.876 E364.38055
G1 X85.573 Y96.814 E364.38613
G1 X85.816 Y96.722 E364.39261
G1 X86.028 Y96.617 E364.39851
G1 X86.307 Y96.432 E364.40686
G1 X86.481 Y96.285 E364.41255
G1 X86.631 Y96.126 E364.418
G1 X86.765 Y95.949 E364.42354
G1 X86.877 Y95.752 E364.42919
G1 X86.967 Y95.54 E364.43494
G1 X87.025 Y95.311 E364.44083
G1 X87.027 Y95.286 E364.44145
G1 X87.05 Y95.094 E364.44628
G1 X87.054 Y92.05 E364.52221
G1 X87.392 Y91.756 E364.53339
G1 X87.733 Y91.372 E364.5462
G1 X87.775 Y91.311 E364.54804
G1 X88.022 Y90.946 E364.55904
G1 X88.15 Y90.69 E364.56618
G1 X88.15 Y90.946 E364.56704
G1 X88.15 Y91.387 E364.57448
G1 X88.15 Y107.901 E364.98642
G1 X81.05 Y107.901 E365.16353
G1 X81.05 Y91.387 E365.57548
G1 X81.05 Y90.947 E365.58289
G1 X81.05 Y90.69 E365.58376
G1 F1500 E364.08376
G0 F9000 X80.72 Y108.231
G0 X80.225 Y108.726
;TYPE:WALL-OUTER
G1 F480 E365.64612
G1 F900 X80.225 Y84.185 E366.18178
G1 X88.975 Y84.185 E366.37276
G1 X88.975 Y108.726 E366.90842
G1 X82.127 Y108.726 E367.05789
G0 F810 X80.225 Y108.726
G0 F9000 X80.225 Y108.526
G0 X80.61 Y108.341
G0 X81.409 Y105.588
;TYPE:FILL
G1 F480 E367.09941
G1 F3000 X82.503 Y104.495 E367.13798
G1 X82.503 Y107.353 E367.20928
G1 X81.409 Y106.26 E367.24785
G1 X81.409 Y102.49 E367.34189
G1 X82.503 Y103.583 E367.38047
G1 X82.503 Y100.725 E367.45176
G1 X81.409 Y101.818 E367.49034
G1 X81.409 Y98.719 E367.56764
G1 X82.503 Y99.813 E367.60624
G1 X82.503 Y98.387 E367.64181
G1 X84.842 Y98.386 E367.70016
G0 F9000 X84.846 Y98.386
G1 F3000 X83.657 Y97.196 E367.74212
G1 X83.499 Y97.154 E367.7462
G1 X83.274 Y97.066 E367.75222
G1 X82.96 Y96.908 E367.76099
G1 X82.713 Y96.744 E367.76839
G1 X81.409 Y98.048 E367.81439
G1 X81.409 Y94.949 E367.8917
G1 X81.812 Y95.351 E367.9059
G1 X81.807 Y95.333 E367.90636
G1 X81.787 Y95.079 E367.91272
G1 X81.786 Y93.9 E367.94213
G1 X81.409 Y94.277 E367.95543
G1 X81.41 Y91.927 E368.01405
G1 X81.461 Y91.907 E368.01541
G0 F9000 X82.685 Y95.668
G0 X83.107 Y96.142
G0 X83.738 Y96.472
G0 X84.564 Y96.609
G0 X85.369 Y96.485
G0 X87.789 Y95.438
G1 F3000 X87.02 Y96.208 E368.04256
G1 X87.065 Y96.15 E368.04439
G1 X87.202 Y95.91 E368.05129
G1 X87.309 Y95.654 E368.05821
G1 X87.379 Y95.377 E368.06533
G1 X87.41 Y95.112 E368.07199
G1 X87.411 Y93.41 E368.11445
G1 X87.789 Y93.788 E368.12778
G1 X87.789 Y97.558 E368.22182
G1 X86.751 Y96.52 E368.25844
G1 X86.728 Y96.547 E368.25933
G1 X86.522 Y96.721 E368.26605
G1 X86.479 Y96.748 E368.26732
G1 X84.842 Y98.386 E368.32509
G0 F9000 X84.846 Y98.386
G1 F3000 X86.696 Y98.387 E368.37124
G1 X86.696 Y100.235 E368.41733
G1 X87.789 Y101.329 E368.45591
G1 X87.789 Y99.209 E368.50879
G1 X86.696 Y100.301 E368.54733
G1 X86.696 Y104.006 E368.63976
G1 X87.789 Y105.099 E368.67831
G1 X87.789 Y102.979 E368.7312
G1 X86.697 Y104.071 E368.76972
G1 X86.697 Y107.541 E368.85628
G1 X87.79 Y107.541 E368.88355
G1 X87.789 Y106.749 E368.9033
G1 X86.998 Y107.54 E368.93121
G0 F9000 X86.547 Y107.511
;TYPE:SKIN
G1 F2400 X82.653 Y107.511 E369.02834
G1 X82.653 Y98.537 E369.2522
G1 X86.546 Y98.537 E369.34931
G1 X86.547 Y105.846 E369.53164
G0 F2160 X86.547 Y107.511
G0 F9000 X86.134 Y107.33
G1 F480 E369.57317
G1 F2400 X86.366 Y107.097 E369.58137
G0 F9000 X86.366 Y106.532
G1 F2400 X85.568 Y107.33 E369.60952
G0 F9000 X85.002 Y107.33
G1 F2400 X86.366 Y105.966 E369.65764
G0 F9000 X86.366 Y105.4
G1 F2400 X84.437 Y107.33 E369.72571
G0 F9000 X83.871 Y107.33
G1 F2400 X86.366 Y104.834 E369.81375
G0 F9000 X86.366 Y104.269
G1 F2400 X83.305 Y107.33 E369.92173
G0 F9000 X82.833 Y107.236
G1 F2400 X86.366 Y103.703 E370.04637
G0 F9000 X86.366 Y103.137
G1 F2400 X82.833 Y106.671 E370.17102
G0 F9000 X82.833 Y106.105
G1 F2400 X86.366 Y102.572 E370.29566
G0 F9000 X86.366 Y102.007
G1 F2400 X82.833 Y105.539 E370.42028
G0 F9000 X82.833 Y104.974
G1 F2400 X86.366 Y101.441 E370.54491
G0 F9000 X86.366 Y100.875
G1 F2400 X82.833 Y104.408 E370.66955
G0 F9000 X82.833 Y103.842
G1 F2400 X86.366 Y100.31 E370.79417
G0 F9000 X86.366 Y99.744
G1 F2400 X82.833 Y103.277 E370.9188
G0 F9000 X82.833 Y102.711
G1 F2400 X86.366 Y99.178 E371.04344
G0 F9000 X86.262 Y98.716
G1 F2400 X82.833 Y102.145 E371.16441
G0 F9000 X82.833 Y101.58
G1 F2400 X85.697 Y98.716 E371.26544
G0 F9000 X85.131 Y98.716
G1 F2400 X82.833 Y101.014 E371.34651
G0 F9000 X82.833 Y100.448
G1 F2400 X84.565 Y98.716 E371.40761
G0 F9000 X84 Y98.716
G1 F2400 X82.833 Y99.883 E371.44878
G0 F9000 X82.833 Y99.317
G1 F2400 X83.434 Y98.716 E371.46998
G1 F1500 E369.96998
G1 F900 Z3.86
G0 F9000 X83.434 Y98.716 Z3.86
G0 X92.85 Y98.292
;TYPE:WALL-INNER
G1 F900 Z2.86
G1 F480 E371.53234
G1 F1500 X92.85 Y98.093 E371.53731
G1 X92.85 Y85.318 E371.85598
G1 X99.751 Y85.317 E372.02813
G1 X99.95 Y85.317 E372.03309
G1 X99.95 Y85.516 E372.0363
G1 X99.95 Y98.291 E372.35498
G1 X98.328 Y98.291 E372.39544
G1 X98.327 Y88.847 E372.63102
G1 X94.473 Y88.847 E372.72716
G1 X94.472 Y98.291 E372.96274
G1 X93.049 Y98.292 E372.99824
G1 X92.85 Y98.292 E373.00145
G0 F9000 X92.649 Y98.692
G1 F1500 X92.45 Y98.692 E373.00641
G1 X92.45 Y98.493 E373.00962
G1 X92.45 Y84.918 E373.34825
G1 X100.151 Y84.917 E373.54036
G1 X100.35 Y84.917 E373.54532
G1 X100.35 Y85.116 E373.54853
G1 X100.35 Y98.691 E373.88716
G1 X97.928 Y98.691 E373.94758
G1 X97.927 Y89.247 E374.18316
G1 X94.873 Y89.247 E374.25934
G1 X94.872 Y98.691 E374.49492
G1 X94.314 Y98.692 E374.50884
G0 F1350 X92.649 Y98.692
G0 F9000 X92.025 Y99.117
;TYPE:WALL-OUTER
G1 F480 E374.55038
G1 F900 X92.025 Y98.942 E374.5542
G1 X92.025 Y84.493 E374.86957
G1 X100.6 Y84.492 E375.05674
G1 X100.775 Y84.492 E375.06056
G1 X100.775 Y84.667 E375.06303
G1 X100.775 Y99.116 E375.37841
G1 X97.503 Y99.116 E375.44983
G1 X97.502 Y89.672 E375.65596
G1 X95.298 Y89.672 E375.70407
G1 X95.297 Y99.116 E375.9102
G1 X92.2 Y99.117 E375.9778
G1 X92.025 Y99.117 E375.98027
G0 F9000 X92.025 Y98.942
G0 X92.025 Y98.917
G0 X92.411 Y98.731
G0 X93.209 Y95.438
;TYPE:FILL
G1 F3000 X94.112 Y96.341 E376.01213
G1 X94.111 Y96.657 E376.02001
G1 X93.21 Y97.558 E376.0518
G1 X93.21 Y93.788 E376.14584
G1 X94.111 Y92.886 E376.17764
G1 X94.112 Y92.57 E376.18552
G1 X93.208 Y91.667 E376.2174
G1 X93.209 Y90.018 E376.25853
G1 X94.111 Y89.116 E376.29035
G1 X94.112 Y88.8 E376.29824
G1 X93.208 Y87.896 E376.33013
G1 X93.209 Y86.248 E376.37124
G1 X93.78 Y85.677 E376.39138
G1 X94.76 Y85.678 E376.41583
G1 X97.568 Y88.486 E376.51489
G1 X94.74 Y88.487 E376.58543
G1 X97.551 Y85.677 E376.68458
G1 X98.53 Y85.678 E376.709
G1 X99.589 Y86.737 E376.74636
G1 X99.588 Y87.409 E376.76312
G1 X98.511 Y88.487 E376.80113
G1 X98.687 Y88.487 E376.80552
G1 X98.686 Y89.604 E376.83339
G1 X99.589 Y90.507 E376.86524
G1 X99.588 Y91.18 E376.88203
G1 X98.687 Y92.081 E376.91382
G1 X98.686 Y93.374 E376.94607
G1 X99.589 Y94.277 E376.97793
G1 X99.588 Y94.95 E376.99471
G1 X98.687 Y95.851 E377.0265
G1 X98.688 Y97.931 E377.07839
G1 X99.472 Y97.93 E377.09794
G1 X98.686 Y97.145 E377.12565
G1 F1500 E375.62565
G1 F900 Z3.86
G0 F9000 X98.686 Y97.145 Z3.86
G0 X82.715 Y95.638
;TIME_ELAPSED:783.458399
;LAYER:18
G0 X82.715 Y95.638 Z4.01
;TYPE:WALL-INNER
G1 F900 Z3.01
G1 F480 E377.18802
G1 F1500 X82.879 Y95.865 E377.195
G1 X83.007 Y95.998 E377.19961
G1 X83.144 Y96.112 E377.20405
G1 X83.331 Y96.237 E377.20966
G1 X83.59 Y96.367 E377.21689
G1 X83.768 Y96.432 E377.22162
G1 X83.941 Y96.482 E377.22611
G1 X84.12 Y96.52 E377.23068
G1 X84.349 Y96.55 E377.23644
G1 X84.546 Y96.562 E377.24136
G1 X84.902 Y96.546 E377.25025
G1 X85.26 Y96.481 E377.25933
G1 X85.591 Y96.373 E377.26801
G1 X85.821 Y96.267 E377.27433
G1 X86.054 Y96.114 E377.28128
G1 X86.192 Y95.999 E377.28576
G1 X86.311 Y95.875 E377.29005
G1 X86.421 Y95.736 E377.29447
G1 X86.513 Y95.579 E377.29901
G1 X86.58 Y95.421 E377.30329
G1 X86.628 Y95.248 E377.30777
G1 X86.649 Y95.076 E377.31209
G1 X86.655 Y91.836 E377.39292
G1 X86.761 Y91.766 E377.39608
G1 X87.11 Y91.463 E377.40761
G1 X87.417 Y91.118 E377.41913
G1 X87.676 Y90.736 E377.43065
G1 X87.885 Y90.317 E377.44233
G1 X88.033 Y89.883 E377.45376
G1 X88.123 Y89.436 E377.46514
G1 X88.152 Y89.002 E377.47599
G1 X88.153 Y88.972 E377.47674
G1 X88.152 Y88.942 E377.47749
G1 X88.123 Y88.516 E377.48814
G1 X88.03 Y88.06 E377.49975
G1 X87.883 Y87.63 E377.51108
G1 X87.675 Y87.218 E377.5226
G1 X87.414 Y86.832 E377.53422
G1 X87.11 Y86.49 E377.54563
G1 X86.761 Y86.187 E377.55716
G1 X86.374 Y85.933 E377.56871
G1 X85.957 Y85.73 E377.58028
G1 X85.517 Y85.583 E377.59185
G1 X85.057 Y85.494 E377.60354
G1 X84.6 Y85.464 E377.61496
G1 X84.132 Y85.495 E377.62666
G1 X83.682 Y85.583 E377.6381
G1 X83.243 Y85.73 E377.64965
G1 X82.827 Y85.933 E377.6612
G1 X82.439 Y86.186 E377.67275
G1 X82.089 Y86.491 E377.68433
G1 X81.779 Y86.841 E377.69599
G1 X81.525 Y87.217 E377.70731
G1 X81.317 Y87.628 E377.7188
G1 X81.168 Y88.066 E377.73035
G1 X81.077 Y88.515 E377.74177
G1 X81.048 Y88.934 E377.75225
G1 X81.046 Y88.977 E377.75332
G1 X81.048 Y89.02 E377.7544
G1 X81.077 Y89.438 E377.76485
G1 X81.17 Y89.894 E377.77646
G1 X81.317 Y90.323 E377.78777
G1 X81.525 Y90.736 E377.79931
G1 X81.783 Y91.118 E377.81081
G1 X82.089 Y91.462 E377.82229
G1 X82.439 Y91.766 E377.83385
G1 X82.547 Y91.837 E377.83708
G1 X82.547 Y94.001 E377.89106
G0 F1350 X82.547 Y95.048
G0 X82.578 Y95.287
G0 X82.624 Y95.434
G0 X82.715 Y95.638
G0 F9000 X83.085 Y95.424
;TYPE:WALL-OUTER
G1 F480 E377.93259
G1 F900 X83.206 Y95.592 E377.93711
G1 X83.297 Y95.686 E377.93997
G1 X83.399 Y95.771 E377.94287
G1 X83.545 Y95.869 E377.9467
G1 X83.759 Y95.976 E377.95193
G1 X83.9 Y96.028 E377.95521
G1 X84.044 Y96.069 E377.95847
G1 X84.193 Y96.101 E377.9618
G1 X84.389 Y96.127 E377.96612
G1 X84.549 Y96.136 E377.96961
G1 X84.855 Y96.123 E377.9763
G1 X85.156 Y96.068 E377.98298
G1 X85.436 Y95.977 E377.9894
G1 X85.614 Y95.895 E377.99368
G1 X85.8 Y95.772 E377.99855
G1 X85.902 Y95.687 E378.00145
G1 X85.991 Y95.595 E378.00424
G1 X86.069 Y95.496 E378.00699
G1 X86.132 Y95.388 E378.00972
G1 X86.178 Y95.28 E378.01228
G1 X86.21 Y95.165 E378.01489
G1 X86.224 Y95.05 E378.01742
G1 X86.23 Y91.607 E378.09257
G1 X86.504 Y91.427 E378.09972
G1 X86.811 Y91.16 E378.1086
G1 X87.081 Y90.857 E378.11746
G1 X87.308 Y90.521 E378.12631
G1 X87.492 Y90.153 E378.13529
G1 X87.622 Y89.772 E378.14408
G1 X87.701 Y89.38 E378.15281
G1 X87.727 Y88.972 E378.16173
G1 X87.701 Y88.573 E378.17046
G1 X87.619 Y88.172 E378.17939
G1 X87.49 Y87.795 E378.18809
G1 X87.308 Y87.433 E378.19693
G1 X87.078 Y87.093 E378.20589
G1 X86.811 Y86.793 E378.21466
G1 X86.504 Y86.527 E378.22353
G1 X86.163 Y86.303 E378.23243
G1 X85.796 Y86.124 E378.24134
G1 X85.409 Y85.995 E378.25025
G1 X85.003 Y85.916 E378.25928
G1 X84.6 Y85.89 E378.26809
G1 X84.187 Y85.917 E378.27712
G1 X83.791 Y85.995 E378.28593
G1 X83.404 Y86.124 E378.29484
G1 X83.037 Y86.303 E378.30375
G1 X82.696 Y86.526 E378.31264
G1 X82.389 Y86.793 E378.32152
G1 X82.116 Y87.102 E378.33052
G1 X81.892 Y87.433 E378.33925
G1 X81.71 Y87.793 E378.34805
G1 X81.579 Y88.177 E378.35691
G1 X81.499 Y88.572 E378.3657
G1 X81.472 Y88.977 E378.37456
G1 X81.499 Y89.381 E378.3834
G1 X81.581 Y89.782 E378.39234
G1 X81.71 Y90.158 E378.40101
G1 X81.892 Y90.521 E378.40988
G1 X82.119 Y90.856 E378.41871
G1 X82.389 Y91.159 E378.42757
G1 X82.696 Y91.427 E378.43646
G1 X82.972 Y91.608 E378.44367
G1 X82.972 Y93.54 E378.48584
G0 F810 X82.972 Y95.02
G0 X82.995 Y95.196
G0 X83.022 Y95.284
G0 X83.085 Y95.424
G0 F9000 X83.201 Y95.586
G0 X82.889 Y95.81
G0 X82.775 Y95.891
G0 X82.539 Y95.295
G0 X81.038 Y89.443
G0 X81.05 Y87.269
;TYPE:WALL-INNER
G1 F480 E378.52735
G1 F1500 X81.05 Y87.014 E378.53371
G1 X81.05 Y86.573 E378.54471
G1 X81.05 Y85.002 E378.5839
G1 X83 Y85.002 E378.63254
G1 X83.091 Y85.002 E378.63481
G1 X83.58 Y85.002 E378.64701
G1 X84.08 Y85.002 E378.65948
G1 X84.6 Y85.002 E378.67246
G1 X85.108 Y85.002 E378.68513
G1 X85.619 Y85.002 E378.69787
G1 X86.109 Y85.002 E378.7101
G1 X86.199 Y85.002 E378.71234
G1 X88.15 Y85.002 E378.76101
G1 X88.15 Y86.575 E378.80025
G1 X88.15 Y87.015 E378.81123
G1 X88.15 Y87.27 E378.81759
G1 X88.021 Y87.015 E378.8192
G1 X87.775 Y86.65 E378.82663
G1 X87.731 Y86.586 E378.82857
G1 X87.392 Y86.205 E378.84129
G1 X87.003 Y85.867 E378.85414
G1 X86.572 Y85.585 E378.86699
G1 X86.55 Y85.575 E378.86759
G1 X86.189 Y85.398 E378.87762
G1 X86.109 Y85.359 E378.87973
G1 X85.619 Y85.195 E378.88877
G1 X85.108 Y85.097 E378.89356
G1 X85.085 Y85.096 E378.89392
G1 X84.6 Y85.063 E378.89609
G1 X84.08 Y85.098 E378.89867
G1 X83.58 Y85.195 E378.90338
G1 X83.091 Y85.359 E378.9124
G1 X83.01 Y85.398 E378.91453
G1 X82.629 Y85.584 E378.9251
G1 X82.197 Y85.866 E378.93797
G1 X81.807 Y86.206 E378.95088
G1 X81.462 Y86.595 E378.96385
G1 X81.426 Y86.649 E378.96547
G1 X81.179 Y87.014 E378.9729
G1 X81.05 Y87.269 E378.97452
G0 F9000 X80.65 Y88.933
G1 F1500 X80.65 Y84.602 E379.08255
G1 X88.55 Y84.602 E379.27962
G1 X88.55 Y88.942 E379.38788
G1 X88.55 Y88.972 E379.38863
G1 X88.55 Y89.002 E379.38937
G1 X88.55 Y108.293 E379.87059
G1 X80.65 Y108.293 E380.06766
G1 X80.65 Y89.021 E380.5484
G1 X80.65 Y88.977 E380.54949
G1 X80.65 Y88.933 E380.55059
G0 F9000 X81.05 Y90.683
G1 F1500 X81.179 Y90.939 E380.55774
G1 X81.426 Y91.305 E380.56875
G1 X81.466 Y91.364 E380.57053
G1 X81.807 Y91.747 E380.58332
G1 X82.147 Y92.043 E380.59457
G1 X82.147 Y95.074 E380.67018
G1 X82.186 Y95.373 E380.6777
G1 X82.249 Y95.576 E380.683
G1 X82.367 Y95.839 E380.69019
G1 X82.571 Y96.122 E380.69889
G1 X82.734 Y96.291 E380.70475
G1 X82.904 Y96.433 E380.71027
G1 X83.129 Y96.583 E380.71702
G1 X83.431 Y96.735 E380.72545
G1 X83.632 Y96.807 E380.73078
G1 X83.644 Y96.812 E380.7311
G1 X83.844 Y96.87 E380.7363
G1 X84.052 Y96.915 E380.74161
G1 X84.311 Y96.948 E380.74812
G1 X84.323 Y96.948 E380.74842
G1 X84.543 Y96.963 E380.75392
G1 X84.947 Y96.944 E380.76401
G1 X85.358 Y96.87 E380.77443
G1 X85.737 Y96.746 E380.78437
G1 X86.016 Y96.618 E380.79203
G1 X86.293 Y96.436 E380.8003
G1 X86.465 Y96.292 E380.80589
G1 X86.613 Y96.138 E380.81122
G1 X86.752 Y95.962 E380.81682
G1 X86.871 Y95.759 E380.82269
G1 X86.958 Y95.553 E380.82827
G1 X86.964 Y95.528 E380.82891
G1 X87.012 Y95.356 E380.83336
G1 X87.021 Y95.326 E380.83414
G1 X87.049 Y95.101 E380.8398
G1 X87.055 Y92.04 E380.91616
G1 X87.392 Y91.748 E380.92728
G1 X87.733 Y91.364 E380.94009
G1 X87.775 Y91.303 E380.94194
G1 X88.022 Y90.938 E380.95293
G1 X88.15 Y90.682 E380.96007
G1 X88.15 Y90.938 E380.96094
G1 X88.15 Y91.379 E380.96837
G1 X88.15 Y107.893 E381.38032
G1 X81.05 Y107.893 E381.55743
G1 X81.05 Y91.38 E381.96934
G1 X81.05 Y90.939 E381.97679
G1 X81.05 Y90.683 E381.97765
G1 F1500 E380.47765
G0 F9000 X80.72 Y108.223
G0 X80.225 Y108.718
;TYPE:WALL-OUTER
G1 F480 E382.04002
G1 F900 X80.225 Y84.177 E382.57567
G1 X88.975 Y84.177 E382.76666
G1 X88.975 Y108.718 E383.30231
G1 X82.127 Y108.718 E383.45178
G0 F810 X80.225 Y108.718
G0 F9000 X80.225 Y108.518
G0 X80.61 Y108.333
G0 X81.409 Y105.588
;TYPE:FILL
G1 F480 E383.4933
G1 F3000 X82.491 Y104.506 E383.53147
G1 X82.491 Y107.342 E383.60221
G1 X81.409 Y106.26 E383.64038
G1 X81.409 Y102.49 E383.73443
G1 X82.491 Y103.572 E383.7726
G1 X82.491 Y100.736 E383.84334
G1 X81.409 Y101.818 E383.88151
G1 X81.409 Y98.719 E383.95882
G1 X82.491 Y99.801 E383.99699
G1 X82.492 Y98.387 E384.03226
G1 X84.842 Y98.386 E384.09088
G0 F9000 X84.846 Y98.386
G1 F3000 X86.709 Y98.387 E384.13735
G1 X86.708 Y100.248 E384.18378
G1 X87.79 Y101.329 E384.22193
G1 X87.79 Y102.978 E384.26306
G1 X86.708 Y104.059 E384.30122
G1 X86.709 Y107.533 E384.38788
G1 X87.006 Y107.532 E384.39528
G1 X87.79 Y106.749 E384.42292
G1 X87.79 Y105.1 E384.46406
G1 X86.708 Y104.018 E384.50223
G1 X86.708 Y100.289 E384.59525
G1 X87.79 Y99.208 E384.6334
G1 X87.79 Y97.559 E384.67454
G1 X86.747 Y96.516 E384.71133
G1 X86.71 Y96.556 E384.71269
G1 X86.506 Y96.727 E384.71933
G1 X86.494 Y96.734 E384.71968
G1 X84.842 Y98.386 E384.77796
G0 F9000 X84.846 Y98.386
G1 F3000 X83.647 Y97.187 E384.82025
G1 X83.535 Y97.156 E384.82315
G1 X83.292 Y97.067 E384.82961
G1 X82.949 Y96.895 E384.83918
G1 X82.718 Y96.739 E384.84613
G1 X81.409 Y98.048 E384.89231
G1 X81.409 Y94.949 E384.96962
G1 X81.822 Y95.361 E384.98417
G1 X81.787 Y95.1 E384.99074
G1 X81.787 Y92.207 E385.0629
G1 X81.548 Y91.999 E385.07081
G1 X81.46 Y91.901 E385.07409
G1 X81.41 Y91.92 E385.07543
G1 X81.409 Y94.277 E385.13422
G1 X81.786 Y93.9 E385.14752
G0 F9000 X82.849 Y95.89
G0 X83.311 Y96.271
G0 X84.114 Y96.559
G0 X84.906 Y96.585
G0 X85.605 Y96.41
G0 X86.219 Y96.028
G0 X86.485 Y95.679
G0 X87.411 Y93.41
G1 F3000 X87.79 Y93.789 E385.16089
G1 X87.79 Y95.438 E385.20203
G1 X86.993 Y96.234 E385.23013
G1 X87.048 Y96.166 E385.23231
G1 X87.195 Y95.918 E385.2395
G1 X87.299 Y95.673 E385.24614
G1 X87.375 Y95.393 E385.25338
G1 X87.409 Y95.127 E385.26007
G1 X87.415 Y92.205 E385.33295
G1 X87.647 Y92.004 E385.34061
G1 X87.738 Y91.9 E385.34406
G0 F9000 X86.559 Y98.537
;TYPE:SKIN
G1 F2400 X86.559 Y107.503 E385.56772
G1 X82.642 Y107.503 E385.66543
G1 X82.642 Y98.537 E385.88908
G1 X84.894 Y98.537 E385.94526
G0 F2160 X86.559 Y98.537
G0 F9000 X86.324 Y98.769
G1 F480 E385.98679
G1 F2400 X86.041 Y99.052 E386.00055
G0 F9000 X86.378 Y99.955
G1 F2400 X85.139 Y98.716 E386.04426
G0 F9000 X84.574 Y98.716
G1 F2400 X86.378 Y100.52 E386.1079
G0 F9000 X86.378 Y101.086
G1 F2400 X84.008 Y98.716 E386.19151
G0 F9000 X83.442 Y98.716
G1 F2400 X86.378 Y101.652 E386.29508
G0 F9000 X86.378 Y102.217
G1 F2400 X82.877 Y98.716 E386.41859
G0 F9000 X82.822 Y99.226
G1 F2400 X86.378 Y102.783 E386.54405
G0 F9000 X86.378 Y103.349
G1 F2400 X82.822 Y99.792 E386.66952
G0 F9000 X82.822 Y100.358
G1 F2400 X86.378 Y103.914 E386.79497
G0 F9000 X86.378 Y104.48
G1 F2400 X82.822 Y100.923 E386.92043
G0 F9000 X82.822 Y101.489
G1 F2400 X86.378 Y105.046 E387.0459
G0 F9000 X86.378 Y105.612
G1 F2400 X82.822 Y102.055 E387.17136
G0 F9000 X82.822 Y102.62
G1 F2400 X86.378 Y106.177 E387.29683
G0 F9000 X86.378 Y106.743
G1 F2400 X82.822 Y103.186 E387.42229
G0 F9000 X82.822 Y103.752
G1 F2400 X86.378 Y107.309 E387.54776
G0 F9000 X85.825 Y107.321
G1 F2400 X82.822 Y104.318 E387.6537
G0 F9000 X82.822 Y104.883
G1 F2400 X85.26 Y107.321 E387.7397
G0 F9000 X84.694 Y107.321
G1 F2400 X82.822 Y105.449 E387.80574
G0 F9000 X82.822 Y106.015
G1 F2400 X84.128 Y107.321 E387.85181
G0 F9000 X83.563 Y107.321
G1 F2400 X82.822 Y106.58 E387.87796
G0 F9000 X82.822 Y107.146
G1 F2400 X82.997 Y107.321 E387.88413
G1 F1500 E386.38413
G1 F900 Z4.01
G0 F9000 X82.997 Y107.321 Z4.01
G0 X92.85 Y98.289
;TYPE:WALL-INNER
G1 F900 Z3.01
G1 F480 E387.94649
G1 F1500 X92.85 Y98.09 E387.95146
G1 X92.85 Y85.314 E388.27015
G1 X99.751 Y85.313 E388.4423
G1 X99.95 Y85.313 E388.44726
G1 X99.95 Y85.512 E388.45048
G1 X99.95 Y98.089 E388.76421
G1 X99.95 Y98.288 E388.76918
G1 X99.751 Y98.288 E388.77239
G1 X98.349 Y98.287 E388.80736
G1 X98.348 Y88.847 E389.04284
G1 X94.45 Y88.847 E389.14008
G1 X94.45 Y98.287 E389.37556
G1 X93.049 Y98.289 E389.41051
G1 X92.85 Y98.289 E389.41372
G0 F9000 X92.649 Y98.689
G1 F1500 X92.45 Y98.689 E389.41868
G1 X92.45 Y98.49 E389.4219
G1 X92.45 Y84.914 E389.76055
G1 X100.151 Y84.913 E389.95265
G1 X100.35 Y84.913 E389.95762
G1 X100.35 Y85.112 E389.96083
G1 X100.35 Y98.489 E390.29452
G1 X100.35 Y98.688 E390.29948
G1 X100.151 Y98.688 E390.30269
G1 X97.949 Y98.687 E390.35762
G1 X97.948 Y89.247 E390.59311
G1 X94.85 Y89.247 E390.67039
G1 X94.85 Y98.687 E390.90587
G1 X94.314 Y98.688 E390.91924
G0 F1350 X92.649 Y98.689
G0 F9000 X92.025 Y99.114
;TYPE:WALL-OUTER
G1 F480 E390.96077
G1 F900 X92.025 Y98.939 E390.96459
G1 X92.025 Y84.489 E391.27999
G1 X100.6 Y84.488 E391.46716
G1 X100.775 Y84.488 E391.47098
G1 X100.775 Y84.663 E391.47345
G1 X100.775 Y98.938 E391.78503
G1 X100.775 Y99.113 E391.78885
G1 X100.6 Y99.113 E391.79132
G1 X97.524 Y99.112 E391.85846
G1 X97.523 Y89.672 E392.06451
G1 X95.275 Y89.672 E392.11357
G1 X95.275 Y99.112 E392.31962
G1 X92.2 Y99.114 E392.38674
G1 X92.025 Y99.114 E392.38921
G0 F9000 X92.025 Y98.939
G0 X92.025 Y98.914
G0 X92.411 Y98.728
G0 X93.209 Y95.438
;TYPE:FILL
G1 F3000 X94.09 Y96.319 E392.42029
G1 X94.089 Y96.679 E392.42927
G1 X93.21 Y97.558 E392.46028
G1 X93.21 Y93.788 E392.55432
G1 X94.089 Y92.909 E392.58533
G1 X94.089 Y92.548 E392.59434
G1 X93.209 Y91.667 E392.6254
G1 X93.21 Y90.018 E392.66653
G1 X94.089 Y89.139 E392.69754
G1 X94.089 Y88.777 E392.70657
G1 X93.209 Y87.897 E392.73762
G1 X93.21 Y86.247 E392.77878
G1 X93.784 Y85.673 E392.79902
G1 X94.756 Y85.674 E392.82327
G1 X97.568 Y88.486 E392.92247
G1 X94.74 Y88.487 E392.99302
G1 X97.555 Y85.673 E393.09231
G1 X98.526 Y85.673 E393.11653
G1 X99.589 Y86.737 E393.15405
G1 X99.588 Y87.409 E393.17081
G1 X98.511 Y88.487 E393.20882
G1 X98.708 Y88.487 E393.21373
G1 X98.707 Y89.625 E393.24212
G1 X99.589 Y90.507 E393.27324
G1 X99.588 Y91.18 E393.29003
G1 X98.707 Y92.061 E393.32111
G1 X98.707 Y93.395 E393.35438
G1 X99.589 Y94.277 E393.3855
G1 X99.588 Y94.95 E393.40228
G1 X98.707 Y95.831 E393.43336
G1 X98.709 Y97.927 E393.48565
G1 X99.468 Y97.927 E393.50458
G1 X98.707 Y97.165 E393.53145
G1 F1500 E392.03145
G1 F900 Z4.01
G0 F9000 X98.707 Y97.165 Z4.01
G0 X82.704 Y95.608
;TIME_ELAPSED:822.179248
;LAYER:19
G0 X82.704 Y95.608 Z4.16
;TYPE:WALL-INNER
G1 F900 Z3.16
G1 F480 E393.59381
G1 F1500 X82.799 Y95.757 E393.59822
G1 X82.899 Y95.883 E393.60223
G1 X83.021 Y96.003 E393.6065
G1 X83.153 Y96.113 E393.61079
G1 X83.312 Y96.219 E393.61555
G1 X83.466 Y96.303 E393.61993
G1 X83.616 Y96.37 E393.62403
G1 X83.783 Y96.431 E393.62846
G1 X83.957 Y96.48 E393.63297
G1 X84.14 Y96.517 E393.63763
G1 X84.334 Y96.541 E393.6425
G1 X84.527 Y96.555 E393.64733
G1 X84.884 Y96.542 E393.65624
G1 X85.244 Y96.48 E393.66535
G1 X85.576 Y96.373 E393.67406
G1 X85.818 Y96.263 E393.68069
G1 X86.043 Y96.117 E393.68738
G1 X86.178 Y96.004 E393.69177
G1 X86.3 Y95.883 E393.69606
G1 X86.413 Y95.741 E393.70058
G1 X86.503 Y95.59 E393.70497
G1 X86.575 Y95.432 E393.7093
G1 X86.625 Y95.255 E393.71389
G1 X86.648 Y95.081 E393.71827
G1 X86.656 Y91.827 E393.79944
G1 X86.761 Y91.758 E393.80257
G1 X87.11 Y91.455 E393.8141
G1 X87.417 Y91.11 E393.82562
G1 X87.676 Y90.728 E393.83713
G1 X87.885 Y90.308 E393.84884
G1 X88.033 Y89.873 E393.8603
G1 X88.123 Y89.429 E393.8716
G1 X88.152 Y88.994 E393.88247
G1 X88.153 Y88.963 E393.88325
G1 X88.152 Y88.933 E393.884
G1 X88.123 Y88.509 E393.8946
G1 X88.03 Y88.051 E393.90626
G1 X87.882 Y87.622 E393.91758
G1 X87.676 Y87.21 E393.92907
G1 X87.413 Y86.822 E393.94076
G1 X87.11 Y86.483 E393.9521
G1 X86.761 Y86.18 E393.96363
G1 X86.374 Y85.925 E393.97519
G1 X85.957 Y85.722 E393.98676
G1 X85.517 Y85.575 E393.99833
G1 X85.055 Y85.486 E394.01007
G1 X84.599 Y85.456 E394.02147
G1 X84.13 Y85.488 E394.03319
G1 X83.683 Y85.575 E394.04455
G1 X83.243 Y85.722 E394.05613
G1 X82.827 Y85.925 E394.06767
G1 X82.439 Y86.178 E394.07923
G1 X82.089 Y86.484 E394.09082
G1 X81.778 Y86.834 E394.1025
G1 X81.525 Y87.21 E394.11381
G1 X81.317 Y87.622 E394.12532
G1 X81.168 Y88.059 E394.13684
G1 X81.077 Y88.508 E394.14827
G1 X81.048 Y88.926 E394.15872
G1 X81.046 Y88.969 E394.15979
G1 X81.048 Y89.012 E394.16087
G1 X81.077 Y89.43 E394.17132
G1 X81.17 Y89.888 E394.18298
G1 X81.319 Y90.317 E394.19431
G1 X81.525 Y90.728 E394.20577
G1 X81.783 Y91.11 E394.21727
G1 X82.089 Y91.454 E394.22876
G1 X82.439 Y91.758 E394.24032
G1 X82.547 Y91.829 E394.24355
G1 X82.547 Y93.967 E394.29688
G0 F1350 X82.547 Y95.041
G0 X82.576 Y95.27
G0 X82.627 Y95.437
G0 X82.704 Y95.608
G0 F9000 X83.079 Y95.406
;TYPE:WALL-OUTER
G1 F480 E394.33841
G1 F900 X83.145 Y95.509 E394.34108
G1 X83.216 Y95.598 E394.34357
G1 X83.307 Y95.688 E394.34636
G1 X83.408 Y95.772 E394.34923
G1 X83.532 Y95.855 E394.35249
G1 X83.655 Y95.922 E394.35554
G1 X83.775 Y95.976 E394.35841
G1 X83.914 Y96.026 E394.36164
G1 X84.057 Y96.067 E394.36489
G1 X84.208 Y96.097 E394.36825
G1 X84.375 Y96.118 E394.37192
G1 X84.534 Y96.129 E394.3754
G1 X84.84 Y96.118 E394.38208
G1 X85.142 Y96.066 E394.38877
G1 X85.422 Y95.976 E394.39519
G1 X85.613 Y95.889 E394.39977
G1 X85.79 Y95.774 E394.40438
G1 X85.892 Y95.689 E394.40728
G1 X85.983 Y95.599 E394.41007
G1 X86.062 Y95.499 E394.41285
G1 X86.126 Y95.392 E394.41557
G1 X86.175 Y95.285 E394.41814
G1 X86.208 Y95.169 E394.42077
G1 X86.223 Y95.053 E394.42333
G1 X86.232 Y91.598 E394.49874
G1 X86.504 Y91.419 E394.50585
G1 X86.811 Y91.152 E394.51473
G1 X87.081 Y90.849 E394.52359
G1 X87.308 Y90.513 E394.53244
G1 X87.492 Y90.144 E394.54144
G1 X87.622 Y89.762 E394.55024
G1 X87.701 Y89.373 E394.55891
G1 X87.727 Y88.963 E394.56788
G1 X87.701 Y88.566 E394.57656
G1 X87.619 Y88.163 E394.58554
G1 X87.489 Y87.787 E394.59422
G1 X87.308 Y87.425 E394.60305
G1 X87.077 Y87.084 E394.61204
G1 X86.811 Y86.786 E394.62076
G1 X86.504 Y86.519 E394.62964
G1 X86.163 Y86.295 E394.63855
G1 X85.796 Y86.116 E394.64746
G1 X85.409 Y85.987 E394.65636
G1 X85.001 Y85.908 E394.66544
G1 X84.6 Y85.882 E394.67421
G1 X84.185 Y85.91 E394.68328
G1 X83.791 Y85.987 E394.69205
G1 X83.404 Y86.116 E394.70095
G1 X83.037 Y86.295 E394.70986
G1 X82.696 Y86.518 E394.71876
G1 X82.389 Y86.786 E394.72765
G1 X82.115 Y87.095 E394.73667
G1 X81.892 Y87.425 E394.74536
G1 X81.71 Y87.787 E394.7542
G1 X81.579 Y88.17 E394.76304
G1 X81.499 Y88.565 E394.77184
G1 X81.472 Y88.969 E394.78067
G1 X81.499 Y89.373 E394.78951
G1 X81.581 Y89.776 E394.79849
G1 X81.711 Y90.152 E394.80717
G1 X81.892 Y90.513 E394.81599
G1 X82.119 Y90.848 E394.82482
G1 X82.389 Y91.151 E394.83368
G1 X82.696 Y91.419 E394.84257
G1 X82.972 Y91.6 E394.84978
G1 X82.972 Y93.52 E394.89168
G0 F810 X82.972 Y95.014
G0 X82.993 Y95.18
G0 X83.026 Y95.287
G0 X83.079 Y95.406
G0 F9000 X83.145 Y95.509
G0 X83.194 Y95.57
G0 X82.891 Y95.811
G0 X82.783 Y95.897
G0 X82.537 Y95.278
G0 X81.038 Y89.435
G0 X81.05 Y87.263
;TYPE:WALL-INNER
G1 F480 E394.9332
G1 F1500 X81.05 Y87.007 E394.93958
G1 X81.05 Y86.565 E394.95061
G1 X81.05 Y84.994 E394.9898
G1 X83 Y84.994 E395.03844
G1 X83.091 Y84.994 E395.04071
G1 X83.581 Y84.994 E395.05293
G1 X84.078 Y84.994 E395.06533
G1 X84.599 Y84.994 E395.07833
G1 X85.106 Y84.994 E395.09098
G1 X85.619 Y84.994 E395.10377
G1 X86.109 Y84.994 E395.116
G1 X86.199 Y84.994 E395.11824
G1 X88.15 Y84.994 E395.16691
G1 X88.15 Y86.566 E395.20612
G1 X88.15 Y87.007 E395.21712
G1 X88.15 Y87.263 E395.22351
G1 X88.022 Y87.007 E395.22513
G1 X87.774 Y86.642 E395.23256
G1 X87.729 Y86.575 E395.23457
G1 X87.391 Y86.198 E395.2472
G1 X87.003 Y85.861 E395.26002
G1 X86.572 Y85.577 E395.2729
G1 X86.55 Y85.567 E395.2735
G1 X86.189 Y85.39 E395.28353
G1 X86.109 Y85.351 E395.28564
G1 X85.619 Y85.187 E395.29467
G1 X85.106 Y85.089 E395.29949
G1 X85.083 Y85.088 E395.29984
G1 X84.599 Y85.055 E395.30201
G1 X84.078 Y85.091 E395.30461
G1 X83.581 Y85.187 E395.30931
G1 X83.091 Y85.351 E395.31835
G1 X83.01 Y85.39 E395.32047
G1 X82.629 Y85.576 E395.33105
G1 X82.197 Y85.858 E395.34392
G1 X81.807 Y86.199 E395.35684
G1 X81.461 Y86.588 E395.36983
G1 X81.425 Y86.641 E395.37143
G1 X81.179 Y87.007 E395.37886
G1 X81.05 Y87.263 E395.38047
G0 F9000 X80.65 Y88.925
G1 F1500 X80.65 Y84.594 E395.48851
G1 X88.55 Y84.594 E395.68558
G1 X88.55 Y88.933 E395.79381
G1 X88.55 Y88.963 E395.79456
G1 X88.55 Y88.994 E395.79533
G1 X88.55 Y108.284 E396.27652
G1 X80.65 Y108.284 E396.47359
G1 X80.65 Y89.013 E396.95431
G1 X80.65 Y88.969 E396.9554
G1 X80.65 Y88.925 E396.95649
G0 F9000 X81.05 Y90.673
G1 F1500 X81.179 Y90.93 E396.96367
G1 X81.425 Y91.296 E396.97467
G1 X81.466 Y91.356 E396.97648
G1 X81.807 Y91.739 E396.98927
G1 X82.147 Y92.035 E397.00052
G1 X82.147 Y95.066 E397.07613
G1 X82.183 Y95.354 E397.08337
G1 X82.252 Y95.578 E397.08921
G1 X82.351 Y95.799 E397.09525
G1 X82.473 Y95.989 E397.10089
G1 X82.601 Y96.151 E397.10604
G1 X82.752 Y96.3 E397.11133
G1 X82.913 Y96.434 E397.11655
G1 X83.105 Y96.562 E397.12231
G1 X83.288 Y96.662 E397.12751
G1 X83.466 Y96.741 E397.13237
G1 X83.66 Y96.812 E397.13752
G1 X83.863 Y96.869 E397.14278
G1 X84.076 Y96.912 E397.1482
G1 X84.295 Y96.939 E397.15371
G1 X84.52 Y96.956 E397.15934
G1 X84.925 Y96.941 E397.16945
G1 X85.34 Y96.869 E397.17995
G1 X85.721 Y96.747 E397.18993
G1 X86.011 Y96.615 E397.19788
G1 X86.281 Y96.439 E397.20592
G1 X86.448 Y96.3 E397.21134
G1 X86.598 Y96.15 E397.21663
G1 X86.743 Y95.969 E397.22242
G1 X86.858 Y95.776 E397.22802
G1 X86.952 Y95.57 E397.23367
G1 X87.018 Y95.336 E397.23973
G1 X87.048 Y95.108 E397.24547
G1 X87.056 Y92.032 E397.3222
G1 X87.392 Y91.74 E397.33331
G1 X87.733 Y91.356 E397.34612
G1 X87.775 Y91.295 E397.34797
G1 X88.022 Y90.93 E397.35896
G1 X88.15 Y90.673 E397.36612
G1 X88.15 Y90.93 E397.36699
G1 X88.15 Y91.371 E397.37443
G1 X88.15 Y107.884 E397.78635
G1 X81.05 Y107.884 E397.96346
G1 X81.05 Y91.371 E398.37537
G1 X81.05 Y90.93 E398.38282
G1 X81.05 Y90.673 E398.3837
G1 F1500 E396.8837
G0 F9000 X80.72 Y108.214
G0 X80.225 Y108.709
;TYPE:WALL-OUTER
G1 F480 E398.44606
G1 F900 X80.225 Y84.169 E398.98169
G1 X88.975 Y84.169 E399.17268
G1 X88.975 Y108.709 E399.70831
G1 X82.127 Y108.709 E399.85778
G0 F810 X80.225 Y108.709
G0 F9000 X80.225 Y108.509
G0 X80.61 Y108.324
G0 X82.296 Y107.147
;TYPE:FILL
G1 F480 E399.8993
G1 F3000 X82.529 Y107.379 E399.9075
G1 X82.529 Y107.524 E399.91112
G1 X81.41 Y107.524 E399.93903
G1 X81.41 Y107.148 E399.94841
G1 X82.529 Y107.147 E399.97632
G0 F9000 X87.394 Y107.144
G1 F3000 X87.015 Y107.523 E399.98969
G1 X86.672 Y107.524 E399.99825
G1 X86.672 Y107.146 E400.00768
G1 X87.79 Y107.145 E400.03557
G0 F9000 X87.76 Y106.995
;TYPE:SKIN
G1 F2400 X86.522 Y106.996 E400.06645
G1 X86.522 Y107.494 E400.07887
G1 X82.679 Y107.494 E400.17474
G1 X82.679 Y106.997 E400.18713
G1 X81.44 Y106.998 E400.21804
G1 X81.44 Y91.913 E400.59434
G1 X81.532 Y92.016 E400.59778
G1 X81.757 Y92.212 E400.60523
G1 X81.757 Y95.09 E400.67702
G1 X81.801 Y95.436 E400.68572
G1 X81.886 Y95.716 E400.69302
G1 X82.008 Y95.985 E400.70039
G1 X82.155 Y96.215 E400.7072
G1 X82.31 Y96.412 E400.71345
G1 X82.49 Y96.589 E400.71975
G1 X82.679 Y96.747 E400.72589
G1 X82.903 Y96.896 E400.7326
G1 X83.115 Y97.011 E400.73862
G1 X83.32 Y97.103 E400.74422
G1 X83.541 Y97.183 E400.75009
G1 X83.771 Y97.249 E400.75606
G1 X84.014 Y97.298 E400.76224
G1 X84.256 Y97.327 E400.76832
G1 X84.512 Y97.346 E400.77472
G1 X84.966 Y97.329 E400.78606
G1 X85.433 Y97.249 E400.79788
G1 X85.862 Y97.112 E400.80911
G1 X86.2 Y96.958 E400.81837
G1 X86.513 Y96.753 E400.82771
G1 X86.711 Y96.589 E400.83412
G1 X86.889 Y96.411 E400.8404
G1 X87.065 Y96.191 E400.84743
G1 X87.204 Y95.957 E400.85422
G1 X87.319 Y95.705 E400.86113
G1 X87.401 Y95.414 E400.86867
G1 X87.438 Y95.134 E400.87571
G1 X87.446 Y92.21 E400.94865
G1 X87.667 Y92.017 E400.95597
G1 X87.76 Y91.912 E400.95947
G1 X87.76 Y105.33 E401.29419
G0 F2160 X87.76 Y106.995
G0 F9000 X87.579 Y106.45
G1 F480 E401.33572
G1 F2400 X87.214 Y106.815 E401.3486
G0 F9000 X86.648 Y106.815
G1 F2400 X87.579 Y105.884 E401.38144
G0 F9000 X87.579 Y105.319
G1 F2400 X85.585 Y107.313 E401.45178
G0 F9000 X85.019 Y107.313
G1 F2400 X87.579 Y104.753 E401.54209
G0 F9000 X87.579 Y104.187
G1 F2400 X84.454 Y107.313 E401.65235
G0 F9000 X83.888 Y107.313
G1 F2400 X87.579 Y103.622 E401.78256
G0 F9000 X87.579 Y103.056
G1 F2400 X83.322 Y107.313 E401.93274
G0 F9000 X82.859 Y107.21
G1 F2400 X87.579 Y102.49 E402.09925
G0 F9000 X87.579 Y101.925
G1 F2400 X82.687 Y106.816 E402.27181
G0 F9000 X82.121 Y106.816
G1 F2400 X87.579 Y101.359 E402.46434
G0 F9000 X87.579 Y100.793
G1 F2400 X81.619 Y106.753 E402.6746
G0 F9000 X81.619 Y106.187
G1 F2400 X87.579 Y100.228 E402.88483
G0 F9000 X87.579 Y99.662
G1 F2400 X81.619 Y105.621 E403.09507
G0 F9000 X81.619 Y105.056
G1 F2400 X87.579 Y99.096 E403.30533
G0 F9000 X87.579 Y98.531
G1 F2400 X81.619 Y104.49 E403.51556
G0 F9000 X81.619 Y103.924
G1 F2400 X87.579 Y97.965 E403.7258
G0 F9000 X87.579 Y97.399
G1 F2400 X81.619 Y103.359 E403.93606
G0 F9000 X81.619 Y102.793
G1 F2400 X87.579 Y96.834 E404.14629
G0 F9000 X87.579 Y96.268
G1 F2400 X81.619 Y102.227 E404.35653
G0 F9000 X81.619 Y101.662
G1 F2400 X86.065 Y97.216 E404.51338
G0 F9000 X85.255 Y97.461
G1 F2400 X81.619 Y101.096 E404.64163
G0 F9000 X81.619 Y100.53
G1 F2400 X84.63 Y97.52 E404.74783
G0 F9000 X84.096 Y97.488
G1 F2400 X81.619 Y99.965 E404.83521
G0 F9000 X81.619 Y99.399
G1 F2400 X83.625 Y97.393 E404.90598
G0 F9000 X83.205 Y97.248
G1 F2400 X81.619 Y98.833 E404.96191
G0 F9000 X81.619 Y98.268
G1 F2400 X82.829 Y97.058 E405.0046
G0 F9000 X82.496 Y96.826
G1 F2400 X81.619 Y97.702 E405.03552
G0 F9000 X81.91 Y96.845
G1 F2400 X81.787 Y96.402 E405.05172
G1 X81.687 Y95.936 E405.06004
G0 F9000 X81.756 Y95.868
G0 X84.134 Y96.556
G0 X84.888 Y96.581
G0 X85.086 Y96.534
G0 X87.465 Y95.816
G1 F2400 X87.579 Y95.702 E405.06406
G0 F9000 X86.341 Y107.122
G1 F2400 X86.151 Y107.313 E405.07079
G0 F9000 X88.193 Y88.963
G0 X87.76 Y86.024
G1 F2400 X87.666 Y85.919 E405.0743
G1 X87.239 Y85.549 E405.08839
G1 X86.988 Y85.384 E405.09589
G1 X87.558 Y85.384 E405.11011
G0 F2160 X87.76 Y85.384
G0 X87.76 Y86.024
G0 F9000 X85.06 Y85.447
G0 X82.209 Y85.384
G1 F480 E405.13111
G1 F2400 X81.961 Y85.546 E405.1385
G1 X81.532 Y85.922 E405.15273
G1 X81.44 Y86.025 E405.15617
G1 X81.44 Y85.398 E405.17182
G0 F2160 X81.44 Y85.384
G0 X82.209 Y85.384
G1 F1500 E403.67182
G1 F900 Z4.16
G0 F9000 X82.209 Y85.384 Z4.16
G0 X92.85 Y98.284
;TYPE:WALL-INNER
G1 F900 Z3.16
G1 F480 E405.25371
G1 F1500 X92.85 Y85.311 E405.57732
G1 X99.751 Y85.31 E405.74947
G1 X99.95 Y85.31 E405.75443
G1 X99.95 Y85.509 E405.75764
G1 X99.95 Y98.284 E406.07632
G1 X98.546 Y98.285 E406.11134
G1 X98.347 Y98.285 E406.11631
G1 X98.347 Y98.086 E406.11952
G1 X98.347 Y88.847 E406.34998
G1 X94.454 Y88.847 E406.4471
G1 X94.454 Y98.223 E406.68098
G0 F1350 X94.454 Y98.284
G0 X92.85 Y98.284
G0 F9000 X92.45 Y98.684
G1 F480 E406.72252
G1 F1500 X92.45 Y84.911 E407.06608
G1 X100.151 Y84.91 E407.25819
G1 X100.35 Y84.91 E407.26315
G1 X100.35 Y85.109 E407.26636
G1 X100.35 Y98.684 E407.60499
G1 X98.146 Y98.685 E407.65997
G1 X97.947 Y98.685 E407.66493
G1 X97.947 Y98.486 E407.66815
G1 X97.947 Y89.247 E407.89861
G1 X94.854 Y89.247 E407.97577
G1 X94.854 Y98.684 E408.21118
G1 X94.115 Y98.684 E408.22961
G0 F1350 X92.45 Y98.684
G0 F9000 X92.025 Y99.109
;TYPE:WALL-OUTER
G1 F480 E408.27114
G1 F900 X92.025 Y84.486 E408.59032
G1 X100.6 Y84.485 E408.77749
G1 X100.775 Y84.485 E408.78131
G1 X100.775 Y84.66 E408.78378
G1 X100.775 Y99.109 E409.09916
G1 X97.697 Y99.11 E409.16634
G1 X97.522 Y99.11 E409.17016
G1 X97.522 Y98.935 E409.17263
G1 X97.522 Y89.672 E409.37481
G1 X95.279 Y89.672 E409.42377
G1 X95.279 Y99.109 E409.62975
G1 X93.927 Y99.109 E409.65926
G0 F810 X92.025 Y99.109
G0 F9000 X92.025 Y98.909
G0 X92.41 Y98.724
G0 X93.209 Y95.438
;TYPE:FILL
G1 F480 E409.70078
G1 F3000 X94.093 Y96.322 E409.73196
G1 X94.093 Y96.675 E409.74077
G1 X93.21 Y97.558 E409.77192
G1 X93.21 Y93.788 E409.86596
G1 X94.093 Y92.905 E409.89711
G1 X94.093 Y92.552 E409.90592
G1 X93.208 Y91.667 E409.93714
G1 X93.209 Y90.018 E409.97827
G1 X94.093 Y89.135 E410.00944
G1 X94.093 Y88.782 E410.01825
G1 X93.208 Y87.896 E410.04949
G1 X93.209 Y86.248 E410.09059
G1 X93.787 Y85.67 E410.11099
G1 X94.753 Y85.67 E410.13508
G1 X97.569 Y88.487 E410.23444
G1 X94.74 Y88.487 E410.30501
G1 X97.558 Y85.67 E410.40441
G1 X98.523 Y85.67 E410.42848
G1 X99.589 Y86.737 E410.4661
G1 X99.588 Y87.409 E410.48287
G1 X98.511 Y88.487 E410.52088
G1 X98.707 Y88.487 E410.52577
G1 X98.705 Y89.623 E410.5541
G1 X99.589 Y90.507 E410.58529
G1 X99.588 Y91.18 E410.60208
G1 X98.706 Y92.062 E410.63319
G1 X98.705 Y93.393 E410.66639
G1 X99.589 Y94.277 E410.69758
G1 X99.588 Y94.95 E410.71437
G1 X98.706 Y95.832 E410.74548
G1 X98.707 Y97.925 E410.79769
G1 X99.465 Y97.923 E410.8166
G1 X98.705 Y97.164 E410.84339
G1 F1500 E409.34339
G1 F900 Z4.16
G0 F9000 X98.705 Y97.164 Z4.16
G0 X83.039 Y96.015
;TIME_ELAPSED:862.317133
;LAYER:20
G0 X83.039 Y96.015 Z4.31
;TYPE:WALL-INNER
G1 F900 Z3.31
G1 F480 E410.90576
G1 F1500 X83.29 Y96.2 E410.91354
G1 X83.454 Y96.29 E410.9182
G1 X83.629 Y96.369 E410.92299
G1 X83.801 Y96.429 E410.92754
G1 X83.972 Y96.476 E410.93196
G1 X84.16 Y96.515 E410.93675
G1 X84.505 Y96.548 E410.94539
G1 X84.856 Y96.537 E410.95415
G1 X85.057 Y96.51 E410.95921
G1 X85.393 Y96.431 E410.96782
G1 X85.663 Y96.332 E410.975
G1 X85.884 Y96.213 E410.98126
G1 X86.029 Y96.12 E410.98556
G1 X86.167 Y96.008 E410.98999
G1 X86.29 Y95.886 E410.99431
G1 X86.399 Y95.752 E410.99862
G1 X86.499 Y95.595 E411.00326
G1 X86.603 Y95.355 E411.00979
G1 X86.641 Y95.167 E411.01457
G1 X86.652 Y95.022 E411.0182
G1 X86.658 Y91.819 E411.0981
G1 X86.761 Y91.751 E411.10118
G1 X87.11 Y91.448 E411.11271
G1 X87.417 Y91.103 E411.12423
G1 X87.676 Y90.72 E411.13576
G1 X87.886 Y90.3 E411.14747
G1 X88.034 Y89.864 E411.15896
G1 X88.123 Y89.419 E411.17028
G1 X88.152 Y88.97 E411.1815
G1 X88.152 Y88.954 E411.1819
G1 X88.152 Y88.939 E411.18228
G1 X88.123 Y88.502 E411.1932
G1 X88.029 Y88.042 E411.20491
G1 X87.883 Y87.615 E411.21617
G1 X87.675 Y87.203 E411.22768
G1 X87.412 Y86.813 E411.23942
G1 X87.11 Y86.475 E411.25072
G1 X86.761 Y86.172 E411.26225
G1 X86.373 Y85.917 E411.27384
G1 X85.957 Y85.715 E411.28537
G1 X85.517 Y85.567 E411.29695
G1 X85.054 Y85.478 E411.30871
G1 X84.599 Y85.448 E411.32009
G1 X84.129 Y85.481 E411.33184
G1 X83.683 Y85.567 E411.34317
G1 X83.243 Y85.715 E411.35475
G1 X82.827 Y85.916 E411.36628
G1 X82.439 Y86.17 E411.37784
G1 X82.089 Y86.476 E411.38944
G1 X81.777 Y86.827 E411.40116
G1 X81.525 Y87.203 E411.41245
G1 X81.317 Y87.613 E411.42392
G1 X81.168 Y88.051 E411.43546
G1 X81.077 Y88.5 E411.44688
G1 X81.048 Y88.919 E411.45736
G1 X81.046 Y88.962 E411.45843
G1 X81.048 Y89.005 E411.45951
G1 X81.077 Y89.422 E411.46994
G1 X81.171 Y89.881 E411.48162
G1 X81.317 Y90.308 E411.49288
G1 X81.525 Y90.72 E411.50439
G1 X81.783 Y91.102 E411.51589
G1 X82.09 Y91.447 E411.52741
G1 X82.438 Y91.75 E411.53892
G1 X82.547 Y91.822 E411.54218
G1 X82.547 Y94.493 E411.60881
G0 F1350 X82.547 Y95.032
G0 X82.574 Y95.254
G0 X82.632 Y95.44
G0 X82.698 Y95.589
G0 X82.792 Y95.739
G0 X82.907 Y95.883
G0 X83.039 Y96.015
G0 F9000 X83.317 Y95.692
;TYPE:WALL-OUTER
G1 F480 E411.65034
G1 F900 X83.519 Y95.841 E411.65582
G1 X83.644 Y95.909 E411.65893
G1 X83.787 Y95.974 E411.66236
G1 X83.928 Y96.023 E411.66561
G1 X84.072 Y96.063 E411.66888
G1 X84.223 Y96.094 E411.67224
G1 X84.519 Y96.122 E411.67873
G1 X84.822 Y96.113 E411.68535
G1 X84.98 Y96.092 E411.68883
G1 X85.27 Y96.023 E411.69533
G1 X85.489 Y95.943 E411.70042
G1 X85.668 Y95.847 E411.70486
G1 X85.779 Y95.775 E411.70774
G1 X85.883 Y95.691 E411.71066
G1 X85.975 Y95.6 E411.71349
G1 X86.054 Y95.503 E411.71622
G1 X86.122 Y95.396 E411.71898
G1 X86.195 Y95.227 E411.723
G1 X86.219 Y95.108 E411.72565
G1 X86.227 Y95.005 E411.72791
G1 X86.233 Y91.589 E411.80247
G1 X86.504 Y91.411 E411.80954
G1 X86.811 Y91.145 E411.81841
G1 X87.081 Y90.842 E411.82727
G1 X87.308 Y90.505 E411.83614
G1 X87.493 Y90.136 E411.84515
G1 X87.623 Y89.753 E411.85398
G1 X87.701 Y89.364 E411.86264
G1 X87.726 Y88.954 E411.8716
G1 X87.701 Y88.558 E411.88026
G1 X87.618 Y88.154 E411.88926
G1 X87.49 Y87.78 E411.89789
G1 X87.308 Y87.418 E411.90674
G1 X87.076 Y87.075 E411.91577
G1 X86.811 Y86.778 E411.92446
G1 X86.504 Y86.511 E411.93334
G1 X86.163 Y86.287 E411.94225
G1 X85.796 Y86.109 E411.95115
G1 X85.409 Y85.979 E411.96006
G1 X85 Y85.9 E411.96915
G1 X84.6 Y85.874 E411.9779
G1 X84.184 Y85.903 E411.98701
G1 X83.791 Y85.979 E411.99574
G1 X83.404 Y86.109 E412.00465
G1 X83.037 Y86.287 E412.01356
G1 X82.696 Y86.51 E412.02245
G1 X82.389 Y86.778 E412.03134
G1 X82.114 Y87.088 E412.04039
G1 X81.892 Y87.418 E412.04907
G1 X81.71 Y87.778 E412.05787
G1 X81.579 Y88.162 E412.06673
G1 X81.499 Y88.557 E412.07553
G1 X81.472 Y88.962 E412.08439
G1 X81.499 Y89.365 E412.0932
G1 X81.582 Y89.769 E412.10221
G1 X81.71 Y90.143 E412.11083
G1 X81.892 Y90.505 E412.11968
G1 X82.119 Y90.841 E412.12853
G1 X82.389 Y91.144 E412.13739
G1 X82.696 Y91.411 E412.14627
G1 X82.972 Y91.593 E412.15348
G1 X82.972 Y93.89 E412.20362
G0 F810 X82.972 Y95.007
G0 X82.991 Y95.165
G0 X83.03 Y95.29
G0 X83.074 Y95.389
G0 X83.139 Y95.493
G0 X83.224 Y95.599
G0 X83.317 Y95.692
G0 F9000 X83.477 Y95.81
G0 X83.248 Y96.118
G0 X83.164 Y96.231
G0 X82.663 Y95.607
G0 X81.038 Y89.427
G0 X81.05 Y87.254
;TYPE:WALL-INNER
G1 F480 E412.24513
G1 F1500 X81.05 Y87 E412.25147
G1 X81.05 Y86.558 E412.2625
G1 X81.05 Y84.985 E412.30173
G1 X83.005 Y84.985 E412.3505
G1 X83.092 Y84.985 E412.35267
G1 X83.581 Y84.985 E412.36487
G1 X84.077 Y84.985 E412.37724
G1 X84.598 Y84.985 E412.39024
G1 X85.105 Y84.985 E412.40289
G1 X85.619 Y84.985 E412.41571
G1 X86.109 Y84.985 E412.42793
G1 X86.196 Y84.985 E412.4301
G1 X88.15 Y84.985 E412.47885
G1 X88.15 Y86.56 E412.51813
G1 X88.15 Y87 E412.52911
G1 X88.15 Y87.255 E412.53547
G1 X88.021 Y87 E412.53708
G1 X87.775 Y86.636 E412.5445
G1 X87.728 Y86.567 E412.54658
G1 X87.391 Y86.19 E412.55919
G1 X87.373 Y86.175 E412.55978
G1 X87.003 Y85.852 E412.57203
G1 X86.571 Y85.568 E412.58492
G1 X86.187 Y85.381 E412.59558
G1 X86.109 Y85.344 E412.59763
G1 X85.619 Y85.179 E412.60672
G1 X85.105 Y85.081 E412.61158
G1 X85.082 Y85.08 E412.61193
G1 X84.598 Y85.047 E412.61413
G1 X84.077 Y85.084 E412.61678
G1 X83.581 Y85.179 E412.62152
G1 X83.092 Y85.344 E412.6306
G1 X83.014 Y85.381 E412.63264
G1 X82.63 Y85.567 E412.64329
G1 X82.197 Y85.851 E412.65621
G1 X81.807 Y86.191 E412.66911
G1 X81.46 Y86.582 E412.68215
G1 X81.425 Y86.633 E412.6837
G1 X81.179 Y87 E412.69114
G1 X81.05 Y87.254 E412.69275
G0 F9000 X80.65 Y88.918
G1 F1500 X80.65 Y84.585 E412.80084
G1 X88.55 Y84.585 E412.99791
G1 X88.55 Y88.939 E413.10652
G1 X88.55 Y88.954 E413.10689
G1 X88.55 Y88.97 E413.10729
G1 X88.55 Y108.276 E413.58888
G1 X80.65 Y108.276 E413.78595
G1 X80.65 Y89.006 E414.26664
G1 X80.65 Y88.962 E414.26773
G1 X80.65 Y88.918 E414.26883
G0 F9000 X81.05 Y90.668
G1 F1500 X81.179 Y90.923 E414.27596
G1 X81.426 Y91.289 E414.28697
G1 X81.466 Y91.348 E414.28875
G1 X81.808 Y91.732 E414.30158
G1 X82.147 Y92.027 E414.31279
G1 X82.147 Y95.056 E414.38834
G1 X82.181 Y95.338 E414.39543
G1 X82.257 Y95.581 E414.40178
G1 X82.344 Y95.777 E414.40713
G1 X82.465 Y95.971 E414.41283
G1 X82.608 Y96.15 E414.41855
G1 X82.777 Y96.319 E414.42451
G1 X83.074 Y96.538 E414.43372
G1 X83.275 Y96.648 E414.43943
G1 X83.481 Y96.741 E414.44507
G1 X83.682 Y96.811 E414.45038
G1 X83.878 Y96.865 E414.45545
G1 X84.1 Y96.911 E414.46111
G1 X84.492 Y96.949 E414.47093
G1 X84.889 Y96.936 E414.48084
G1 X85.13 Y96.904 E414.4869
G1 X85.508 Y96.815 E414.49659
G1 X85.828 Y96.698 E414.50509
G1 X86.087 Y96.558 E414.51243
G1 X86.264 Y96.445 E414.51767
G1 X86.435 Y96.306 E414.52317
G1 X86.587 Y96.155 E414.52851
G1 X86.724 Y95.986 E414.53394
G1 X86.853 Y95.783 E414.53994
G1 X86.987 Y95.475 E414.54832
G1 X87.038 Y95.222 E414.55476
G1 X87.052 Y95.038 E414.55936
G1 X87.058 Y92.023 E414.63457
G1 X87.392 Y91.733 E414.6456
G1 X87.733 Y91.349 E414.65841
G1 X87.775 Y91.287 E414.66028
G1 X88.022 Y90.922 E414.67128
G1 X88.15 Y90.666 E414.67842
G1 X88.15 Y90.922 E414.67928
G1 X88.15 Y91.363 E414.68672
G1 X88.15 Y107.876 E415.09864
G1 X81.05 Y107.876 E415.27575
G1 X81.05 Y91.364 E415.68764
G1 X81.05 Y90.923 E415.69508
G1 X81.05 Y90.668 E415.69594
G1 F1500 E414.19594
G0 F9000 X80.72 Y108.206
G0 X80.225 Y108.701
;TYPE:WALL-OUTER
G1 F480 E415.75831
G1 F900 X80.225 Y84.16 E416.29396
G1 X88.975 Y84.16 E416.48495
G1 X88.975 Y108.701 E417.0206
G1 X82.127 Y108.701 E417.17007
G0 F810 X80.225 Y108.701
G0 F9000 X80.225 Y108.501
G0 X80.61 Y108.316
G0 X81.44 Y107.486
;TYPE:SKIN
G1 F480 E417.21159
G1 F2400 X81.44 Y91.905 E417.60026
G1 X81.533 Y92.01 E417.60376
G1 X81.757 Y92.205 E417.61117
G1 X81.757 Y95.08 E417.68288
G1 X81.798 Y95.42 E417.69143
G1 X81.892 Y95.719 E417.69925
G1 X81.999 Y95.96 E417.70582
G1 X82.146 Y96.197 E417.71278
G1 X82.317 Y96.411 E417.71961
G1 X82.522 Y96.615 E417.72683
G1 X82.864 Y96.868 E417.73744
G1 X83.101 Y96.997 E417.74417
G1 X83.336 Y97.104 E417.75061
G1 X83.565 Y97.183 E417.75665
G1 X83.786 Y97.245 E417.76238
G1 X84.042 Y97.297 E417.7689
G1 X84.48 Y97.339 E417.77987
G1 X84.921 Y97.326 E417.79088
G1 X85.2 Y97.288 E417.7979
G1 X85.62 Y97.189 E417.80867
G1 X85.988 Y97.055 E417.81844
G1 X86.285 Y96.894 E417.82686
G1 X86.492 Y96.761 E417.833
G1 X86.696 Y96.597 E417.83953
G1 X86.877 Y96.417 E417.8459
G1 X87.042 Y96.214 E417.85242
G1 X87.198 Y95.966 E417.85973
G1 X87.361 Y95.592 E417.86991
G1 X87.425 Y95.275 E417.87798
G1 X87.442 Y95.054 E417.8835
G1 X87.448 Y92.201 E417.95467
G1 X87.667 Y92.011 E417.96191
G1 X87.76 Y91.906 E417.9654
G1 X87.76 Y107.486 E418.35405
G1 X83.105 Y107.486 E418.47017
G0 F2160 X81.44 Y107.486
G0 F9000 X81.849 Y107.304
G1 F480 E418.5117
G1 F2400 X81.619 Y107.075 E418.5198
G0 F9000 X81.619 Y106.51
G1 F2400 X82.414 Y107.304 E418.54783
G0 F9000 X82.98 Y107.304
G1 F2400 X81.619 Y105.944 E418.59582
G0 F9000 X81.619 Y105.378
G1 F2400 X83.546 Y107.304 E418.66378
G0 F9000 X84.111 Y107.304
G1 F2400 X81.619 Y104.813 E418.75168
G0 F9000 X81.619 Y104.247
G1 F2400 X84.677 Y107.304 E418.85954
G0 F9000 X85.243 Y107.304
G1 F2400 X81.619 Y103.681 E418.98737
G0 F9000 X81.619 Y103.115
G1 F2400 X85.808 Y107.304 E419.13515
G0 F9000 X86.374 Y107.304
G1 F2400 X81.619 Y102.55 E419.30287
G0 F9000 X81.619 Y101.984
G1 F2400 X86.94 Y107.304 E419.49057
G0 F9000 X87.505 Y107.304
G1 F2400 X81.619 Y101.418 E419.69821
G0 F9000 X81.619 Y100.853
G1 F2400 X87.58 Y106.813 E419.90849
G0 F9000 X87.58 Y106.247
G1 F2400 X81.619 Y100.287 E420.11876
G0 F9000 X81.619 Y99.721
G1 F2400 X87.58 Y105.682 E420.32905
G0 F9000 X87.58 Y105.116
G1 F2400 X81.619 Y99.156 E420.53932
G0 F9000 X81.619 Y98.59
G1 F2400 X87.58 Y104.55 E420.7496
G0 F9000 X87.58 Y103.985
G1 F2400 X81.619 Y98.024 E420.95989
G0 F9000 X81.619 Y97.459
G1 F2400 X87.58 Y103.419 E421.17016
G0 F9000 X87.58 Y102.853
G1 F2400 X81.619 Y96.893 E421.38043
G0 F9000 X81.619 Y96.327
G1 F2400 X87.58 Y102.287 E421.5907
G0 F9000 X87.58 Y101.722
G1 F2400 X83.007 Y97.149 E421.75203
G0 F9000 X83.868 Y97.444
G1 F2400 X87.58 Y101.156 E421.88298
G0 F9000 X87.58 Y100.59
G1 F2400 X84.507 Y97.517 E421.99139
G0 F9000 X85.045 Y97.49
G1 F2400 X87.58 Y100.025 E422.08082
G0 F9000 X87.58 Y99.459
G1 F2400 X85.518 Y97.398 E422.15354
G0 F9000 X85.946 Y97.26
G1 F2400 X87.58 Y98.893 E422.21117
G0 F9000 X87.58 Y98.328
G1 F2400 X86.327 Y97.075 E422.25537
G0 F9000 X86.667 Y96.85
G1 F2400 X87.58 Y97.762 E422.28756
G0 F9000 X87.58 Y97.196
G1 F2400 X86.965 Y96.582 E422.30924
G0 F9000 X87.399 Y96.45
G1 F2400 X87.499 Y95.984 E422.31845
G0 F9000 X87.419 Y95.904
G0 X84.859 Y96.576
G0 X84.134 Y96.527
G0 X81.79 Y95.932
G1 F2400 X81.619 Y95.762 E422.32447
G0 F9000 X81.006 Y88.962
G0 X81.44 Y86.018
G1 F2400 X81.44 Y85.375 E422.34051
G1 X82.211 Y85.375 E422.35974
G1 X81.961 Y85.539 E422.3672
G1 X81.923 Y85.572 E422.36846
G0 F2160 X81.532 Y85.914
G0 X81.44 Y86.018
G0 F9000 X84.124 Y85.442
G0 X86.988 Y85.375
G1 F480 E422.38484
G1 F2400 X87.76 Y85.375 E422.4041
G1 X87.76 Y86.017 E422.42012
G1 X87.666 Y85.912 E422.42363
G1 X87.472 Y85.743 E422.43005
G0 F2160 X87.239 Y85.54
G0 X86.988 Y85.375
G1 F1500 E420.93005
G1 F900 Z4.31
G0 F9000 X86.988 Y85.375 Z4.31
G0 X92.85 Y98.281
;TYPE:WALL-INNER
G1 F900 Z3.31
G1 F480 E422.5076
G1 F1500 X92.85 Y85.307 E422.83124
G1 X99.751 Y85.306 E423.00339
G1 X99.95 Y85.306 E423.00835
G1 X99.95 Y85.505 E423.01156
G1 X99.95 Y98.281 E423.33026
G1 X98.522 Y98.282 E423.36588
G1 X98.323 Y98.282 E423.37085
G1 X98.323 Y98.083 E423.37406
G1 X98.323 Y88.847 E423.60445
G1 X94.478 Y88.847 E423.70037
G1 X94.478 Y98.244 E423.93478
G0 F1350 X94.478 Y98.281
G0 X92.85 Y98.281
G0 F9000 X92.45 Y98.681
G1 F480 E423.97631
G1 F1500 X92.45 Y84.907 E424.3199
G1 X100.151 Y84.906 E424.51201
G1 X100.35 Y84.906 E424.51697
G1 X100.35 Y85.105 E424.52018
G1 X100.35 Y98.681 E424.85884
G1 X98.122 Y98.682 E424.91441
G1 X97.923 Y98.682 E424.91938
G1 X97.923 Y98.483 E424.92259
G1 X97.923 Y89.247 E425.15298
G1 X94.878 Y89.247 E425.22894
G1 X94.878 Y98.681 E425.46427
G1 X94.115 Y98.681 E425.48331
G0 F1350 X92.45 Y98.681
G0 F9000 X92.025 Y99.106
;TYPE:WALL-OUTER
G1 F480 E425.52484
G1 F900 X92.025 Y84.482 E425.84404
G1 X100.6 Y84.481 E426.0312
G1 X100.775 Y84.481 E426.03502
G1 X100.775 Y84.656 E426.0375
G1 X100.775 Y99.106 E426.35289
G1 X97.673 Y99.107 E426.4206
G1 X97.498 Y99.107 E426.42442
G1 X97.498 Y98.932 E426.42689
G1 X97.498 Y89.672 E426.62901
G1 X95.303 Y89.672 E426.67692
G1 X95.303 Y99.106 E426.88284
G1 X93.927 Y99.106 E426.91287
G0 F810 X92.025 Y99.106
G0 F9000 X92.025 Y98.906
G0 X92.41 Y98.721
G0 X93.209 Y95.438
;TYPE:FILL
G1 F480 E426.95439
G1 F3000 X94.118 Y96.346 E426.98644
G1 X94.117 Y96.651 E426.99404
G1 X93.21 Y97.558 E427.02604
G1 X93.21 Y93.788 E427.12008
G1 X94.117 Y92.881 E427.15208
G1 X94.118 Y92.576 E427.15969
G1 X93.209 Y91.667 E427.19176
G1 X93.21 Y90.018 E427.23289
G1 X94.117 Y89.111 E427.26489
G1 X94.118 Y88.806 E427.2725
G1 X93.209 Y87.897 E427.30456
G1 X93.21 Y86.247 E427.34572
G1 X93.791 Y85.666 E427.36622
G1 X94.749 Y85.667 E427.39012
G1 X97.569 Y88.487 E427.4896
G1 X94.74 Y88.487 E427.56017
G1 X97.562 Y85.665 E427.65972
G1 X98.519 Y85.666 E427.6836
G1 X99.589 Y86.737 E427.72136
G1 X99.588 Y87.409 E427.73812
G1 X98.511 Y88.487 E427.77614
G1 X98.683 Y88.487 E427.78043
G1 X98.682 Y89.6 E427.80819
G1 X99.589 Y90.507 E427.84019
G1 X99.588 Y91.18 E427.85697
G1 X98.682 Y92.086 E427.88894
G1 X98.682 Y93.37 E427.92097
G1 X99.589 Y94.277 E427.95296
G1 X99.588 Y94.95 E427.96975
G1 X98.682 Y95.856 E428.00171
G1 X98.683 Y97.922 E428.05325
G1 X99.462 Y97.92 E428.07268
G1 X98.682 Y97.14 E428.1002
G1 F1500 E426.6002
G1 F900 Z4.31
G0 F9000 X98.682 Y97.14 Z4.31
G0 X82.838 Y95.8
;TIME_ELAPSED:901.435946
;LAYER:21
G0 X82.838 Y95.8 Z4.46
;TYPE:WALL-INNER
G1 F900 Z3.46
G1 F480 E428.16256
G1 F1500 X82.964 Y95.937 E428.1672
G1 X83.091 Y96.052 E428.17148
G1 X83.23 Y96.155 E428.17579
G1 X83.38 Y96.246 E428.18017
G1 X83.54 Y96.326 E428.18463
G1 X83.707 Y96.393 E428.18912
G1 X83.878 Y96.447 E428.19359
G1 X84.055 Y96.489 E428.19813
G1 X84.233 Y96.518 E428.20263
G1 X84.419 Y96.538 E428.2073
G1 X84.6 Y96.544 E428.21181
G1 X84.793 Y96.538 E428.21663
G1 X85.136 Y96.491 E428.22527
G1 X85.321 Y96.448 E428.23001
G1 X85.502 Y96.39 E428.23475
G1 X85.722 Y96.295 E428.24072
G1 X85.96 Y96.162 E428.24753
G1 X86.109 Y96.053 E428.25213
G1 X86.237 Y95.938 E428.25642
G1 X86.356 Y95.806 E428.26086
G1 X86.458 Y95.659 E428.26532
G1 X86.539 Y95.511 E428.26953
G1 X86.606 Y95.335 E428.27423
G1 X86.641 Y95.159 E428.2787
G1 X86.652 Y95.015 E428.2823
G1 X86.659 Y91.811 E428.36223
G1 X86.761 Y91.744 E428.36527
G1 X87.11 Y91.44 E428.37682
G1 X87.417 Y91.095 E428.38834
G1 X87.676 Y90.713 E428.39985
G1 X87.886 Y90.291 E428.41161
G1 X88.034 Y89.855 E428.4231
G1 X88.123 Y89.411 E428.43439
G1 X88.152 Y88.96 E428.44566
G1 X88.152 Y88.944 E428.44606
G1 X88.152 Y88.929 E428.44644
G1 X88.123 Y88.494 E428.45731
G1 X88.029 Y88.033 E428.46905
G1 X87.882 Y87.606 E428.48031
G1 X87.675 Y87.195 E428.49179
G1 X87.411 Y86.804 E428.50356
G1 X87.11 Y86.467 E428.51483
G1 X86.761 Y86.164 E428.52636
G1 X86.374 Y85.91 E428.53791
G1 X85.959 Y85.707 E428.54943
G1 X85.517 Y85.559 E428.56106
G1 X85.052 Y85.47 E428.57287
G1 X84.599 Y85.44 E428.5842
G1 X84.127 Y85.473 E428.596
G1 X83.682 Y85.559 E428.60731
G1 X83.241 Y85.707 E428.61891
G1 X82.827 Y85.91 E428.63041
G1 X82.439 Y86.163 E428.64197
G1 X82.089 Y86.468 E428.65355
G1 X81.777 Y86.821 E428.6653
G1 X81.525 Y87.194 E428.67653
G1 X81.317 Y87.605 E428.68802
G1 X81.168 Y88.043 E428.69956
G1 X81.077 Y88.492 E428.71099
G1 X81.048 Y88.911 E428.72146
G1 X81.046 Y88.954 E428.72254
G1 X81.048 Y88.997 E428.72361
G1 X81.077 Y89.414 E428.73404
G1 X81.171 Y89.876 E428.7458
G1 X81.318 Y90.301 E428.75702
G1 X81.524 Y90.713 E428.76851
G1 X81.783 Y91.095 E428.78002
G1 X82.089 Y91.439 E428.79151
G1 X82.439 Y91.743 E428.80307
G1 X82.547 Y91.814 E428.80629
G1 X82.547 Y94.199 E428.86579
G0 F1350 X82.547 Y95.024
G0 X82.571 Y95.237
G0 X82.636 Y95.443
G0 X82.695 Y95.576
G0 X82.838 Y95.8
G0 F9000 X83.176 Y95.54
;TYPE:WALL-OUTER
G1 F480 E428.90732
G1 F900 X83.263 Y95.635 E428.91013
G1 X83.36 Y95.722 E428.91298
G1 X83.468 Y95.802 E428.91591
G1 X83.586 Y95.874 E428.91893
G1 X83.714 Y95.938 E428.92205
G1 X83.85 Y95.992 E428.92525
G1 X83.992 Y96.037 E428.9285
G1 X84.139 Y96.072 E428.9318
G1 X84.29 Y96.097 E428.93514
G1 X84.449 Y96.114 E428.93863
G1 X84.6 Y96.119 E428.94192
G1 X84.758 Y96.114 E428.94537
G1 X85.059 Y96.073 E428.95201
G1 X85.208 Y96.038 E428.95535
G1 X85.352 Y95.992 E428.95865
G1 X85.534 Y95.913 E428.96298
G1 X85.73 Y95.804 E428.96787
G1 X85.84 Y95.723 E428.97085
G1 X85.937 Y95.636 E428.9737
G1 X86.023 Y95.541 E428.97649
G1 X86.096 Y95.436 E428.97929
G1 X86.152 Y95.333 E428.98184
G1 X86.196 Y95.217 E428.98455
G1 X86.219 Y95.101 E428.98713
G1 X86.227 Y94.998 E428.98939
G1 X86.234 Y91.581 E429.06397
G1 X86.504 Y91.404 E429.07102
G1 X86.811 Y91.137 E429.0799
G1 X87.081 Y90.834 E429.08876
G1 X87.308 Y90.498 E429.09761
G1 X87.493 Y90.127 E429.10666
G1 X87.623 Y89.744 E429.11548
G1 X87.701 Y89.356 E429.12412
G1 X87.726 Y88.945 E429.13311
G1 X87.701 Y88.55 E429.14175
G1 X87.618 Y88.145 E429.15077
G1 X87.489 Y87.771 E429.15941
G1 X87.308 Y87.41 E429.16822
G1 X87.075 Y87.066 E429.17729
G1 X86.811 Y86.77 E429.18595
G1 X86.504 Y86.504 E429.19481
G1 X86.163 Y86.28 E429.20372
G1 X85.797 Y86.101 E429.21261
G1 X85.409 Y85.971 E429.22154
G1 X84.998 Y85.892 E429.23068
G1 X84.6 Y85.866 E429.23939
G1 X84.182 Y85.895 E429.24853
G1 X83.791 Y85.971 E429.25722
G1 X83.403 Y86.101 E429.26616
G1 X83.037 Y86.28 E429.27505
G1 X82.696 Y86.503 E429.28394
G1 X82.389 Y86.77 E429.29282
G1 X82.114 Y87.082 E429.3019
G1 X81.892 Y87.41 E429.31055
G1 X81.71 Y87.77 E429.31935
G1 X81.579 Y88.154 E429.32821
G1 X81.499 Y88.549 E429.337
G1 X81.472 Y88.954 E429.34586
G1 X81.499 Y89.357 E429.35468
G1 X81.582 Y89.763 E429.36372
G1 X81.711 Y90.136 E429.37234
G1 X81.892 Y90.498 E429.38117
G1 X82.119 Y90.833 E429.39001
G1 X82.389 Y91.136 E429.39886
G1 X82.696 Y91.404 E429.40776
G1 X82.972 Y91.585 E429.41496
G1 X82.972 Y93.681 E429.46071
G0 F810 X82.972 Y95
G0 X82.989 Y95.149
G0 X83.034 Y95.293
G0 X83.07 Y95.374
G0 X83.176 Y95.54
G0 F9000 X83.263 Y95.635
G0 X83.316 Y95.683
G0 X83.058 Y95.969
G0 X82.964 Y96.072
G0 X82.599 Y95.457
G0 X81.038 Y89.419
G0 X81.05 Y87.246
;TYPE:WALL-INNER
G1 F480 E429.50223
G1 F1500 X81.05 Y86.991 E429.50859
G1 X81.05 Y86.551 E429.51956
G1 X81.05 Y84.977 E429.55883
G1 X83.003 Y84.977 E429.60754
G1 X83.089 Y84.977 E429.60969
G1 X83.58 Y84.977 E429.62194
G1 X84.075 Y84.977 E429.63429
G1 X84.598 Y84.977 E429.64733
G1 X85.103 Y84.977 E429.65993
G1 X85.619 Y84.977 E429.6728
G1 X86.111 Y84.977 E429.68507
G1 X86.197 Y84.977 E429.68722
G1 X88.15 Y84.977 E429.73594
G1 X88.15 Y86.553 E429.77525
G1 X88.15 Y86.992 E429.7862
G1 X88.15 Y87.249 E429.79261
G1 X88.021 Y86.992 E429.79424
G1 X87.775 Y86.629 E429.80164
G1 X87.727 Y86.558 E429.80378
G1 X87.391 Y86.182 E429.81636
G1 X87.373 Y86.167 E429.81694
G1 X87.003 Y85.844 E429.82919
G1 X86.572 Y85.562 E429.84204
G1 X86.188 Y85.373 E429.85272
G1 X86.111 Y85.336 E429.85475
G1 X85.619 Y85.171 E429.86387
G1 X85.103 Y85.073 E429.86874
G1 X85.08 Y85.072 E429.86909
G1 X84.598 Y85.039 E429.87129
G1 X84.075 Y85.076 E429.87394
G1 X83.58 Y85.171 E429.87867
G1 X83.089 Y85.336 E429.88778
G1 X83.012 Y85.373 E429.8898
G1 X82.629 Y85.562 E429.90046
G1 X82.197 Y85.843 E429.91331
G1 X81.807 Y86.184 E429.92623
G1 X81.46 Y86.576 E429.93929
G1 X81.425 Y86.627 E429.94084
G1 X81.179 Y86.991 E429.94825
G1 X81.05 Y87.246 E429.94986
G0 F9000 X80.65 Y88.91
G1 F1500 X80.65 Y84.577 E430.05795
G1 X88.55 Y84.577 E430.25501
G1 X88.55 Y88.929 E430.36358
G1 X88.55 Y88.944 E430.36395
G1 X88.55 Y88.96 E430.36435
G1 X88.55 Y108.267 E430.84596
G1 X80.65 Y108.267 E431.04303
G1 X80.65 Y88.998 E431.5237
G1 X80.65 Y88.954 E431.52479
G1 X80.65 Y88.91 E431.52588
G0 F9000 X81.05 Y90.659
G1 F1500 X81.178 Y90.916 E431.53305
G1 X81.425 Y91.28 E431.54402
G1 X81.467 Y91.341 E431.54587
G1 X81.807 Y91.724 E431.55864
G1 X82.147 Y92.02 E431.56989
G1 X82.147 Y95.046 E431.64537
G1 X82.178 Y95.32 E431.65225
G1 X82.261 Y95.585 E431.65918
G1 X82.342 Y95.766 E431.66412
G1 X82.52 Y96.045 E431.67238
G1 X82.682 Y96.221 E431.67835
G1 X82.837 Y96.362 E431.68357
G1 X83.007 Y96.487 E431.68884
G1 X83.186 Y96.596 E431.69406
G1 X83.376 Y96.691 E431.69936
G1 X83.572 Y96.77 E431.70463
G1 X83.771 Y96.833 E431.70984
G1 X83.977 Y96.881 E431.71512
G1 X83.987 Y96.882 E431.71537
G1 X84.179 Y96.915 E431.72023
G1 X84.391 Y96.937 E431.72554
G1 X84.6 Y96.944 E431.73076
G1 X84.826 Y96.937 E431.7364
G1 X85.209 Y96.885 E431.74604
G1 X85.427 Y96.834 E431.75163
G1 X85.643 Y96.765 E431.75728
G1 X85.899 Y96.654 E431.76424
G1 X86.176 Y96.499 E431.77216
G1 X86.361 Y96.364 E431.77788
G1 X86.52 Y96.221 E431.78321
G1 X86.67 Y96.055 E431.78879
G1 X86.799 Y95.87 E431.79442
G1 X86.903 Y95.679 E431.79984
G1 X86.992 Y95.446 E431.80606
G1 X87.038 Y95.213 E431.81199
G1 X87.052 Y95.031 E431.81654
G1 X87.059 Y92.015 E431.89178
G1 X87.392 Y91.725 E431.90279
G1 X87.733 Y91.341 E431.9156
G1 X87.775 Y91.28 E431.91745
G1 X88.022 Y90.915 E431.92844
G1 X88.15 Y90.658 E431.93561
G1 X88.15 Y90.915 E431.93648
G1 X88.15 Y91.356 E431.94391
G1 X88.15 Y107.867 E432.35578
G1 X81.05 Y107.867 E432.53289
G1 X81.05 Y91.356 E432.94476
G1 X81.05 Y90.916 E432.95217
G1 X81.05 Y90.659 E432.95304
G1 F1500 E431.45304
G0 F9000 X80.72 Y108.197
G0 X80.225 Y108.692
;TYPE:WALL-OUTER
G1 F480 E433.01541
G1 F900 X80.225 Y84.152 E433.55104
G1 X88.975 Y84.152 E433.74203
G1 X88.975 Y108.692 E434.27766
G1 X82.127 Y108.692 E434.42713
G0 F810 X80.225 Y108.692
G0 F9000 X80.225 Y108.492
G0 X80.61 Y108.307
G0 X81.44 Y107.477
;TYPE:SKIN
G1 F480 E434.46865
G1 F2400 X81.44 Y91.897 E434.85729
G1 X81.532 Y92.001 E434.86075
G1 X81.757 Y92.197 E434.8682
G1 X81.757 Y95.068 E434.93981
G1 X81.794 Y95.402 E434.9482
G1 X81.896 Y95.723 E434.9566
G1 X81.997 Y95.951 E434.96282
G1 X82.21 Y96.283 E434.97266
G1 X82.407 Y96.498 E434.97993
G1 X82.59 Y96.664 E434.9861
G1 X82.79 Y96.811 E434.99229
G1 X82.997 Y96.937 E434.99833
G1 X83.216 Y97.046 E435.00444
G1 X83.439 Y97.137 E435.01044
G1 X83.668 Y97.209 E435.01643
G1 X83.901 Y97.263 E435.0224
G1 X84.126 Y97.301 E435.02809
G1 X84.364 Y97.327 E435.03406
G1 X84.6 Y97.334 E435.03995
G1 X84.859 Y97.327 E435.04642
G1 X85.28 Y97.269 E435.05702
G1 X85.531 Y97.21 E435.06345
G1 X85.78 Y97.13 E435.06997
G1 X86.072 Y97.004 E435.07791
G1 X86.387 Y96.828 E435.08691
G1 X86.607 Y96.668 E435.09369
G1 X86.795 Y96.498 E435.10002
G1 X86.976 Y96.298 E435.10674
G1 X87.131 Y96.075 E435.11352
G1 X87.258 Y95.843 E435.12012
G1 X87.368 Y95.554 E435.12783
G1 X87.426 Y95.266 E435.13516
G1 X87.442 Y95.046 E435.14066
G1 X87.449 Y92.192 E435.21185
G1 X87.667 Y92.002 E435.21907
G1 X87.76 Y91.897 E435.22257
G1 X87.76 Y107.477 E435.61121
G1 X83.105 Y107.477 E435.72733
G0 F2160 X81.44 Y107.477
G0 F9000 X87.299 Y107.296
G1 F480 E435.76886
G1 F2400 X87.579 Y107.016 E435.77874
G0 F9000 X87.579 Y106.45
G1 F2400 X86.733 Y107.296 E435.80859
G0 F9000 X86.168 Y107.296
G1 F2400 X87.579 Y105.884 E435.85838
G0 F9000 X87.579 Y105.319
G1 F2400 X85.602 Y107.296 E435.92813
G0 F9000 X85.036 Y107.296
G1 F2400 X87.579 Y104.753 E436.01784
G0 F9000 X87.579 Y104.187
G1 F2400 X84.47 Y107.296 E436.12752
G0 F9000 X83.905 Y107.296
G1 F2400 X87.579 Y103.622 E436.25713
G0 F9000 X87.579 Y103.056
G1 F2400 X83.339 Y107.296 E436.4067
G0 F9000 X82.773 Y107.296
G1 F2400 X87.579 Y102.49 E436.57625
G0 F9000 X87.579 Y101.925
G1 F2400 X82.208 Y107.296 E436.76572
G0 F9000 X81.642 Y107.296
G1 F2400 X87.579 Y101.359 E436.97517
G0 F9000 X87.579 Y100.793
G1 F2400 X81.619 Y106.753 E437.18542
G0 F9000 X81.619 Y106.187
G1 F2400 X87.579 Y100.228 E437.39566
G0 F9000 X87.579 Y99.662
G1 F2400 X81.619 Y105.621 E437.6059
G0 F9000 X81.619 Y105.056
G1 F2400 X87.579 Y99.096 E437.81615
G0 F9000 X87.579 Y98.531
G1 F2400 X81.619 Y104.49 E438.02639
G0 F9000 X81.619 Y103.924
G1 F2400 X87.579 Y97.965 E438.23663
G0 F9000 X87.579 Y97.399
G1 F2400 X81.619 Y103.359 E438.44688
G0 F9000 X81.619 Y102.793
G1 F2400 X87.579 Y96.834 E438.65712
G0 F9000 X87.579 Y96.268
G1 F2400 X81.619 Y102.227 E438.86736
G0 F9000 X81.619 Y101.662
G1 F2400 X86.089 Y97.192 E439.02505
G0 F9000 X85.265 Y97.451
G1 F2400 X81.619 Y101.096 E439.15365
G0 F9000 X81.619 Y100.53
G1 F2400 X84.638 Y97.512 E439.26014
G0 F9000 X84.106 Y97.478
G1 F2400 X81.619 Y99.965 E439.34788
G0 F9000 X81.619 Y99.399
G1 F2400 X83.633 Y97.385 E439.41892
G0 F9000 X83.215 Y97.237
G1 F2400 X81.619 Y98.833 E439.47523
G0 F9000 X81.619 Y98.268
G1 F2400 X82.838 Y97.049 E439.51823
G0 F9000 X82.5 Y96.821
G1 F2400 X81.619 Y97.702 E439.54931
G0 F9000 X81.913 Y96.841
G1 F2400 X81.79 Y96.399 E439.56571
G1 X81.69 Y95.934 E439.57422
G0 F9000 X81.761 Y95.863
G0 X84.228 Y96.557
G0 X85.051 Y96.533
G0 X87.457 Y95.824
G1 F2400 X87.579 Y95.702 E439.57852
G0 F9000 X88.192 Y88.944
G0 X88.067 Y88.023
G0 X87.709 Y87.175
G0 X87.138 Y86.439
G0 X86.393 Y85.876
G0 X85.527 Y85.521
G0 X84.599 Y85.4
G0 X84.074 Y85.467
G0 X81.44 Y86.011
G1 F2400 X81.44 Y85.367 E439.59459
G1 X82.213 Y85.367 E439.61387
G1 X81.961 Y85.531 E439.62137
G1 X81.923 Y85.564 E439.62262
G0 F2160 X81.532 Y85.907
G0 X81.44 Y86.011
G0 F9000 X84.122 Y85.434
G0 X86.986 Y85.367
G1 F480 E439.63904
G1 F2400 X87.76 Y85.367 E439.65835
G1 X87.76 Y86.009 E439.67436
G1 X87.666 Y85.904 E439.67788
G1 X87.471 Y85.734 E439.68433
G0 F2160 X87.239 Y85.532
G0 X86.986 Y85.367
G1 F1500 E438.18433
G1 F900 Z4.46
G0 F9000 X86.986 Y85.367 Z4.46
G0 X92.85 Y98.278
;TYPE:WALL-INNER
G1 F900 Z3.46
G1 F480 E439.76191
G1 F1500 X92.85 Y85.304 E440.08555
G1 X99.751 Y85.303 E440.25769
G1 X99.95 Y85.303 E440.26266
G1 X99.95 Y85.502 E440.26587
G1 X99.95 Y98.278 E440.58457
G1 X98.278 Y98.278 E440.62628
G1 X98.276 Y88.847 E440.86153
G1 X94.525 Y88.847 E440.9551
G1 X94.525 Y98.278 E441.19036
G1 X94.515 Y98.278 E441.19061
G0 F1350 X92.85 Y98.278
G0 F9000 X92.45 Y98.678
G1 F480 E441.23214
G1 F1500 X92.45 Y84.904 E441.57574
G1 X100.151 Y84.903 E441.76784
G1 X100.35 Y84.903 E441.7728
G1 X100.35 Y85.102 E441.77601
G1 X100.35 Y98.678 E442.11467
G1 X97.878 Y98.678 E442.17633
G1 X97.876 Y89.247 E442.41159
G1 X94.925 Y89.247 E442.4852
G1 X94.925 Y98.678 E442.72046
G1 X94.115 Y98.678 E442.74067
G0 F1350 X92.45 Y98.678
G0 F9000 X92.025 Y99.103
;TYPE:WALL-OUTER
G1 F480 E442.7822
G1 F900 X92.025 Y84.479 E443.1014
G1 X100.6 Y84.478 E443.28856
G1 X100.775 Y84.478 E443.29238
G1 X100.775 Y84.653 E443.29486
G1 X100.775 Y99.103 E443.61025
G1 X97.453 Y99.103 E443.68276
G1 X97.451 Y89.672 E443.88861
G1 X95.35 Y89.672 E443.93447
G1 X95.35 Y99.103 E444.14032
G1 X93.927 Y99.103 E444.17138
G0 F810 X92.025 Y99.103
G0 F9000 X92.025 Y98.903
G0 X92.41 Y98.718
G0 X93.209 Y95.438
;TYPE:FILL
G1 F480 E444.2129
G1 F3000 X94.165 Y96.394 E444.24662
G1 X94.164 Y96.604 E444.25186
G1 X93.209 Y97.559 E444.28555
G1 X93.209 Y93.789 E444.37959
G1 X94.163 Y92.834 E444.41327
G1 X94.164 Y92.623 E444.41853
G1 X93.209 Y91.667 E444.45224
G1 X93.209 Y90.018 E444.49337
G1 X94.163 Y89.064 E444.52703
G1 X94.164 Y88.852 E444.53232
G1 X93.209 Y87.897 E444.56601
G1 X93.209 Y86.248 E444.60714
G1 X93.794 Y85.663 E444.62778
G1 X94.746 Y85.664 E444.65153
G1 X97.568 Y88.486 E444.75108
G1 X94.74 Y88.487 E444.82162
G1 X97.565 Y85.663 E444.92127
G1 X98.516 Y85.663 E444.94499
G1 X99.589 Y86.737 E444.98286
G1 X99.588 Y87.409 E444.99962
G1 X98.511 Y88.487 E445.03763
G1 X98.636 Y88.487 E445.04075
G1 X98.635 Y89.552 E445.06732
G1 X99.589 Y90.507 E445.10099
G1 X99.588 Y91.18 E445.11778
G1 X98.636 Y92.132 E445.15136
G1 X98.636 Y93.324 E445.1811
G1 X99.589 Y94.277 E445.21472
G1 X99.588 Y94.95 E445.23151
G1 X98.637 Y95.901 E445.26506
G1 X98.638 Y97.918 E445.31537
G1 X99.459 Y97.918 E445.33585
G1 X98.637 Y97.095 E445.36487
G1 F1500 E443.86487
G1 F900 Z4.46
G0 F9000 X98.637 Y97.095 Z4.46
G0 X82.673 Y95.53
;TIME_ELAPSED:940.792334
;LAYER:22
G0 X82.673 Y95.53 Z4.61
;TYPE:WALL-INNER
G1 F900 Z3.61
G1 F480 E445.42723
G1 F1500 X82.775 Y95.704 E445.43226
G1 X82.926 Y95.893 E445.43829
G1 X83.063 Y96.022 E445.44299
G1 X83.264 Y96.17 E445.44921
G1 X83.425 Y96.263 E445.45385
G1 X83.658 Y96.368 E445.46023
G1 X83.835 Y96.427 E445.46488
G1 X84.014 Y96.473 E445.46949
G1 X84.276 Y96.516 E445.47612
G1 X84.477 Y96.533 E445.48115
G1 X84.831 Y96.526 E445.48998
G1 X85.191 Y96.472 E445.49906
G1 X85.516 Y96.375 E445.50752
G1 X85.676 Y96.314 E445.51179
G1 X85.991 Y96.133 E445.52085
G1 X86.139 Y96.02 E445.5255
G1 X86.268 Y95.899 E445.52991
G1 X86.383 Y95.763 E445.53435
G1 X86.479 Y95.615 E445.53876
G1 X86.556 Y95.461 E445.54305
G1 X86.617 Y95.275 E445.54793
G1 X86.652 Y95.025 E445.55423
G1 X86.659 Y91.803 E445.6346
G1 X86.761 Y91.736 E445.63765
G1 X87.11 Y91.432 E445.64919
G1 X87.417 Y91.087 E445.66071
G1 X87.676 Y90.705 E445.67223
G1 X87.887 Y90.282 E445.68402
G1 X88.034 Y89.845 E445.69552
G1 X88.123 Y89.404 E445.70674
G1 X88.152 Y88.951 E445.71806
G1 X88.152 Y88.935 E445.71846
G1 X88.152 Y88.92 E445.71884
G1 X88.123 Y88.485 E445.72971
G1 X88.028 Y88.024 E445.74145
G1 X87.883 Y87.599 E445.75266
G1 X87.675 Y87.186 E445.76419
G1 X87.41 Y86.795 E445.77597
G1 X87.11 Y86.46 E445.78719
G1 X86.761 Y86.157 E445.79872
G1 X86.374 Y85.902 E445.81028
G1 X85.957 Y85.699 E445.82185
G1 X85.517 Y85.552 E445.83342
G1 X85.051 Y85.463 E445.84526
G1 X84.599 Y85.433 E445.85656
G1 X84.125 Y85.466 E445.86841
G1 X83.683 Y85.552 E445.87964
G1 X83.243 Y85.699 E445.89122
G1 X82.827 Y85.902 E445.90276
G1 X82.439 Y86.155 E445.91432
G1 X82.089 Y86.461 E445.92591
G1 X81.776 Y86.814 E445.93768
G1 X81.525 Y87.186 E445.94888
G1 X81.317 Y87.597 E445.96037
G1 X81.168 Y88.035 E445.97191
G1 X81.077 Y88.484 E445.98334
G1 X81.048 Y88.903 E445.99381
G1 X81.046 Y88.946 E445.99489
G1 X81.048 Y88.989 E445.99596
G1 X81.077 Y89.407 E446.00641
G1 X81.172 Y89.868 E446.01815
G1 X81.317 Y90.293 E446.02936
G1 X81.525 Y90.706 E446.04089
G1 X81.783 Y91.087 E446.05237
G1 X82.089 Y91.431 E446.06385
G1 X82.439 Y91.735 E446.07542
G1 X82.547 Y91.806 E446.07864
G1 X82.547 Y93.883 E446.13045
G0 F1350 X82.547 Y95.016
G0 X82.569 Y95.226
G0 X82.673 Y95.53
G0 F9000 X83.061 Y95.352
;TYPE:WALL-OUTER
G1 F480 E446.17199
G1 F900 X83.126 Y95.462 E446.17478
G1 X83.239 Y95.604 E446.17874
G1 X83.336 Y95.695 E446.18164
G1 X83.497 Y95.814 E446.18601
G1 X83.619 Y95.884 E446.18908
G1 X83.813 Y95.972 E446.19373
G1 X83.955 Y96.019 E446.19699
G1 X84.102 Y96.057 E446.20031
G1 X84.329 Y96.094 E446.20533
G1 X84.491 Y96.108 E446.20888
G1 X84.795 Y96.102 E446.21551
G1 X85.098 Y96.056 E446.2222
G1 X85.38 Y95.972 E446.22863
G1 X85.493 Y95.929 E446.23126
G1 X85.755 Y95.778 E446.23787
G1 X85.864 Y95.695 E446.24086
G1 X85.959 Y95.606 E446.2437
G1 X86.041 Y95.509 E446.24647
G1 X86.11 Y95.403 E446.24923
G1 X86.162 Y95.299 E446.25177
G1 X86.201 Y95.179 E446.25452
G1 X86.227 Y94.995 E446.25858
G1 X86.235 Y91.572 E446.33329
G1 X86.504 Y91.396 E446.34031
G1 X86.811 Y91.129 E446.34919
G1 X87.081 Y90.826 E446.35805
G1 X87.308 Y90.49 E446.3669
G1 X87.494 Y90.118 E446.37598
G1 X87.623 Y89.735 E446.3848
G1 X87.701 Y89.349 E446.39339
G1 X87.726 Y88.936 E446.40242
G1 X87.701 Y88.542 E446.41104
G1 X87.617 Y88.136 E446.42009
G1 X87.49 Y87.764 E446.42867
G1 X87.308 Y87.402 E446.43751
G1 X87.074 Y87.057 E446.44661
G1 X86.811 Y86.763 E446.45522
G1 X86.504 Y86.496 E446.4641
G1 X86.163 Y86.272 E446.47301
G1 X85.796 Y86.093 E446.48192
G1 X85.409 Y85.964 E446.49083
G1 X84.997 Y85.885 E446.49998
G1 X84.6 Y85.859 E446.50867
G1 X84.181 Y85.888 E446.51783
G1 X83.791 Y85.964 E446.52651
G1 X83.404 Y86.093 E446.53541
G1 X83.037 Y86.272 E446.54432
G1 X82.696 Y86.495 E446.55322
G1 X82.389 Y86.763 E446.56211
G1 X82.113 Y87.075 E446.5712
G1 X81.892 Y87.402 E446.57982
G1 X81.71 Y87.762 E446.58862
G1 X81.579 Y88.146 E446.59748
G1 X81.499 Y88.541 E446.60627
G1 X81.472 Y88.946 E446.61513
G1 X81.499 Y89.35 E446.62397
G1 X81.583 Y89.756 E446.63302
G1 X81.71 Y90.128 E446.6416
G1 X81.892 Y90.49 E446.65044
G1 X82.119 Y90.825 E446.65928
G1 X82.389 Y91.128 E446.66814
G1 X82.696 Y91.396 E446.67703
G1 X82.972 Y91.577 E446.68423
G1 X82.972 Y93.462 E446.72538
G0 F810 X82.972 Y94.993
G0 X82.987 Y95.134
G0 X83.061 Y95.352
G0 F9000 X83.126 Y95.462
G0 X83.171 Y95.519
G0 X82.868 Y95.758
G0 X82.759 Y95.844
G0 X82.53 Y95.234
G0 X81.038 Y89.412
G0 X81.05 Y87.238
;TYPE:WALL-INNER
G1 F480 E446.76689
G1 F1500 X81.05 Y86.983 E446.77325
G1 X81.05 Y86.542 E446.78426
G1 X81.05 Y84.968 E446.82352
G1 X83.007 Y84.968 E446.87234
G1 X83.091 Y84.968 E446.87443
G1 X83.581 Y84.968 E446.88666
G1 X84.073 Y84.968 E446.89893
G1 X84.598 Y84.968 E446.91202
G1 X85.102 Y84.968 E446.9246
G1 X85.618 Y84.968 E446.93747
G1 X86.109 Y84.968 E446.94972
G1 X86.193 Y84.968 E446.95181
G1 X88.15 Y84.968 E447.00063
G1 X88.15 Y86.544 E447.03994
G1 X88.15 Y86.983 E447.05089
G1 X88.15 Y87.239 E447.05728
G1 X88.021 Y86.983 E447.0589
G1 X87.775 Y86.62 E447.06629
G1 X87.726 Y86.548 E447.06847
G1 X87.391 Y86.174 E447.08099
G1 X87.003 Y85.838 E447.0938
G1 X86.572 Y85.554 E447.10667
G1 X86.55 Y85.544 E447.10727
G1 X86.184 Y85.364 E447.11745
G1 X86.109 Y85.328 E447.11942
G1 X85.618 Y85.164 E447.12857
G1 X85.102 Y85.066 E447.13351
G1 X85.079 Y85.065 E447.13386
G1 X84.598 Y85.032 E447.13611
G1 X84.073 Y85.069 E447.13885
G1 X83.581 Y85.164 E447.14361
G1 X83.091 Y85.328 E447.15274
G1 X83.016 Y85.364 E447.15471
G1 X82.629 Y85.553 E447.16546
G1 X82.197 Y85.835 E447.17833
G1 X81.826 Y86.161 E447.19065
G1 X81.807 Y86.177 E447.19126
G1 X81.459 Y86.568 E447.20432
G1 X81.425 Y86.617 E447.20581
G1 X81.179 Y86.983 E447.21324
G1 X81.05 Y87.238 E447.21486
G0 F9000 X80.65 Y88.902
G1 F1500 X80.65 Y84.568 E447.32297
G1 X88.55 Y84.568 E447.52004
G1 X88.55 Y88.92 E447.6286
G1 X88.55 Y88.935 E447.62897
G1 X88.55 Y88.951 E447.62937
G1 X88.55 Y108.259 E448.11101
G1 X80.65 Y108.259 E448.30808
G1 X80.65 Y88.99 E448.78874
G1 X80.65 Y88.946 E448.78984
G1 X80.65 Y88.902 E448.79093
G0 F9000 X81.05 Y90.653
G1 F1500 X81.179 Y90.909 E448.79808
G1 X81.425 Y91.272 E448.80902
G1 X81.467 Y91.333 E448.81087
G1 X81.807 Y91.716 E448.82364
G1 X82.147 Y92.012 E448.83489
G1 X82.147 Y95.037 E448.91035
G1 X82.176 Y95.313 E448.91727
G1 X82.308 Y95.698 E448.92742
G1 X82.444 Y95.931 E448.93415
G1 X82.631 Y96.165 E448.94162
G1 X82.806 Y96.33 E448.94762
G1 X83.045 Y96.505 E448.95501
G1 X83.242 Y96.619 E448.96069
G1 X83.512 Y96.741 E448.96808
G1 X83.722 Y96.811 E448.9736
G1 X83.932 Y96.865 E448.97901
G1 X84.227 Y96.913 E448.98647
G1 X84.464 Y96.933 E448.9924
G1 X84.865 Y96.925 E449.00241
G1 X85.278 Y96.863 E449.01282
G1 X85.645 Y96.754 E449.02237
G1 X85.848 Y96.677 E449.02779
G1 X86.213 Y96.467 E449.03829
G1 X86.398 Y96.326 E449.0441
G1 X86.559 Y96.175 E449.0496
G1 X86.705 Y96.002 E449.05525
G1 X86.827 Y95.814 E449.06084
G1 X86.927 Y95.614 E449.06642
G1 X87.008 Y95.366 E449.07293
G1 X87.052 Y95.053 E449.08081
G1 X87.059 Y92.007 E449.15679
G1 X87.392 Y91.717 E449.16781
G1 X87.733 Y91.333 E449.18062
G1 X87.775 Y91.272 E449.18247
G1 X88.022 Y90.907 E449.19346
G1 X88.15 Y90.65 E449.20062
G1 X88.15 Y90.907 E449.20149
G1 X88.15 Y91.348 E449.20893
G1 X88.15 Y107.859 E449.6208
G1 X81.05 Y107.859 E449.79791
G1 X81.05 Y91.348 E450.20978
G1 X81.05 Y90.909 E450.21719
G1 X81.05 Y90.653 E450.21806
G1 F1500 E448.71806
G0 F9000 X80.72 Y108.189
G0 X80.225 Y108.684
;TYPE:WALL-OUTER
G1 F480 E450.28042
G1 F900 X80.225 Y84.143 E450.81607
G1 X88.975 Y84.143 E451.00706
G1 X88.975 Y108.684 E451.54272
G1 X82.127 Y108.684 E451.69219
G0 F810 X80.225 Y108.684
G0 F9000 X80.225 Y108.484
G0 X80.61 Y108.299
G0 X81.44 Y107.469
;TYPE:SKIN
G1 F480 E451.7337
G1 F2400 X81.44 Y91.889 E452.12235
G1 X81.532 Y91.993 E452.12581
G1 X81.757 Y92.189 E452.13325
G1 X81.757 Y95.057 E452.2048
G1 X81.792 Y95.397 E452.21332
G1 X81.951 Y95.862 E452.22558
G1 X82.122 Y96.152 E452.23398
G1 X82.344 Y96.43 E452.24285
G1 X82.556 Y96.63 E452.25012
G1 X82.832 Y96.832 E452.25866
G1 X83.064 Y96.966 E452.26534
G1 X83.369 Y97.104 E452.27369
G1 X83.611 Y97.185 E452.28006
G1 X83.852 Y97.247 E452.28626
G1 X84.179 Y97.301 E452.29453
G1 X84.452 Y97.323 E452.30136
G1 X84.898 Y97.315 E452.31249
G1 X85.363 Y97.245 E452.32422
G1 X85.77 Y97.124 E452.33481
G1 X86.016 Y97.03 E452.34138
G1 X86.429 Y96.793 E452.35326
G1 X86.65 Y96.624 E452.3602
G1 X86.842 Y96.444 E452.36676
G1 X87.019 Y96.234 E452.37362
G1 X87.166 Y96.008 E452.38034
G1 X87.289 Y95.763 E452.38718
G1 X87.39 Y95.454 E452.39529
G1 X87.442 Y95.08 E452.40471
G1 X87.449 Y92.184 E452.47695
G1 X87.667 Y91.994 E452.48416
G1 X87.76 Y91.889 E452.48766
G1 X87.76 Y107.469 E452.87631
G1 X83.105 Y107.469 E452.99243
G0 F2160 X81.44 Y107.469
G0 F9000 X81.832 Y107.287
G1 F480 E453.03396
G1 F2400 X81.619 Y107.075 E453.04146
G0 F9000 X81.619 Y106.51
G1 F2400 X82.397 Y107.287 E453.06888
G0 F9000 X82.963 Y107.287
G1 F2400 X81.619 Y105.944 E453.11628
G0 F9000 X81.619 Y105.378
G1 F2400 X83.529 Y107.287 E453.18364
G0 F9000 X84.094 Y107.287
G1 F2400 X81.619 Y104.813 E453.27094
G0 F9000 X81.619 Y104.247
G1 F2400 X84.66 Y107.287 E453.3782
G0 F9000 X85.226 Y107.287
G1 F2400 X81.619 Y103.681 E453.50543
G0 F9000 X81.619 Y103.115
G1 F2400 X85.791 Y107.287 E453.65261
G0 F9000 X86.357 Y107.287
G1 F2400 X81.619 Y102.55 E453.81973
G0 F9000 X81.619 Y101.984
G1 F2400 X86.923 Y107.287 E454.00683
G0 F9000 X87.488 Y107.287
G1 F2400 X81.619 Y101.418 E454.21387
G0 F9000 X81.619 Y100.853
G1 F2400 X87.58 Y106.813 E454.42415
G0 F9000 X87.58 Y106.247
G1 F2400 X81.619 Y100.287 E454.63442
G0 F9000 X81.619 Y99.721
G1 F2400 X87.58 Y105.682 E454.84471
G0 F9000 X87.58 Y105.116
G1 F2400 X81.619 Y99.156 E455.05498
G0 F9000 X81.619 Y98.59
G1 F2400 X87.58 Y104.55 E455.26526
G0 F9000 X87.58 Y103.985
G1 F2400 X81.619 Y98.024 E455.47555
G0 F9000 X81.619 Y97.459
G1 F2400 X87.58 Y103.419 E455.68582
G0 F9000 X87.58 Y102.853
G1 F2400 X81.619 Y96.893 E455.89609
G0 F9000 X81.619 Y96.327
G1 F2400 X87.58 Y102.287 E456.10636
G0 F9000 X87.58 Y101.722
G1 F2400 X82.986 Y97.128 E456.26843
G0 F9000 X83.852 Y97.429
G1 F2400 X87.58 Y101.156 E456.39993
G0 F9000 X87.58 Y100.59
G1 F2400 X84.49 Y97.501 E456.50892
G0 F9000 X85.031 Y97.476
G1 F2400 X87.58 Y100.025 E456.59884
G0 F9000 X87.58 Y99.459
G1 F2400 X85.509 Y97.389 E456.67188
G0 F9000 X85.938 Y97.251
G1 F2400 X87.58 Y98.893 E456.72981
G0 F9000 X87.58 Y98.328
G1 F2400 X86.316 Y97.064 E456.7744
G0 F9000 X86.66 Y96.842
G1 F2400 X87.58 Y97.762 E456.80686
G0 F9000 X87.58 Y97.196
G1 F2400 X86.961 Y96.578 E456.82868
G0 F9000 X87.396 Y96.447
G1 F2400 X87.499 Y95.984 E456.83799
G0 F9000 X87.418 Y95.903
G0 X84.834 Y96.565
G0 X84.164 Y96.523
G0 X81.781 Y95.923
G1 F2400 X81.619 Y95.762 E456.84369
G0 F9000 X81.006 Y88.946
G0 X81.44 Y86.003
G1 F2400 X81.44 Y85.358 E456.85978
G1 X82.214 Y85.358 E456.87909
G1 X81.961 Y85.523 E456.88662
G1 X81.924 Y85.556 E456.88786
G0 F2160 X81.532 Y85.9
G0 X81.44 Y86.003
G0 F9000 X84.12 Y85.427
G0 X86.983 Y85.358
G1 F480 E456.90432
G1 F2400 X87.76 Y85.358 E456.9237
G1 X87.76 Y86 E456.93972
G1 X87.666 Y85.895 E456.94324
G1 X87.469 Y85.725 E456.94973
G0 F2160 X87.239 Y85.526
G0 X86.983 Y85.358
G1 F1500 E455.44973
G1 F900 Z4.61
G0 F9000 X86.983 Y85.358 Z4.61
G0 X92.85 Y98.274
;TYPE:WALL-INNER
G1 F900 Z3.61
G1 F480 E457.02733
G1 F1500 X92.85 Y85.301 E457.35094
G1 X99.751 Y85.3 E457.52309
G1 X99.95 Y85.3 E457.52805
G1 X99.95 Y85.499 E457.53127
G1 X99.95 Y98.274 E457.84994
G1 X98.394 Y98.275 E457.88875
G1 X98.195 Y98.275 E457.89372
G1 X98.195 Y98.076 E457.89693
G1 X98.195 Y88.847 E458.12715
G1 X94.606 Y88.847 E458.21668
G1 X94.606 Y98.274 E458.45183
G1 X94.515 Y98.274 E458.4541
G0 F1350 X92.85 Y98.274
G0 F9000 X92.45 Y98.674
G1 F480 E458.49564
G1 F1500 X92.45 Y84.901 E458.83921
G1 X100.151 Y84.9 E459.03131
G1 X100.35 Y84.9 E459.03627
G1 X100.35 Y85.099 E459.03948
G1 X100.35 Y98.674 E459.37811
G1 X97.994 Y98.675 E459.43688
G1 X97.795 Y98.675 E459.44185
G1 X97.795 Y98.476 E459.44506
G1 X97.795 Y89.247 E459.67528
G1 X95.006 Y89.247 E459.74485
G1 X95.006 Y98.674 E459.98001
G1 X94.115 Y98.674 E460.00223
G0 F1350 X92.45 Y98.674
G0 F9000 X92.025 Y99.099
;TYPE:WALL-OUTER
G1 F480 E460.04377
G1 F900 X92.025 Y84.476 E460.36294
G1 X100.6 Y84.475 E460.55011
G1 X100.775 Y84.475 E460.55393
G1 X100.775 Y84.65 E460.5564
G1 X100.775 Y99.099 E460.87178
G1 X97.545 Y99.1 E460.94228
G1 X97.37 Y99.1 E460.9461
G1 X97.37 Y98.925 E460.94857
G1 X97.37 Y89.672 E461.15054
G1 X95.431 Y89.672 E461.19286
G1 X95.431 Y99.099 E461.39862
G1 X93.927 Y99.099 E461.43145
G0 F810 X92.025 Y99.099
G0 F9000 X92.025 Y98.899
G0 X92.41 Y98.714
G0 X93.209 Y95.438
;TYPE:FILL
G1 F480 E461.47296
G1 F3000 X94.246 Y96.474 E461.50953
G1 X94.245 Y96.523 E461.51075
G1 X93.21 Y97.558 E461.54726
G1 X93.21 Y93.788 E461.64131
G1 X94.245 Y92.753 E461.67782
G1 X94.246 Y92.704 E461.67904
G1 X93.208 Y91.667 E461.71564
G1 X93.209 Y90.018 E461.75678
G1 X94.245 Y88.983 E461.79331
G1 X94.246 Y88.934 E461.79453
G1 X93.208 Y87.896 E461.83115
G1 X93.209 Y86.248 E461.87226
G1 X93.797 Y85.66 E461.893
G1 X94.743 Y85.661 E461.9166
G1 X97.568 Y88.486 E462.01626
G1 X94.741 Y88.486 E462.08678
G1 X97.568 Y85.66 E462.18649
G1 X98.513 Y85.661 E462.21006
G1 X99.589 Y86.737 E462.24802
G1 X99.588 Y87.409 E462.26479
G1 X98.511 Y88.486 E462.30278
G1 X98.555 Y88.487 E462.30388
G1 X98.554 Y89.472 E462.32845
G1 X99.589 Y90.507 E462.36496
G1 X99.588 Y91.18 E462.38175
G1 X98.554 Y92.214 E462.41823
G1 X98.554 Y93.242 E462.44387
G1 X99.589 Y94.277 E462.48038
G1 X99.588 Y94.95 E462.49717
G1 X98.554 Y95.984 E462.53365
G1 X98.555 Y97.915 E462.58182
G1 X99.455 Y97.913 E462.60427
G1 X98.554 Y97.012 E462.63605
G1 F1500 E461.13605
G1 F900 Z4.61
G0 F9000 X98.554 Y97.012 Z4.61
G0 X82.844 Y95.794
;TIME_ELAPSED:979.868743
;LAYER:23
G0 X82.844 Y95.794 Z4.76
;TYPE:WALL-INNER
G1 F900 Z3.76
G1 F480 E462.69842
G1 F1500 X82.964 Y95.924 E462.70283
G1 X83.091 Y96.039 E462.7071
G1 X83.23 Y96.142 E462.71142
G1 X83.38 Y96.233 E462.71579
G1 X83.54 Y96.313 E462.72026
G1 X83.707 Y96.38 E462.72475
G1 X83.878 Y96.434 E462.72922
G1 X84.055 Y96.476 E462.73376
G1 X84.233 Y96.505 E462.73826
G1 X84.42 Y96.525 E462.74295
G1 X84.6 Y96.531 E462.74744
G1 X84.793 Y96.525 E462.75226
G1 X85.136 Y96.478 E462.76089
G1 X85.322 Y96.435 E462.76565
G1 X85.498 Y96.378 E462.77027
G1 X85.697 Y96.295 E462.77565
G1 X85.96 Y96.149 E462.78315
G1 X86.109 Y96.04 E462.78776
G1 X86.237 Y95.925 E462.79205
G1 X86.356 Y95.793 E462.79648
G1 X86.459 Y95.645 E462.80098
G1 X86.54 Y95.496 E462.80521
G1 X86.606 Y95.319 E462.80992
G1 X86.641 Y95.145 E462.81435
G1 X86.652 Y95.002 E462.81793
G1 X86.66 Y91.794 E462.89795
G1 X86.761 Y91.728 E462.90096
G1 X87.11 Y91.424 E462.91251
G1 X87.417 Y91.079 E462.92403
G1 X87.676 Y90.697 E462.93554
G1 X87.887 Y90.273 E462.94735
G1 X88.035 Y89.836 E462.95886
G1 X88.123 Y89.396 E462.97006
G1 X88.152 Y88.941 E462.98143
G1 X88.152 Y88.925 E462.98183
G1 X88.152 Y88.91 E462.9822
G1 X88.123 Y88.478 E462.993
G1 X88.028 Y88.015 E463.00479
G1 X87.883 Y87.591 E463.01597
G1 X87.675 Y87.177 E463.02753
G1 X87.408 Y86.787 E463.03932
G1 X87.11 Y86.452 E463.0505
G1 X86.761 Y86.149 E463.06203
G1 X86.373 Y85.894 E463.07361
G1 X85.957 Y85.692 E463.08515
G1 X85.517 Y85.544 E463.09673
G1 X85.05 Y85.455 E463.10859
G1 X84.599 Y85.425 E463.11986
G1 X84.125 Y85.458 E463.13172
G1 X83.679 Y85.545 E463.14305
G1 X83.196 Y85.713 E463.15581
G1 X82.827 Y85.894 E463.16606
G1 X82.439 Y86.147 E463.17762
G1 X82.089 Y86.453 E463.18921
G1 X81.775 Y86.808 E463.20104
G1 X81.525 Y87.178 E463.21217
G1 X81.317 Y87.589 E463.22367
G1 X81.168 Y88.028 E463.23523
G1 X81.077 Y88.477 E463.24666
G1 X81.048 Y88.896 E463.25713
G1 X81.046 Y88.939 E463.25821
G1 X81.048 Y88.982 E463.25928
G1 X81.077 Y89.399 E463.26971
G1 X81.172 Y89.863 E463.28152
G1 X81.318 Y90.286 E463.29269
G1 X81.525 Y90.697 E463.30417
G1 X81.783 Y91.079 E463.31567
G1 X82.089 Y91.423 E463.32715
G1 X82.439 Y91.727 E463.33871
G1 X82.547 Y91.798 E463.34194
G1 X82.547 Y94.195 E463.40173
G0 F1350 X82.547 Y95.006
G0 X82.564 Y95.179
G0 X82.598 Y95.332
G0 X82.663 Y95.502
G0 X82.746 Y95.653
G0 X82.844 Y95.794
G0 F9000 X83.177 Y95.528
;TYPE:WALL-OUTER
G1 F480 E463.44327
G1 F900 X83.263 Y95.622 E463.44605
G1 X83.36 Y95.709 E463.44889
G1 X83.468 Y95.789 E463.45182
G1 X83.586 Y95.861 E463.45484
G1 X83.714 Y95.925 E463.45796
G1 X83.85 Y95.979 E463.46116
G1 X83.992 Y96.024 E463.46441
G1 X84.139 Y96.059 E463.46771
G1 X84.29 Y96.084 E463.47105
G1 X84.45 Y96.101 E463.47456
G1 X84.6 Y96.106 E463.47784
G1 X84.758 Y96.101 E463.48129
G1 X85.059 Y96.06 E463.48792
G1 X85.208 Y96.025 E463.49126
G1 X85.351 Y95.979 E463.49454
G1 X85.512 Y95.912 E463.49834
G1 X85.73 Y95.791 E463.50379
G1 X85.84 Y95.71 E463.50677
G1 X85.937 Y95.623 E463.50961
G1 X86.023 Y95.528 E463.51241
G1 X86.097 Y95.422 E463.51523
G1 X86.152 Y95.32 E463.51776
G1 X86.196 Y95.202 E463.52051
G1 X86.219 Y95.087 E463.52307
G1 X86.227 Y94.985 E463.5253
G1 X86.236 Y91.564 E463.59997
G1 X86.504 Y91.388 E463.60697
G1 X86.811 Y91.121 E463.61585
G1 X87.081 Y90.818 E463.62471
G1 X87.308 Y90.482 E463.63356
G1 X87.494 Y90.109 E463.64266
G1 X87.624 Y89.726 E463.65149
G1 X87.701 Y89.341 E463.66005
G1 X87.726 Y88.926 E463.66913
G1 X87.701 Y88.535 E463.67768
G1 X87.617 Y88.127 E463.68677
G1 X87.49 Y87.756 E463.69533
G1 X87.308 Y87.393 E463.7042
G1 X87.073 Y87.049 E463.71329
G1 X86.811 Y86.755 E463.72188
G1 X86.504 Y86.488 E463.73077
G1 X86.163 Y86.264 E463.73967
G1 X85.796 Y86.086 E463.74857
G1 X85.409 Y85.956 E463.75748
G1 X84.996 Y85.877 E463.76666
G1 X84.6 Y85.851 E463.77532
G1 X84.18 Y85.88 E463.78451
G1 X83.79 Y85.956 E463.79319
G1 X83.36 Y86.106 E463.80313
G1 X83.037 Y86.264 E463.81097
G1 X82.696 Y86.487 E463.81987
G1 X82.389 Y86.755 E463.82876
G1 X82.112 Y87.069 E463.8379
G1 X81.892 Y87.394 E463.84647
G1 X81.71 Y87.754 E463.85527
G1 X81.579 Y88.139 E463.86415
G1 X81.499 Y88.534 E463.87295
G1 X81.472 Y88.939 E463.88181
G1 X81.499 Y89.342 E463.89062
G1 X81.583 Y89.75 E463.89971
G1 X81.711 Y90.121 E463.90828
G1 X81.892 Y90.482 E463.91709
G1 X82.119 Y90.817 E463.92593
G1 X82.389 Y91.12 E463.93479
G1 X82.696 Y91.388 E463.94368
G1 X82.972 Y91.569 E463.95088
G1 X82.972 Y93.671 E463.99677
G0 F810 X82.972 Y94.986
G0 X82.984 Y95.111
G0 X83.006 Y95.208
G0 X83.05 Y95.323
G0 X83.108 Y95.429
G0 X83.177 Y95.528
G0 F9000 X83.263 Y95.622
G0 X83.317 Y95.67
G0 X83.059 Y95.957
G0 X82.965 Y96.059
G0 X82.56 Y95.343
G0 X81.038 Y89.404
G0 X81.05 Y87.23
;TYPE:WALL-INNER
G1 F480 E464.03828
G1 F1500 X81.05 Y86.975 E464.04464
G1 X81.05 Y86.534 E464.05564
G1 X81.05 Y84.96 E464.09491
G1 X83.008 Y84.96 E464.14375
G1 X83.042 Y84.96 E464.1446
G1 X83.574 Y84.96 E464.15787
G1 X84.073 Y84.96 E464.17031
G1 X84.598 Y84.96 E464.18341
G1 X85.101 Y84.96 E464.19596
G1 X85.619 Y84.96 E464.20888
G1 X86.109 Y84.96 E464.2211
G1 X86.191 Y84.96 E464.22315
G1 X88.15 Y84.96 E464.27202
G1 X88.15 Y86.538 E464.31138
G1 X88.15 Y86.973 E464.32223
G1 X88.15 Y87.231 E464.32867
G1 X88.02 Y86.973 E464.3303
G1 X87.775 Y86.614 E464.33765
G1 X87.724 Y86.54 E464.33989
G1 X87.392 Y86.167 E464.35235
G1 X87.003 Y85.829 E464.3652
G1 X86.571 Y85.545 E464.3781
G1 X86.182 Y85.356 E464.38889
G1 X86.109 Y85.321 E464.39081
G1 X85.619 Y85.156 E464.39997
G1 X85.101 Y85.058 E464.40492
G1 X85.078 Y85.057 E464.40528
G1 X84.598 Y85.024 E464.40752
G1 X84.073 Y85.061 E464.41026
G1 X83.574 Y85.158 E464.41512
G1 X83.042 Y85.343 E464.42551
G1 X83.012 Y85.358 E464.42633
G1 X82.629 Y85.546 E464.43697
G1 X82.197 Y85.827 E464.44983
G1 X81.806 Y86.169 E464.46278
G1 X81.458 Y86.562 E464.47588
G1 X81.426 Y86.61 E464.47732
G1 X81.179 Y86.975 E464.48475
G1 X81.05 Y87.23 E464.48637
G0 F9000 X80.65 Y88.895
G1 F1500 X80.65 Y84.56 E464.5945
G1 X88.55 Y84.56 E464.79157
G1 X88.55 Y88.91 E464.90008
G1 X88.55 Y88.925 E464.90045
G1 X88.55 Y88.941 E464.90085
G1 X88.55 Y108.251 E465.38254
G1 X80.65 Y108.251 E465.57961
G1 X80.65 Y88.983 E466.06025
G1 X80.65 Y88.939 E466.06135
G1 X80.65 Y88.895 E466.06244
G0 F9000 X81.05 Y90.643
G1 F1500 X81.179 Y90.9 E466.06961
G1 X81.426 Y91.266 E466.08063
G1 X81.466 Y91.325 E466.0824
G1 X81.807 Y91.708 E466.0952
G1 X82.147 Y92.004 E466.10644
G1 X82.147 Y95.026 E466.18183
G1 X82.168 Y95.242 E466.18724
G1 X82.214 Y95.447 E466.19248
G1 X82.299 Y95.671 E466.19846
G1 X82.406 Y95.864 E466.20396
G1 X82.531 Y96.045 E466.20945
G1 X82.682 Y96.208 E466.21499
G1 X82.837 Y96.349 E466.22022
G1 X83.007 Y96.474 E466.22548
G1 X83.186 Y96.583 E466.23071
G1 X83.376 Y96.678 E466.23601
G1 X83.572 Y96.757 E466.24128
G1 X83.771 Y96.82 E466.24649
G1 X83.977 Y96.868 E466.25176
G1 X83.988 Y96.869 E466.25204
G1 X84.18 Y96.902 E466.2569
G1 X84.392 Y96.924 E466.26222
G1 X84.6 Y96.931 E466.26741
G1 X84.826 Y96.924 E466.27305
G1 X85.208 Y96.872 E466.28266
G1 X85.429 Y96.821 E466.28832
G1 X85.637 Y96.753 E466.29378
G1 X85.872 Y96.656 E466.30012
G1 X86.176 Y96.487 E466.3088
G1 X86.361 Y96.351 E466.31453
G1 X86.52 Y96.208 E466.31986
G1 X86.67 Y96.042 E466.32544
G1 X86.8 Y95.855 E466.33112
G1 X86.905 Y95.662 E466.3366
G1 X86.992 Y95.429 E466.34281
G1 X87.038 Y95.2 E466.34863
G1 X87.052 Y95.018 E466.35319
G1 X87.059 Y91.999 E466.4285
G1 X87.392 Y91.709 E466.43951
G1 X87.733 Y91.325 E466.45232
G1 X87.775 Y91.264 E466.45417
G1 X88.022 Y90.899 E466.46516
G1 X88.15 Y90.642 E466.47233
G1 X88.15 Y90.899 E466.4732
G1 X88.15 Y91.34 E466.48063
G1 X88.15 Y107.851 E466.8925
G1 X81.05 Y107.851 E467.06961
G1 X81.05 Y91.341 E467.48145
G1 X81.05 Y90.9 E467.4889
G1 X81.05 Y90.643 E467.48978
G1 F1500 E465.98978
G0 F9000 X80.72 Y108.181
G0 X80.225 Y108.676
;TYPE:WALL-OUTER
G1 F480 E467.55214
G1 F900 X80.225 Y84.135 E468.0878
G1 X88.975 Y84.135 E468.27878
G1 X88.975 Y108.676 E468.81444
G1 X82.127 Y108.676 E468.96391
G0 F810 X80.225 Y108.676
G0 F9000 X80.225 Y108.476
G0 X80.61 Y108.291
G0 X81.44 Y107.461
;TYPE:SKIN
G1 F480 E469.00542
G1 F2400 X81.44 Y91.882 E469.39404
G1 X81.532 Y91.985 E469.39749
G1 X81.757 Y92.181 E469.40493
G1 X81.757 Y95.045 E469.47637
G1 X81.782 Y95.304 E469.48287
G1 X81.84 Y95.56 E469.48941
G1 X81.944 Y95.835 E469.49675
G1 X82.074 Y96.07 E469.50345
G1 X82.226 Y96.289 E469.5101
G1 X82.407 Y96.485 E469.51675
G1 X82.59 Y96.651 E469.52291
G1 X82.79 Y96.798 E469.52911
G1 X82.997 Y96.924 E469.53515
G1 X83.216 Y97.033 E469.54125
G1 X83.439 Y97.124 E469.54726
G1 X83.668 Y97.196 E469.55325
G1 X83.901 Y97.25 E469.55922
G1 X84.127 Y97.288 E469.56493
G1 X84.365 Y97.314 E469.5709
G1 X84.6 Y97.321 E469.57677
G1 X84.859 Y97.314 E469.58323
G1 X85.278 Y97.256 E469.59378
G1 X85.534 Y97.197 E469.60034
G1 X85.772 Y97.119 E469.60659
G1 X86.042 Y97.007 E469.61388
G1 X86.387 Y96.816 E469.62371
G1 X86.607 Y96.653 E469.63054
G1 X86.795 Y96.485 E469.63683
G1 X86.976 Y96.285 E469.64356
G1 X87.132 Y96.06 E469.65039
G1 X87.26 Y95.824 E469.65709
G1 X87.368 Y95.536 E469.66476
G1 X87.425 Y95.253 E469.67196
G1 X87.442 Y95.034 E469.67744
G1 X87.449 Y92.176 E469.74874
G1 X87.667 Y91.986 E469.75595
G1 X87.76 Y91.881 E469.75945
G1 X87.76 Y107.461 E470.14809
G1 X83.105 Y107.461 E470.26421
G0 F2160 X81.44 Y107.461
G0 F9000 X87.314 Y107.28
G1 F480 E470.30575
G1 F2400 X87.58 Y107.015 E470.31511
G0 F9000 X87.58 Y106.449
G1 F2400 X86.749 Y107.28 E470.34443
G0 F9000 X86.183 Y107.28
G1 F2400 X87.58 Y105.884 E470.39369
G0 F9000 X87.58 Y105.318
G1 F2400 X85.617 Y107.28 E470.46293
G0 F9000 X85.052 Y107.28
G1 F2400 X87.58 Y104.752 E470.55211
G0 F9000 X87.58 Y104.187
G1 F2400 X84.486 Y107.28 E470.66124
G0 F9000 X83.92 Y107.28
G1 F2400 X87.58 Y103.621 E470.79034
G0 F9000 X87.58 Y103.055
G1 F2400 X83.355 Y107.28 E470.93939
G0 F9000 X82.789 Y107.28
G1 F2400 X87.58 Y102.49 E471.10838
G0 F9000 X87.58 Y101.924
G1 F2400 X82.223 Y107.28 E471.29735
G0 F9000 X81.658 Y107.28
G1 F2400 X87.58 Y101.358 E471.50626
G0 F9000 X87.58 Y100.793
G1 F2400 X81.619 Y106.753 E471.71654
G0 F9000 X81.619 Y106.187
G1 F2400 X87.58 Y100.227 E471.92681
G0 F9000 X87.58 Y99.661
G1 F2400 X81.619 Y105.621 E472.13708
G0 F9000 X81.619 Y105.056
G1 F2400 X87.58 Y99.096 E472.34735
G0 F9000 X87.58 Y98.53
G1 F2400 X81.619 Y104.49 E472.55763
G0 F9000 X81.619 Y103.924
G1 F2400 X87.58 Y97.964 E472.7679
G0 F9000 X87.58 Y97.399
G1 F2400 X81.619 Y103.359 E472.97817
G0 F9000 X81.619 Y102.793
G1 F2400 X87.58 Y96.833 E473.18845
G0 F9000 X87.58 Y96.267
G1 F2400 X81.619 Y102.227 E473.39872
G0 F9000 X81.619 Y101.662
G1 F2400 X86.109 Y97.172 E473.55712
G0 F9000 X85.279 Y97.436
G1 F2400 X81.619 Y101.096 E473.68623
G0 F9000 X81.619 Y100.53
G1 F2400 X84.651 Y97.498 E473.79319
G0 F9000 X84.118 Y97.466
G1 F2400 X81.619 Y99.965 E473.88135
G0 F9000 X81.619 Y99.399
G1 F2400 X83.645 Y97.374 E473.95281
G0 F9000 X83.225 Y97.228
G1 F2400 X81.619 Y98.833 E474.00945
G0 F9000 X81.619 Y98.268
G1 F2400 X82.846 Y97.041 E474.05273
G0 F9000 X82.508 Y96.813
G1 F2400 X81.619 Y97.702 E474.08409
G0 F9000 X81.917 Y96.838
G1 F2400 X81.79 Y96.399 E474.10062
G1 X81.69 Y95.933 E474.10918
G0 F9000 X81.762 Y95.862
G0 X84.228 Y96.544
G0 X85.051 Y96.52
G0 X87.447 Y95.834
G1 F2400 X87.58 Y95.701 E474.11388
G0 F9000 X88.192 Y88.925
G0 X88.066 Y88.005
G0 X87.709 Y87.157
G0 X87.138 Y86.424
G0 X86.392 Y85.86
G0 X85.527 Y85.506
G0 X84.599 Y85.385
G0 X84.072 Y85.453
G0 X81.44 Y85.995
G1 F2400 X81.44 Y85.35 E474.12997
G1 X82.215 Y85.35 E474.1493
G1 X81.961 Y85.515 E474.15685
G1 X81.924 Y85.547 E474.15807
G0 F2160 X81.531 Y85.892
G0 X81.44 Y85.995
G0 F9000 X84.12 Y85.419
G0 X86.985 Y85.35
G1 F480 E474.17454
G1 F2400 X87.76 Y85.35 E474.19387
G1 X87.76 Y85.994 E474.20993
G1 X87.667 Y85.889 E474.21343
G1 X87.471 Y85.719 E474.21991
G0 F2160 X87.239 Y85.517
G0 X86.985 Y85.35
G1 F1500 E472.71991
G1 F900 Z4.76
G0 F9000 X86.985 Y85.35 Z4.76
G0 X92.85 Y98.271
;TYPE:WALL-INNER
G1 F900 Z3.76
G1 F480 E474.29751
G1 F1500 X92.85 Y85.297 E474.62115
G1 X99.751 Y85.296 E474.79329
G1 X99.95 Y85.296 E474.79826
G1 X99.95 Y85.495 E474.80147
G1 X99.95 Y98.271 E475.12017
G1 X98.279 Y98.272 E475.16185
G1 X98.08 Y98.272 E475.16682
G1 X98.08 Y98.073 E475.17003
G1 X98.08 Y88.847 E475.40017
G1 X94.721 Y88.847 E475.48396
G1 X94.721 Y98.271 E475.71904
G1 X94.515 Y98.271 E475.72418
G0 F1350 X92.85 Y98.271
G0 F9000 X92.45 Y98.671
G1 F480 E475.76572
G1 F1500 X92.45 Y84.897 E476.10931
G1 X100.151 Y84.896 E476.30141
G1 X100.35 Y84.896 E476.30638
G1 X100.35 Y85.095 E476.30959
G1 X100.35 Y98.671 E476.64824
G1 X97.879 Y98.672 E476.70988
G1 X97.68 Y98.672 E476.71485
G1 X97.68 Y98.473 E476.71806
G1 X97.68 Y89.247 E476.9482
G1 X95.121 Y89.247 E477.01204
G1 X95.121 Y98.671 E477.24712
G1 X94.115 Y98.671 E477.27221
G0 F1350 X92.45 Y98.671
G0 F9000 X92.025 Y99.096
;TYPE:WALL-OUTER
G1 F480 E477.31375
G1 F900 X92.025 Y84.472 E477.63294
G1 X100.6 Y84.471 E477.82011
G1 X100.775 Y84.471 E477.82393
G1 X100.775 Y84.646 E477.8264
G1 X100.775 Y99.096 E478.1418
G1 X97.43 Y99.097 E478.21481
G1 X97.255 Y99.097 E478.21863
G1 X97.255 Y98.922 E478.2211
G1 X97.255 Y89.672 E478.423
G1 X95.546 Y89.672 E478.46031
G1 X95.546 Y99.096 E478.666
G1 X93.927 Y99.096 E478.70134
G0 F810 X92.025 Y99.096
G0 F9000 X92.025 Y98.896
G0 X92.41 Y98.711
G0 X93.209 Y95.438
;TYPE:FILL
G1 F480 E478.74286
G1 F3000 X94.36 Y96.589 E478.78346
G1 X94.36 Y96.408 E478.78798
G1 X93.209 Y97.559 E478.82858
G1 X93.209 Y93.789 E478.92262
G1 X94.36 Y92.638 E478.96323
G1 X94.36 Y92.819 E478.96774
G1 X93.209 Y91.667 E479.00837
G1 X93.209 Y90.018 E479.0495
G1 X94.36 Y88.867 E479.0901
G1 X94.36 Y89.048 E479.09462
G1 X93.209 Y87.897 E479.13522
G1 X93.209 Y86.248 E479.17636
G1 X93.801 Y85.656 E479.19724
G1 X94.739 Y85.657 E479.22064
G1 X97.569 Y88.487 E479.32048
G1 X94.74 Y88.487 E479.39105
G1 X97.572 Y85.656 E479.49094
G1 X98.509 Y85.656 E479.51431
G1 X99.589 Y86.737 E479.55243
G1 X99.588 Y87.409 E479.56919
G1 X98.439 Y88.559 E479.60974
G1 X98.439 Y89.357 E479.62965
G1 X99.589 Y90.507 E479.67022
G1 X99.588 Y91.18 E479.68701
G1 X98.439 Y92.329 E479.72754
G1 X98.439 Y93.127 E479.74745
G1 X99.589 Y94.277 E479.78802
G1 X99.588 Y94.95 E479.8048
G1 X98.439 Y96.1 E479.84536
G1 X98.44 Y97.912 E479.89056
G1 X99.452 Y97.91 E479.9158
G1 X98.439 Y96.897 E479.95154
G1 F1500 E478.45154
G1 F900 Z4.76
G0 F9000 X98.439 Y96.897 Z4.76
G0 X82.844 Y95.787
;TIME_ELAPSED:1019.348531
;LAYER:24
G0 X82.844 Y95.787 Z4.91
;TYPE:WALL-INNER
G1 F900 Z3.91
G1 F480 E480.0139
G1 F1500 X82.964 Y95.917 E480.01831
G1 X83.091 Y96.032 E480.02259
G1 X83.23 Y96.135 E480.0269
G1 X83.38 Y96.226 E480.03128
G1 X83.54 Y96.306 E480.03574
G1 X83.707 Y96.373 E480.04023
G1 X83.878 Y96.427 E480.0447
G1 X84.055 Y96.469 E480.04924
G1 X84.233 Y96.498 E480.05374
G1 X84.422 Y96.518 E480.05848
G1 X84.6 Y96.524 E480.06292
G1 X84.793 Y96.518 E480.06774
G1 X85.136 Y96.471 E480.07638
G1 X85.321 Y96.428 E480.08111
G1 X85.497 Y96.373 E480.08571
G1 X85.675 Y96.299 E480.09052
G1 X85.823 Y96.224 E480.09466
G1 X85.969 Y96.136 E480.09891
G1 X86.109 Y96.033 E480.10325
G1 X86.237 Y95.918 E480.10754
G1 X86.356 Y95.786 E480.11197
G1 X86.459 Y95.638 E480.11647
G1 X86.54 Y95.489 E480.1207
G1 X86.606 Y95.312 E480.12542
G1 X86.641 Y95.139 E480.12982
G1 X86.652 Y94.996 E480.1334
G1 X86.661 Y91.786 E480.21347
G1 X86.761 Y91.721 E480.21645
G1 X87.111 Y91.416 E480.22803
G1 X87.419 Y91.068 E480.23962
G1 X87.688 Y90.662 E480.25177
G1 X87.888 Y90.264 E480.26288
G1 X88.035 Y89.826 E480.2744
G1 X88.123 Y89.388 E480.28555
G1 X88.152 Y88.932 E480.29695
G1 X88.152 Y88.916 E480.29734
G1 X88.152 Y88.901 E480.29772
G1 X88.123 Y88.47 E480.30849
G1 X88.027 Y88.005 E480.32034
G1 X87.881 Y87.582 E480.3315
G1 X87.66 Y87.148 E480.34365
G1 X87.408 Y86.778 E480.35482
G1 X87.11 Y86.444 E480.36598
G1 X86.758 Y86.139 E480.3776
G1 X86.349 Y85.876 E480.38973
G1 X85.947 Y85.682 E480.40087
G1 X85.502 Y85.533 E480.41257
G1 X85.036 Y85.444 E480.42441
G1 X84.582 Y85.418 E480.43575
G1 X84.111 Y85.452 E480.44753
G1 X83.668 Y85.541 E480.4588
G1 X83.243 Y85.684 E480.46999
G1 X82.825 Y85.887 E480.48158
G1 X82.42 Y86.158 E480.49373
G1 X82.08 Y86.454 E480.50498
G1 X81.769 Y86.812 E480.51681
G1 X81.524 Y87.173 E480.52769
G1 X81.309 Y87.608 E480.5398
G1 X81.168 Y88.019 E480.55064
G1 X81.077 Y88.469 E480.56209
G1 X81.048 Y88.89 E480.57261
G1 X81.046 Y88.934 E480.57371
G1 X81.048 Y88.973 E480.57469
G1 X81.082 Y89.422 E480.58592
G1 X81.173 Y89.857 E480.59701
G1 X81.317 Y90.278 E480.60811
G1 X81.525 Y90.69 E480.61962
G1 X81.783 Y91.07 E480.63108
G1 X82.089 Y91.415 E480.64258
G1 X82.439 Y91.72 E480.65416
G1 X82.547 Y91.791 E480.65738
G1 X82.547 Y94.188 E480.71718
G0 F1350 X82.547 Y94.997
G0 X82.561 Y95.159
G0 X82.598 Y95.323
G0 X82.664 Y95.497
G0 X82.748 Y95.648
G0 X82.844 Y95.787
G0 F9000 X83.177 Y95.521
;TYPE:WALL-OUTER
G1 F480 E480.75871
G1 F900 X83.263 Y95.615 E480.76149
G1 X83.36 Y95.702 E480.76434
G1 X83.468 Y95.782 E480.76727
G1 X83.586 Y95.854 E480.77029
G1 X83.714 Y95.918 E480.77341
G1 X83.85 Y95.972 E480.7766
G1 X83.992 Y96.017 E480.77986
G1 X84.139 Y96.052 E480.78315
G1 X84.29 Y96.077 E480.78649
G1 X84.451 Y96.094 E480.79003
G1 X84.6 Y96.099 E480.79328
G1 X84.758 Y96.094 E480.79673
G1 X85.059 Y96.053 E480.80336
G1 X85.208 Y96.018 E480.8067
G1 X85.351 Y95.973 E480.80998
G1 X85.498 Y95.912 E480.81345
G1 X85.618 Y95.852 E480.81638
G1 X85.732 Y95.783 E480.81929
G1 X85.84 Y95.703 E480.82222
G1 X85.937 Y95.616 E480.82506
G1 X86.023 Y95.521 E480.82786
G1 X86.097 Y95.415 E480.83068
G1 X86.152 Y95.313 E480.83321
G1 X86.196 Y95.195 E480.83596
G1 X86.219 Y95.08 E480.83852
G1 X86.227 Y94.979 E480.84073
G1 X86.237 Y91.556 E480.91545
G1 X86.504 Y91.381 E480.92241
G1 X86.811 Y91.114 E480.9313
G1 X87.081 Y90.809 E480.94019
G1 X87.32 Y90.448 E480.94964
G1 X87.495 Y90.1 E480.95814
G1 X87.624 Y89.716 E480.96698
G1 X87.701 Y89.333 E480.97551
G1 X87.726 Y88.917 E480.9846
G1 X87.701 Y88.527 E480.99313
G1 X87.616 Y88.118 E481.00225
G1 X87.489 Y87.748 E481.01079
G1 X87.294 Y87.365 E481.02017
G1 X87.072 Y87.04 E481.02876
G1 X86.811 Y86.747 E481.03733
G1 X86.503 Y86.48 E481.04622
G1 X86.141 Y86.247 E481.05562
G1 X85.787 Y86.076 E481.0642
G1 X85.395 Y85.945 E481.07322
G1 X84.984 Y85.867 E481.08235
G1 X84.585 Y85.844 E481.09108
G1 X84.168 Y85.874 E481.1002
G1 X83.778 Y85.952 E481.10888
G1 X83.404 Y86.078 E481.1175
G1 X83.037 Y86.256 E481.1264
G1 X82.679 Y86.496 E481.13581
G1 X82.381 Y86.755 E481.14443
G1 X82.106 Y87.072 E481.15359
G1 X81.892 Y87.387 E481.1619
G1 X81.702 Y87.772 E481.17127
G1 X81.579 Y88.131 E481.17955
G1 X81.499 Y88.526 E481.18835
G1 X81.472 Y88.932 E481.19723
G1 X81.504 Y89.362 E481.20664
G1 X81.584 Y89.744 E481.21516
G1 X81.71 Y90.113 E481.22367
G1 X81.892 Y90.474 E481.23249
G1 X82.119 Y90.809 E481.24133
G1 X82.389 Y91.113 E481.2502
G1 X82.696 Y91.381 E481.2591
G1 X82.972 Y91.562 E481.2663
G1 X82.972 Y93.665 E481.3122
G0 F810 X82.972 Y94.979
G0 X82.982 Y95.094
G0 X83.006 Y95.201
G0 X83.05 Y95.317
G0 X83.109 Y95.423
G0 X83.177 Y95.521
G0 F9000 X83.263 Y95.615
G0 X83.317 Y95.663
G0 X83.059 Y95.95
G0 X82.965 Y96.052
G0 X82.56 Y95.334
G0 X81.043 Y89.427
G0 X81.05 Y87.23
;TYPE:WALL-INNER
G1 F480 E481.35372
G1 F1500 X81.05 Y86.971 E481.36018
G1 X81.05 Y86.53 E481.37118
G1 X81.05 Y84.952 E481.41054
G1 X83.009 Y84.952 E481.45941
G1 X83.091 Y84.952 E481.46146
G1 X83.564 Y84.952 E481.47326
G1 X84.057 Y84.952 E481.48555
G1 X84.579 Y84.952 E481.49857
G1 X85.085 Y84.952 E481.5112
G1 X85.603 Y84.952 E481.52412
G1 X86.098 Y84.952 E481.53647
G1 X86.185 Y84.952 E481.53864
G1 X88.15 Y84.952 E481.58765
G1 X88.15 Y86.532 E481.62707
G1 X88.15 Y86.944 E481.63734
G1 X88.15 Y87.229 E481.64445
G1 X88.005 Y86.944 E481.64641
G1 X87.773 Y86.604 E481.65356
G1 X87.724 Y86.531 E481.65575
G1 X87.391 Y86.159 E481.6682
G1 X86.998 Y85.818 E481.68118
G1 X86.545 Y85.526 E481.69463
G1 X86.176 Y85.348 E481.70485
G1 X86.098 Y85.311 E481.7069
G1 X85.603 Y85.145 E481.71606
G1 X85.085 Y85.046 E481.72091
G1 X84.579 Y85.017 E481.72342
G1 X84.057 Y85.055 E481.72619
G1 X83.564 Y85.154 E481.73109
G1 X83.091 Y85.313 E481.74002
G1 X83.018 Y85.348 E481.74194
G1 X82.625 Y85.539 E481.75284
G1 X82.176 Y85.84 E481.76633
G1 X81.796 Y86.171 E481.7789
G1 X81.451 Y86.568 E481.79202
G1 X81.425 Y86.606 E481.79317
G1 X81.178 Y86.971 E481.80059
G1 X81.05 Y87.23 E481.8022
G0 F9000 X80.65 Y88.889
G1 F1500 X80.65 Y84.552 E481.91038
G1 X88.55 Y84.552 E482.10745
G1 X88.55 Y88.901 E482.21594
G1 X88.55 Y88.916 E482.21631
G1 X88.55 Y88.932 E482.21671
G1 X88.55 Y108.242 E482.6984
G1 X80.65 Y108.242 E482.89547
G1 X80.65 Y88.974 E483.37611
G1 X80.65 Y88.934 E483.3771
G1 X80.65 Y88.889 E483.37822
G0 F9000 X81.05 Y90.637
G1 F1500 X81.18 Y90.893 E483.38538
G1 X81.425 Y91.254 E483.39627
G1 X81.467 Y91.316 E483.39813
G1 X81.807 Y91.7 E483.41093
G1 X82.147 Y91.996 E483.42217
G1 X82.147 Y95.014 E483.49746
G1 X82.165 Y95.221 E483.50264
G1 X82.214 Y95.439 E483.50821
G1 X82.3 Y95.666 E483.51427
G1 X82.408 Y95.859 E483.51979
G1 X82.531 Y96.038 E483.5252
G1 X82.682 Y96.201 E483.53075
G1 X82.837 Y96.342 E483.53597
G1 X83.007 Y96.467 E483.54124
G1 X83.186 Y96.576 E483.54647
G1 X83.376 Y96.671 E483.55176
G1 X83.572 Y96.75 E483.55704
G1 X83.771 Y96.813 E483.56224
G1 X83.977 Y96.861 E483.56752
G1 X83.988 Y96.862 E483.56779
G1 X84.18 Y96.895 E483.57265
G1 X84.394 Y96.917 E483.57802
G1 X84.599 Y96.924 E483.58314
G1 X84.826 Y96.917 E483.5888
G1 X85.209 Y96.865 E483.59844
G1 X85.426 Y96.814 E483.604
G1 X85.634 Y96.749 E483.60944
G1 X85.842 Y96.663 E483.61506
G1 X86.017 Y96.574 E483.61995
G1 X86.191 Y96.469 E483.62502
G1 X86.362 Y96.344 E483.63031
G1 X86.52 Y96.201 E483.63562
G1 X86.67 Y96.035 E483.6412
G1 X86.8 Y95.848 E483.64688
G1 X86.905 Y95.655 E483.65237
G1 X86.992 Y95.422 E483.65857
G1 X87.038 Y95.194 E483.66437
G1 X87.052 Y95.012 E483.66892
G1 X87.06 Y91.991 E483.74428
G1 X87.393 Y91.701 E483.7553
G1 X87.737 Y91.312 E483.76825
G1 X87.775 Y91.255 E483.76996
G1 X88.035 Y90.863 E483.7817
G1 X88.15 Y90.634 E483.78809
G1 X88.15 Y90.863 E483.78876
G1 X88.15 Y91.333 E483.79649
G1 X88.15 Y107.842 E484.20831
G1 X81.05 Y107.842 E484.38542
G1 X81.05 Y91.33 E484.79731
G1 X81.05 Y90.893 E484.80471
G1 X81.05 Y90.637 E484.80558
G1 F1500 E483.30558
G0 F9000 X80.72 Y108.172
G0 X80.225 Y108.667
;TYPE:WALL-OUTER
G1 F480 E484.86794
G1 F900 X80.225 Y84.127 E485.40358
G1 X88.975 Y84.127 E485.59456
G1 X88.975 Y108.667 E486.1302
G1 X82.127 Y108.667 E486.27967
G0 F810 X80.225 Y108.667
G0 F9000 X80.225 Y108.467
G0 X80.61 Y108.282
G0 X81.44 Y107.452
;TYPE:SKIN
G1 F480 E486.32118
G1 F2400 X81.44 Y91.873 E486.7098
G1 X81.532 Y91.977 E486.71327
G1 X81.757 Y92.173 E486.72071
G1 X81.757 Y95.031 E486.792
G1 X81.779 Y95.281 E486.79826
G1 X81.84 Y95.552 E486.80519
G1 X81.945 Y95.832 E486.81265
G1 X82.076 Y96.065 E486.81932
G1 X82.225 Y96.282 E486.82589
G1 X82.407 Y96.478 E486.83256
G1 X82.59 Y96.644 E486.83872
G1 X82.79 Y96.791 E486.84491
G1 X82.997 Y96.917 E486.85096
G1 X83.216 Y97.026 E486.85706
G1 X83.439 Y97.117 E486.86307
G1 X83.668 Y97.189 E486.86906
G1 X83.901 Y97.243 E486.87502
G1 X84.127 Y97.281 E486.88074
G1 X84.367 Y97.307 E486.88676
G1 X84.599 Y97.314 E486.89255
G1 X84.859 Y97.307 E486.89904
G1 X85.28 Y97.249 E486.90964
G1 X85.529 Y97.19 E486.91602
G1 X85.767 Y97.116 E486.92224
G1 X86.005 Y97.018 E486.92866
G1 X86.206 Y96.915 E486.9343
G1 X86.408 Y96.794 E486.94017
G1 X86.608 Y96.647 E486.94636
G1 X86.796 Y96.478 E486.95267
G1 X86.976 Y96.278 E486.95938
G1 X87.132 Y96.053 E486.96621
G1 X87.26 Y95.817 E486.97291
G1 X87.368 Y95.529 E486.98058
G1 X87.425 Y95.248 E486.98773
G1 X87.442 Y95.028 E486.99324
G1 X87.45 Y92.168 E487.06458
G1 X87.668 Y91.978 E487.07179
G1 X87.76 Y91.874 E487.07526
G1 X87.76 Y107.452 E487.46385
G1 X83.105 Y107.452 E487.57997
G0 F2160 X81.44 Y107.452
G0 F9000 X81.815 Y107.27
G1 F480 E487.6215
G1 F2400 X81.619 Y107.075 E487.6284
G0 F9000 X81.619 Y106.51
G1 F2400 X82.38 Y107.27 E487.65523
G0 F9000 X82.946 Y107.27
G1 F2400 X81.619 Y105.944 E487.70203
G0 F9000 X81.619 Y105.378
G1 F2400 X83.512 Y107.27 E487.76879
G0 F9000 X84.077 Y107.27
G1 F2400 X81.619 Y104.813 E487.85548
G0 F9000 X81.619 Y104.247
G1 F2400 X84.643 Y107.27 E487.96215
G0 F9000 X85.209 Y107.27
G1 F2400 X81.619 Y103.681 E488.08877
G0 F9000 X81.619 Y103.115
G1 F2400 X85.774 Y107.27 E488.23535
G0 F9000 X86.34 Y107.27
G1 F2400 X81.619 Y102.55 E488.40188
G0 F9000 X81.619 Y101.984
G1 F2400 X86.906 Y107.27 E488.58838
G0 F9000 X87.471 Y107.27
G1 F2400 X81.619 Y101.418 E488.79482
G0 F9000 X81.619 Y100.853
G1 F2400 X87.58 Y106.813 E489.0051
G0 F9000 X87.58 Y106.247
G1 F2400 X81.619 Y100.287 E489.21537
G0 F9000 X81.619 Y99.721
G1 F2400 X87.58 Y105.682 E489.42566
G0 F9000 X87.58 Y105.116
G1 F2400 X81.619 Y99.156 E489.63593
G0 F9000 X81.619 Y98.59
G1 F2400 X87.58 Y104.55 E489.8462
G0 F9000 X87.58 Y103.985
G1 F2400 X81.619 Y98.024 E490.05649
G0 F9000 X81.619 Y97.459
G1 F2400 X87.58 Y103.419 E490.26677
G0 F9000 X87.58 Y102.853
G1 F2400 X81.619 Y96.893 E490.47704
G0 F9000 X81.619 Y96.327
G1 F2400 X87.58 Y102.287 E490.68731
G0 F9000 X87.58 Y101.722
G1 F2400 X82.953 Y97.095 E490.85054
G0 F9000 X83.835 Y97.412
G1 F2400 X87.58 Y101.156 E490.98264
G0 F9000 X87.58 Y100.59
G1 F2400 X84.479 Y97.49 E491.09202
G0 F9000 X85.021 Y97.466
G1 F2400 X87.58 Y100.025 E491.18229
G0 F9000 X87.58 Y99.459
G1 F2400 X85.502 Y97.382 E491.25558
G0 F9000 X85.929 Y97.242
G1 F2400 X87.58 Y98.893 E491.31383
G0 F9000 X87.58 Y98.328
G1 F2400 X86.312 Y97.061 E491.35854
G0 F9000 X86.653 Y96.836
G1 F2400 X87.58 Y97.762 E491.39123
G0 F9000 X87.58 Y97.196
G1 F2400 X86.954 Y96.57 E491.41331
G0 F9000 X87.394 Y96.445
G1 F2400 X87.498 Y95.983 E491.42276
G0 F9000 X87.416 Y95.902
G0 X85.143 Y96.51
G0 X84.32 Y96.534
G0 X81.8 Y95.942
G1 F2400 X81.619 Y95.762 E491.42913
G0 F9000 X81.006 Y88.934
G0 X81.44 Y85.985
G1 F2400 X81.44 Y85.342 E491.44517
G1 X82.218 Y85.342 E491.46458
G1 X81.938 Y85.53 E491.47299
G1 X81.928 Y85.539 E491.47332
G0 F2160 X81.519 Y85.894
G0 X81.44 Y85.985
G0 F9000 X84.106 Y85.413
G0 X86.979 Y85.342
G1 F480 E491.48984
G1 F2400 X87.76 Y85.342 E491.50932
G1 X87.76 Y85.986 E491.52538
G1 X87.666 Y85.88 E491.52892
G1 X87.468 Y85.71 E491.53543
G0 F2160 X87.232 Y85.506
G0 X86.979 Y85.342
G1 F1500 E490.03543
G1 F900 Z4.91
G0 F9000 X86.979 Y85.342 Z4.91
G0 X92.85 Y98.268
;TYPE:WALL-INNER
G1 F900 Z3.91
G1 F480 E491.61308
G1 F1500 X92.85 Y85.294 E491.93672
G1 X99.751 Y85.293 E492.10887
G1 X99.95 Y85.293 E492.11383
G1 X99.95 Y85.492 E492.11704
G1 X99.95 Y98.268 E492.43574
G1 X97.9 Y98.268 E492.48688
G1 X97.9 Y88.847 E492.72189
G1 X94.901 Y88.847 E492.7967
G1 X94.901 Y98.268 E493.0317
G1 X94.515 Y98.268 E493.04133
G0 F1350 X92.85 Y98.268
G0 F9000 X92.45 Y98.668
G1 F480 E493.08287
G1 F1500 X92.45 Y84.894 E493.42646
G1 X100.151 Y84.893 E493.61856
G1 X100.35 Y84.893 E493.62353
G1 X100.35 Y85.092 E493.62674
G1 X100.35 Y98.668 E493.96539
G1 X97.5 Y98.668 E494.03649
G1 X97.5 Y89.247 E494.27149
G1 X95.301 Y89.247 E494.32635
G1 X95.301 Y98.668 E494.56136
G1 X94.115 Y98.668 E494.59094
G0 F1350 X92.45 Y98.668
G0 F9000 X92.025 Y99.093
;TYPE:WALL-OUTER
G1 F480 E494.63247
G1 F900 X92.025 Y84.469 E494.95167
G1 X100.6 Y84.468 E495.13884
G1 X100.775 Y84.468 E495.14266
G1 X100.775 Y84.643 E495.14513
G1 X100.775 Y99.093 E495.46053
G1 X97.075 Y99.093 E495.54129
G1 X97.075 Y89.672 E495.74692
G1 X95.726 Y89.672 E495.77637
G1 X95.726 Y99.093 E495.982
G1 X93.927 Y99.093 E496.02126
G0 F810 X92.025 Y99.093
G0 F9000 X92.025 Y98.893
G0 X92.41 Y98.708
G0 X93.209 Y95.438
;TYPE:FILL
G1 F480 E496.06278
G1 F3000 X94.54 Y96.769 E496.10973
G1 X94.54 Y96.228 E496.12323
G1 X93.21 Y97.558 E496.17015
G1 X93.21 Y93.788 E496.26419
G1 X94.54 Y92.458 E496.31111
G1 X94.54 Y92.999 E496.32461
G1 X93.208 Y91.667 E496.3716
G1 X93.209 Y90.018 E496.41273
G1 X94.54 Y88.688 E496.45967
G1 X94.54 Y89.229 E496.47316
G1 X93.208 Y87.896 E496.52017
G1 X93.209 Y86.248 E496.56128
G1 X93.804 Y85.653 E496.58227
G1 X94.736 Y85.653 E496.60552
G1 X97.569 Y88.487 E496.70548
G1 X94.74 Y88.487 E496.77605
G1 X97.575 Y85.653 E496.87604
G1 X98.506 Y85.653 E496.89927
G1 X99.589 Y86.737 E496.93749
G1 X99.588 Y87.409 E496.95425
G1 X98.259 Y88.739 E497.00116
G1 X98.258 Y89.176 E497.01206
G1 X99.589 Y90.507 E497.05901
G1 X99.588 Y91.18 E497.0758
G1 X98.259 Y92.509 E497.12268
G1 X98.258 Y92.947 E497.13361
G1 X99.589 Y94.277 E497.18055
G1 X99.588 Y94.95 E497.19733
G1 X98.259 Y96.279 E497.24422
G1 X98.26 Y97.908 E497.28485
G1 X99.449 Y97.908 E497.31451
G1 X98.258 Y96.717 E497.35653
G1 F1500 E495.85653
G1 F900 Z4.91
G0 F9000 X98.258 Y96.717 Z4.91
G0 X81.182 Y106.988
;TIME_ELAPSED:1058.751522
;LAYER:25
G0 X81.182 Y106.988 Z5.06
;TYPE:WALL-INNER
G1 F900 Z4.06
G1 F480 E497.41889
G1 F1055.3 X87.906 Y106.985 E497.58662
G1 X88.032 Y106.985 E497.58977
G1 X88.076 Y107.014 E497.59108
G1 X88.125 Y107.048 E497.59257
G1 X88.15 Y107.074 E497.59347
G1 X88.15 Y107.2 E497.59661
G1 X88.15 Y107.834 E497.61243
G1 X81.801 Y107.834 E497.7708
G0 F949.7 X81.05 Y107.834
G0 X81.05 Y107.081
G0 X81.182 Y106.988
G0 F9000 X80.906 Y106.693
G1 F480 E497.81234
G1 F1055.3 X81.055 Y106.588 E497.81688
G1 X88.152 Y106.585 E497.99392
G1 X88.3 Y106.684 E497.99836
G1 X88.319 Y106.673 E497.99891
G1 X88.55 Y106.913 E498.00722
G1 X88.55 Y108.234 E498.04017
G1 X80.65 Y108.234 E498.23724
G1 X80.65 Y108.214 E498.23773
G0 F949.7 X80.65 Y106.891
G0 X80.802 Y106.74
G0 X80.879 Y106.678
G0 X80.906 Y106.693
G0 F9000 X80.674 Y106.266
;TYPE:WALL-OUTER
G1 F480 E498.27927
G1 F633.2 X80.708 Y106.232 E498.28032
G1 X80.719 Y106.221 E498.28066
G1 X80.724 Y106.229
G1 X80.773 Y106.188 E498.2814
G1 X80.79 Y106.203 E498.28189
G1 X80.837 Y106.165 E498.28321
G1 X80.881 Y106.19 E498.28432
G1 X80.936 Y106.151 E498.28579
G1 X81.025 Y106.163 E498.28775
G1 X88.214 Y106.16 E498.44466
G1 X88.264 Y106.148 E498.44578
G1 X88.322 Y106.187 E498.44731
G1 X88.362 Y106.165 E498.44831
G1 X88.41 Y106.203 E498.44964
G1 X88.427 Y106.188 E498.45014
G1 X88.474 Y106.227 E498.45147
G1 X88.477 Y106.222 E498.4516
G1 X88.486 Y106.231 E498.4517
G1 X88.524 Y106.271 E498.45235
G1 X88.53 Y106.255
G1 X88.537 Y106.236
G1 X88.572 Y106.15 E498.4533
G1 X88.698 Y106.148 E498.45605
G1 X88.772 Y106.147 E498.45767
G1 X88.841 Y106.155 E498.45918
G1 X88.975 Y106.156 E498.46211
G1 X88.975 Y106.23 E498.46372
G1 X88.975 Y108.659 E498.51674
G1 X80.225 Y108.659 E498.70773
G1 X80.225 Y106.158 E498.76232
G1 X80.337 Y106.159 E498.76476
G1 X80.431 Y106.147 E498.76683
G1 X80.604 Y106.147 E498.77061
G1 X80.629 Y106.153 E498.77117
G1 X80.66 Y106.232 E498.77203
G1 X80.664 Y106.242
G1 X80.668 Y106.252
G1 X80.674 Y106.266
G0 F9000 X80.708 Y106.232
G0 X80.719 Y106.221
G0 X80.724 Y106.229
G0 X80.773 Y106.188
G0 X80.79 Y106.203
G0 X80.823 Y106.176
G0 X81.064 Y106.548
G0 X81.44 Y107.378
;TYPE:SKIN
G1 F1688.4 X87.76 Y107.375 E498.92969
G1 X87.76 Y107.444 E498.93141
G1 X83.039 Y107.444 E499.04917
G0 F1519.6 X81.44 Y107.444
G0 X81.44 Y107.378
G1 F1500 E497.54917
G1 F900 Z5.06
G0 F9000 X81.44 Y107.378 Z5.06
G0 X92.85 Y98.264
;TYPE:WALL-INNER
G1 F900 Z4.06
G1 F480 E499.15307
G1 F1055.3 X92.85 Y85.291 E499.47668
G1 X99.751 Y85.29 E499.64883
G1 X99.95 Y85.29 E499.65379
G1 X99.95 Y85.489 E499.65701
G1 X99.95 Y98.264 E499.97568
G1 X97.724 Y98.265 E500.03121
G1 X97.525 Y98.265 E500.03617
G1 X97.525 Y98.066 E500.03938
G1 X97.525 Y88.847 E500.26935
G1 X95.276 Y88.847 E500.32545
G1 X95.276 Y98.066 E500.55542
G1 X95.276 Y98.265 E500.56039
G1 X95.077 Y98.265 E500.5636
G1 X92.85 Y98.264 E500.61915
G0 F9000 X92.45 Y98.664
G1 F1055.3 X92.45 Y84.891 E500.96272
G1 X100.151 Y84.89 E501.15482
G1 X100.35 Y84.89 E501.15979
G1 X100.35 Y85.089 E501.163
G1 X100.35 Y98.664 E501.50163
G1 X97.324 Y98.665 E501.57711
G1 X97.125 Y98.665 E501.58208
G1 X97.125 Y98.466 E501.58529
G1 X97.125 Y89.247 E501.81526
G1 X95.676 Y89.247 E501.8514
G1 X95.676 Y98.466 E502.08137
G1 X95.676 Y98.665 E502.08633
G1 X95.477 Y98.665 E502.08955
G1 X92.45 Y98.664 E502.16505
G0 F9000 X92.025 Y99.089
;TYPE:WALL-OUTER
G1 F633.2 X92.025 Y84.466 E502.48423
G1 X100.6 Y84.465 E502.6714
G1 X100.775 Y84.465 E502.67522
G1 X100.775 Y84.64 E502.67769
G1 X100.775 Y99.089 E502.99307
G1 X96.875 Y99.09 E503.07819
G1 X96.7 Y99.09 E503.08201
G1 X96.7 Y98.915 E503.08448
G1 X96.7 Y89.672 E503.28623
G1 X96.101 Y89.672 E503.2993
G1 X96.101 Y98.915 E503.50105
G1 X96.101 Y99.09 E503.50487
G1 X95.926 Y99.09 E503.50734
G1 X92.025 Y99.089 E503.59249
G0 F9000 X92.025 Y98.889
G0 X92.41 Y98.705
G0 X92.52 Y98.594
G0 X95.648 Y89.219
G0 X98.502 Y85.65
;TYPE:FILL
G1 F2110.5 X99.589 Y86.737 E503.63084
G1 X99.589 Y87.409 E503.6476
G1 X97.884 Y89.113 E503.70773
G1 X97.884 Y92.572 E503.79402
G1 X99.589 Y94.277 E503.85416
G1 X99.589 Y94.949 E503.87093
G1 X97.884 Y96.654 E503.93108
G1 X97.885 Y97.905 E503.96228
G1 X99.445 Y97.903 E504.0012
G1 X97.884 Y96.342 E504.05626
G1 X97.884 Y92.884 E504.14252
G1 X99.589 Y91.179 E504.20267
G1 X99.589 Y90.507 E504.21944
G1 X97.884 Y88.802 E504.27958
G1 X97.885 Y88.487 E504.28744
G1 X97.568 Y88.486 E504.29535
G1 X94.732 Y85.65 E504.3954
G1 X93.808 Y85.649 E504.41845
G1 X93.21 Y86.247 E504.43954
G1 X93.209 Y87.897 E504.4807
G1 X94.915 Y89.603 E504.54089
G1 X94.914 Y92.083 E504.60275
G1 X93.21 Y93.788 E504.66288
G1 X93.209 Y95.438 E504.70404
G1 X94.916 Y97.145 E504.76426
G1 X94.916 Y97.905 E504.78322
G1 X93.21 Y97.904 E504.82577
G1 X93.21 Y97.558 E504.8344
G1 X94.915 Y95.853 E504.89455
G1 X94.916 Y93.374 E504.95639
G1 X93.209 Y91.667 E505.01661
G1 X93.21 Y90.018 E505.05775
G1 X97.578 Y85.649 E505.21186
G1 X99.59 Y85.65 E505.26205
G0 F9000 X95.648 Y89.219
G0 X92.85 Y98.261
;TIME_ELAPSED:1082.327239
;LAYER:26
G0 X92.85 Y98.261 Z4.21
;TYPE:WALL-INNER
G1 F757.5 X92.85 Y85.287 E505.58568
G1 X99.751 Y85.286 E505.75783
G1 X99.95 Y85.286 E505.76279
G1 X99.95 Y85.485 E505.76601
G1 X99.95 Y98.261 E506.0847
G1 X94.515 Y98.261 E506.22028
G0 F681.8 X92.85 Y98.261
G0 F9000 X92.45 Y98.661
G1 F480 E506.26181
G1 F757.5 X92.45 Y84.887 E506.60541
G1 X100.151 Y84.886 E506.79751
G1 X100.35 Y84.886 E506.80247
G1 X100.35 Y85.085 E506.80569
G1 X100.35 Y98.661 E507.14434
G1 X94.115 Y98.661 E507.29987
G0 F681.8 X92.45 Y98.661
G0 F9000 X92.025 Y99.086
;TYPE:WALL-OUTER
G1 F480 E507.34141
G1 F454.5 X92.025 Y84.462 E507.6606
G1 X100.6 Y84.461 E507.84777
G1 X100.775 Y84.461 E507.85159
G1 X100.775 Y84.636 E507.85406
G1 X100.775 Y99.086 E508.16946
G1 X93.927 Y99.086 E508.31893
G0 F409.1 X92.025 Y99.086
G0 F9000 X92.025 Y98.886
G0 X92.41 Y98.701
G0 X93.208 Y95.437
;TYPE:FILL
G1 F480 E508.36045
G1 F1515 X94.318 Y96.546 E508.39959
G1 X94.317 Y96.451 E508.40196
G1 X93.209 Y97.559 E508.44105
G1 X93.209 Y93.789 E508.53509
G1 X94.317 Y92.681 E508.57418
G1 X94.318 Y92.776 E508.57655
G1 X93.208 Y91.667 E508.61569
G1 X93.209 Y90.018 E508.65682
G1 X94.317 Y88.91 E508.69591
G1 X94.318 Y89.006 E508.6983
G1 X93.208 Y87.896 E508.73746
G1 X93.209 Y86.248 E508.77857
G1 X93.811 Y85.646 E508.79981
G1 X94.728 Y85.646 E508.82268
G1 X97.769 Y88.687 E508.92996
G1 X94.54 Y88.687 E509.01051
G1 X97.582 Y85.646 E509.11781
G1 X98.499 Y85.646 E509.14068
G1 X99.589 Y86.737 E509.17915
G1 X99.588 Y87.409 E509.19592
G1 X98.311 Y88.687 E509.24098
G1 X98.483 Y88.687 E509.24527
G1 X98.482 Y89.4 E509.26306
G1 X99.589 Y90.507 E509.30211
G1 X99.588 Y91.18 E509.3189
G1 X98.482 Y92.286 E509.35792
G1 X98.482 Y93.17 E509.37997
G1 X99.589 Y94.277 E509.41902
G1 X99.588 Y94.95 E509.43581
G1 X98.482 Y96.056 E509.47483
G1 X98.483 Y97.901 E509.52085
G1 X99.442 Y97.901 E509.54477
G1 X98.482 Y96.94 E509.57866
G0 F9000 X98.333 Y97.871
;TYPE:SKIN
G1 F1212 X94.468 Y97.871 E509.67507
G1 X94.468 Y88.837 E509.90042
G1 X98.333 Y88.837 E509.99684
G1 X98.333 Y96.206 E510.18066
G0 F1090.8 X98.333 Y97.871
G0 F9000 X94.861 Y97.69
G1 F480 E510.22219
G1 F1212 X94.647 Y97.476 E510.22974
G0 F9000 X94.647 Y96.91
G1 F1212 X95.427 Y97.69 E510.25726
G0 F9000 X95.993 Y97.69
G1 F1212 X94.647 Y96.344 E510.30474
G0 F9000 X94.647 Y95.779
G1 F1212 X96.558 Y97.69 E510.37216
G0 F9000 X97.124 Y97.69
G1 F1212 X94.647 Y95.213 E510.45954
G0 F9000 X94.647 Y94.647
G1 F1212 X97.69 Y97.69 E510.56689
G0 F9000 X98.152 Y97.587
G1 F1212 X94.647 Y94.081 E510.69056
G0 F9000 X94.647 Y93.516
G1 F1212 X98.152 Y97.021 E510.8142
G0 F9000 X98.152 Y96.455
G1 F1212 X94.646 Y92.949 E510.93789
G0 F9000 X94.646 Y92.384
G1 F1212 X98.152 Y95.89 E511.06157
G0 F9000 X98.152 Y95.324
G1 F1212 X94.646 Y91.818 E511.18525
G0 F9000 X94.646 Y91.252
G1 F1212 X98.152 Y94.758 E511.30894
G0 F9000 X98.152 Y94.192
G1 F1212 X94.646 Y90.687 E511.4326
G0 F9000 X94.646 Y90.121
G1 F1212 X98.152 Y93.627 E511.55629
G0 F9000 X98.152 Y93.061
G1 F1212 X94.646 Y89.555 E511.67997
G0 F9000 X94.673 Y89.016
G1 F1212 X98.152 Y92.495 E511.8027
G0 F9000 X98.152 Y91.93
G1 F1212 X95.239 Y89.016 E511.90548
G0 F9000 X95.805 Y89.016
G1 F1212 X98.152 Y91.364 E511.9883
G0 F9000 X98.152 Y90.798
G1 F1212 X96.37 Y89.016 E512.05116
G0 F9000 X96.936 Y89.016
G1 F1212 X98.152 Y90.233 E512.09408
G0 F9000 X97.827 Y89.341
G1 F1212 X98.109 Y89.058 E512.10703
G0 F9000 X98.152 Y89.101
G0 X92.85 Y98.257
;TIME_ELAPSED:1105.512282
;LAYER:27
G0 X92.85 Y98.257 Z4.36
;TYPE:WALL-INNER
G1 F752.5 X92.85 Y85.284 E512.43065
G1 X99.751 Y85.283 E512.60279
G1 X99.95 Y85.283 E512.60776
G1 X99.95 Y85.482 E512.61097
G1 X99.95 Y98.257 E512.92964
G1 X94.515 Y98.257 E513.06522
G0 F677.3 X92.85 Y98.257
G0 F9000 X92.45 Y98.657
G1 F480 E513.10675
G1 F752.5 X92.45 Y84.884 E513.45032
G1 X100.151 Y84.883 E513.64242
G1 X100.35 Y84.883 E513.64739
G1 X100.35 Y85.082 E513.6506
G1 X100.35 Y98.657 E513.98923
G1 X94.115 Y98.657 E514.14476
G0 F677.3 X92.45 Y98.657
G0 F9000 X92.025 Y99.082
;TYPE:WALL-OUTER
G1 F480 E514.1863
G1 F451.5 X92.025 Y84.459 E514.50547
G1 X100.6 Y84.458 E514.69264
G1 X100.775 Y84.458 E514.69646
G1 X100.775 Y84.633 E514.69893
G1 X100.775 Y99.082 E515.01431
G1 X93.927 Y99.082 E515.16378
G0 F406.4 X92.025 Y99.082
G0 F9000 X92.025 Y98.882
G0 X92.41 Y98.697
G0 X93.209 Y95.438
;TYPE:FILL
G1 F480 E515.20529
G1 F1505.1 X94.364 Y96.593 E515.24604
G1 X94.364 Y96.404 E515.25075
G1 X93.21 Y97.558 E515.29146
G1 X93.21 Y93.788 E515.38551
G1 X94.364 Y92.634 E515.42622
G1 X94.364 Y92.823 E515.43093
G1 X93.208 Y91.667 E515.47171
G1 X93.209 Y90.018 E515.51285
G1 X94.364 Y88.864 E515.55358
G1 X94.364 Y89.053 E515.55829
G1 X93.208 Y87.896 E515.59909
G1 X93.209 Y86.248 E515.6402
G1 X93.814 Y85.643 E515.66154
G1 X94.726 Y85.644 E515.68429
G1 X97.768 Y88.686 E515.79161
G1 X94.54 Y88.687 E515.87213
G1 X97.585 Y85.642 E515.97955
G1 X98.495 Y85.643 E516.00225
G1 X99.589 Y86.737 E516.04084
G1 X99.589 Y87.409 E516.05761
G1 X98.311 Y88.687 E516.10269
G1 X98.436 Y88.687 E516.10581
G1 X98.434 Y89.352 E516.1224
G1 X99.589 Y90.507 E516.16314
G1 X99.589 Y91.179 E516.17991
G1 X98.436 Y92.332 E516.22058
G1 X98.435 Y93.123 E516.24031
G1 X99.589 Y94.277 E516.28102
G1 X99.589 Y94.949 E516.29779
G1 X98.437 Y96.102 E516.33845
G1 X98.438 Y97.897 E516.38322
G1 X99.438 Y97.896 E516.40817
G1 X98.436 Y96.894 E516.44352
G0 F9000 X98.288 Y97.867
;TYPE:SKIN
G1 F1204 X94.515 Y97.867 E516.53763
G1 X94.515 Y88.837 E516.76289
G1 X98.286 Y88.837 E516.85696
G1 X98.288 Y96.202 E517.04068
G0 F1083.6 X98.288 Y97.867
G0 F9000 X98.073 Y97.653
G1 F480 E517.08221
G1 F1204 X97.79 Y97.37 E517.09451
G0 F9000 X98.106 Y96.489
G1 F1204 X96.908 Y97.686 E517.13676
G0 F9000 X96.343 Y97.686
G1 F1204 X98.106 Y95.923 E517.19895
G0 F9000 X98.106 Y95.358
G1 F1204 X95.777 Y97.686 E517.2811
G0 F9000 X95.211 Y97.686
G1 F1204 X98.105 Y94.793 E517.38317
G0 F9000 X98.105 Y94.227
G1 F1204 X94.695 Y97.638 E517.50349
G0 F9000 X94.695 Y97.072
G1 F1204 X98.105 Y93.661 E517.6238
G0 F9000 X98.105 Y93.096
G1 F1204 X94.695 Y96.506 E517.7441
G0 F9000 X94.695 Y95.94
G1 F1204 X98.105 Y92.53 E517.8644
G0 F9000 X98.105 Y91.964
G1 F1204 X94.695 Y95.375 E517.98471
G0 F9000 X94.695 Y94.809
G1 F1204 X98.104 Y91.399 E518.10499
G0 F9000 X98.104 Y90.834
G1 F1204 X94.695 Y94.243 E518.22525
G0 F9000 X94.695 Y93.678
G1 F1204 X98.104 Y90.268 E518.34553
G0 F9000 X98.104 Y89.702
G1 F1204 X94.695 Y93.112 E518.46581
G0 F9000 X94.695 Y92.546
G1 F1204 X98.104 Y89.137 E518.58607
G0 F9000 X97.659 Y89.016
G1 F1204 X94.695 Y91.981 E518.69065
G0 F9000 X94.695 Y91.415
G1 F1204 X97.093 Y89.016 E518.77527
G0 F9000 X96.527 Y89.016
G1 F1204 X94.695 Y90.849 E518.83991
G0 F9000 X94.695 Y90.284
G1 F1204 X95.962 Y89.016 E518.88463
G0 F9000 X95.045 Y89.367
G1 F1204 X94.762 Y89.084 E518.8994
G0 F9000 X94.83 Y89.016
G0 X92.85 Y98.254
;TIME_ELAPSED:1128.538599
;LAYER:28
G0 X92.85 Y98.254 Z4.51
;TYPE:WALL-INNER
G1 F747.6 X92.85 Y85.281 E519.22302
G1 X99.751 Y85.28 E519.39516
G1 X99.95 Y85.28 E519.40013
G1 X99.95 Y85.479 E519.40334
G1 X99.95 Y98.254 E519.72201
G1 X94.515 Y98.254 E519.85759
G0 F672.8 X92.85 Y98.254
G0 F9000 X92.45 Y98.654
G1 F480 E519.89912
G1 F747.6 X92.45 Y84.881 E520.24269
G1 X100.151 Y84.88 E520.43479
G1 X100.35 Y84.88 E520.43976
G1 X100.35 Y85.079 E520.44297
G1 X100.35 Y98.654 E520.7816
G1 X94.115 Y98.654 E520.93713
G0 F672.8 X92.45 Y98.654
G0 F9000 X92.025 Y99.079
;TYPE:WALL-OUTER
G1 F480 E520.97867
G1 F448.5 X92.025 Y84.456 E521.29784
G1 X100.6 Y84.455 E521.48501
G1 X100.775 Y84.455 E521.48883
G1 X100.775 Y84.63 E521.4913
G1 X100.775 Y99.079 E521.80668
G1 X93.927 Y99.079 E521.95615
G0 F403.7 X92.025 Y99.079
G0 F9000 X92.025 Y98.879
G0 X92.41 Y98.694
G0 X93.209 Y95.438
;TYPE:FILL
G1 F480 E521.99766
G1 F1495.1 X94.445 Y96.674 E522.04127
G1 X94.445 Y96.323 E522.05002
G1 X93.209 Y97.559 E522.09363
G1 X93.209 Y93.789 E522.18767
G1 X94.445 Y92.553 E522.23127
G1 X94.445 Y92.903 E522.24
G1 X93.209 Y91.667 E522.28361
G1 X93.209 Y90.018 E522.32474
G1 X94.445 Y88.782 E522.36834
G1 X94.445 Y89.133 E522.3771
G1 X93.209 Y87.897 E522.4207
G1 X93.209 Y86.248 E522.46184
G1 X93.818 Y85.639 E522.48332
G1 X94.722 Y85.64 E522.50587
G1 X97.768 Y88.686 E522.61333
G1 X94.541 Y88.686 E522.69383
G1 X97.588 Y85.639 E522.80132
G1 X98.492 Y85.64 E522.82387
G1 X99.589 Y86.737 E522.86257
G1 X99.589 Y87.409 E522.87933
G1 X98.311 Y88.686 E522.9244
G1 X98.355 Y88.687 E522.92549
G1 X98.353 Y89.271 E522.94006
G1 X99.589 Y90.507 E522.98367
G1 X99.589 Y91.179 E523.00043
G1 X98.354 Y92.414 E523.044
G1 X98.353 Y93.041 E523.05964
G1 X99.589 Y94.277 E523.10324
G1 X99.589 Y94.949 E523.12
G1 X98.354 Y96.184 E523.16357
G1 X98.355 Y97.894 E523.20623
G1 X99.435 Y97.893 E523.23317
G1 X98.353 Y96.812 E523.27132
G0 F9000 X98.205 Y97.864
;TYPE:SKIN
G1 F1196.1 X94.596 Y97.864 E523.36135
G1 X94.596 Y88.837 E523.58653
G1 X98.205 Y88.837 E523.67655
G1 X98.205 Y96.199 E523.8602
G0 F1076.5 X98.205 Y97.864
G0 F9000 X94.814 Y97.643
G1 F480 E523.90173
G1 F1196.1 X95.097 Y97.36 E523.91451
G0 F9000 X95.986 Y97.683
G1 F1196.1 X94.775 Y96.472 E523.95723
G0 F9000 X94.775 Y95.907
G1 F1196.1 X96.551 Y97.683 E524.01989
G0 F9000 X97.117 Y97.683
G1 F1196.1 X94.775 Y95.341 E524.10251
G0 F9000 X94.775 Y94.775
G1 F1196.1 X97.683 Y97.683 E524.2051
G0 F9000 X98.024 Y97.459
G1 F1196.1 X94.775 Y94.209 E524.31973
G0 F9000 X94.775 Y93.644
G1 F1196.1 X98.024 Y96.893 E524.43435
G0 F9000 X98.024 Y96.327
G1 F1196.1 X94.775 Y93.078 E524.54896
G0 F9000 X94.775 Y92.512
G1 F1196.1 X98.024 Y95.762 E524.6636
G0 F9000 X98.024 Y95.196
G1 F1196.1 X94.775 Y91.947 E524.77822
G0 F9000 X94.775 Y91.381
G1 F1196.1 X98.024 Y94.63 E524.89283
G0 F9000 X98.024 Y94.065
G1 F1196.1 X94.775 Y90.815 E525.00747
G0 F9000 X94.775 Y90.25
G1 F1196.1 X98.024 Y93.499 E525.12209
G0 F9000 X98.024 Y92.933
G1 F1196.1 X94.775 Y89.684 E525.2367
G0 F9000 X94.775 Y89.118
G1 F1196.1 X98.024 Y92.367 E525.35132
G0 F9000 X98.024 Y91.802
G1 F1196.1 X95.239 Y89.016 E525.44959
G0 F9000 X95.805 Y89.016
G1 F1196.1 X98.024 Y91.236 E525.52789
G0 F9000 X98.024 Y90.67
G1 F1196.1 X96.37 Y89.016 E525.58623
G0 F9000 X96.936 Y89.016
G1 F1196.1 X98.024 Y90.105 E525.62463
G0 F9000 X98.024 Y89.539
G1 F1196.1 X97.502 Y89.016 E525.64307
G0 F9000 X92.85 Y98.251
;TIME_ELAPSED:1151.675366
;LAYER:29
G0 X92.85 Y98.251 Z4.66
;TYPE:WALL-INNER
G1 F745.6 X92.85 Y85.277 E525.96671
G1 X99.751 Y85.276 E526.13885
G1 X99.95 Y85.276 E526.14382
G1 X99.95 Y85.475 E526.14703
G1 X99.95 Y98.251 E526.46573
G1 X94.515 Y98.251 E526.6013
G0 F671 X92.85 Y98.251
G0 F9000 X92.45 Y98.651
G1 F480 E526.64284
G1 F745.6 X92.45 Y84.877 E526.98643
G1 X100.151 Y84.876 E527.17853
G1 X100.35 Y84.876 E527.1835
G1 X100.35 Y85.075 E527.18671
G1 X100.35 Y98.651 E527.52536
G1 X94.115 Y98.651 E527.6809
G0 F671 X92.45 Y98.651
G0 F9000 X92.025 Y99.076
;TYPE:WALL-OUTER
G1 F480 E527.72243
G1 F447.3 X92.025 Y84.452 E528.04163
G1 X100.6 Y84.451 E528.22879
G1 X100.775 Y84.451 E528.23261
G1 X100.775 Y84.626 E528.23508
G1 X100.775 Y99.076 E528.55048
G1 X93.927 Y99.076 E528.69995
G0 F402.6 X92.025 Y99.076
G0 F9000 X92.025 Y98.876
G0 X92.41 Y98.691
G0 X93.209 Y95.438
;TYPE:FILL
G1 F480 E528.74147
G1 F1491.2 X94.561 Y96.79 E528.78917
G1 X94.56 Y96.208 E528.80368
G1 X93.21 Y97.558 E528.85131
G1 X93.21 Y93.788 E528.94535
G1 X94.559 Y92.438 E528.99296
G1 X94.56 Y93.019 E529.00745
G1 X93.208 Y91.667 E529.05515
G1 X93.209 Y90.018 E529.09628
G1 X97.592 Y85.636 E529.25089
G1 X93.821 Y85.636 E529.34495
G1 X93.209 Y86.248 E529.36654
G1 X93.208 Y87.896 E529.40765
G1 X94.56 Y89.248 E529.45535
G1 X94.561 Y88.687 E529.46934
G1 X97.768 Y88.686 E529.54934
G1 X94.719 Y85.636 E529.65692
G0 F9000 X99.59 Y85.636
G1 F1491.2 X98.489 Y85.636 E529.68439
G1 X99.589 Y86.737 E529.72321
G1 X99.588 Y87.409 E529.73997
G1 X98.239 Y88.759 E529.78758
G1 X98.239 Y89.156 E529.79748
G1 X99.589 Y90.507 E529.84513
G1 X99.588 Y91.18 E529.86191
G1 X98.239 Y92.529 E529.9095
G1 X98.239 Y92.927 E529.91943
G1 X99.589 Y94.277 E529.96706
G1 X99.588 Y94.95 E529.98384
G1 X98.239 Y96.3 E530.03145
G1 X98.24 Y97.891 E530.07114
G1 X99.432 Y97.891 E530.10087
G1 X98.239 Y96.697 E530.14298
G0 F9000 X98.09 Y97.861
;TYPE:SKIN
G1 F1192.9 X94.711 Y97.861 E530.22727
G1 X94.711 Y88.837 E530.45237
G1 X98.09 Y88.837 E530.53666
G1 X98.09 Y96.196 E530.72023
G0 F1073.6 X98.09 Y97.861
G0 F9000 X97.908 Y97.252
G1 F480 E530.76177
G1 F1192.9 X97.48 Y97.681 E530.77688
G0 F9000 X96.914 Y97.681
G1 F1192.9 X97.908 Y96.686 E530.81197
G0 F9000 X97.908 Y96.121
G1 F1192.9 X96.349 Y97.68 E530.86696
G0 F9000 X95.783 Y97.68
G1 F1192.9 X97.908 Y95.555 E530.94193
G0 F9000 X97.908 Y94.989
G1 F1192.9 X95.218 Y97.68 E531.03684
G0 F9000 X94.89 Y97.442
G1 F1192.9 X97.908 Y94.424 E531.14331
G0 F9000 X97.908 Y93.858
G1 F1192.9 X94.89 Y96.876 E531.24978
G0 F9000 X94.89 Y96.31
G1 F1192.9 X97.908 Y93.292 E531.35625
G0 F9000 X97.908 Y92.727
G1 F1192.9 X94.89 Y95.745 E531.46272
G0 F9000 X94.89 Y95.179
G1 F1192.9 X97.908 Y92.161 E531.56918
G0 F9000 X97.908 Y91.595
G1 F1192.9 X94.89 Y94.613 E531.67565
G0 F9000 X94.89 Y94.048
G1 F1192.9 X97.908 Y91.03 E531.78212
G0 F9000 X97.908 Y90.464
G1 F1192.9 X94.89 Y93.482 E531.88859
G0 F9000 X94.89 Y92.916
G1 F1192.9 X97.908 Y89.898 E531.99506
G0 F9000 X97.908 Y89.333
G1 F1192.9 X94.89 Y92.35 E532.10151
G0 F9000 X94.89 Y91.785
G1 F1192.9 X97.659 Y89.016 E532.19919
G0 F9000 X97.093 Y89.016
G1 F1192.9 X94.89 Y91.219 E532.27691
G0 F9000 X94.89 Y90.653
G1 F1192.9 X96.527 Y89.016 E532.33466
G0 F9000 X95.962 Y89.016
G1 F1192.9 X94.89 Y90.088 E532.37247
G0 F9000 X94.89 Y89.522
G1 F1192.9 X95.396 Y89.016 E532.39033
G0 F9000 X92.85 Y98.247
;TIME_ELAPSED:1174.895113
;LAYER:30
G0 X92.85 Y98.247 Z4.81
;TYPE:WALL-INNER
G1 F734.3 X92.85 Y85.274 E532.71394
G1 X99.751 Y85.273 E532.88608
G1 X99.95 Y85.273 E532.89105
G1 X99.95 Y85.472 E532.89426
G1 X99.95 Y98.247 E533.21293
G1 X94.515 Y98.247 E533.34851
G0 F660.9 X92.85 Y98.247
G0 F9000 X92.45 Y98.647
G1 F480 E533.39004
G1 F734.3 X92.45 Y84.874 E533.73361
G1 X100.151 Y84.873 E533.92572
G1 X100.35 Y84.873 E533.93068
G1 X100.35 Y85.072 E533.93389
G1 X100.35 Y98.647 E534.27252
G1 X94.115 Y98.647 E534.42805
G0 F660.9 X92.45 Y98.647
G0 F9000 X92.025 Y99.072
;TYPE:WALL-OUTER
G1 F480 E534.46959
G1 F440.6 X92.025 Y84.449 E534.78876
G1 X100.6 Y84.448 E534.97593
G1 X100.775 Y84.448 E534.97975
G1 X100.775 Y84.623 E534.98222
G1 X100.775 Y99.072 E535.2976
G1 X93.927 Y99.072 E535.44707
G0 F396.5 X92.025 Y99.072
G0 F9000 X92.025 Y98.872
G0 X92.41 Y98.687
G0 X93.209 Y95.438
;TYPE:FILL
G1 F480 E535.48858
G1 F1468.6 X94.74 Y96.969 E535.54259
G1 X94.74 Y96.028 E535.56607
G1 X93.209 Y97.559 E535.62008
G1 X93.209 Y93.789 E535.71412
G1 X94.74 Y92.258 E535.76813
G1 X94.74 Y93.199 E535.7916
G1 X93.209 Y91.667 E535.84563
G1 X93.209 Y90.018 E535.88677
G1 X97.595 Y85.632 E536.04149
G1 X93.825 Y85.632 E536.13554
G1 X93.209 Y86.248 E536.15727
G1 X93.209 Y87.897 E536.1984
G1 X94.74 Y89.429 E536.25243
G1 X94.741 Y88.687 E536.27094
G1 X97.769 Y88.687 E536.34647
G1 X94.715 Y85.633 E536.45421
G0 F9000 X99.59 Y85.633
G1 F1468.6 X98.485 Y85.633 E536.48178
G1 X99.589 Y86.737 E536.52072
G1 X99.589 Y87.409 E536.53749
G1 X98.059 Y88.939 E536.59146
G1 X98.059 Y88.977 E536.59241
G1 X99.589 Y90.507 E536.64638
G1 X99.589 Y91.179 E536.66315
G1 X98.059 Y92.709 E536.71712
G1 X98.059 Y92.747 E536.71807
G1 X99.589 Y94.277 E536.77204
G1 X99.589 Y94.949 E536.78881
G1 X98.059 Y96.479 E536.84278
G1 X98.06 Y97.887 E536.87791
G1 X99.428 Y97.886 E536.91203
G1 X98.059 Y96.517 E536.96033
G0 F9000 X97.91 Y97.857
;TYPE:SKIN
G1 F1174.9 X94.891 Y97.857 E537.03563
G1 X94.891 Y88.837 E537.26064
G1 X97.91 Y88.837 E537.33595
G1 X97.91 Y96.192 E537.51942
G0 F1057.4 X97.91 Y97.857
G0 F9000 X95.413 Y97.676
G1 F480 E537.56095
G1 F1174.9 X95.07 Y97.333 E537.57305
G0 F9000 X95.07 Y96.767
G1 F1174.9 X95.979 Y97.676 E537.60512
G0 F9000 X96.544 Y97.676
G1 F1174.9 X95.07 Y96.201 E537.65714
G0 F9000 X95.07 Y95.636
G1 F1174.9 X97.11 Y97.676 E537.7291
G0 F9000 X97.676 Y97.676
G1 F1174.9 X95.07 Y95.07 E537.82104
G0 F9000 X95.07 Y94.504
G1 F1174.9 X97.729 Y97.164 E537.91486
G0 F9000 X97.729 Y96.598
G1 F1174.9 X95.07 Y93.939 E538.00866
G0 F9000 X95.07 Y93.373
G1 F1174.9 X97.729 Y96.032 E538.10247
G0 F9000 X97.729 Y95.467
G1 F1174.9 X95.069 Y92.807 E538.19631
G0 F9000 X95.069 Y92.241
G1 F1174.9 X97.729 Y94.901 E538.29014
G0 F9000 X97.729 Y94.335
G1 F1174.9 X95.069 Y91.675 E538.38398
G0 F9000 X95.069 Y91.11
G1 F1174.9 X97.729 Y93.77 E538.47782
G0 F9000 X97.729 Y93.204
G1 F1174.9 X95.069 Y90.544 E538.57166
G0 F9000 X95.069 Y89.978
G1 F1174.9 X97.729 Y92.638 E538.6655
G0 F9000 X97.729 Y92.073
G1 F1174.9 X95.069 Y89.412 E538.75935
G0 F9000 X95.239 Y89.016
G1 F1174.9 X97.729 Y91.507 E538.84721
G0 F9000 X97.729 Y90.941
G1 F1174.9 X95.805 Y89.016 E538.91511
G0 F9000 X96.37 Y89.016
G1 F1174.9 X97.729 Y90.376 E538.96307
G0 F9000 X97.729 Y89.81
G1 F1174.9 X96.936 Y89.016 E538.99106
G0 F9000 X97.502 Y89.016
G1 F1174.9 X97.729 Y89.244 E538.99908
G0 F9000 X92.85 Y98.244
;TIME_ELAPSED:1198.141153
;LAYER:31
G0 X92.85 Y98.244 Z4.96
;TYPE:WALL-INNER
G1 F601.1 X92.85 Y85.27 E539.32272
G1 X99.751 Y85.269 E539.49487
G1 X99.95 Y85.269 E539.49983
G1 X99.95 Y85.468 E539.50304
G1 X99.95 Y98.244 E539.82174
G1 X94.515 Y98.244 E539.95732
G0 F541 X92.85 Y98.244
G0 F9000 X92.45 Y98.644
G1 F480 E539.99885
G1 F601.1 X92.45 Y84.87 E540.34245
G1 X100.151 Y84.869 E540.53455
G1 X100.35 Y84.869 E540.53951
G1 X100.35 Y85.068 E540.54272
G1 X100.35 Y98.644 E540.88138
G1 X94.115 Y98.644 E541.03691
G0 F541 X92.45 Y98.644
G0 F9000 X92.025 Y99.069
;TYPE:WALL-OUTER
G1 F480 E541.07845
G1 F360.7 X92.025 Y84.445 E541.39764
G1 X100.6 Y84.444 E541.58481
G1 X100.775 Y84.444 E541.58863
G1 X100.775 Y84.619 E541.5911
G1 X100.775 Y99.069 E541.9065
G1 X93.927 Y99.069 E542.05597
G0 F324.6 X92.025 Y99.069
G0 F9000 X92.025 Y98.869
G0 X92.41 Y98.684
G0 X92.52 Y98.574
G0 X98.482 Y85.629
;TYPE:FILL
G1 F480 E542.09749
G1 F1202.2 X99.589 Y86.737 E542.13656
G1 X99.588 Y87.409 E542.15332
G1 X93.209 Y93.789 E542.37837
G1 X93.208 Y95.437 E542.41948
G1 X95.654 Y97.883 E542.50577
G1 X93.21 Y97.884 E542.56674
G1 X93.209 Y97.559 E542.57485
G1 X99.588 Y91.18 E542.79988
G1 X99.589 Y90.507 E542.81667
G1 X94.712 Y85.629 E542.98874
G1 X93.828 Y85.629 E543.01079
G1 X93.209 Y86.248 E543.03263
G1 X93.208 Y87.896 E543.07374
G1 X99.589 Y94.277 E543.29884
G1 X99.588 Y94.95 E543.31563
G1 X96.655 Y97.884 E543.41912
G1 X99.424 Y97.883 E543.48819
G1 X93.208 Y91.667 E543.70748
G1 X93.209 Y90.018 E543.74861
G1 X97.599 Y85.629 E543.90346
G1 X99.59 Y85.629 E543.95313
G0 F9000 X92.85 Y98.241
;TIME_ELAPSED:1219.226014
;LAYER:32
G0 X92.85 Y98.241 Z5.11
;TYPE:WALL-INNER
G1 F850.2 X92.85 Y85.267 E544.27677
G1 X99.751 Y85.266 E544.44891
G1 X99.95 Y85.266 E544.45388
G1 X99.95 Y85.465 E544.45709
G1 X99.95 Y98.241 E544.77579
G1 X94.515 Y98.241 E544.91136
G0 F765.2 X92.85 Y98.241
G0 F9000 X92.45 Y98.641
G1 F480 E544.9529
G1 F850.2 X92.45 Y84.867 E545.29649
G1 X100.151 Y84.866 E545.48859
G1 X100.35 Y84.866 E545.49356
G1 X100.35 Y85.065 E545.49677
G1 X100.35 Y98.641 E545.83542
G1 X94.115 Y98.641 E545.99096
G0 F765.2 X92.45 Y98.641
G0 F9000 X92.025 Y99.066
;TYPE:WALL-OUTER
G1 F480 E546.03249
G1 F510.1 X92.025 Y84.442 E546.35169
G1 X100.6 Y84.441 E546.53885
G1 X100.775 Y84.441 E546.54267
G1 X100.775 Y84.616 E546.54515
G1 X100.775 Y99.066 E546.86054
G1 X93.927 Y99.066 E547.01002
G0 F459.1 X92.025 Y99.066
G0 F9000 X92.025 Y98.866
G0 X92.41 Y98.681
G0 X92.52 Y98.571
G0 X95.274 Y95.494
;TYPE:FILL
G1 F480 E547.05153
G1 F1700.4 X93.21 Y97.558 E547.12434
G1 X93.21 Y97.881 E547.1324
G1 X95.651 Y97.879 E547.19329
G1 X93.266 Y95.495 E547.27741
G1 X97.036 Y95.495 E547.37145
G1 X99.422 Y97.88 E547.45561
G1 X96.657 Y97.881 E547.52458
G1 X99.044 Y95.494 E547.60879
G1 X99.59 Y95.495 E547.62241
G0 F9000 X99.56 Y95.345
;TYPE:SKIN
G1 F1360.3 X93.24 Y95.346 E547.78006
G1 X93.24 Y85.657 E548.02176
G1 X99.56 Y85.656 E548.17941
G1 X99.56 Y93.68 E548.37957
G0 F1224.3 X99.56 Y95.345
G0 F9000 X94.033 Y95.165
G1 F480 E548.4211
G1 F1360.3 X93.419 Y94.55 E548.44278
G0 F9000 X93.419 Y93.985
G1 F1360.3 X94.599 Y95.165 E548.48441
G0 F9000 X95.165 Y95.165
G1 F1360.3 X93.419 Y93.419 E548.546
G0 F9000 X93.419 Y92.853
G1 F1360.3 X95.73 Y95.165 E548.62755
G0 F9000 X96.296 Y95.165
G1 F1360.3 X93.419 Y92.288 E548.72904
G0 F9000 X93.419 Y91.722
G1 F1360.3 X96.862 Y95.165 E548.8505
G0 F9000 X97.428 Y95.165
G1 F1360.3 X93.419 Y91.156 E548.99193
G0 F9000 X93.419 Y90.59
G1 F1360.3 X97.993 Y95.165 E549.15331
G0 F9000 X98.559 Y95.165
G1 F1360.3 X93.418 Y90.024 E549.33467
G0 F9000 X93.418 Y89.458
G1 F1360.3 X99.125 Y95.165 E549.536
G0 F9000 X99.379 Y94.854
G1 F1360.3 X93.418 Y88.893 E549.74629
G0 F9000 X93.418 Y88.327
G1 F1360.3 X99.379 Y94.288 E549.95658
G0 F9000 X99.379 Y93.722
G1 F1360.3 X93.418 Y87.761 E550.16687
G0 F9000 X93.418 Y87.196
G1 F1360.3 X99.379 Y93.157 E550.37716
G0 F9000 X99.379 Y92.591
G1 F1360.3 X93.418 Y86.63 E550.58745
G0 F9000 X93.418 Y86.064
G1 F1360.3 X99.379 Y92.025 E550.79774
G0 F9000 X99.379 Y91.46
G1 F1360.3 X93.756 Y85.837 E550.99611
G0 F9000 X94.322 Y85.837
G1 F1360.3 X99.379 Y90.894 E551.17451
G0 F9000 X99.379 Y90.328
G1 F1360.3 X94.888 Y85.837 E551.33294
G0 F9000 X95.453 Y85.837
G1 F1360.3 X99.379 Y89.762 E551.47142
G0 F9000 X99.379 Y89.197
G1 F1360.3 X96.019 Y85.837 E551.58996
G0 F9000 X96.584 Y85.836
G1 F1360.3 X99.379 Y88.631 E551.68856
G0 F9000 X99.379 Y88.065
G1 F1360.3 X97.15 Y85.836 E551.76719
G0 F9000 X97.715 Y85.836
G1 F1360.3 X99.379 Y87.5 E551.8259
G0 F9000 X99.379 Y86.934
G1 F1360.3 X98.281 Y85.836 E551.86463
G0 F9000 X98.847 Y85.836
G1 F1360.3 X99.379 Y86.368 E551.8834
G0 F9000 X92.85 Y98.237
;TIME_ELAPSED:1242.523700
;LAYER:33
G0 X92.85 Y98.237 Z5.26
;TYPE:WALL-INNER
G1 F896.2 X92.85 Y85.264 E552.20701
G1 X99.751 Y85.263 E552.37916
G1 X99.95 Y85.263 E552.38412
G1 X99.95 Y85.462 E552.38733
G1 X99.95 Y98.237 E552.70601
G1 X94.515 Y98.237 E552.84158
G0 F806.6 X92.85 Y98.237
G0 F9000 X92.45 Y98.637
G1 F480 E552.88312
G1 F896.2 X92.45 Y84.864 E553.22669
G1 X100.151 Y84.863 E553.41879
G1 X100.35 Y84.863 E553.42375
G1 X100.35 Y85.062 E553.42696
G1 X100.35 Y98.637 E553.76559
G1 X94.115 Y98.637 E553.92113
G0 F806.6 X92.45 Y98.637
G0 F9000 X92.025 Y99.062
;TYPE:WALL-OUTER
G1 F480 E553.96266
G1 F537.7 X92.025 Y84.439 E554.28184
G1 X100.6 Y84.438 E554.469
G1 X100.775 Y84.438 E554.47282
G1 X100.775 Y84.613 E554.47529
G1 X100.775 Y99.062 E554.79067
G1 X93.927 Y99.062 E554.94014
G0 F483.9 X92.025 Y99.062
G0 F9000 X92.025 Y98.862
G0 X92.41 Y98.677
G0 X93.24 Y97.847
;TYPE:SKIN
G1 F480 E554.98166
G1 F1433.9 X93.24 Y85.654 E555.28581
G1 X99.56 Y85.653 E555.44347
G1 X99.56 Y97.847 E555.74765
G1 X94.905 Y97.847 E555.86377
G0 F1290.5 X93.24 Y97.847
G0 F9000 X99.379 Y97.478
G1 F480 E555.9053
G1 F1433.9 X99.191 Y97.667 E555.91195
G0 F9000 X98.625 Y97.667
G1 F1433.9 X99.379 Y96.913 E555.93855
G0 F9000 X99.379 Y96.347
G1 F1433.9 X98.06 Y97.667 E555.9851
G0 F9000 X97.494 Y97.667
G1 F1433.9 X99.379 Y95.781 E556.05161
G0 F9000 X99.379 Y95.216
G1 F1433.9 X96.928 Y97.667 E556.13808
G0 F9000 X96.363 Y97.667
G1 F1433.9 X99.379 Y94.65 E556.24449
G0 F9000 X99.379 Y94.084
G1 F1433.9 X95.797 Y97.667 E556.37088
G0 F9000 X95.231 Y97.667
G1 F1433.9 X99.379 Y93.519 E556.51721
G0 F9000 X99.379 Y92.953
G1 F1433.9 X94.666 Y97.667 E556.68349
G0 F9000 X94.1 Y97.667
G1 F1433.9 X99.379 Y92.387 E556.86974
G0 F9000 X99.379 Y91.822
G1 F1433.9 X93.534 Y97.667 E557.07594
G0 F9000 X93.419 Y97.216
G1 F1433.9 X99.379 Y91.256 E557.28619
G0 F9000 X99.379 Y90.69
G1 F1433.9 X93.419 Y96.65 E557.49645
G0 F9000 X93.419 Y96.085
G1 F1433.9 X99.379 Y90.125 E557.7067
G0 F9000 X99.379 Y89.559
G1 F1433.9 X93.419 Y95.519 E557.91696
G0 F9000 X93.419 Y94.953
G1 F1433.9 X99.379 Y88.993 E558.12721
G0 F9000 X99.379 Y88.427
G1 F1433.9 X93.419 Y94.388 E558.33748
G0 F9000 X93.419 Y93.822
G1 F1433.9 X99.379 Y87.862 E558.54774
G0 F9000 X99.379 Y87.296
G1 F1433.9 X93.419 Y93.256 E558.75799
G0 F9000 X93.419 Y92.691
G1 F1433.9 X99.379 Y86.73 E558.96827
G0 F9000 X99.379 Y86.165
G1 F1433.9 X93.419 Y92.125 E559.17852
G0 F9000 X93.419 Y91.559
G1 F1433.9 X99.146 Y85.832 E559.38056
G0 F9000 X98.58 Y85.832
G1 F1433.9 X93.419 Y90.994 E559.56264
G0 F9000 X93.419 Y90.428
G1 F1433.9 X98.014 Y85.832 E559.72476
G0 F9000 X97.449 Y85.832
G1 F1433.9 X93.419 Y89.862 E559.86693
G0 F9000 X93.419 Y89.296
G1 F1433.9 X96.883 Y85.832 E559.98913
G0 F9000 X96.317 Y85.832
G1 F1433.9 X93.419 Y88.731 E560.09139
G0 F9000 X93.419 Y88.165
G1 F1433.9 X95.752 Y85.832 E560.17369
G0 F9000 X95.186 Y85.832
G1 F1433.9 X93.419 Y87.599 E560.23602
G0 F9000 X93.419 Y87.034
G1 F1433.9 X94.62 Y85.832 E560.27841
G0 F9000 X93.737 Y86.15
G1 F1433.9 X93.454 Y85.867 E560.29087
G0 F9000 X93.489 Y85.832
G0 X92.85 Y98.234
;TIME_ELAPSED:1265.920235
;LAYER:34
G0 X92.85 Y98.234 Z5.41
;TYPE:WALL-INNER
G1 F894 X92.85 Y85.26 E560.6145
G1 X99.751 Y85.259 E560.78665
G1 X99.95 Y85.259 E560.79161
G1 X99.95 Y85.458 E560.79483
G1 X99.95 Y98.234 E561.11352
G1 X94.515 Y98.234 E561.2491
G0 F804.6 X92.85 Y98.234
G0 F9000 X92.45 Y98.634
G1 F480 E561.29063
G1 F894 X92.45 Y84.86 E561.63423
G1 X100.151 Y84.859 E561.82633
G1 X100.35 Y84.859 E561.83129
G1 X100.35 Y85.058 E561.83451
G1 X100.35 Y98.634 E562.17316
G1 X94.115 Y98.634 E562.32869
G0 F804.6 X92.45 Y98.634
G0 F9000 X92.025 Y99.059
;TYPE:WALL-OUTER
G1 F480 E562.37023
G1 F536.4 X92.025 Y84.435 E562.68942
G1 X100.6 Y84.434 E562.87659
G1 X100.775 Y84.434 E562.88041
G1 X100.775 Y84.609 E562.88288
G1 X100.775 Y99.059 E563.19828
G1 X93.927 Y99.059 E563.34775
G0 F482.8 X92.025 Y99.059
G0 F9000 X92.025 Y98.859
G0 X92.41 Y98.674
G0 X93.24 Y97.844
;TYPE:SKIN
G1 F480 E563.38927
G1 F1430.5 X93.24 Y85.65 E563.69345
G1 X99.56 Y85.649 E563.8511
G1 X99.56 Y97.844 E564.15531
G1 X94.905 Y97.844 E564.27143
G0 F1287.4 X93.24 Y97.844
G0 F9000 X93.702 Y97.662
G1 F480 E564.31296
G1 F1430.5 X93.419 Y97.379 E564.32294
G0 F9000 X93.419 Y96.813
G1 F1430.5 X94.268 Y97.662 E564.35289
G0 F9000 X94.834 Y97.662
G1 F1430.5 X93.419 Y96.247 E564.40281
G0 F9000 X93.419 Y95.682
G1 F1430.5 X95.4 Y97.662 E564.47268
G0 F9000 X95.965 Y97.662
G1 F1430.5 X93.419 Y95.116 E564.5625
G0 F9000 X93.419 Y94.55
G1 F1430.5 X96.532 Y97.663 E564.67232
G0 F9000 X97.097 Y97.663
G1 F1430.5 X93.419 Y93.985 E564.80207
G0 F9000 X93.419 Y93.419
G1 F1430.5 X97.663 Y97.663 E564.95179
G0 F9000 X98.229 Y97.663
G1 F1430.5 X93.419 Y92.853 E565.12147
G0 F9000 X93.419 Y92.288
G1 F1430.5 X98.794 Y97.663 E565.31109
G0 F9000 X99.36 Y97.663
G1 F1430.5 X93.418 Y91.721 E565.52071
G0 F9000 X93.418 Y91.155
G1 F1430.5 X99.379 Y97.116 E565.731
G0 F9000 X99.379 Y96.551
G1 F1430.5 X93.418 Y90.59 E565.94129
G0 F9000 X93.418 Y90.024
G1 F1430.5 X99.379 Y95.985 E566.15158
G0 F9000 X99.379 Y95.419
G1 F1430.5 X93.418 Y89.458 E566.36187
G0 F9000 X93.418 Y88.893
G1 F1430.5 X99.379 Y94.854 E566.57216
G0 F9000 X99.379 Y94.288
G1 F1430.5 X93.418 Y88.327 E566.78245
G0 F9000 X93.418 Y87.761
G1 F1430.5 X99.379 Y93.722 E566.99274
G0 F9000 X99.379 Y93.157
G1 F1430.5 X93.418 Y87.196 E567.20303
G0 F9000 X93.418 Y86.63
G1 F1430.5 X99.379 Y92.591 E567.41332
G0 F9000 X99.379 Y92.025
G1 F1430.5 X93.418 Y86.064 E567.62361
G0 F9000 X93.749 Y85.83
G1 F1430.5 X99.379 Y91.46 E567.82223
G0 F9000 X99.379 Y90.894
G1 F1430.5 X94.315 Y85.83 E568.00087
G0 F9000 X94.881 Y85.83
G1 F1430.5 X99.379 Y90.328 E568.15955
G0 F9000 X99.379 Y89.762
G1 F1430.5 X95.446 Y85.83 E568.29828
G0 F9000 X96.012 Y85.83
G1 F1430.5 X99.379 Y89.197 E568.41706
G0 F9000 X99.379 Y88.631
G1 F1430.5 X96.577 Y85.829 E568.51591
G0 F9000 X97.143 Y85.829
G1 F1430.5 X99.379 Y88.065 E568.59479
G0 F9000 X99.379 Y87.5
G1 F1430.5 X97.708 Y85.829 E568.65374
G0 F9000 X98.274 Y85.829
G1 F1430.5 X99.379 Y86.934 E568.69272
G0 F9000 X99.379 Y86.368
G1 F1430.5 X98.84 Y85.829 E568.71174
G0 F9000 X92.85 Y98.231
;TIME_ELAPSED:1289.218602
;LAYER:35
G0 X92.85 Y98.231 Z5.56
;TYPE:WALL-INNER
G1 F896.3 X92.85 Y85.257 E569.03537
G1 X99.751 Y85.256 E569.20752
G1 X99.95 Y85.256 E569.21248
G1 X99.95 Y85.455 E569.2157
G1 X99.95 Y98.231 E569.53439
G1 X94.515 Y98.231 E569.66997
G0 F806.6 X92.85 Y98.231
G0 F9000 X92.45 Y98.631
G1 F480 E569.7115
G1 F896.3 X92.45 Y84.857 E570.0551
G1 X100.151 Y84.856 E570.2472
G1 X100.35 Y84.856 E570.25217
G1 X100.35 Y85.055 E570.25538
G1 X100.35 Y98.631 E570.59403
G1 X94.115 Y98.631 E570.74956
G0 F806.6 X92.45 Y98.631
G0 F9000 X92.025 Y99.056
;TYPE:WALL-OUTER
G1 F480 E570.7911
G1 F537.8 X92.025 Y84.432 E571.1103
G1 X100.6 Y84.431 E571.29746
G1 X100.775 Y84.431 E571.30128
G1 X100.775 Y84.606 E571.30375
G1 X100.775 Y99.056 E571.61915
G1 X93.927 Y99.056 E571.76862
G0 F484 X92.025 Y99.056
G0 F9000 X92.025 Y98.856
G0 X92.41 Y98.671
G0 X93.24 Y97.841
;TYPE:SKIN
G1 F480 E571.81014
G1 F1434 X93.24 Y85.647 E572.11432
G1 X99.56 Y85.646 E572.27197
G1 X99.56 Y97.841 E572.57618
G1 X94.905 Y97.841 E572.6923
G0 F1290.6 X93.24 Y97.841
G0 F9000 X99.379 Y97.478
G1 F480 E572.73383
G1 F1434 X99.197 Y97.661 E572.74027
G0 F9000 X98.631 Y97.661
G1 F1434 X99.379 Y96.913 E572.76666
G0 F9000 X99.379 Y96.347
G1 F1434 X98.065 Y97.661 E572.81301
G0 F9000 X97.5 Y97.661
G1 F1434 X99.379 Y95.781 E572.87932
G0 F9000 X99.379 Y95.216
G1 F1434 X96.934 Y97.661 E572.96557
G0 F9000 X96.369 Y97.66
G1 F1434 X99.379 Y94.65 E573.07176
G0 F9000 X99.379 Y94.084
G1 F1434 X95.803 Y97.66 E573.19791
G0 F9000 X95.238 Y97.66
G1 F1434 X99.379 Y93.519 E573.34399
G0 F9000 X99.379 Y92.953
G1 F1434 X94.672 Y97.66 E573.51005
G0 F9000 X94.106 Y97.66
G1 F1434 X99.379 Y92.387 E573.69607
G0 F9000 X99.379 Y91.822
G1 F1434 X93.541 Y97.66 E573.90202
G0 F9000 X93.42 Y97.215
G1 F1434 X99.379 Y91.256 E574.11224
G0 F9000 X99.379 Y90.69
G1 F1434 X93.42 Y96.65 E574.32247
G0 F9000 X93.42 Y96.084
G1 F1434 X99.379 Y90.125 E574.53269
G0 F9000 X99.379 Y89.559
G1 F1434 X93.42 Y95.518 E574.74291
G0 F9000 X93.42 Y94.953
G1 F1434 X99.379 Y88.993 E574.95315
G0 F9000 X99.379 Y88.427
G1 F1434 X93.42 Y94.387 E575.16339
G0 F9000 X93.42 Y93.821
G1 F1434 X99.379 Y87.862 E575.37361
G0 F9000 X99.379 Y87.296
G1 F1434 X93.42 Y93.256 E575.58385
G0 F9000 X93.42 Y92.69
G1 F1434 X99.379 Y86.73 E575.79408
G0 F9000 X99.379 Y86.165
G1 F1434 X93.42 Y92.124 E576.0043
G0 F9000 X93.42 Y91.559
G1 F1434 X99.153 Y85.825 E576.20657
G0 F9000 X98.587 Y85.825
G1 F1434 X93.42 Y90.993 E576.38887
G0 F9000 X93.42 Y90.427
G1 F1434 X98.021 Y85.825 E576.5512
G0 F9000 X97.456 Y85.825
G1 F1434 X93.42 Y89.861 E576.69358
G0 F9000 X93.42 Y89.296
G1 F1434 X96.89 Y85.825 E576.81601
G0 F9000 X96.324 Y85.825
G1 F1434 X93.42 Y88.73 E576.91847
G0 F9000 X93.42 Y88.164
G1 F1434 X95.759 Y85.825 E577.00099
G0 F9000 X95.193 Y85.825
G1 F1434 X93.42 Y87.599 E577.06355
G0 F9000 X93.42 Y87.033
G1 F1434 X94.627 Y85.825 E577.10615
G0 F9000 X93.741 Y86.146
G1 F1434 X93.458 Y85.863 E577.1188
G0 F9000 X93.496 Y85.825
G0 X92.85 Y98.227
;TIME_ELAPSED:1312.613098
;LAYER:36
G0 X92.85 Y98.227 Z5.71
;TYPE:WALL-INNER
G1 F894 X92.85 Y85.254 E577.44242
G1 X99.751 Y85.253 E577.61456
G1 X99.95 Y85.253 E577.61953
G1 X99.95 Y85.452 E577.62274
G1 X99.95 Y98.227 E577.94141
G1 X94.515 Y98.227 E578.07699
G0 F804.6 X92.85 Y98.227
G0 F9000 X92.45 Y98.627
G1 F480 E578.11852
G1 F894 X92.45 Y84.854 E578.46209
G1 X100.151 Y84.853 E578.65419
G1 X100.35 Y84.853 E578.65916
G1 X100.35 Y85.052 E578.66237
G1 X100.35 Y98.627 E579.001
G1 X94.115 Y98.627 E579.15653
G0 F804.6 X92.45 Y98.627
G0 F9000 X92.025 Y99.052
;TYPE:WALL-OUTER
G1 F480 E579.19806
G1 F536.4 X92.025 Y84.429 E579.51724
G1 X100.6 Y84.428 E579.70441
G1 X100.775 Y84.428 E579.70823
G1 X100.775 Y84.603 E579.7107
G1 X100.775 Y99.052 E580.02608
G1 X93.927 Y99.052 E580.17555
G0 F482.7 X92.025 Y99.052
G0 F9000 X92.025 Y98.852
G0 X92.41 Y98.667
G0 X93.24 Y97.837
;TYPE:SKIN
G1 F480 E580.21706
G1 F1430.3 X93.24 Y85.644 E580.52122
G1 X99.56 Y85.643 E580.67887
G1 X99.56 Y97.837 E580.98305
G1 X94.905 Y97.837 E581.09917
G0 F1287.3 X93.24 Y97.837
G0 F9000 X93.696 Y97.656
G1 F480 E581.1407
G1 F1430.3 X93.419 Y97.379 E581.15048
G0 F9000 X93.419 Y96.813
G1 F1430.3 X94.262 Y97.656 E581.18022
G0 F9000 X94.827 Y97.656
G1 F1430.3 X93.419 Y96.247 E581.2299
G0 F9000 X93.419 Y95.682
G1 F1430.3 X95.393 Y97.656 E581.29954
G0 F9000 X95.959 Y97.656
G1 F1430.3 X93.419 Y95.116 E581.38915
G0 F9000 X93.419 Y94.55
G1 F1430.3 X96.525 Y97.656 E581.49872
G0 F9000 X97.09 Y97.656
G1 F1430.3 X93.419 Y93.985 E581.62822
G0 F9000 X93.419 Y93.419
G1 F1430.3 X97.656 Y97.656 E581.7777
G0 F9000 X98.222 Y97.656
G1 F1430.3 X93.419 Y92.853 E581.94714
G0 F9000 X93.419 Y92.288
G1 F1430.3 X98.787 Y97.656 E582.13651
G0 F9000 X99.353 Y97.656
G1 F1430.3 X93.419 Y91.722 E582.34584
G0 F9000 X93.419 Y91.156
G1 F1430.3 X99.379 Y97.116 E582.5561
G0 F9000 X99.379 Y96.551
G1 F1430.3 X93.419 Y90.59 E582.76637
G0 F9000 X93.419 Y90.025
G1 F1430.3 X99.379 Y95.985 E582.97663
G0 F9000 X99.379 Y95.419
G1 F1430.3 X93.419 Y89.459 E583.18688
G0 F9000 X93.419 Y88.893
G1 F1430.3 X99.379 Y94.854 E583.39715
G0 F9000 X99.379 Y94.288
G1 F1430.3 X93.419 Y88.328 E583.60741
G0 F9000 X93.419 Y87.762
G1 F1430.3 X99.379 Y93.722 E583.81766
G0 F9000 X99.379 Y93.157
G1 F1430.3 X93.419 Y87.196 E584.02794
G0 F9000 X93.419 Y86.631
G1 F1430.3 X99.379 Y92.591 E584.23819
G0 F9000 X99.379 Y92.025
G1 F1430.3 X93.419 Y86.065 E584.44845
G0 F9000 X93.743 Y85.823
G1 F1430.3 X99.379 Y91.46 E584.64729
G0 F9000 X99.379 Y90.894
G1 F1430.3 X94.308 Y85.823 E584.82618
G0 F9000 X94.874 Y85.823
G1 F1430.3 X99.379 Y90.328 E584.98511
G0 F9000 X99.379 Y89.762
G1 F1430.3 X95.44 Y85.823 E585.12407
G0 F9000 X96.006 Y85.823
G1 F1430.3 X99.379 Y89.197 E585.24308
G0 F9000 X99.379 Y88.631
G1 F1430.3 X96.571 Y85.823 E585.34214
G0 F9000 X97.137 Y85.823
G1 F1430.3 X99.379 Y88.065 E585.42123
G0 F9000 X99.379 Y87.5
G1 F1430.3 X97.703 Y85.823 E585.48037
G0 F9000 X98.268 Y85.823
G1 F1430.3 X99.379 Y86.934 E585.51957
G0 F9000 X99.379 Y86.368
G1 F1430.3 X98.834 Y85.823 E585.53879
G0 F9000 X92.85 Y98.224
;TIME_ELAPSED:1335.910643
;LAYER:37
G0 X92.85 Y98.224 Z5.86
;TYPE:WALL-INNER
G1 F896.2 X92.85 Y85.25 E585.86243
G1 X99.95 Y85.25 E586.03954
G1 X99.95 Y98.224 E586.36318
G1 X94.515 Y98.224 E586.49876
G0 F806.6 X92.85 Y98.224
G0 F9000 X92.45 Y98.624
G1 F480 E586.54029
G1 F896.2 X92.45 Y84.85 E586.88388
G1 X100.35 Y84.85 E587.08095
G1 X100.35 Y98.624 E587.42454
G1 X94.115 Y98.624 E587.58008
G0 F806.6 X92.45 Y98.624
G0 F9000 X92.025 Y99.049
;TYPE:WALL-OUTER
G1 F480 E587.62161
G1 F537.7 X92.025 Y84.425 E587.94081
G1 X100.775 Y84.425 E588.13179
G1 X100.775 Y99.049 E588.45099
G1 X93.927 Y99.049 E588.60046
G0 F484 X92.025 Y99.049
G0 F9000 X92.025 Y98.849
G0 X92.41 Y98.664
G0 X93.24 Y97.834
;TYPE:SKIN
G1 F480 E588.64198
G1 F1434 X93.24 Y85.64 E588.94616
G1 X99.56 Y85.64 E589.10381
G1 X99.56 Y97.834 E589.40799
G1 X94.905 Y97.834 E589.52411
G0 F1290.6 X93.24 Y97.834
G0 F9000 X99.379 Y97.478
G1 F480 E589.56564
G1 F1434 X99.204 Y97.654 E589.57183
G0 F9000 X98.638 Y97.654
G1 F1434 X99.379 Y96.913 E589.59798
G0 F9000 X99.379 Y96.347
G1 F1434 X98.072 Y97.654 E589.64408
G0 F9000 X97.507 Y97.654
G1 F1434 X99.379 Y95.781 E589.71014
G0 F9000 X99.379 Y95.216
G1 F1434 X96.941 Y97.654 E589.79615
G0 F9000 X96.376 Y97.653
G1 F1434 X99.379 Y94.65 E589.90209
G0 F9000 X99.379 Y94.084
G1 F1434 X95.81 Y97.653 E590.02799
G0 F9000 X95.245 Y97.653
G1 F1434 X99.379 Y93.519 E590.17383
G0 F9000 X99.379 Y92.953
G1 F1434 X94.679 Y97.653 E590.33964
G0 F9000 X94.113 Y97.653
G1 F1434 X99.379 Y92.387 E590.52541
G0 F9000 X99.379 Y91.822
G1 F1434 X93.548 Y97.653 E590.73111
G0 F9000 X93.42 Y97.215
G1 F1434 X99.379 Y91.256 E590.94133
G0 F9000 X99.379 Y90.69
G1 F1434 X93.42 Y96.65 E591.15157
G0 F9000 X93.42 Y96.084
G1 F1434 X99.379 Y90.125 E591.36179
G0 F9000 X99.379 Y89.559
G1 F1434 X93.42 Y95.518 E591.57201
G0 F9000 X93.42 Y94.953
G1 F1434 X99.379 Y88.993 E591.78225
G0 F9000 X99.379 Y88.427
G1 F1434 X93.42 Y94.387 E591.99248
G0 F9000 X93.42 Y93.821
G1 F1434 X99.379 Y87.862 E592.2027
G0 F9000 X99.379 Y87.296
G1 F1434 X93.42 Y93.256 E592.41294
G0 F9000 X93.42 Y92.69
G1 F1434 X99.379 Y86.73 E592.62318
G0 F9000 X99.379 Y86.165
G1 F1434 X93.42 Y92.124 E592.8334
G0 F9000 X93.42 Y91.559
G1 F1434 X99.159 Y85.819 E593.03588
G0 F9000 X98.594 Y85.819
G1 F1434 X93.42 Y90.993 E593.2184
G0 F9000 X93.42 Y90.427
G1 F1434 X98.028 Y85.819 E593.38096
G0 F9000 X97.462 Y85.819
G1 F1434 X93.42 Y89.861 E593.52355
G0 F9000 X93.42 Y89.296
G1 F1434 X96.896 Y85.819 E593.6462
G0 F9000 X96.331 Y85.819
G1 F1434 X93.42 Y88.73 E593.74889
G0 F9000 X93.42 Y88.164
G1 F1434 X95.765 Y85.819 E593.83162
G0 F9000 X95.199 Y85.819
G1 F1434 X93.42 Y87.599 E593.89439
G0 F9000 X93.42 Y87.033
G1 F1434 X94.634 Y85.819 E593.93722
G0 F9000 X93.744 Y86.143
G1 F1434 X93.461 Y85.86 E593.9501
G0 F9000 X93.502 Y85.819
G0 X92.85 Y98.22
;TIME_ELAPSED:1359.304443
;LAYER:38
G0 X92.85 Y98.22 Z6.01
;TYPE:WALL-INNER
G1 F500 X92.85 Y95.336 E594.02204
G1 X99.751 Y95.335 E594.19419
G1 X99.95 Y95.335 E594.19915
G1 X99.95 Y95.534 E594.20236
G1 X99.95 Y98.22 E594.26937
G1 X94.515 Y98.22 E594.40494
G0 F450 X92.85 Y98.22
G0 F9000 X92.45 Y98.62
G1 F480 E594.44648
G1 F500 X92.45 Y94.936 E594.53837
G1 X100.151 Y94.935 E594.73048
G1 X100.35 Y94.935 E594.73544
G1 X100.35 Y95.134 E594.73865
G1 X100.35 Y98.62 E594.82561
G1 X94.115 Y98.62 E594.98114
G0 F450 X92.45 Y98.62
G0 F9000 X92.025 Y99.045
;TYPE:WALL-OUTER
G1 F480 E595.02268
G1 F300 X92.025 Y94.511 E595.12164
G1 X100.6 Y94.51 E595.30881
G1 X100.775 Y94.51 E595.31263
G1 X100.775 Y94.685 E595.3151
G1 X100.775 Y99.045 E595.41026
G1 X93.927 Y99.045 E595.55973
G0 F270 X92.025 Y99.045
G0 F9000 X92.025 Y98.845
G0 X92.41 Y98.66
G0 X93.24 Y97.83
;TYPE:SKIN
G1 F480 E595.60125
G1 F800 X93.24 Y95.726 E595.65373
G1 X99.56 Y95.725 E595.81139
G1 X99.56 Y97.83 E595.8639
G1 X94.905 Y97.83 E595.98002
G0 F720 X93.24 Y97.83
G0 F9000 X93.689 Y97.649
G1 F480 E596.02155
G1 F800 X93.419 Y97.379 E596.03107
G0 F9000 X93.419 Y96.813
G1 F800 X94.255 Y97.649 E596.06057
G0 F9000 X94.82 Y97.649
G1 F800 X93.419 Y96.247 E596.11001
G0 F9000 X93.642 Y95.904
G1 F800 X95.386 Y97.649 E596.17155
G0 F9000 X95.952 Y97.649
G1 F800 X94.207 Y95.904 E596.23311
G0 F9000 X94.773 Y95.904
G1 F800 X96.517 Y97.649 E596.29465
G0 F9000 X97.083 Y97.649
G1 F800 X95.339 Y95.904 E596.35619
G0 F9000 X95.904 Y95.904
G1 F800 X97.649 Y97.649 E596.41775
G0 F9000 X98.215 Y97.649
G1 F800 X96.47 Y95.904 E596.47931
G0 F9000 X97.036 Y95.904
G1 F800 X98.78 Y97.649 E596.54085
G0 F9000 X99.346 Y97.649
G1 F800 X97.601 Y95.904 E596.60241
G0 F9000 X98.167 Y95.904
G1 F800 X99.379 Y97.116 E596.64517
G0 F9000 X99.056 Y96.227
G1 F800 X99.339 Y95.944 E596.658
G0 F9000 X99.379 Y95.985
;TIME_ELAPSED:1374.364564
G1 F1500 E595.158
M107
; -- END GCODE --
; -- end of END GCODE --
M82 ;absolute extrusion mode
M104 S0
;End of Gcode
;SETTING_3 {"global_quality": "[general]\\nversion = 4\\nname = Low Quality #2\\
;SETTING_3 ndefinition = robor2\\n\\n[metadata]\\nquality_type = low\\nsetting_v
;SETTING_3 ersion = 4\\ntype = quality_changes\\n\\n[values]\\nadhesion_type = s
;SETTING_3 kirt\\n\\n", "extruder_quality": ["[general]\\nversion = 4\\nname = L
;SETTING_3 ow Quality #2\\ndefinition = robor2\\n\\n[metadata]\\nquality_type = 
;SETTING_3 low\\nposition = 0\\nsetting_version = 4\\ntype = quality_changes\\n\
;SETTING_3 \n[values]\\ninfill_sparse_density = 30\\n\\n"]}
