;FLAVOR:Marlin
;TIME:957
;Filament used: 0.208201m
;Layer height: 0.15
;Generated with Cura_SteamEngine 3.4.1
M190 S70
M104 S220
M109 S220
M82 ;absolute extrusion mode
G92 E0 ;zero the extruded length
G1 X190 Y0 F7000 ;move to priming position
G1 Z2 ;raise bed
G1 F200 E10 ;extrude 10 mm of feed stock
G1 Z15 ;raise bed after priming
G92 E0 ;zero the extruded length again
G1 F7000;
G92 E0
G1 F1500 E-1.5
;LAYER_COUNT:39
;LAYER:0
M107
M204 S500
G0 F9000 X106.721 Y95.193 Z0.31
;TYPE:SKIRT
G1 F480 E0.06236
G1 F696.3 X107.109 Y94.856 E0.1021
G1 X107.544 Y94.584 E0.14178
G1 X108.016 Y94.383 E0.18145
G1 X108.514 Y94.257 E0.22117
G1 X109.098 Y94.21 E0.26648
G1 X113.128 Y94.244 E0.57813
G1 X113.639 Y94.288 E0.61779
G1 X114.144 Y94.413 E0.65802
G1 X120.006 Y96.367 E1.13585
G1 X120.479 Y96.567 E1.17556
G1 X120.915 Y96.838 E1.21526
G1 X121.304 Y97.173 E1.25496
G1 X121.636 Y97.564 E1.29462
G1 X121.904 Y98.002 E1.33433
G1 X122.1 Y98.477 E1.37407
G1 X122.22 Y98.976 E1.41375
G1 X122.262 Y99.492 E1.45379
G1 X122.291 Y115.485 E2.69053
G1 X122.252 Y115.997 E2.73023
G1 X122.134 Y116.497 E2.76996
G1 X121.94 Y116.972 E2.80964
G1 X121.675 Y117.411 E2.84929
G1 X121.344 Y117.804 E2.88903
G1 X120.957 Y118.142 E2.92876
G1 X120.522 Y118.414 E2.96843
G1 X120.05 Y118.616 E3.00813
G1 X119.552 Y118.743 E3.04788
G1 X118.987 Y118.791 E3.09173
G1 X110.992 Y118.782 E3.70998
G1 X110.48 Y118.741 E3.7497
G1 X109.981 Y118.622 E3.78937
G1 X109.506 Y118.427 E3.82907
G1 X109.068 Y118.16 E3.86874
G1 X108.626 Y117.778 E3.91392
G1 X106.702 Y115.792 E4.12774
G1 X106.374 Y115.397 E4.16745
G1 X106.112 Y114.955 E4.20718
G1 X105.922 Y114.479 E4.24681
G1 X105.807 Y113.978 E4.28656
G1 X105.772 Y113.496 E4.32393
G1 X105.77 Y97.51 E5.56013
G1 X105.81 Y96.999 E5.59977
G1 X105.929 Y96.499 E5.63951
G1 X106.123 Y96.024 E5.67919
G1 X106.379 Y95.604 E5.71722
G0 F626.7 X106.39 Y95.585
G0 X106.721 Y95.193
G1 F1500 E4.21722
G1 F900 Z1.31
G0 F9000 X111.824 Y112.676 Z1.31
;TYPE:WALL-INNER
G1 F900 Z0.31
G1 F480 E5.82104
G1 F696.3 X109.886 Y112.676 E5.9709
G1 X109.885 Y112.324 E5.99812
G1 X111.824 Y112.324 E6.08625
G1 X112.176 Y112.324 E6.11347
G1 X112.176 Y112.676 E6.13673
G1 X112.176 Y114.324 E6.26416
G1 X118.176 Y114.324 E6.72814
G1 X118.176 Y114.676 E6.75536
G1 X112.176 Y114.676 E7.02802
G1 X111.824 Y114.676 E7.05127
G1 X111.824 Y114.324 E7.07453
G1 X111.824 Y112.676 E7.14942
G0 F9000 X111.212 Y113.288
;TYPE:WALL-OUTER
G1 F696.3 X109.274 Y113.288 E7.28055
G1 X109.273 Y111.974 E7.36946
G1 X109.273 Y111.712 E7.38719
G1 X109.535 Y111.712 E7.39866
G1 X112.788 Y111.712 E7.61877
G1 X112.788 Y113.712 E7.75409
G1 X118.788 Y113.712 E8.16008
G1 X118.788 Y115.288 E8.26671
G1 X111.212 Y115.288 E8.77933
G1 X111.212 Y113.901 E8.87318
G0 F626.7 X111.212 Y113.288
G0 F9000 X111.012 Y113.288
G0 X111.012 Y112.711
G1 F1500 E7.37318
G1 F900 Z1.31
G0 F9000 X111.824 Y105.676 Z1.31
;TYPE:WALL-INNER
G1 F900 Z0.31
G1 F480 E8.97702
G1 F696.3 X109.886 Y105.676 E9.12689
G1 X109.885 Y105.324 E9.15411
G1 X111.824 Y105.324 E9.24224
G1 X112.176 Y105.324 E9.26946
G1 X112.176 Y105.676 E9.29271
G1 X112.176 Y107.324 E9.42015
G1 X118.176 Y107.324 E9.88413
G1 X118.176 Y107.676 E9.91135
G1 X112.176 Y107.676 E10.18401
G1 X111.824 Y107.676 E10.20726
G1 X111.824 Y107.324 E10.23052
G1 X111.824 Y105.676 E10.30541
G0 F9000 X111.212 Y106.288
;TYPE:WALL-OUTER
G1 F696.3 X109.274 Y106.288 E10.43654
G1 X109.273 Y104.974 E10.52545
G1 X109.273 Y104.712 E10.54318
G1 X109.535 Y104.712 E10.55465
G1 X112.788 Y104.712 E10.77476
G1 X112.788 Y106.712 E10.91008
G1 X118.788 Y106.712 E11.31606
G1 X118.788 Y108.288 E11.4227
G1 X111.212 Y108.288 E11.93532
G1 X111.212 Y106.901 E12.02917
G0 F626.7 X111.212 Y106.288
G0 F9000 X111.012 Y106.288
G0 X111.012 Y105.711
G1 F1500 E10.52917
G1 F900 Z1.31
G0 F9000 X111.824 Y98.676 Z1.31
;TYPE:WALL-INNER
G1 F900 Z0.31
G1 F480 E12.13301
G1 F696.3 X109.886 Y98.676 E12.28288
G1 X109.885 Y98.324 E12.3101
G1 X111.824 Y98.324 E12.39823
G1 X112.176 Y98.324 E12.42545
G1 X112.176 Y98.676 E12.4487
G1 X112.176 Y100.324 E12.57614
G1 X118.176 Y100.324 E13.04012
G1 X118.176 Y100.676 E13.06734
G1 X112.176 Y100.676 E13.33999
G1 X111.824 Y100.676 E13.36325
G1 X111.824 Y100.324 E13.38651
G1 X111.824 Y98.676 E13.46139
G0 F9000 X111.212 Y99.288
;TYPE:WALL-OUTER
G1 F696.3 X109.274 Y99.288 E13.59253
G1 X109.273 Y97.974 E13.68144
G1 X109.273 Y97.712 E13.69916
G1 X109.535 Y97.712 E13.71063
M104 S215
G1 X112.788 Y97.712 E13.93074
G1 X112.788 Y99.712 E14.06607
G1 X118.788 Y99.712 E14.47205
G1 X118.788 Y101.288 E14.57869
G1 X111.212 Y101.288 E15.09131
G1 X111.212 Y99.901 E15.18516
G0 F626.7 X111.212 Y99.288
G0 F9000 X111.012 Y99.288
G0 X111.012 Y98.711
G1 F1500 E13.68516
G1 F900 Z1.31
G0 F9000 X111.95 Y112.55 Z1.31
;TIME_ELAPSED:24.749898
;LAYER:1
M140 S70
M106 S63.8
G0 X111.95 Y112.55 Z1.46
;TYPE:WALL-INNER
G1 F900 Z0.46
G1 F480 E15.289
G1 F759.9 X109.507 Y112.55 E15.34994
G1 X109.506 Y112.45 E15.35243
G1 X111.95 Y112.45 E15.36772
G1 X112.05 Y112.45 E15.37022
G1 X112.05 Y112.55 E15.37184
G1 X112.05 Y114.45 E15.41924
G1 X118.05 Y114.45 E15.56891
G1 X118.05 Y114.55 E15.5714
G1 X112.05 Y114.55 E15.60891
G1 X111.95 Y114.55 E15.61054
G1 X111.95 Y114.45 E15.61216
G1 X111.95 Y112.55 E15.62404
G0 F9000 X111.55 Y112.95
G1 F759.9 X109.107 Y112.95 E15.68498
G1 X109.106 Y112.249 E15.70247
G1 X109.106 Y112.05 E15.70743
G1 X109.305 Y112.05 E15.71064
G1 X112.45 Y112.05 E15.7891
G1 X112.45 Y114.05 E15.83899
G1 X118.45 Y114.05 E15.98866
G1 X118.45 Y114.95 E16.01111
G1 X111.55 Y114.95 E16.18323
G1 X111.55 Y114.615 E16.19159
G0 F683.9 X111.55 Y112.95
G0 F9000 X111.125 Y113.375
;TYPE:WALL-OUTER
G1 F480 E16.23312
G1 F569.9 X108.682 Y113.375 E16.28644
G1 X108.681 Y111.8 E16.32082
G1 X108.681 Y111.625 E16.32464
G1 X108.856 Y111.625 E16.32711
G1 X112.875 Y111.625 E16.41483
G1 X112.875 Y113.625 E16.45849
G1 X118.875 Y113.625 E16.58945
G1 X118.875 Y115.375 E16.62765
G1 X111.125 Y115.375 E16.79681
G1 X111.125 Y115.277 E16.79894
G0 F513 X111.125 Y113.375
G0 F9000 X110.925 Y113.375
G0 X110.925 Y112.99
G0 X110.925 Y112.55
G1 F1500 E15.29894
G1 F900 Z1.46
G0 F9000 X110.925 Y112.55 Z1.46
G0 X111.95 Y105.55
;TYPE:WALL-INNER
G1 F900 Z0.46
G1 F480 E16.90282
G1 F759.9 X109.507 Y105.55 E16.96376
G1 X109.506 Y105.45 E16.96626
G1 X111.95 Y105.45 E16.98155
G1 X112.05 Y105.45 E16.98404
G1 X112.05 Y105.55 E16.98567
G1 X112.05 Y107.45 E17.03306
G1 X118.05 Y107.45 E17.18273
G1 X118.05 Y107.55 E17.18523
G1 X112.05 Y107.55 E17.22274
G1 X111.95 Y107.55 E17.22436
G1 X111.95 Y107.45 E17.22599
G1 X111.95 Y105.55 E17.23786
G0 F9000 X111.55 Y105.95
G1 F759.9 X109.107 Y105.95 E17.29881
G1 X109.106 Y105.249 E17.31629
G1 X109.106 Y105.05 E17.32126
G1 X109.305 Y105.05 E17.32447
G1 X112.45 Y105.05 E17.40292
G1 X112.45 Y107.05 E17.45281
G1 X118.45 Y107.05 E17.60248
G1 X118.45 Y107.95 E17.62493
G1 X111.55 Y107.95 E17.79705
G1 X111.55 Y107.615 E17.80541
G0 F683.9 X111.55 Y105.95
G0 F9000 X111.125 Y106.375
;TYPE:WALL-OUTER
G1 F480 E17.84694
G1 F569.9 X108.682 Y106.375 E17.90027
G1 X108.681 Y104.8 E17.93464
G1 X108.681 Y104.625 E17.93846
G1 X108.856 Y104.625 E17.94094
G1 X112.875 Y104.625 E18.02866
G1 X112.875 Y106.625 E18.07231
G1 X118.875 Y106.625 E18.20327
G1 X118.875 Y108.375 E18.24147
G1 X111.125 Y108.375 E18.41063
G1 X111.125 Y108.277 E18.41277
G0 F513 X111.125 Y106.375
G0 F9000 X110.925 Y106.375
G0 X110.925 Y105.99
G0 X110.925 Y105.55
G1 F1500 E16.91277
G1 F900 Z1.46
G0 F9000 X110.925 Y105.55 Z1.46
G0 X111.95 Y98.55
;TYPE:WALL-INNER
G1 F900 Z0.46
G1 F480 E18.51665
G1 F759.9 X109.507 Y98.55 E18.57759
G1 X109.506 Y98.45 E18.58008
G1 X111.95 Y98.45 E18.59537
G1 X112.05 Y98.45 E18.59787
G1 X112.05 Y98.55 E18.59949
G1 X112.05 Y100.45 E18.64688
G1 X118.05 Y100.45 E18.79656
G1 X118.05 Y100.55 E18.79905
G1 X112.05 Y100.55 E18.83656
G1 X111.95 Y100.55 E18.83819
G1 X111.95 Y100.45 E18.83981
G1 X111.95 Y98.55 E18.85169
G0 F9000 X111.55 Y98.95
G1 F759.9 X109.107 Y98.95 E18.91263
G1 X109.106 Y98.249 E18.93012
G1 X109.106 Y98.05 E18.93508
G1 X109.305 Y98.05 E18.93829
G1 X112.45 Y98.05 E19.01674
G1 X112.45 Y100.05 E19.06663
G1 X118.45 Y100.05 E19.2163
G1 X118.45 Y100.95 E19.23875
G1 X111.55 Y100.95 E19.41088
G1 X111.55 Y100.615 E19.41923
G0 F683.9 X111.55 Y98.95
G0 F9000 X111.125 Y99.375
;TYPE:WALL-OUTER
G1 F480 E19.46077
G1 F569.9 X108.682 Y99.375 E19.51409
G1 X108.681 Y97.8 E19.54847
G1 X108.681 Y97.625 E19.55229
G1 X108.856 Y97.625 E19.55476
G1 X112.875 Y97.625 E19.64248
G1 X112.875 Y99.625 E19.68614
G1 X118.875 Y99.625 E19.8171
G1 X118.875 Y101.375 E19.85529
G1 X111.125 Y101.375 E20.02445
G1 X111.125 Y101.277 E20.02659
G0 F513 X111.125 Y99.375
G0 F9000 X110.925 Y99.375
G0 X110.925 Y98.99
G0 X110.925 Y98.55
G1 F1500 E18.52659
G1 F900 Z1.46
G0 F9000 X110.925 Y98.55 Z1.46
G0 X111.95 Y112.55
;TIME_ELAPSED:47.869387
;LAYER:2
M106 S127.5
G0 X111.95 Y112.55 Z1.61
;TYPE:WALL-INNER
G1 F900 Z0.61
G1 F480 E20.13047
G1 F872 X109.107 Y112.55 E20.20139
G1 X109.106 Y112.45 E20.20388
G1 X111.95 Y112.45 E20.22167
G1 X112.05 Y112.45 E20.22417
G1 X112.05 Y112.55 E20.22579
G1 X112.05 Y114.45 E20.27319
G1 X118.05 Y114.45 E20.42286
G1 X118.05 Y114.55 E20.42535
G1 X112.05 Y114.55 E20.46286
G1 X111.95 Y114.55 E20.46449
G1 X111.95 Y114.45 E20.46611
G1 X111.95 Y112.55 E20.47799
G0 F9000 X111.55 Y112.95
G1 F872 X108.707 Y112.95 E20.54891
G1 X108.706 Y112.249 E20.5664
G1 X108.706 Y112.05 E20.57136
G1 X108.905 Y112.05 E20.57457
G1 X112.45 Y112.05 E20.663
G1 X112.45 Y114.05 E20.71289
G1 X118.45 Y114.05 E20.86256
G1 X118.45 Y114.95 E20.88501
G1 X111.55 Y114.95 E21.05713
G1 X111.55 Y114.615 E21.06549
G0 F784.8 X111.55 Y112.95
G0 F9000 X111.125 Y113.375
;TYPE:WALL-OUTER
G1 F480 E21.10702
G1 F523.2 X108.282 Y113.375 E21.16908
G1 X108.281 Y111.8 E21.20346
G1 X108.281 Y111.625 E21.20728
G1 X108.456 Y111.625 E21.20975
G1 X112.875 Y111.625 E21.3062
G1 X112.875 Y113.625 E21.34986
G1 X118.875 Y113.625 E21.48082
G1 X118.875 Y115.375 E21.51901
G1 X111.125 Y115.375 E21.68817
G1 X111.125 Y115.277 E21.69031
G0 F470.9 X111.125 Y113.375
G0 F9000 X110.925 Y113.375
G0 X110.925 Y112.99
G0 X110.925 Y112.55
G1 F1500 E20.19031
G1 F900 Z1.61
G0 F9000 X110.925 Y112.55 Z1.61
G0 X111.95 Y105.55
;TYPE:WALL-INNER
G1 F900 Z0.61
G1 F480 E21.79419
G1 F872 X109.107 Y105.55 E21.86511
G1 X109.106 Y105.45 E21.8676
G1 X111.95 Y105.45 E21.88539
G1 X112.05 Y105.45 E21.88789
G1 X112.05 Y105.55 E21.88951
G1 X112.05 Y107.45 E21.93691
G1 X118.05 Y107.45 E22.08658
G1 X118.05 Y107.55 E22.08907
G1 X112.05 Y107.55 E22.12658
G1 X111.95 Y107.55 E22.12821
G1 X111.95 Y107.45 E22.12983
G1 X111.95 Y105.55 E22.14171
G0 F9000 X111.55 Y105.95
G1 F872 X108.707 Y105.95 E22.21263
G1 X108.706 Y105.249 E22.23012
G1 X108.706 Y105.05 E22.23508
G1 X108.905 Y105.05 E22.23829
G1 X112.45 Y105.05 E22.32672
G1 X112.45 Y107.05 E22.37661
G1 X118.45 Y107.05 E22.52628
G1 X118.45 Y107.95 E22.54873
G1 X111.55 Y107.95 E22.72085
G1 X111.55 Y107.615 E22.72921
G0 F784.8 X111.55 Y105.95
G0 F9000 X111.125 Y106.375
;TYPE:WALL-OUTER
G1 F480 E22.77074
G1 F523.2 X108.282 Y106.375 E22.8328
G1 X108.281 Y104.8 E22.86718
G1 X108.281 Y104.625 E22.871
G1 X108.456 Y104.625 E22.87347
G1 X112.875 Y104.625 E22.96992
G1 X112.875 Y106.625 E23.01358
G1 X118.875 Y106.625 E23.14454
G1 X118.875 Y108.375 E23.18273
G1 X111.125 Y108.375 E23.35189
G1 X111.125 Y108.277 E23.35403
G0 F470.9 X111.125 Y106.375
G0 F9000 X110.925 Y106.375
G0 X110.925 Y105.99
G0 X110.925 Y105.55
G1 F1500 E21.85403
G1 F900 Z1.61
G0 F9000 X110.925 Y105.55 Z1.61
G0 X111.95 Y98.55
;TYPE:WALL-INNER
G1 F900 Z0.61
G1 F480 E23.45791
G1 F872 X109.107 Y98.55 E23.52883
G1 X109.106 Y98.45 E23.53132
G1 X111.95 Y98.45 E23.54911
G1 X112.05 Y98.45 E23.55161
G1 X112.05 Y98.55 E23.55323
G1 X112.05 Y100.45 E23.60063
G1 X118.05 Y100.45 E23.7503
G1 X118.05 Y100.55 E23.75279
G1 X112.05 Y100.55 E23.7903
G1 X111.95 Y100.55 E23.79193
G1 X111.95 Y100.45 E23.79355
G1 X111.95 Y98.55 E23.80543
G0 F9000 X111.55 Y98.95
G1 F872 X108.707 Y98.95 E23.87635
G1 X108.706 Y98.249 E23.89384
G1 X108.706 Y98.05 E23.8988
G1 X108.905 Y98.05 E23.90201
G1 X112.45 Y98.05 E23.99044
G1 X112.45 Y100.05 E24.04033
G1 X118.45 Y100.05 E24.19
G1 X118.45 Y100.95 E24.21245
G1 X111.55 Y100.95 E24.38457
G1 X111.55 Y100.615 E24.39293
G0 F784.8 X111.55 Y98.95
G0 F9000 X111.125 Y99.375
;TYPE:WALL-OUTER
G1 F480 E24.43446
G1 F523.2 X108.282 Y99.375 E24.49652
G1 X108.281 Y97.8 E24.5309
G1 X108.281 Y97.625 E24.53472
G1 X108.456 Y97.625 E24.53719
G1 X112.875 Y97.625 E24.63364
G1 X112.875 Y99.625 E24.6773
G1 X118.875 Y99.625 E24.80826
G1 X118.875 Y101.375 E24.84645
G1 X111.125 Y101.375 E25.01561
G1 X111.125 Y101.277 E25.01775
G0 F470.9 X111.125 Y99.375
G0 F9000 X110.925 Y99.375
G0 X110.925 Y98.99
G0 X110.925 Y98.55
G1 F1500 E23.51775
G1 F900 Z1.61
G0 F9000 X110.925 Y98.55 Z1.61
G0 X111.95 Y112.55
;TIME_ELAPSED:71.099848
;LAYER:3
M106 S191.3
G0 X111.95 Y112.55 Z1.76
;TYPE:WALL-INNER
G1 F900 Z0.76
G1 F480 E25.12163
G1 F894.6 X108.771 Y112.55 E25.20093
G1 X108.77 Y112.45 E25.20343
G1 X111.95 Y112.45 E25.22332
G1 X112.05 Y112.45 E25.22581
G1 X112.05 Y112.55 E25.22743
G1 X112.05 Y114.45 E25.27483
G1 X118.05 Y114.45 E25.4245
G1 X118.05 Y114.55 E25.42699
G1 X112.05 Y114.55 E25.46451
G1 X111.95 Y114.55 E25.46613
G1 X111.95 Y114.45 E25.46775
G1 X111.95 Y112.55 E25.47963
G0 F9000 X111.55 Y112.95
G1 F894.6 X108.371 Y112.95 E25.55893
G1 X108.37 Y112.249 E25.57642
G1 X108.37 Y112.05 E25.58138
G1 X108.569 Y112.05 E25.5846
G1 X112.45 Y112.05 E25.68141
G1 X112.45 Y114.05 E25.7313
G1 X118.45 Y114.05 E25.88097
G1 X118.45 Y114.95 E25.90342
G1 X111.55 Y114.95 E26.07554
G1 X111.55 Y114.615 E26.0839
G0 F805.1 X111.55 Y112.95
G0 F9000 X111.125 Y113.375
;TYPE:WALL-OUTER
G1 F480 E26.12543
G1 F536.7 X107.946 Y113.375 E26.19482
G1 X107.945 Y111.8 E26.2292
G1 X107.945 Y111.625 E26.23302
G1 X108.12 Y111.625 E26.23549
G1 X112.875 Y111.625 E26.33927
G1 X112.875 Y113.625 E26.38293
G1 X118.875 Y113.625 E26.51389
G1 X118.875 Y115.375 E26.55209
G1 X111.125 Y115.375 E26.72125
G1 X111.125 Y115.277 E26.72339
G0 F483.1 X111.125 Y113.375
G0 F9000 X110.925 Y113.375
G0 X110.925 Y112.99
G0 X110.925 Y112.55
G1 F1500 E25.22339
G1 F900 Z1.76
G0 F9000 X110.925 Y112.55 Z1.76
G0 X111.95 Y105.55
;TYPE:WALL-INNER
G1 F900 Z0.76
G1 F480 E26.82726
G1 F894.6 X108.771 Y105.55 E26.90656
G1 X108.77 Y105.45 E26.90906
G1 X111.95 Y105.45 E26.92895
G1 X112.05 Y105.45 E26.93144
G1 X112.05 Y105.55 E26.93307
G1 X112.05 Y107.45 E26.98046
G1 X118.05 Y107.45 E27.13013
G1 X118.05 Y107.55 E27.13263
G1 X112.05 Y107.55 E27.17014
G1 X111.95 Y107.55 E27.17176
G1 X111.95 Y107.45 E27.17339
G1 X111.95 Y105.55 E27.18527
G0 F9000 X111.55 Y105.95
G1 F894.6 X108.371 Y105.95 E27.26457
G1 X108.37 Y105.249 E27.28205
G1 X108.37 Y105.05 E27.28702
G1 X108.569 Y105.05 E27.29023
G1 X112.45 Y105.05 E27.38704
G1 X112.45 Y107.05 E27.43693
G1 X118.45 Y107.05 E27.5866
G1 X118.45 Y107.95 E27.60905
G1 X111.55 Y107.95 E27.78117
G1 X111.55 Y107.615 E27.78953
G0 F805.1 X111.55 Y105.95
G0 F9000 X111.125 Y106.375
;TYPE:WALL-OUTER
G1 F480 E27.83106
G1 F536.7 X107.946 Y106.375 E27.90045
G1 X107.945 Y104.8 E27.93483
G1 X107.945 Y104.625 E27.93865
G1 X108.12 Y104.625 E27.94112
G1 X112.875 Y104.625 E28.04491
G1 X112.875 Y106.625 E28.08856
G1 X118.875 Y106.625 E28.21952
G1 X118.875 Y108.375 E28.25772
G1 X111.125 Y108.375 E28.42688
G1 X111.125 Y108.277 E28.42902
G0 F483.1 X111.125 Y106.375
G0 F9000 X110.925 Y106.375
G0 X110.925 Y105.99
G0 X110.925 Y105.55
G1 F1500 E26.92902
G1 F900 Z1.76
G0 F9000 X110.925 Y105.55 Z1.76
G0 X111.95 Y98.55
;TYPE:WALL-INNER
G1 F900 Z0.76
G1 F480 E28.5329
G1 F894.6 X108.771 Y98.55 E28.6122
G1 X108.77 Y98.45 E28.61469
G1 X111.95 Y98.45 E28.63458
G1 X112.05 Y98.45 E28.63708
G1 X112.05 Y98.55 E28.6387
G1 X112.05 Y100.45 E28.6861
G1 X118.05 Y100.45 E28.83577
G1 X118.05 Y100.55 E28.83826
G1 X112.05 Y100.55 E28.87577
G1 X111.95 Y100.55 E28.8774
G1 X111.95 Y100.45 E28.87902
G1 X111.95 Y98.55 E28.8909
G0 F9000 X111.55 Y98.95
G1 F894.6 X108.371 Y98.95 E28.9702
G1 X108.37 Y98.249 E28.98769
G1 X108.37 Y98.05 E28.99265
G1 X108.569 Y98.05 E28.99586
G1 X112.45 Y98.05 E29.09267
G1 X112.45 Y100.05 E29.14256
G1 X118.45 Y100.05 E29.29223
G1 X118.45 Y100.95 E29.31468
G1 X111.55 Y100.95 E29.48681
G1 X111.55 Y100.615 E29.49516
G0 F805.1 X111.55 Y98.95
G0 F9000 X111.125 Y99.375
;TYPE:WALL-OUTER
G1 F480 E29.5367
G1 F536.7 X107.946 Y99.375 E29.60608
G1 X107.945 Y97.8 E29.64046
G1 X107.945 Y97.625 E29.64428
G1 X108.12 Y97.625 E29.64675
G1 X112.875 Y97.625 E29.75054
G1 X112.875 Y99.625 E29.79419
G1 X118.875 Y99.625 E29.92516
G1 X118.875 Y101.375 E29.96335
G1 X111.125 Y101.375 E30.13251
G1 X111.125 Y101.277 E30.13465
G0 F483.1 X111.125 Y99.375
G0 F9000 X110.925 Y99.375
G0 X110.925 Y98.99
G0 X110.925 Y98.55
G1 F1500 E28.63465
G1 F900 Z1.76
G0 F9000 X110.925 Y98.55 Z1.76
G0 X111.95 Y112.55
;TIME_ELAPSED:94.360031
;LAYER:4
M106 S255
G0 X111.95 Y112.55 Z1.91
;TYPE:WALL-INNER
G1 F900 Z0.91
G1 F480 E30.23853
G1 F913.1 X108.495 Y112.55 E30.32471
G1 X108.494 Y112.45 E30.32721
G1 X111.95 Y112.45 E30.34883
G1 X112.05 Y112.45 E30.35132
G1 X112.05 Y112.55 E30.35294
G1 X112.05 Y114.45 E30.40034
G1 X118.05 Y114.45 E30.55001
G1 X118.05 Y114.55 E30.5525
G1 X112.05 Y114.55 E30.59002
G1 X111.95 Y114.55 E30.59164
G1 X111.95 Y114.45 E30.59326
G1 X111.95 Y112.55 E30.60514
G0 F9000 X111.55 Y112.95
G1 F913.1 X108.095 Y112.95 E30.69133
G1 X108.094 Y112.249 E30.70881
G1 X108.094 Y112.05 E30.71378
G1 X108.293 Y112.05 E30.71699
G1 X112.45 Y112.05 E30.82069
G1 X112.45 Y114.05 E30.87058
G1 X118.45 Y114.05 E31.02025
G1 X118.45 Y114.95 E31.0427
G1 X111.55 Y114.95 E31.21482
G1 X111.55 Y114.615 E31.22318
G0 F821.8 X111.55 Y112.95
G0 F9000 X111.125 Y113.375
;TYPE:WALL-OUTER
G1 F480 E31.26471
G1 F547.9 X107.67 Y113.375 E31.34012
G1 X107.669 Y111.8 E31.3745
G1 X107.669 Y111.625 E31.37832
G1 X107.844 Y111.625 E31.38079
G1 X112.875 Y111.625 E31.4906
G1 X112.875 Y113.625 E31.53426
G1 X118.875 Y113.625 E31.66522
G1 X118.875 Y115.375 E31.70342
G1 X111.125 Y115.375 E31.87257
G1 X111.125 Y115.277 E31.87471
G0 F493.1 X111.125 Y113.375
G0 F9000 X110.925 Y113.375
G0 X110.925 Y112.99
G0 X110.925 Y112.55
G1 F1500 E30.37471
G1 F900 Z1.91
G0 F9000 X110.925 Y112.55 Z1.91
G0 X111.95 Y105.55
;TYPE:WALL-INNER
G1 F900 Z0.91
G1 F480 E31.97859
G1 F913.1 X108.495 Y105.55 E32.06478
G1 X108.494 Y105.45 E32.06727
G1 X111.95 Y105.45 E32.08889
G1 X112.05 Y105.45 E32.09138
G1 X112.05 Y105.55 E32.09301
G1 X112.05 Y107.45 E32.1404
G1 X118.05 Y107.45 E32.29007
G1 X118.05 Y107.55 E32.29257
G1 X112.05 Y107.55 E32.33008
G1 X111.95 Y107.55 E32.3317
G1 X111.95 Y107.45 E32.33333
G1 X111.95 Y105.55 E32.3452
G0 F9000 X111.55 Y105.95
G1 F913.1 X108.095 Y105.95 E32.43139
G1 X108.094 Y105.249 E32.44888
G1 X108.094 Y105.05 E32.45384
G1 X108.293 Y105.05 E32.45705
G1 X112.45 Y105.05 E32.56075
G1 X112.45 Y107.05 E32.61064
G1 X118.45 Y107.05 E32.76031
G1 X118.45 Y107.95 E32.78276
G1 X111.55 Y107.95 E32.95488
G1 X111.55 Y107.615 E32.96324
G0 F821.8 X111.55 Y105.95
G0 F9000 X111.125 Y106.375
;TYPE:WALL-OUTER
G1 F480 E33.00477
G1 F547.9 X107.67 Y106.375 E33.08018
G1 X107.669 Y104.8 E33.11456
G1 X107.669 Y104.625 E33.11838
G1 X107.844 Y104.625 E33.12085
G1 X112.875 Y104.625 E33.23066
G1 X112.875 Y106.625 E33.27432
G1 X118.875 Y106.625 E33.40528
G1 X118.875 Y108.375 E33.44348
G1 X111.125 Y108.375 E33.61264
G1 X111.125 Y108.277 E33.61477
G0 F493.1 X111.125 Y106.375
G0 F9000 X110.925 Y106.375
G0 X110.925 Y105.99
G0 X110.925 Y105.55
G1 F1500 E32.11477
G1 F900 Z1.91
G0 F9000 X110.925 Y105.55 Z1.91
G0 X111.95 Y98.55
;TYPE:WALL-INNER
G1 F900 Z0.91
G1 F480 E33.71865
G1 F913.1 X108.495 Y98.55 E33.80484
G1 X108.494 Y98.45 E33.80733
G1 X111.95 Y98.45 E33.82895
G1 X112.05 Y98.45 E33.83144
G1 X112.05 Y98.55 E33.83307
G1 X112.05 Y100.45 E33.88046
G1 X118.05 Y100.45 E34.03013
G1 X118.05 Y100.55 E34.03263
G1 X112.05 Y100.55 E34.07014
G1 X111.95 Y100.55 E34.07176
G1 X111.95 Y100.45 E34.07339
G1 X111.95 Y98.55 E34.08527
G0 F9000 X111.55 Y98.95
G1 F913.1 X108.095 Y98.95 E34.17145
G1 X108.094 Y98.249 E34.18894
G1 X108.094 Y98.05 E34.1939
G1 X108.293 Y98.05 E34.19711
G1 X112.45 Y98.05 E34.30081
G1 X112.45 Y100.05 E34.3507
G1 X118.45 Y100.05 E34.50037
G1 X118.45 Y100.95 E34.52282
G1 X111.55 Y100.95 E34.69494
G1 X111.55 Y100.615 E34.7033
G0 F821.8 X111.55 Y98.95
G0 F9000 X111.125 Y99.375
;TYPE:WALL-OUTER
G1 F480 E34.74483
G1 F547.9 X107.67 Y99.375 E34.82024
G1 X107.669 Y97.8 E34.85462
G1 X107.669 Y97.625 E34.85844
G1 X107.844 Y97.625 E34.86091
G1 X112.875 Y97.625 E34.97073
G1 X112.875 Y99.625 E35.01438
G1 X118.875 Y99.625 E35.14534
G1 X118.875 Y101.375 E35.18354
G1 X111.125 Y101.375 E35.3527
G1 X111.125 Y101.277 E35.35484
G0 F493.1 X111.125 Y99.375
G0 F9000 X110.925 Y99.375
G0 X110.925 Y98.99
G0 X110.925 Y98.55
G1 F1500 E33.85484
G1 F900 Z1.91
G0 F9000 X110.925 Y98.55 Z1.91
G0 X111.95 Y112.55
;TIME_ELAPSED:117.645278
;LAYER:5
G0 X111.95 Y112.55 Z2.06
;TYPE:WALL-INNER
G1 F900 Z1.06
G1 F480 E35.45871
G1 F929.3 X108.254 Y112.55 E35.55091
G1 X108.253 Y112.45 E35.55341
G1 X111.95 Y112.45 E35.57653
G1 X112.05 Y112.45 E35.57902
G1 X112.05 Y112.55 E35.58065
G1 X112.05 Y114.45 E35.62804
G1 X118.05 Y114.45 E35.77771
G1 X118.05 Y114.55 E35.78021
G1 X112.05 Y114.55 E35.81772
G1 X111.95 Y114.55 E35.81934
G1 X111.95 Y114.45 E35.82097
G1 X111.95 Y112.55 E35.83285
G0 F9000 X111.55 Y112.95
G1 F929.3 X107.854 Y112.95 E35.92504
G1 X107.853 Y112.249 E35.94253
G1 X107.853 Y112.05 E35.94749
G1 X108.052 Y112.05 E35.95071
G1 X112.45 Y112.05 E36.06041
G1 X112.45 Y114.05 E36.1103
G1 X118.45 Y114.05 E36.25997
G1 X118.45 Y114.95 E36.28242
G1 X111.55 Y114.95 E36.45455
G1 X111.55 Y114.615 E36.4629
G0 F836.4 X111.55 Y112.95
G0 F9000 X111.125 Y113.375
;TYPE:WALL-OUTER
G1 F480 E36.50444
G1 F557.6 X107.429 Y113.375 E36.58511
G1 X107.428 Y111.8 E36.61949
G1 X107.428 Y111.625 E36.62331
G1 X107.603 Y111.625 E36.62578
G1 X112.875 Y111.625 E36.74085
G1 X112.875 Y113.625 E36.7845
G1 X118.875 Y113.625 E36.91547
G1 X118.875 Y115.375 E36.95366
G1 X111.125 Y115.375 E37.12282
G1 X111.125 Y115.277 E37.12496
G0 F501.8 X111.125 Y113.375
G0 F9000 X110.925 Y113.375
G0 X110.925 Y112.99
G0 X110.925 Y112.55
G1 F1500 E35.62496
G1 F900 Z2.06
G0 F9000 X110.925 Y112.55 Z2.06
G0 X111.95 Y105.55
;TYPE:WALL-INNER
G1 F900 Z1.06
G1 F480 E37.22884
G1 F929.3 X108.254 Y105.55 E37.32104
G1 X108.253 Y105.45 E37.32353
G1 X111.95 Y105.45 E37.34665
G1 X112.05 Y105.45 E37.34915
G1 X112.05 Y105.55 E37.35077
G1 X112.05 Y107.45 E37.39817
G1 X118.05 Y107.45 E37.54784
G1 X118.05 Y107.55 E37.55033
G1 X112.05 Y107.55 E37.58784
G1 X111.95 Y107.55 E37.58947
G1 X111.95 Y107.45 E37.59109
G1 X111.95 Y105.55 E37.60297
G0 F9000 X111.55 Y105.95
G1 F929.3 X107.854 Y105.95 E37.69517
G1 X107.853 Y105.249 E37.71265
G1 X107.853 Y105.05 E37.71762
G1 X108.052 Y105.05 E37.72083
G1 X112.45 Y105.05 E37.83054
G1 X112.45 Y107.05 E37.88043
G1 X118.45 Y107.05 E38.0301
G1 X118.45 Y107.95 E38.05255
G1 X111.55 Y107.95 E38.22467
G1 X111.55 Y107.615 E38.23303
G0 F836.4 X111.55 Y105.95
G0 F9000 X111.125 Y106.375
;TYPE:WALL-OUTER
G1 F480 E38.27456
G1 F557.6 X107.429 Y106.375 E38.35523
G1 X107.428 Y104.8 E38.38961
G1 X107.428 Y104.625 E38.39343
G1 X107.603 Y104.625 E38.3959
G1 X112.875 Y104.625 E38.51097
G1 X112.875 Y106.625 E38.55463
G1 X118.875 Y106.625 E38.68559
G1 X118.875 Y108.375 E38.72379
G1 X111.125 Y108.375 E38.89295
G1 X111.125 Y108.277 E38.89508
G0 F501.8 X111.125 Y106.375
G0 F9000 X110.925 Y106.375
G0 X110.925 Y105.99
G0 X110.925 Y105.55
G1 F1500 E37.39508
G1 F900 Z2.06
G0 F9000 X110.925 Y105.55 Z2.06
G0 X111.95 Y98.55
;TYPE:WALL-INNER
G1 F900 Z1.06
G1 F480 E38.99896
G1 F929.3 X108.254 Y98.55 E39.09116
G1 X108.253 Y98.45 E39.09365
G1 X111.95 Y98.45 E39.11678
G1 X112.05 Y98.45 E39.11927
G1 X112.05 Y98.55 E39.1209
G1 X112.05 Y100.45 E39.16829
G1 X118.05 Y100.45 E39.31796
G1 X118.05 Y100.55 E39.32046
G1 X112.05 Y100.55 E39.35797
G1 X111.95 Y100.55 E39.35959
G1 X111.95 Y100.45 E39.36122
G1 X111.95 Y98.55 E39.37309
G0 F9000 X111.55 Y98.95
G1 F929.3 X107.854 Y98.95 E39.46529
G1 X107.853 Y98.249 E39.48278
G1 X107.853 Y98.05 E39.48774
G1 X108.052 Y98.05 E39.49095
G1 X112.45 Y98.05 E39.60066
G1 X112.45 Y100.05 E39.65055
G1 X118.45 Y100.05 E39.80022
G1 X118.45 Y100.95 E39.82267
G1 X111.55 Y100.95 E39.99479
G1 X111.55 Y100.615 E40.00315
G0 F836.4 X111.55 Y98.95
G0 F9000 X111.125 Y99.375
;TYPE:WALL-OUTER
G1 F480 E40.04468
G1 F557.6 X107.429 Y99.375 E40.12536
G1 X107.428 Y97.8 E40.15973
G1 X107.428 Y97.625 E40.16355
G1 X107.603 Y97.625 E40.16603
G1 X112.875 Y97.625 E40.2811
G1 X112.875 Y99.625 E40.32475
G1 X118.875 Y99.625 E40.45571
G1 X118.875 Y101.375 E40.49391
G1 X111.125 Y101.375 E40.66307
G1 X111.125 Y101.277 E40.66521
G0 F501.8 X111.125 Y99.375
G0 F9000 X110.925 Y99.375
G0 X110.925 Y98.99
G0 X110.925 Y98.55
G1 F1500 E39.16521
G1 F900 Z2.06
G0 F9000 X110.925 Y98.55 Z2.06
G0 X111.95 Y112.55
;TIME_ELAPSED:140.952698
;LAYER:6
G0 X111.95 Y112.55 Z2.21
;TYPE:WALL-INNER
G1 F900 Z1.21
G1 F480 E40.76909
G1 F943.8 X108.038 Y112.55 E40.86667
G1 X108.037 Y112.45 E40.86917
G1 X111.95 Y112.45 E40.89364
G1 X112.05 Y112.45 E40.89613
G1 X112.05 Y112.55 E40.89776
G1 X112.05 Y114.45 E40.94515
G1 X118.05 Y114.45 E41.09482
G1 X118.05 Y114.55 E41.09732
G1 X112.05 Y114.55 E41.13483
G1 X111.95 Y114.55 E41.13645
G1 X111.95 Y114.45 E41.13808
G1 X111.95 Y112.55 E41.14996
G0 F9000 X111.55 Y112.95
G1 F943.8 X107.638 Y112.95 E41.24754
G1 X107.637 Y112.249 E41.26503
G1 X107.637 Y112.05 E41.26999
G1 X107.836 Y112.05 E41.2732
G1 X112.45 Y112.05 E41.3883
G1 X112.45 Y114.05 E41.43819
G1 X118.45 Y114.05 E41.58786
G1 X118.45 Y114.95 E41.61031
G1 X111.55 Y114.95 E41.78243
G1 X111.55 Y114.615 E41.79079
G0 F849.4 X111.55 Y112.95
G0 F9000 X111.125 Y113.375
;TYPE:WALL-OUTER
G1 F480 E41.83232
G1 F566.3 X107.213 Y113.375 E41.91771
G1 X107.212 Y111.8 E41.95209
G1 X107.212 Y111.625 E41.95591
G1 X107.387 Y111.625 E41.95838
G1 X112.875 Y111.625 E42.07817
G1 X112.875 Y113.625 E42.12182
G1 X118.875 Y113.625 E42.25278
G1 X118.875 Y115.375 E42.29098
G1 X111.125 Y115.375 E42.46014
G1 X111.125 Y115.277 E42.46228
G0 F509.7 X111.125 Y113.375
G0 F9000 X110.925 Y113.375
G0 X110.925 Y112.99
G0 X110.925 Y112.55
G1 F1500 E40.96228
G1 F900 Z2.21
G0 F9000 X110.925 Y112.55 Z2.21
G0 X111.95 Y105.55
;TYPE:WALL-INNER
G1 F900 Z1.21
G1 F480 E42.56616
G1 F943.8 X108.038 Y105.55 E42.66374
G1 X108.037 Y105.45 E42.66623
G1 X111.95 Y105.45 E42.69071
G1 X112.05 Y105.45 E42.6932
G1 X112.05 Y105.55 E42.69483
G1 X112.05 Y107.45 E42.74222
G1 X118.05 Y107.45 E42.89189
G1 X118.05 Y107.55 E42.89439
G1 X112.05 Y107.55 E42.9319
G1 X111.95 Y107.55 E42.93352
G1 X111.95 Y107.45 E42.93515
G1 X111.95 Y105.55 E42.94703
G0 F9000 X111.55 Y105.95
G1 F943.8 X107.638 Y105.95 E43.04461
G1 X107.637 Y105.249 E43.0621
G1 X107.637 Y105.05 E43.06706
G1 X107.836 Y105.05 E43.07027
G1 X112.45 Y105.05 E43.18537
G1 X112.45 Y107.05 E43.23526
G1 X118.45 Y107.05 E43.38493
G1 X118.45 Y107.95 E43.40738
G1 X111.55 Y107.95 E43.5795
G1 X111.55 Y107.615 E43.58786
G0 F849.4 X111.55 Y105.95
G0 F9000 X111.125 Y106.375
;TYPE:WALL-OUTER
G1 F480 E43.62939
G1 F566.3 X107.213 Y106.375 E43.71478
G1 X107.212 Y104.8 E43.74916
G1 X107.212 Y104.625 E43.75298
G1 X107.387 Y104.625 E43.75545
G1 X112.875 Y104.625 E43.87523
G1 X112.875 Y106.625 E43.91889
G1 X118.875 Y106.625 E44.04985
G1 X118.875 Y108.375 E44.08805
G1 X111.125 Y108.375 E44.25721
G1 X111.125 Y108.277 E44.25935
G0 F509.7 X111.125 Y106.375
G0 F9000 X110.925 Y106.375
G0 X110.925 Y105.99
G0 X110.925 Y105.55
G1 F1500 E42.75935
G1 F900 Z2.21
G0 F9000 X110.925 Y105.55 Z2.21
G0 X111.95 Y98.55
;TYPE:WALL-INNER
G1 F900 Z1.21
G1 F480 E44.36322
G1 F943.8 X108.038 Y98.55 E44.46081
G1 X108.037 Y98.45 E44.4633
G1 X111.95 Y98.45 E44.48778
G1 X112.05 Y98.45 E44.49027
G1 X112.05 Y98.55 E44.49189
G1 X112.05 Y100.45 E44.53929
G1 X118.05 Y100.45 E44.68896
G1 X118.05 Y100.55 E44.69146
G1 X112.05 Y100.55 E44.72897
G1 X111.95 Y100.55 E44.73059
G1 X111.95 Y100.45 E44.73221
G1 X111.95 Y98.55 E44.74409
G0 F9000 X111.55 Y98.95
G1 F943.8 X107.638 Y98.95 E44.84168
G1 X107.637 Y98.249 E44.85917
G1 X107.637 Y98.05 E44.86413
G1 X107.836 Y98.05 E44.86734
G1 X112.45 Y98.05 E44.98244
G1 X112.45 Y100.05 E45.03233
G1 X118.45 Y100.05 E45.182
G1 X118.45 Y100.95 E45.20445
G1 X111.55 Y100.95 E45.37657
G1 X111.55 Y100.615 E45.38493
G0 F849.4 X111.55 Y98.95
G0 F9000 X111.125 Y99.375
;TYPE:WALL-OUTER
G1 F480 E45.42646
G1 F566.3 X107.213 Y99.375 E45.51185
G1 X107.212 Y97.8 E45.54623
G1 X107.212 Y97.625 E45.55004
G1 X107.387 Y97.625 E45.55252
G1 X112.875 Y97.625 E45.6723
G1 X112.875 Y99.625 E45.71596
G1 X118.875 Y99.625 E45.84692
G1 X118.875 Y101.375 E45.88512
G1 X111.125 Y101.375 E46.05428
G1 X111.125 Y101.277 E46.05641
G0 F509.7 X111.125 Y99.375
G0 F9000 X110.925 Y99.375
G0 X110.925 Y98.99
G0 X110.925 Y98.55
G1 F1500 E44.55641
G1 F900 Z2.21
G0 F9000 X110.925 Y98.55 Z2.21
G0 X111.95 Y112.55
;TIME_ELAPSED:164.280206
;LAYER:7
G0 X111.95 Y112.55 Z2.36
;TYPE:WALL-INNER
G1 F900 Z1.36
G1 F480 E46.16029
G1 F956.3 X107.852 Y112.55 E46.26252
G1 X107.851 Y112.45 E46.26501
G1 X111.95 Y112.45 E46.29065
G1 X112.05 Y112.45 E46.29314
G1 X112.05 Y112.55 E46.29477
G1 X112.05 Y114.45 E46.34216
G1 X118.05 Y114.45 E46.49183
G1 X118.05 Y114.55 E46.49433
G1 X112.05 Y114.55 E46.53184
G1 X111.95 Y114.55 E46.53346
G1 X111.95 Y114.45 E46.53509
G1 X111.95 Y112.55 E46.54696
G0 F9000 X111.55 Y112.95
G1 F956.3 X107.452 Y112.95 E46.64919
G1 X107.451 Y112.249 E46.66668
G1 X107.451 Y112.05 E46.67164
G1 X107.65 Y112.05 E46.67485
G1 X112.45 Y112.05 E46.79459
G1 X112.45 Y114.05 E46.84448
G1 X118.45 Y114.05 E46.99415
G1 X118.45 Y114.95 E47.0166
G1 X111.55 Y114.95 E47.18872
G1 X111.55 Y114.615 E47.19708
G0 F860.7 X111.55 Y112.95
G0 F9000 X111.125 Y113.375
;TYPE:WALL-OUTER
G1 F480 E47.23861
G1 F573.8 X107.027 Y113.375 E47.32806
G1 X107.026 Y111.8 E47.36244
G1 X107.026 Y111.625 E47.36626
G1 X107.201 Y111.625 E47.36873
G1 X112.875 Y111.625 E47.49257
G1 X112.875 Y113.625 E47.53623
G1 X118.875 Y113.625 E47.66719
G1 X118.875 Y115.375 E47.70539
G1 X111.125 Y115.375 E47.87455
G1 X111.125 Y115.277 E47.87668
G0 F516.4 X111.125 Y113.375
G0 F9000 X110.925 Y113.375
G0 X110.925 Y112.99
G0 X110.925 Y112.55
G1 F1500 E46.37668
G1 F900 Z2.36
G0 F9000 X110.925 Y112.55 Z2.36
G0 X111.95 Y105.55
;TYPE:WALL-INNER
G1 F900 Z1.36
G1 F480 E47.98056
G1 F956.3 X107.852 Y105.55 E48.08279
G1 X107.851 Y105.45 E48.08528
G1 X111.95 Y105.45 E48.11092
G1 X112.05 Y105.45 E48.11341
G1 X112.05 Y105.55 E48.11504
G1 X112.05 Y107.45 E48.16243
G1 X118.05 Y107.45 E48.3121
G1 X118.05 Y107.55 E48.3146
G1 X112.05 Y107.55 E48.35211
G1 X111.95 Y107.55 E48.35373
G1 X111.95 Y107.45 E48.35536
G1 X111.95 Y105.55 E48.36723
G0 F9000 X111.55 Y105.95
G1 F956.3 X107.452 Y105.95 E48.46946
G1 X107.451 Y105.249 E48.48695
G1 X107.451 Y105.05 E48.49191
G1 X107.65 Y105.05 E48.49512
G1 X112.45 Y105.05 E48.61486
G1 X112.45 Y107.05 E48.66475
G1 X118.45 Y107.05 E48.81442
G1 X118.45 Y107.95 E48.83687
G1 X111.55 Y107.95 E49.00899
G1 X111.55 Y107.615 E49.01735
G0 F860.7 X111.55 Y105.95
G0 F9000 X111.125 Y106.375
;TYPE:WALL-OUTER
G1 F480 E49.05888
G1 F573.8 X107.027 Y106.375 E49.14833
G1 X107.026 Y104.8 E49.18271
G1 X107.026 Y104.625 E49.18653
G1 X107.201 Y104.625 E49.189
G1 X112.875 Y104.625 E49.31284
G1 X112.875 Y106.625 E49.3565
G1 X118.875 Y106.625 E49.48746
G1 X118.875 Y108.375 E49.52566
G1 X111.125 Y108.375 E49.69482
G1 X111.125 Y108.277 E49.69695
G0 F516.4 X111.125 Y106.375
G0 F9000 X110.925 Y106.375
G0 X110.925 Y105.99
G0 X110.925 Y105.55
G1 F1500 E48.19695
G1 F900 Z2.36
G0 F9000 X110.925 Y105.55 Z2.36
G0 X111.95 Y98.55
;TYPE:WALL-INNER
G1 F900 Z1.36
G1 F480 E49.80083
G1 F956.3 X107.852 Y98.55 E49.90306
G1 X107.851 Y98.45 E49.90555
G1 X111.95 Y98.45 E49.93119
G1 X112.05 Y98.45 E49.93368
G1 X112.05 Y98.55 E49.93531
G1 X112.05 Y100.45 E49.9827
G1 X118.05 Y100.45 E50.13237
G1 X118.05 Y100.55 E50.13487
G1 X112.05 Y100.55 E50.17238
G1 X111.95 Y100.55 E50.174
G1 X111.95 Y100.45 E50.17563
G1 X111.95 Y98.55 E50.1875
G0 F9000 X111.55 Y98.95
G1 F956.3 X107.452 Y98.95 E50.28973
G1 X107.451 Y98.249 E50.30722
G1 X107.451 Y98.05 E50.31218
G1 X107.65 Y98.05 E50.31539
G1 X112.45 Y98.05 E50.43513
G1 X112.45 Y100.05 E50.48502
G1 X118.45 Y100.05 E50.63469
G1 X118.45 Y100.95 E50.65714
G1 X111.55 Y100.95 E50.82926
G1 X111.55 Y100.615 E50.83762
G0 F860.7 X111.55 Y98.95
G0 F9000 X111.125 Y99.375
;TYPE:WALL-OUTER
G1 F480 E50.87915
G1 F573.8 X107.027 Y99.375 E50.9686
G1 X107.026 Y97.8 E51.00298
G1 X107.026 Y97.625 E51.0068
G1 X107.201 Y97.625 E51.00927
G1 X112.875 Y97.625 E51.13311
G1 X112.875 Y99.625 E51.17677
G1 X118.875 Y99.625 E51.30773
G1 X118.875 Y101.375 E51.34593
G1 X111.125 Y101.375 E51.51509
G1 X111.125 Y101.277 E51.51722
G0 F516.4 X111.125 Y99.375
G0 F9000 X110.925 Y99.375
G0 X110.925 Y98.99
G0 X110.925 Y98.55
G1 F1500 E50.01722
G1 F900 Z2.36
G0 F9000 X110.925 Y98.55 Z2.36
G0 X111.95 Y112.55
;TIME_ELAPSED:187.625169
;LAYER:8
G0 X111.95 Y112.55 Z2.51
;TYPE:WALL-INNER
G1 F900 Z1.51
G1 F480 E51.6211
G1 F967.1 X107.691 Y112.55 E51.72734
G1 X107.691 Y112.45 E51.72984
G1 X111.95 Y112.45 E51.75646
G1 X112.05 Y112.45 E51.75896
G1 X112.05 Y112.55 E51.76058
G1 X112.05 Y114.45 E51.80798
G1 X118.05 Y114.45 E51.95765
G1 X118.05 Y114.55 E51.96014
G1 X112.05 Y114.55 E51.99766
G1 X111.95 Y114.55 E51.99928
G1 X111.95 Y114.45 E52.0009
G1 X111.95 Y112.55 E52.01278
G0 F9000 X111.55 Y112.95
G1 F967.1 X107.291 Y112.95 E52.11902
G1 X107.291 Y112.05 E52.14147
G1 X112.45 Y112.05 E52.27017
G1 X112.45 Y114.05 E52.32006
G1 X118.45 Y114.05 E52.46973
G1 X118.45 Y114.95 E52.49218
G1 X111.55 Y114.95 E52.6643
G1 X111.55 Y114.615 E52.67265
G0 F870.4 X111.55 Y112.95
G0 F9000 X111.125 Y113.375
;TYPE:WALL-OUTER
G1 F480 E52.71419
G1 F580.3 X106.866 Y113.375 E52.80715
G1 X106.866 Y111.625 E52.84535
G1 X112.875 Y111.625 E52.9765
G1 X112.875 Y113.625 E53.02016
G1 X118.875 Y113.625 E53.15112
G1 X118.875 Y115.375 E53.18932
G1 X111.125 Y115.375 E53.35848
G1 X111.125 Y115.277 E53.36062
G0 F522.2 X111.125 Y113.375
G0 F9000 X110.925 Y113.375
G0 X110.925 Y112.99
G0 X110.925 Y112.55
G1 F1500 E51.86062
G1 F900 Z2.51
G0 F9000 X110.925 Y112.55 Z2.51
G0 X111.95 Y105.55
;TYPE:WALL-INNER
G1 F900 Z1.51
G1 F480 E53.46449
G1 F967.1 X107.691 Y105.55 E53.57073
G1 X107.691 Y105.45 E53.57323
G1 X111.95 Y105.45 E53.59986
G1 X112.05 Y105.45 E53.60235
G1 X112.05 Y105.55 E53.60397
G1 X112.05 Y107.45 E53.65137
G1 X118.05 Y107.45 E53.80104
G1 X118.05 Y107.55 E53.80354
G1 X112.05 Y107.55 E53.84105
G1 X111.95 Y107.55 E53.84267
G1 X111.95 Y107.45 E53.84429
G1 X111.95 Y105.55 E53.85617
G0 F9000 X111.55 Y105.95
G1 F967.1 X107.291 Y105.95 E53.96241
G1 X107.291 Y105.05 E53.98486
G1 X112.45 Y105.05 E54.11356
G1 X112.45 Y107.05 E54.16345
G1 X118.45 Y107.05 E54.31312
G1 X118.45 Y107.95 E54.33557
G1 X111.55 Y107.95 E54.50769
G1 X111.55 Y107.615 E54.51605
G0 F870.4 X111.55 Y105.95
G0 F9000 X111.125 Y106.375
;TYPE:WALL-OUTER
G1 F480 E54.55758
G1 F580.3 X106.866 Y106.375 E54.65054
G1 X106.866 Y104.625 E54.68874
G1 X112.875 Y104.625 E54.8199
G1 X112.875 Y106.625 E54.86355
G1 X118.875 Y106.625 E54.99451
G1 X118.875 Y108.375 E55.03271
G1 X111.125 Y108.375 E55.20187
G1 X111.125 Y108.277 E55.20401
G0 F522.2 X111.125 Y106.375
G0 F9000 X110.925 Y106.375
G0 X110.925 Y105.99
G0 X110.925 Y105.55
G1 F1500 E53.70401
G1 F900 Z2.51
G0 F9000 X110.925 Y105.55 Z2.51
G0 X111.95 Y98.55
;TYPE:WALL-INNER
G1 F900 Z1.51
G1 F480 E55.30788
G1 F967.1 X107.691 Y98.55 E55.41413
G1 X107.691 Y98.45 E55.41662
G1 X111.95 Y98.45 E55.44325
G1 X112.05 Y98.45 E55.44574
G1 X112.05 Y98.55 E55.44737
G1 X112.05 Y100.45 E55.49476
G1 X118.05 Y100.45 E55.64443
G1 X118.05 Y100.55 E55.64693
G1 X112.05 Y100.55 E55.68444
G1 X111.95 Y100.55 E55.68606
G1 X111.95 Y100.45 E55.68769
G1 X111.95 Y98.55 E55.69956
G0 F9000 X111.55 Y98.95
G1 F967.1 X107.291 Y98.95 E55.80581
G1 X107.291 Y98.05 E55.82826
G1 X112.45 Y98.05 E55.95695
G1 X112.45 Y100.05 E56.00684
G1 X118.45 Y100.05 E56.15651
G1 X118.45 Y100.95 E56.17896
G1 X111.55 Y100.95 E56.35108
G1 X111.55 Y100.615 E56.35944
G0 F870.4 X111.55 Y98.95
G0 F9000 X111.125 Y99.375
;TYPE:WALL-OUTER
G1 F480 E56.40097
G1 F580.3 X106.866 Y99.375 E56.49393
G1 X106.866 Y97.625 E56.53213
G1 X112.875 Y97.625 E56.66329
G1 X112.875 Y99.625 E56.70694
G1 X118.875 Y99.625 E56.8379
G1 X118.875 Y101.375 E56.8761
G1 X111.125 Y101.375 E57.04526
G1 X111.125 Y101.277 E57.0474
G0 F522.2 X111.125 Y99.375
G0 F9000 X110.925 Y99.375
G0 X110.925 Y98.99
G0 X110.925 Y98.55
G1 F1500 E55.5474
G1 F900 Z2.51
G0 F9000 X110.925 Y98.55 Z2.51
G0 X111.95 Y112.55
;TIME_ELAPSED:210.985347
;LAYER:9
G0 X111.95 Y112.55 Z2.66
;TYPE:WALL-INNER
G1 F900 Z1.66
G1 F480 E57.15128
G1 F936.8 X107.541 Y112.55 E57.26126
G1 X107.541 Y112.45 E57.26375
G1 X111.95 Y112.45 E57.29132
G1 X112.05 Y112.45 E57.29381
G1 X112.05 Y112.55 E57.29544
G1 X112.05 Y114.45 E57.34283
G1 X114.554 Y114.45 E57.40529
G1 X114.554 Y114.55 E57.40779
G1 X112.05 Y114.55 E57.42344
G1 X111.95 Y114.55 E57.42507
G1 X111.95 Y114.45 E57.42669
G1 X111.95 Y112.55 E57.43857
G0 F9000 X111.55 Y112.95
G1 F936.8 X107.141 Y112.95 E57.54855
G1 X107.141 Y112.05 E57.571
G1 X112.45 Y112.05 E57.70344
G1 X112.45 Y114.05 E57.75333
G1 X114.954 Y114.05 E57.81579
G1 X114.954 Y114.95 E57.83824
G1 X111.55 Y114.95 E57.92315
G1 X111.55 Y114.615 E57.93151
G0 F843.1 X111.55 Y112.95
G0 F9000 X111.125 Y113.375
;TYPE:WALL-OUTER
G1 F480 E57.97304
G1 F562.1 X106.716 Y113.375 E58.06928
G1 X106.716 Y111.625 E58.10748
G1 X112.875 Y111.625 E58.24191
G1 X112.875 Y113.625 E58.28556
G1 X115.379 Y113.625 E58.34022
G1 X115.379 Y115.375 E58.37841
G1 X111.125 Y115.375 E58.47127
G1 X111.125 Y115.277 E58.47341
G0 F505.8 X111.125 Y113.375
G0 F9000 X110.925 Y113.375
G0 X110.925 Y112.99
G0 X110.925 Y112.55
G1 F1500 E56.97341
G1 F900 Z2.66
G0 F9000 X110.925 Y112.55 Z2.66
G0 X117.446 Y114.55
;TYPE:WALL-INNER
G1 F900 Z1.66
G1 F480 E58.57728
G1 F936.8 X117.446 Y114.45 E58.57978
G1 X118.05 Y114.45 E58.59484
G1 X118.05 Y114.55 E58.59734
G1 X117.446 Y114.55 E58.60111
G0 F9000 X117.046 Y114.95
G1 F936.8 X117.046 Y114.05 E58.62357
G1 X118.45 Y114.05 E58.65859
G1 X118.45 Y114.95 E58.68104
G1 X118.417 Y114.95 E58.68186
G0 F843.1 X117.046 Y114.95
G0 F9000 X116.621 Y115.375
;TYPE:WALL-OUTER
G1 F480 E58.71606
G1 F562.1 X116.621 Y113.625 E58.75426
G1 X118.875 Y113.625 E58.80346
G1 X118.875 Y115.375 E58.84165
G1 X118.523 Y115.375 E58.84934
G0 F505.8 X116.621 Y115.375
G0 F9000 X116.621 Y115.175
G0 X117.006 Y114.99
G0 X117.328 Y114.55
G1 F1500 E57.34934
G1 F900 Z2.66
G0 F9000 X117.446 Y114.55 Z2.66
G0 X117.446 Y107.55
;TYPE:WALL-INNER
G1 F900 Z1.66
G1 F480 E58.95321
G1 F936.8 X117.446 Y107.45 E58.95571
G1 X118.05 Y107.45 E58.97078
G1 X118.05 Y107.55 E58.97327
G1 X117.446 Y107.55 E58.97705
G0 F9000 X117.046 Y107.95
G1 F936.8 X117.046 Y107.05 E58.9995
G1 X118.45 Y107.05 E59.03452
G1 X118.45 Y107.95 E59.05697
G1 X118.417 Y107.95 E59.05779
G0 F843.1 X117.046 Y107.95
G0 F9000 X116.621 Y108.375
;TYPE:WALL-OUTER
G1 F480 E59.09199
G1 F562.1 X116.621 Y106.625 E59.13019
G1 X118.875 Y106.625 E59.17939
G1 X118.875 Y108.375 E59.21759
G1 X118.523 Y108.375 E59.22527
G0 F505.8 X116.621 Y108.375
G0 F9000 X116.621 Y108.175
G0 X117.006 Y107.99
G0 X117.328 Y107.55
G1 F1500 E57.72527
G1 F900 Z2.66
G0 F9000 X117.446 Y107.55 Z2.66
G0 X111.95 Y105.55
;TYPE:WALL-INNER
G1 F900 Z1.66
G1 F480 E59.32915
G1 F936.8 X107.541 Y105.55 E59.43913
G1 X107.541 Y105.45 E59.44162
G1 X111.95 Y105.45 E59.46919
G1 X112.05 Y105.45 E59.47168
G1 X112.05 Y105.55 E59.47331
G1 X112.05 Y107.45 E59.5207
G1 X114.554 Y107.45 E59.58317
G1 X114.554 Y107.55 E59.58566
G1 X112.05 Y107.55 E59.60132
G1 X111.95 Y107.55 E59.60294
G1 X111.95 Y107.45 E59.60456
G1 X111.95 Y105.55 E59.61644
G0 F9000 X111.55 Y105.95
G1 F936.8 X107.141 Y105.95 E59.72642
G1 X107.141 Y105.05 E59.74888
G1 X112.45 Y105.05 E59.88131
G1 X112.45 Y107.05 E59.9312
G1 X114.954 Y107.05 E59.99366
G1 X114.954 Y107.95 E60.01611
G1 X111.55 Y107.95 E60.10103
G1 X111.55 Y107.615 E60.10938
G0 F843.1 X111.55 Y105.95
G0 F9000 X111.125 Y106.375
;TYPE:WALL-OUTER
G1 F480 E60.15092
G1 F562.1 X106.716 Y106.375 E60.24715
G1 X106.716 Y104.625 E60.28535
G1 X112.875 Y104.625 E60.41978
G1 X112.875 Y106.625 E60.46343
G1 X115.379 Y106.625 E60.51809
G1 X115.379 Y108.375 E60.55629
G1 X111.125 Y108.375 E60.64914
G1 X111.125 Y108.277 E60.65128
G0 F505.8 X111.125 Y106.375
G0 F9000 X110.925 Y106.375
G0 X110.925 Y105.99
G0 X110.925 Y105.55
G1 F1500 E59.15128
G1 F900 Z2.66
G0 F9000 X110.925 Y105.55 Z2.66
G0 X111.95 Y98.55
;TYPE:WALL-INNER
G1 F900 Z1.66
G1 F480 E60.75515
G1 F936.8 X107.541 Y98.55 E60.86514
G1 X107.541 Y98.45 E60.86763
G1 X111.95 Y98.45 E60.8952
G1 X112.05 Y98.45 E60.89769
G1 X112.05 Y98.55 E60.89931
G1 X112.05 Y100.45 E60.94671
G1 X114.554 Y100.45 E61.00917
G1 X114.554 Y100.55 E61.01167
G1 X112.05 Y100.55 E61.02732
G1 X111.95 Y100.55 E61.02895
G1 X111.95 Y100.45 E61.03057
G1 X111.95 Y98.55 E61.04245
G0 F9000 X111.55 Y98.95
G1 F936.8 X107.141 Y98.95 E61.15243
G1 X107.141 Y98.05 E61.17488
G1 X112.45 Y98.05 E61.30732
G1 X112.45 Y100.05 E61.35721
G1 X114.954 Y100.05 E61.41967
G1 X114.954 Y100.95 E61.44212
G1 X111.55 Y100.95 E61.52703
G1 X111.55 Y100.615 E61.53539
G0 F843.1 X111.55 Y98.95
G0 F9000 X111.125 Y99.375
;TYPE:WALL-OUTER
G1 F480 E61.57692
G1 F562.1 X106.716 Y99.375 E61.67316
G1 X106.716 Y97.625 E61.71135
G1 X112.875 Y97.625 E61.84579
G1 X112.875 Y99.625 E61.88944
G1 X115.379 Y99.625 E61.9441
G1 X115.379 Y101.375 E61.98229
G1 X111.125 Y101.375 E62.07514
G1 X111.125 Y101.277 E62.07728
G0 F505.8 X111.125 Y99.375
G0 F9000 X110.925 Y99.375
G0 X110.925 Y98.99
G0 X110.925 Y98.55
G1 F1500 E60.57728
G1 F900 Z2.66
G0 F9000 X110.925 Y98.55 Z2.66
G0 X117.446 Y100.55
;TYPE:WALL-INNER
G1 F900 Z1.66
G1 F480 E62.18116
G1 F936.8 X117.446 Y100.45 E62.18366
G1 X118.05 Y100.45 E62.19872
G1 X118.05 Y100.55 E62.20122
G1 X117.446 Y100.55 E62.20499
G0 F9000 X117.046 Y100.95
G1 F936.8 X117.046 Y100.05 E62.22744
G1 X118.45 Y100.05 E62.26247
G1 X118.45 Y100.95 E62.28492
G1 X118.417 Y100.95 E62.28574
G0 F843.1 X117.046 Y100.95
G0 F9000 X116.621 Y101.375
;TYPE:WALL-OUTER
G1 F480 E62.31994
G1 F562.1 X116.621 Y99.625 E62.35814
G1 X118.875 Y99.625 E62.40734
G1 X118.875 Y101.375 E62.44553
G1 X118.523 Y101.375 E62.45322
G0 F505.8 X116.621 Y101.375
G0 F9000 X116.621 Y101.175
G0 X117.006 Y100.99
G0 X117.328 Y100.55
G1 F1500 E60.95322
G1 F900 Z2.66
G0 F9000 X117.446 Y100.55 Z2.66
G0 X107.423 Y112.55
;TIME_ELAPSED:237.072076
;LAYER:10
G0 X107.423 Y112.55 Z2.81
;TYPE:WALL-INNER
G1 F900 Z1.81
G1 F480 E62.55709
G1 F905.8 X107.423 Y112.45 E62.55959
G1 X111.95 Y112.45 E62.67251
G1 X112.05 Y112.45 E62.67501
G1 X112.05 Y112.55 E62.67663
G1 X112.05 Y114.45 E62.72403
G1 X114.244 Y114.45 E62.77876
G1 X114.244 Y114.55 E62.78125
G1 X112.05 Y114.55 E62.79497
G1 X111.95 Y114.55 E62.79659
G1 X111.95 Y114.45 E62.79822
G1 X111.95 Y112.55 E62.8101
G1 X109.088 Y112.55 E62.82799
G0 F815.2 X107.423 Y112.55
G0 F9000 X107.023 Y112.95
G1 F480 E62.8384
G1 F905.8 X107.023 Y112.05 E62.86085
G1 X112.45 Y112.05 E62.99623
G1 X112.45 Y114.05 E63.04612
G1 X114.644 Y114.05 E63.10085
G1 X114.644 Y114.95 E63.1233
G1 X111.55 Y114.95 E63.20048
G1 X111.55 Y112.95 E63.25037
G1 X108.688 Y112.95 E63.32176
G0 F815.2 X107.023 Y112.95
G0 F9000 X106.598 Y113.375
;TYPE:WALL-OUTER
G1 F480 E63.36329
G1 F543.5 X106.598 Y111.625 E63.40149
G1 X112.875 Y111.625 E63.5385
G1 X112.875 Y113.625 E63.58215
G1 X115.069 Y113.625 E63.63004
G1 X115.069 Y115.375 E63.66824
G1 X111.125 Y115.375 E63.75432
G1 X111.125 Y113.375 E63.79798
G1 X108.5 Y113.375 E63.85527
G0 F489.1 X106.598 Y113.375
G0 F9000 X106.598 Y113.175
G0 X106.983 Y112.99
G0 X107.305 Y112.55
G1 F1500 E62.35527
G1 F900 Z2.81
G0 F9000 X107.423 Y112.55 Z2.81
G0 X111.95 Y105.55
;TYPE:WALL-INNER
G1 F900 Z1.81
G1 F480 E63.95915
G1 F905.8 X107.423 Y105.55 E64.07208
G1 X107.423 Y105.45 E64.07457
G1 X111.95 Y105.45 E64.10287
G1 X112.05 Y105.45 E64.10537
G1 X112.05 Y105.55 E64.10699
G1 X112.05 Y107.45 E64.15439
G1 X114.244 Y107.45 E64.20912
G1 X114.244 Y107.55 E64.21161
G1 X112.05 Y107.55 E64.22533
G1 X111.95 Y107.55 E64.22695
G1 X111.95 Y107.45 E64.22858
G1 X111.95 Y105.55 E64.24046
G0 F9000 X111.55 Y105.95
G1 F905.8 X107.023 Y105.95 E64.35338
G1 X107.023 Y105.05 E64.37583
G1 X112.45 Y105.05 E64.51121
G1 X112.45 Y107.05 E64.5611
G1 X114.644 Y107.05 E64.61583
G1 X114.644 Y107.95 E64.63828
G1 X111.55 Y107.95 E64.71546
G1 X111.55 Y107.615 E64.72382
G0 F815.2 X111.55 Y105.95
G0 F9000 X111.125 Y106.375
;TYPE:WALL-OUTER
G1 F480 E64.76535
G1 F543.5 X106.598 Y106.375 E64.86416
G1 X106.598 Y104.625 E64.90236
G1 X112.875 Y104.625 E65.03937
G1 X112.875 Y106.625 E65.08302
G1 X115.069 Y106.625 E65.13091
G1 X115.069 Y108.375 E65.16911
G1 X111.125 Y108.375 E65.25519
G1 X111.125 Y108.277 E65.25733
G0 F489.1 X111.125 Y106.375
G0 F9000 X110.925 Y106.375
G0 X110.925 Y105.99
G0 X110.925 Y105.55
G1 F1500 E63.75733
G1 F900 Z2.81
G0 F9000 X110.925 Y105.55 Z2.81
G0 X117.756 Y107.55
;TYPE:WALL-INNER
G1 F900 Z1.81
G1 F480 E65.36121
G1 F905.8 X117.756 Y107.45 E65.3637
G1 X118.05 Y107.45 E65.37104
G1 X118.05 Y107.55 E65.37287
G1 X117.756 Y107.55 E65.37471
G0 F9000 X117.356 Y107.95
G1 F905.8 X117.356 Y107.05 E65.39716
G1 X118.45 Y107.05 E65.42445
G1 X118.45 Y107.902 E65.44571
G0 F815.2 X118.45 Y107.95
G0 X117.356 Y107.95
G0 F9000 X116.931 Y108.375
;TYPE:WALL-OUTER
G1 F480 E65.47419
G1 F543.5 X116.931 Y106.625 E65.51239
G1 X118.875 Y106.625 E65.55482
G1 X118.875 Y108.375 E65.59302
G1 X118.833 Y108.375 E65.59394
G0 F489.1 X116.931 Y108.375
G0 F9000 X116.931 Y108.175
G0 X117.316 Y107.99
G0 X117.638 Y107.55
G1 F1500 E64.09394
G1 F900 Z2.81
G0 F9000 X117.756 Y107.55 Z2.81
G0 X117.756 Y114.55
;TYPE:WALL-INNER
G1 F900 Z1.81
G1 F480 E65.69781
G1 F905.8 X117.756 Y114.45 E65.70031
G1 X118.05 Y114.45 E65.70764
G1 X118.05 Y114.55 E65.70948
G1 X117.756 Y114.55 E65.71132
G0 F9000 X117.356 Y114.95
G1 F905.8 X117.356 Y114.05 E65.73377
G1 X118.45 Y114.05 E65.76106
G1 X118.45 Y114.902 E65.78231
G0 F815.2 X118.45 Y114.95
G0 X117.356 Y114.95
G0 F9000 X116.931 Y115.375
;TYPE:WALL-OUTER
G1 F480 E65.8108
G1 F543.5 X116.931 Y113.625 E65.849
G1 X118.875 Y113.625 E65.89143
G1 X118.875 Y115.375 E65.92962
G1 X118.833 Y115.375 E65.93054
G0 F489.1 X116.931 Y115.375
G0 F9000 X116.931 Y115.175
G0 X117.316 Y114.99
G0 X117.638 Y114.55
G1 F1500 E64.43054
G1 F900 Z2.81
G0 F9000 X117.756 Y114.55 Z2.81
G0 X117.756 Y100.55
;TYPE:WALL-INNER
G1 F900 Z1.81
G1 F480 E66.03442
G1 F905.8 X117.756 Y100.45 E66.03691
G1 X118.05 Y100.45 E66.04425
G1 X118.05 Y100.55 E66.04609
G1 X117.756 Y100.55 E66.04792
G0 F9000 X117.356 Y100.95
G1 F905.8 X117.356 Y100.05 E66.07037
G1 X118.45 Y100.05 E66.09766
G1 X118.45 Y100.902 E66.11892
G0 F815.2 X118.45 Y100.95
G0 X117.356 Y100.95
G0 F9000 X116.931 Y101.375
;TYPE:WALL-OUTER
G1 F480 E66.1474
G1 F543.5 X116.931 Y99.625 E66.1856
G1 X118.875 Y99.625 E66.22803
G1 X118.875 Y101.375 E66.26623
G1 X118.833 Y101.375 E66.26715
G0 F489.1 X116.931 Y101.375
G0 F9000 X116.931 Y101.175
G0 X117.316 Y100.99
G0 X117.638 Y100.55
G1 F1500 E64.76715
G1 F900 Z2.81
G0 F9000 X117.756 Y100.55 Z2.81
G0 X111.95 Y98.55
;TYPE:WALL-INNER
G1 F900 Z1.81
G1 F480 E66.37103
G1 F905.8 X107.423 Y98.55 E66.48395
G1 X107.423 Y98.45 E66.48645
G1 X111.95 Y98.45 E66.51475
G1 X112.05 Y98.45 E66.51724
G1 X112.05 Y98.55 E66.51887
G1 X112.05 Y100.45 E66.56626
G1 X114.244 Y100.45 E66.62099
G1 X114.244 Y100.55 E66.62349
G1 X112.05 Y100.55 E66.6372
G1 X111.95 Y100.55 E66.63883
G1 X111.95 Y100.45 E66.64045
G1 X111.95 Y98.55 E66.65233
G0 F9000 X111.55 Y98.95
G1 F905.8 X107.023 Y98.95 E66.76526
G1 X107.023 Y98.05 E66.78771
G1 X112.45 Y98.05 E66.92308
G1 X112.45 Y100.05 E66.97297
G1 X114.644 Y100.05 E67.0277
G1 X114.644 Y100.95 E67.05015
G1 X111.55 Y100.95 E67.12733
G1 X111.55 Y100.615 E67.13569
G0 F815.2 X111.55 Y98.95
G0 F9000 X111.125 Y99.375
;TYPE:WALL-OUTER
G1 F480 E67.17722
G1 F543.5 X106.598 Y99.375 E67.27604
G1 X106.598 Y97.625 E67.31423
G1 X112.875 Y97.625 E67.45124
G1 X112.875 Y99.625 E67.49489
G1 X115.069 Y99.625 E67.54278
G1 X115.069 Y101.375 E67.58098
G1 X111.125 Y101.375 E67.66707
G1 X111.125 Y101.277 E67.6692
G0 F489.1 X111.125 Y99.375
G0 F9000 X110.925 Y99.375
G0 X110.925 Y98.99
G0 X110.925 Y98.55
G1 F1500 E66.1692
G1 F900 Z2.81
G0 F9000 X110.925 Y98.55 Z2.81
G0 X107.311 Y112.55
;TIME_ELAPSED:263.148109
;LAYER:11
G0 X107.311 Y112.55 Z2.96
;TYPE:WALL-INNER
G1 F900 Z1.96
G1 F480 E67.77308
G1 F886.3 X107.311 Y112.45 E67.77558
G1 X111.95 Y112.45 E67.8913
G1 X112.05 Y112.45 E67.89379
G1 X112.05 Y112.55 E67.89542
G1 X112.05 Y114.45 E67.94281
G1 X114.047 Y114.45 E67.99263
G1 X114.047 Y114.55 E67.99512
G1 X112.05 Y114.55 E68.00761
G1 X111.95 Y114.55 E68.00923
G1 X111.95 Y114.45 E68.01085
G1 X111.95 Y112.55 E68.02273
G1 X108.976 Y112.55 E68.04133
G0 F797.6 X107.311 Y112.55
G0 F9000 X106.911 Y112.95
G1 F480 E68.05174
G1 F886.3 X106.911 Y112.05 E68.07419
G1 X112.45 Y112.05 E68.21236
G1 X112.45 Y114.05 E68.26225
G1 X114.447 Y114.05 E68.31206
G1 X114.447 Y114.95 E68.33451
G1 X111.55 Y114.95 E68.40678
G1 X111.55 Y112.95 E68.45667
G1 X108.576 Y112.95 E68.53086
G0 F797.6 X106.911 Y112.95
G0 F9000 X106.486 Y113.375
;TYPE:WALL-OUTER
G1 F480 E68.57239
G1 F531.8 X106.486 Y111.625 E68.61059
G1 X112.875 Y111.625 E68.75004
G1 X112.875 Y113.625 E68.79369
G1 X114.872 Y113.625 E68.83728
G1 X114.872 Y115.375 E68.87548
G1 X111.125 Y115.375 E68.95726
G1 X111.125 Y113.375 E69.00092
G1 X108.388 Y113.375 E69.06066
G0 F478.6 X106.486 Y113.375
G0 F9000 X106.486 Y113.175
G0 X106.871 Y112.99
G0 X107.193 Y112.55
G1 F1500 E67.56066
G1 F900 Z2.96
G0 F9000 X107.311 Y112.55 Z2.96
G0 X111.95 Y105.55
;TYPE:WALL-INNER
G1 F900 Z1.96
G1 F480 E69.16454
G1 F886.3 X107.311 Y105.55 E69.28026
G1 X107.311 Y105.45 E69.28275
G1 X111.95 Y105.45 E69.31175
G1 X112.05 Y105.45 E69.31425
G1 X112.05 Y105.55 E69.31587
G1 X112.05 Y107.45 E69.36327
G1 X114.047 Y107.45 E69.41308
G1 X114.047 Y107.55 E69.41558
G1 X112.05 Y107.55 E69.42806
G1 X111.95 Y107.55 E69.42969
G1 X111.95 Y107.45 E69.43131
G1 X111.95 Y105.55 E69.44319
G0 F9000 X111.55 Y105.95
G1 F886.3 X106.911 Y105.95 E69.55891
G1 X106.911 Y105.05 E69.58136
G1 X112.45 Y105.05 E69.71953
G1 X112.45 Y107.05 E69.76942
G1 X114.447 Y107.05 E69.81924
G1 X114.447 Y107.95 E69.84169
G1 X111.55 Y107.95 E69.91395
G1 X111.55 Y107.615 E69.92231
G0 F797.6 X111.55 Y105.95
G0 F9000 X111.125 Y106.375
;TYPE:WALL-OUTER
G1 F480 E69.96384
G1 F531.8 X106.486 Y106.375 E70.0651
G1 X106.486 Y104.625 E70.1033
G1 X112.875 Y104.625 E70.24275
G1 X112.875 Y106.625 E70.2864
G1 X114.872 Y106.625 E70.32999
G1 X114.872 Y108.375 E70.36819
G1 X111.125 Y108.375 E70.44997
G1 X111.125 Y108.277 E70.45211
G0 F478.6 X111.125 Y106.375
G0 F9000 X110.925 Y106.375
G0 X110.925 Y105.99
G0 X110.925 Y105.55
G1 F1500 E68.95211
G1 F900 Z2.96
G0 F9000 X110.925 Y105.55 Z2.96
G0 X117.953 Y107.55
;TYPE:WALL-INNER
G1 F900 Z1.96
G1 F480 E70.55599
G1 F886.3 X117.953 Y107.45 E70.55848
G1 X118.05 Y107.45 E70.5609
G1 X118.05 Y107.55 E70.56151
G1 X117.953 Y107.55 E70.56212
G0 F9000 X117.553 Y107.95
G1 F886.3 X117.553 Y107.05 E70.58457
G1 X118.45 Y107.05 E70.60694
G1 X118.45 Y107.851 E70.62692
G0 F797.6 X118.45 Y107.95
G0 X117.553 Y107.95
G0 F9000 X117.128 Y108.375
;TYPE:WALL-OUTER
G1 F480 E70.65177
G1 F531.8 X117.128 Y106.625 E70.68997
G1 X118.875 Y106.625 E70.7281
G1 X118.875 Y108.22 E70.76291
G0 F478.6 X118.875 Y108.375
G0 X117.128 Y108.375
G0 F9000 X117.128 Y108.175
G0 X117.513 Y107.99
G0 X117.835 Y107.55
G1 F1500 E69.26291
G1 F900 Z2.96
G0 F9000 X117.953 Y107.55 Z2.96
G0 X117.953 Y114.55
;TYPE:WALL-INNER
G1 F900 Z1.96
G1 F480 E70.86679
G1 F886.3 X117.953 Y114.45 E70.86928
G1 X118.05 Y114.45 E70.8717
G1 X118.05 Y114.55 E70.87231
G1 X117.953 Y114.55 E70.87292
G0 F9000 X117.553 Y114.95
G1 F886.3 X117.553 Y114.05 E70.89537
G1 X118.45 Y114.05 E70.91774
G1 X118.45 Y114.851 E70.93772
G0 F797.6 X118.45 Y114.95
G0 X117.553 Y114.95
G0 F9000 X117.128 Y115.375
;TYPE:WALL-OUTER
G1 F480 E70.96257
G1 F531.8 X117.128 Y113.625 E71.00077
G1 X118.875 Y113.625 E71.0389
G1 X118.875 Y115.22 E71.07371
G0 F478.6 X118.875 Y115.375
G0 X117.128 Y115.375
G0 F9000 X117.128 Y115.175
G0 X117.513 Y114.99
G0 X117.835 Y114.55
G1 F1500 E69.57371
G1 F900 Z2.96
G0 F9000 X117.953 Y114.55 Z2.96
G0 X117.953 Y100.55
;TYPE:WALL-INNER
G1 F900 Z1.96
G1 F480 E71.17759
G1 F886.3 X117.953 Y100.45 E71.18009
G1 X118.05 Y100.45 E71.1825
G1 X118.05 Y100.55 E71.18311
G1 X117.953 Y100.55 E71.18372
G0 F9000 X117.553 Y100.95
G1 F886.3 X117.553 Y100.05 E71.20617
G1 X118.45 Y100.05 E71.22854
G1 X118.45 Y100.851 E71.24852
G0 F797.6 X118.45 Y100.95
G0 X117.553 Y100.95
G0 F9000 X117.128 Y101.375
;TYPE:WALL-OUTER
G1 F480 E71.27337
G1 F531.8 X117.128 Y99.625 E71.31157
G1 X118.875 Y99.625 E71.3497
G1 X118.875 Y101.22 E71.38451
G0 F478.6 X118.875 Y101.375
G0 X117.128 Y101.375
G0 F9000 X117.128 Y101.175
G0 X117.513 Y100.99
G0 X117.835 Y100.55
G1 F1500 E69.88451
G1 F900 Z2.96
G0 F9000 X117.953 Y100.55 Z2.96
G0 X111.95 Y98.55
;TYPE:WALL-INNER
G1 F900 Z1.96
G1 F480 E71.48839
G1 F886.3 X107.311 Y98.55 E71.60411
G1 X107.311 Y98.45 E71.60661
G1 X111.95 Y98.45 E71.63561
G1 X112.05 Y98.45 E71.6381
G1 X112.05 Y98.55 E71.63973
G1 X112.05 Y100.45 E71.68712
G1 X114.047 Y100.45 E71.73694
G1 X114.047 Y100.55 E71.73943
G1 X112.05 Y100.55 E71.75192
G1 X111.95 Y100.55 E71.75354
G1 X111.95 Y100.45 E71.75517
G1 X111.95 Y98.55 E71.76704
G0 F9000 X111.55 Y98.95
G1 F886.3 X106.911 Y98.95 E71.88276
G1 X106.911 Y98.05 E71.90521
G1 X112.45 Y98.05 E72.04339
G1 X112.45 Y100.05 E72.09328
G1 X114.447 Y100.05 E72.14309
G1 X114.447 Y100.95 E72.16554
G1 X111.55 Y100.95 E72.23781
G1 X111.55 Y100.615 E72.24616
G0 F797.6 X111.55 Y98.95
G0 F9000 X111.125 Y99.375
;TYPE:WALL-OUTER
G1 F480 E72.2877
G1 F531.8 X106.486 Y99.375 E72.38895
G1 X106.486 Y97.625 E72.42715
G1 X112.875 Y97.625 E72.5666
G1 X112.875 Y99.625 E72.61026
G1 X114.872 Y99.625 E72.65385
G1 X114.872 Y101.375 E72.69204
G1 X111.125 Y101.375 E72.77383
G1 X111.125 Y101.277 E72.77597
G0 F478.6 X111.125 Y99.375
G0 F9000 X110.925 Y99.375
G0 X110.925 Y98.99
G0 X110.925 Y98.55
G1 F1500 E71.27597
G1 F900 Z2.96
G0 F9000 X110.925 Y98.55 Z2.96
G0 X107.221 Y112.55
;TIME_ELAPSED:289.170993
;LAYER:12
G0 X107.221 Y112.55 Z3.11
;TYPE:WALL-INNER
G1 F900 Z2.11
G1 F480 E72.87984
G1 F869.3 X107.221 Y112.45 E72.88234
G1 X111.95 Y112.45 E73.0003
G1 X112.05 Y112.45 E73.0028
G1 X112.05 Y112.55 E73.00442
G1 X112.05 Y114.45 E73.05182
G1 X113.901 Y114.45 E73.09799
G1 X113.901 Y114.55 E73.10049
G1 X112.05 Y114.55 E73.11206
G1 X111.95 Y114.55 E73.11368
G1 X111.95 Y114.45 E73.11531
G1 X111.95 Y112.55 E73.12719
G1 X108.886 Y112.55 E73.14634
G0 F782.3 X107.221 Y112.55
G0 F9000 X106.821 Y112.95
G1 F480 E73.15675
G1 F869.3 X106.821 Y112.05 E73.1792
G1 X112.45 Y112.05 E73.31962
G1 X112.45 Y114.05 E73.36951
G1 X114.301 Y114.05 E73.41568
G1 X114.301 Y114.95 E73.43813
G1 X111.55 Y114.95 E73.50676
G1 X111.55 Y112.95 E73.55665
G1 X108.486 Y112.95 E73.63308
G0 F782.3 X106.821 Y112.95
G0 F9000 X106.396 Y113.375
;TYPE:WALL-OUTER
G1 F480 E73.67461
G1 F521.6 X106.396 Y111.625 E73.71281
G1 X112.875 Y111.625 E73.85423
G1 X112.875 Y113.625 E73.89788
G1 X114.726 Y113.625 E73.93828
G1 X114.726 Y115.375 E73.97648
G1 X111.125 Y115.375 E74.05508
G1 X111.125 Y113.375 E74.09873
G1 X108.298 Y113.375 E74.16044
G0 F469.4 X106.396 Y113.375
G0 F9000 X106.396 Y113.175
G0 X106.781 Y112.99
G0 X107.103 Y112.55
G1 F1500 E72.66044
G1 F900 Z3.11
G0 F9000 X107.221 Y112.55 Z3.11
G0 X107.221 Y105.55
;TYPE:WALL-INNER
G1 F900 Z2.11
G1 F480 E74.26431
G1 F869.3 X107.221 Y105.45 E74.26681
G1 X111.95 Y105.45 E74.38477
G1 X112.05 Y105.45 E74.38727
G1 X112.05 Y105.55 E74.38889
G1 X112.05 Y107.45 E74.43629
G1 X113.901 Y107.45 E74.48246
G1 X113.901 Y107.55 E74.48496
G1 X112.05 Y107.55 E74.49653
G1 X111.95 Y107.55 E74.49815
G1 X111.95 Y107.45 E74.49978
G1 X111.95 Y105.55 E74.51165
G1 X108.886 Y105.55 E74.53081
G0 F782.3 X107.221 Y105.55
G0 F9000 X106.821 Y105.95
G1 F480 E74.54122
G1 F869.3 X106.821 Y105.05 E74.56367
G1 X112.45 Y105.05 E74.70409
G1 X112.45 Y107.05 E74.75398
G1 X114.301 Y107.05 E74.80015
G1 X114.301 Y107.95 E74.8226
G1 X111.55 Y107.95 E74.89122
G1 X111.55 Y105.95 E74.94111
G1 X108.486 Y105.95 E75.01755
G0 F782.3 X106.821 Y105.95
G0 F9000 X106.396 Y106.375
;TYPE:WALL-OUTER
G1 F480 E75.05908
G1 F521.6 X106.396 Y104.625 E75.09728
G1 X112.875 Y104.625 E75.23869
G1 X112.875 Y106.625 E75.28235
G1 X114.726 Y106.625 E75.32275
G1 X114.726 Y108.375 E75.36095
G1 X111.125 Y108.375 E75.43955
G1 X111.125 Y106.375 E75.4832
G1 X108.298 Y106.375 E75.5449
G0 F469.4 X106.396 Y106.375
G0 F9000 X106.396 Y106.175
G0 X106.781 Y105.99
G0 X107.103 Y105.55
G1 F1500 E74.0449
G1 F900 Z3.11
G0 F9000 X107.221 Y105.55 Z3.11
G0 X111.95 Y98.55
;TYPE:WALL-INNER
G1 F900 Z2.11
G1 F480 E75.64878
G1 F869.3 X107.221 Y98.55 E75.76675
G1 X107.221 Y98.45 E75.76924
G1 X111.95 Y98.45 E75.79881
G1 X112.05 Y98.45 E75.8013
G1 X112.05 Y98.55 E75.80293
G1 X112.05 Y100.45 E75.85032
G1 X113.901 Y100.45 E75.89649
G1 X113.901 Y100.55 E75.89899
G1 X112.05 Y100.55 E75.91056
G1 X111.95 Y100.55 E75.91219
G1 X111.95 Y100.45 E75.91381
G1 X111.95 Y98.55 E75.92569
G0 F9000 X111.55 Y98.95
G1 F869.3 X106.821 Y98.95 E76.04365
G1 X106.821 Y98.05 E76.0661
G1 X112.45 Y98.05 E76.20652
G1 X112.45 Y100.05 E76.25641
G1 X114.301 Y100.05 E76.30258
G1 X114.301 Y100.95 E76.32503
G1 X111.55 Y100.95 E76.39366
G1 X111.55 Y100.615 E76.40201
G0 F782.3 X111.55 Y98.95
G0 F9000 X111.125 Y99.375
;TYPE:WALL-OUTER
G1 F480 E76.44355
G1 F521.6 X106.396 Y99.375 E76.54677
G1 X106.396 Y97.625 E76.58496
G1 X112.875 Y97.625 E76.72638
G1 X112.875 Y99.625 E76.77004
G1 X114.726 Y99.625 E76.81044
G1 X114.726 Y101.375 E76.84863
G1 X111.125 Y101.375 E76.92723
G1 X111.125 Y101.277 E76.92937
G0 F469.4 X111.125 Y99.375
G0 F9000 X110.925 Y99.375
G0 X110.925 Y98.99
G0 X110.925 Y98.55
G1 F1500 E75.42937
G1 F900 Z3.11
G0 F9000 X110.925 Y98.55 Z3.11
G0 X117.699 Y100.95
;TYPE:WALL-INNER
G1 F900 Z2.11
G1 F480 E77.03325
G1 F869.3 X117.699 Y100.05 E77.0557
G1 X118.45 Y100.05 E77.07443
G1 X118.45 Y100.813 E77.09347
G0 F782.3 X118.45 Y100.95
G0 X117.699 Y100.95
G0 F9000 X117.274 Y101.375
;TYPE:WALL-OUTER
G1 F480 E77.11562
G1 F521.6 X117.274 Y99.625 E77.15382
G1 X118.875 Y99.625 E77.18876
G1 X118.875 Y101.145 E77.22194
G0 F469.4 X118.875 Y101.375
G0 X117.274 Y101.375
G0 F9000 X117.274 Y101.175
G0 X117.659 Y100.99
G0 X117.981 Y100.55
G1 F1500 E75.72194
G1 F900 Z3.11
G0 F9000 X118.05 Y100.55 Z3.11
G0 X117.699 Y107.95
;TYPE:WALL-INNER
G1 F900 Z2.11
G1 F480 E77.32427
G1 F869.3 X117.699 Y107.05 E77.34672
G1 X118.45 Y107.05 E77.36545
G1 X118.45 Y107.813 E77.38448
G0 F782.3 X118.45 Y107.95
G0 X117.699 Y107.95
G0 F9000 X117.274 Y108.375
;TYPE:WALL-OUTER
G1 F480 E77.40663
G1 F521.6 X117.274 Y106.625 E77.44483
G1 X118.875 Y106.625 E77.47978
G1 X118.875 Y108.145 E77.51295
G0 F469.4 X118.875 Y108.375
G0 X117.274 Y108.375
G0 F9000 X117.274 Y108.175
G0 X117.659 Y107.99
G0 X117.981 Y107.55
G1 F1500 E76.01295
G1 F900 Z3.11
G0 F9000 X118.05 Y107.55 Z3.11
G0 X117.699 Y114.95
;TYPE:WALL-INNER
G1 F900 Z2.11
G1 F480 E77.61528
G1 F869.3 X117.699 Y114.05 E77.63773
G1 X118.45 Y114.05 E77.65647
G1 X118.45 Y114.813 E77.6755
G0 F782.3 X118.45 Y114.95
G0 X117.699 Y114.95
G0 F9000 X117.274 Y115.375
;TYPE:WALL-OUTER
G1 F480 E77.69765
G1 F521.6 X117.274 Y113.625 E77.73585
G1 X118.875 Y113.625 E77.77079
G1 X118.875 Y115.145 E77.80397
G0 F469.4 X118.875 Y115.375
G0 X117.274 Y115.375
G0 F9000 X117.274 Y115.175
G0 X117.659 Y114.99
G0 X117.981 Y114.55
G1 F1500 E76.30397
G1 F900 Z3.11
G0 F9000 X118.05 Y114.55 Z3.11
G0 X107.142 Y112.55
;TIME_ELAPSED:314.850496
;LAYER:13
G0 X107.142 Y112.55 Z3.26
;TYPE:WALL-INNER
G1 F900 Z2.26
G1 F480 E77.9063
G1 F860.6 X107.142 Y112.45 E77.90879
G1 X111.95 Y112.45 E78.02873
G1 X112.05 Y112.45 E78.03122
G1 X112.05 Y112.55 E78.03285
G1 X112.05 Y114.45 E78.08024
G1 X113.791 Y114.45 E78.12367
G1 X113.791 Y114.55 E78.12617
G1 X112.05 Y114.55 E78.13705
G1 X111.95 Y114.55 E78.13867
G1 X111.95 Y114.45 E78.1403
G1 X111.95 Y112.55 E78.15218
G1 X108.807 Y112.55 E78.17183
G0 F774.6 X107.142 Y112.55
G0 F9000 X106.742 Y112.95
G1 F480 E78.18224
G1 F860.6 X106.742 Y112.05 E78.20469
G1 X112.45 Y112.05 E78.34707
G1 X112.45 Y114.05 E78.39696
G1 X114.191 Y114.05 E78.44039
G1 X114.191 Y114.95 E78.46284
G1 X111.55 Y114.95 E78.52872
G1 X111.55 Y112.95 E78.57861
G1 X108.407 Y112.95 E78.65702
G0 F774.6 X106.742 Y112.95
G0 F9000 X106.317 Y113.375
;TYPE:WALL-OUTER
G1 F480 E78.69855
G1 F516.4 X106.317 Y111.625 E78.73675
G1 X112.875 Y111.625 E78.87989
G1 X112.875 Y113.625 E78.92354
G1 X114.616 Y113.625 E78.96154
G1 X114.616 Y115.375 E78.99974
G1 X111.125 Y115.375 E79.07594
G1 X111.125 Y113.375 E79.11959
G1 X108.219 Y113.375 E79.18302
G0 F464.7 X106.317 Y113.375
G0 F9000 X106.317 Y113.175
G0 X106.702 Y112.99
G0 X107.024 Y112.55
G1 F1500 E77.68302
G1 F900 Z3.26
G0 F9000 X107.142 Y112.55 Z3.26
G0 X107.142 Y105.55
;TYPE:WALL-INNER
G1 F900 Z2.26
G1 F480 E79.2869
G1 F860.6 X107.142 Y105.45 E79.28939
G1 X111.95 Y105.45 E79.40933
G1 X112.05 Y105.45 E79.41182
G1 X112.05 Y105.55 E79.41345
G1 X112.05 Y107.45 E79.46084
G1 X113.791 Y107.45 E79.50427
G1 X113.791 Y107.55 E79.50677
G1 X112.05 Y107.55 E79.51765
G1 X111.95 Y107.55 E79.51928
G1 X111.95 Y107.45 E79.5209
G1 X111.95 Y105.55 E79.53278
G1 X108.807 Y105.55 E79.55243
G0 F774.6 X107.142 Y105.55
G0 F9000 X106.742 Y105.95
G1 F480 E79.56284
G1 F860.6 X106.742 Y105.05 E79.58529
G1 X112.45 Y105.05 E79.72768
G1 X112.45 Y107.05 E79.77757
G1 X114.191 Y107.05 E79.82099
G1 X114.191 Y107.95 E79.84345
G1 X111.55 Y107.95 E79.90933
G1 X111.55 Y105.95 E79.95922
G1 X108.407 Y105.95 E80.03762
G0 F774.6 X106.742 Y105.95
G0 F9000 X106.317 Y106.375
;TYPE:WALL-OUTER
G1 F480 E80.07915
G1 F516.4 X106.317 Y104.625 E80.11735
G1 X112.875 Y104.625 E80.26049
G1 X112.875 Y106.625 E80.30414
G1 X114.616 Y106.625 E80.34214
G1 X114.616 Y108.375 E80.38034
G1 X111.125 Y108.375 E80.45654
G1 X111.125 Y106.375 E80.50019
G1 X108.219 Y106.375 E80.56362
G0 F464.7 X106.317 Y106.375
G0 F9000 X106.317 Y106.175
G0 X106.702 Y105.99
G0 X107.024 Y105.55
G1 F1500 E79.06362
G1 F900 Z3.26
G0 F9000 X107.142 Y105.55 Z3.26
G0 X111.95 Y98.55
;TYPE:WALL-INNER
G1 F900 Z2.26
G1 F480 E80.6675
G1 F860.6 X107.142 Y98.55 E80.78744
G1 X107.142 Y98.45 E80.78993
G1 X111.95 Y98.45 E80.81999
G1 X112.05 Y98.45 E80.82248
G1 X112.05 Y98.55 E80.82411
G1 X112.05 Y100.45 E80.8715
G1 X113.791 Y100.45 E80.91493
G1 X113.791 Y100.55 E80.91743
G1 X112.05 Y100.55 E80.92831
G1 X111.95 Y100.55 E80.92994
G1 X111.95 Y100.45 E80.93156
G1 X111.95 Y98.55 E80.94344
G0 F9000 X111.55 Y98.95
G1 F860.6 X106.742 Y98.95 E81.06338
G1 X106.742 Y98.05 E81.08583
G1 X112.45 Y98.05 E81.22821
G1 X112.45 Y100.05 E81.2781
G1 X114.191 Y100.05 E81.32153
G1 X114.191 Y100.95 E81.34398
G1 X111.55 Y100.95 E81.40986
G1 X111.55 Y100.615 E81.41822
G0 F774.6 X111.55 Y98.95
G0 F9000 X111.125 Y99.375
;TYPE:WALL-OUTER
G1 F480 E81.45975
G1 F516.4 X106.317 Y99.375 E81.5647
G1 X106.317 Y97.625 E81.60289
G1 X112.875 Y97.625 E81.74604
G1 X112.875 Y99.625 E81.78969
G1 X114.616 Y99.625 E81.82769
G1 X114.616 Y101.375 E81.86589
G1 X111.125 Y101.375 E81.94209
G1 X111.125 Y101.277 E81.94422
G0 F464.7 X111.125 Y99.375
G0 F9000 X110.925 Y99.375
G0 X110.925 Y98.99
G0 X110.925 Y98.55
G1 F1500 E80.44422
G1 F900 Z3.26
G0 F9000 X110.925 Y98.55 Z3.26
G0 X117.809 Y100.95
;TYPE:WALL-INNER
G1 F900 Z2.26
G1 F480 E82.0481
G1 F860.6 X117.809 Y100.05 E82.07055
G1 X118.45 Y100.05 E82.08654
G1 X118.45 Y100.784 E82.10485
G0 F774.6 X118.45 Y100.95
G0 X117.809 Y100.95
G0 F9000 X117.384 Y101.375
;TYPE:WALL-OUTER
G1 F480 E82.12498
G1 F516.4 X117.384 Y99.625 E82.16318
G1 X118.875 Y99.625 E82.19572
G1 X118.875 Y101.116 E82.22827
G0 F464.7 X118.875 Y101.375
G0 X117.384 Y101.375
G0 F9000 X117.384 Y101.175
G0 X117.769 Y100.99
G0 X118.091 Y100.55
G1 F1500 E80.72827
G1 F900 Z3.26
G0 F9000 X118.05 Y100.55 Z3.26
G0 X117.809 Y107.95
;TYPE:WALL-INNER
G1 F900 Z2.26
G1 F480 E82.32883
G1 F860.6 X117.809 Y107.05 E82.35128
G1 X118.45 Y107.05 E82.36727
G1 X118.45 Y107.784 E82.38558
G0 F774.6 X118.45 Y107.95
G0 X117.809 Y107.95
G0 F9000 X117.384 Y108.375
;TYPE:WALL-OUTER
G1 F480 E82.40571
G1 F516.4 X117.384 Y106.625 E82.44391
G1 X118.875 Y106.625 E82.47645
G1 X118.875 Y108.116 E82.50899
G0 F464.7 X118.875 Y108.375
G0 X117.384 Y108.375
G0 F9000 X117.384 Y108.175
G0 X117.769 Y107.99
G0 X118.091 Y107.55
G1 F1500 E81.00899
G1 F900 Z3.26
G0 F9000 X118.05 Y107.55 Z3.26
G0 X117.809 Y114.95
;TYPE:WALL-INNER
G1 F900 Z2.26
G1 F480 E82.60955
G1 F860.6 X117.809 Y114.05 E82.632
G1 X118.45 Y114.05 E82.64799
G1 X118.45 Y114.784 E82.6663
G0 F774.6 X118.45 Y114.95
G0 X117.809 Y114.95
G0 F9000 X117.384 Y115.375
;TYPE:WALL-OUTER
G1 F480 E82.68643
G1 F516.4 X117.384 Y113.625 E82.72463
G1 X118.875 Y113.625 E82.75718
G1 X118.875 Y115.116 E82.78972
G0 F464.7 X118.875 Y115.375
G0 X117.384 Y115.375
G0 F9000 X117.384 Y115.175
G0 X117.769 Y114.99
G0 X118.091 Y114.55
G1 F1500 E81.28972
G1 F900 Z3.26
G0 F9000 X118.05 Y114.55 Z3.26
G0 X107.079 Y112.55
;TIME_ELAPSED:340.536349
;LAYER:14
G0 X107.079 Y112.55 Z3.41
;TYPE:WALL-INNER
G1 F900 Z2.41
G1 F480 E82.89028
G1 F854.6 X107.079 Y112.45 E82.89277
G1 X111.95 Y112.45 E83.01428
G1 X112.05 Y112.45 E83.01678
G1 X112.05 Y112.55 E83.0184
G1 X112.05 Y114.45 E83.0658
G1 X113.705 Y114.45 E83.10708
G1 X113.705 Y114.55 E83.10957
G1 X112.05 Y114.55 E83.11992
G1 X111.95 Y114.55 E83.12155
G1 X111.95 Y114.45 E83.12317
G1 X111.95 Y112.55 E83.13505
G1 X108.744 Y112.55 E83.15509
G0 F769.2 X107.079 Y112.55
G0 F9000 X106.679 Y112.95
G1 F480 E83.1655
G1 F854.6 X106.679 Y112.05 E83.18795
G1 X112.45 Y112.05 E83.33191
G1 X112.45 Y114.05 E83.3818
G1 X114.105 Y114.05 E83.42308
G1 X114.105 Y114.95 E83.44553
G1 X111.55 Y114.95 E83.50927
G1 X111.55 Y112.95 E83.55916
G1 X108.344 Y112.95 E83.63913
G0 F769.2 X106.679 Y112.95
G0 F9000 X106.254 Y113.375
;TYPE:WALL-OUTER
G1 F480 E83.68067
G1 F512.8 X106.254 Y111.625 E83.71886
G1 X112.875 Y111.625 E83.86338
G1 X112.875 Y113.625 E83.90703
G1 X114.53 Y113.625 E83.94316
G1 X114.53 Y115.375 E83.98136
G1 X111.125 Y115.375 E84.05568
G1 X111.125 Y113.375 E84.09933
G1 X108.156 Y113.375 E84.16413
G0 F461.5 X106.254 Y113.375
G0 F9000 X106.254 Y113.175
G0 X106.639 Y112.99
G0 X106.961 Y112.55
G1 F1500 E82.66413
G1 F900 Z3.41
G0 F9000 X107.079 Y112.55 Z3.41
G0 X107.079 Y105.55
;TYPE:WALL-INNER
G1 F900 Z2.41
G1 F480 E84.26801
G1 F854.6 X107.079 Y105.45 E84.27051
G1 X111.95 Y105.45 E84.39201
G1 X112.05 Y105.45 E84.39451
G1 X112.05 Y105.55 E84.39613
G1 X112.05 Y107.45 E84.44353
G1 X113.705 Y107.45 E84.48481
G1 X113.705 Y107.55 E84.48731
G1 X112.05 Y107.55 E84.49765
G1 X111.95 Y107.55 E84.49928
G1 X111.95 Y107.45 E84.5009
G1 X111.95 Y105.55 E84.51278
G1 X108.744 Y105.55 E84.53282
G0 F769.2 X107.079 Y105.55
G0 F9000 X106.679 Y105.95
G1 F480 E84.54323
G1 F854.6 X106.679 Y105.05 E84.56568
G1 X112.45 Y105.05 E84.70964
G1 X112.45 Y107.05 E84.75953
G1 X114.105 Y107.05 E84.80082
G1 X114.105 Y107.95 E84.82327
G1 X111.55 Y107.95 E84.887
G1 X111.55 Y105.95 E84.93689
G1 X108.344 Y105.95 E85.01687
G0 F769.2 X106.679 Y105.95
G0 F9000 X106.254 Y106.375
;TYPE:WALL-OUTER
G1 F480 E85.0584
G1 F512.8 X106.254 Y104.625 E85.0966
G1 X112.875 Y104.625 E85.24111
G1 X112.875 Y106.625 E85.28477
G1 X114.53 Y106.625 E85.32089
G1 X114.53 Y108.375 E85.35909
G1 X111.125 Y108.375 E85.43341
G1 X111.125 Y106.375 E85.47706
G1 X108.156 Y106.375 E85.54187
G0 F461.5 X106.254 Y106.375
G0 F9000 X106.254 Y106.175
G0 X106.639 Y105.99
G0 X106.961 Y105.55
G1 F1500 E84.04187
G1 F900 Z3.41
G0 F9000 X107.079 Y105.55 Z3.41
G0 X111.95 Y98.55
;TYPE:WALL-INNER
G1 F900 Z2.41
G1 F480 E85.64574
G1 F854.6 X107.079 Y98.55 E85.76725
G1 X107.079 Y98.45 E85.76975
G1 X111.95 Y98.45 E85.8002
G1 X112.05 Y98.45 E85.80269
G1 X112.05 Y98.55 E85.80432
G1 X112.05 Y100.45 E85.85171
G1 X113.705 Y100.45 E85.893
G1 X113.705 Y100.55 E85.89549
G1 X112.05 Y100.55 E85.90584
G1 X111.95 Y100.55 E85.90746
G1 X111.95 Y100.45 E85.90909
G1 X111.95 Y98.55 E85.92097
G0 F9000 X111.55 Y98.95
G1 F854.6 X106.679 Y98.95 E86.04247
G1 X106.679 Y98.05 E86.06492
G1 X112.45 Y98.05 E86.20888
G1 X112.45 Y100.05 E86.25877
G1 X114.105 Y100.05 E86.30006
G1 X114.105 Y100.95 E86.32251
G1 X111.55 Y100.95 E86.38624
G1 X111.55 Y100.615 E86.3946
G0 F769.2 X111.55 Y98.95
G0 F9000 X111.125 Y99.375
;TYPE:WALL-OUTER
G1 F480 E86.43613
G1 F512.8 X106.254 Y99.375 E86.54245
G1 X106.254 Y97.625 E86.58065
G1 X112.875 Y97.625 E86.72516
G1 X112.875 Y99.625 E86.76882
G1 X114.53 Y99.625 E86.80494
G1 X114.53 Y101.375 E86.84314
G1 X111.125 Y101.375 E86.91746
G1 X111.125 Y101.277 E86.9196
G0 F461.5 X111.125 Y99.375
G0 F9000 X110.925 Y99.375
G0 X110.925 Y98.99
G0 X110.925 Y98.55
G1 F1500 E85.4196
G1 F900 Z3.41
G0 F9000 X110.925 Y98.55 Z3.41
G0 X117.895 Y100.95
;TYPE:WALL-INNER
G1 F900 Z2.41
G1 F480 E87.02348
G1 F854.6 X117.895 Y100.05 E87.04593
G1 X118.45 Y100.05 E87.05977
G1 X118.45 Y100.762 E87.07753
G0 F769.2 X118.45 Y100.95
G0 X117.895 Y100.95
G0 F9000 X117.47 Y101.375
;TYPE:WALL-OUTER
G1 F480 E87.09607
G1 F512.8 X117.47 Y99.625 E87.13426
G1 X118.875 Y99.625 E87.16493
G1 X118.875 Y101.094 E87.197
G0 F461.5 X118.875 Y101.375
G0 X117.47 Y101.375
G0 F9000 X117.47 Y101.175
G0 X117.855 Y100.99
G0 X118.05 Y100.668
G1 F1500 E85.697
G1 F900 Z3.41
G0 F9000 X118.05 Y100.668 Z3.41
G0 X117.895 Y107.95
;TYPE:WALL-INNER
G1 F900 Z2.41
G1 F480 E87.29616
G1 F854.6 X117.895 Y107.05 E87.31861
G1 X118.45 Y107.05 E87.33245
G1 X118.45 Y107.762 E87.35021
G0 F769.2 X118.45 Y107.95
G0 X117.895 Y107.95
G0 F9000 X117.47 Y108.375
;TYPE:WALL-OUTER
G1 F480 E87.36875
G1 F512.8 X117.47 Y106.625 E87.40695
G1 X118.875 Y106.625 E87.43761
G1 X118.875 Y108.094 E87.46968
G0 F461.5 X118.875 Y108.375
G0 X117.47 Y108.375
G0 F9000 X117.47 Y108.175
G0 X117.855 Y107.99
G0 X118.05 Y107.668
G1 F1500 E85.96968
G1 F900 Z3.41
G0 F9000 X118.05 Y107.668 Z3.41
G0 X117.895 Y114.95
;TYPE:WALL-INNER
G1 F900 Z2.41
G1 F480 E87.56884
G1 F854.6 X117.895 Y114.05 E87.59129
G1 X118.45 Y114.05 E87.60513
G1 X118.45 Y114.762 E87.6229
G0 F769.2 X118.45 Y114.95
G0 X117.895 Y114.95
G0 F9000 X117.47 Y115.375
;TYPE:WALL-OUTER
G1 F480 E87.64143
G1 F512.8 X117.47 Y113.625 E87.67963
G1 X118.875 Y113.625 E87.71029
G1 X118.875 Y115.094 E87.74236
G0 F461.5 X118.875 Y115.375
G0 X117.47 Y115.375
G0 F9000 X117.47 Y115.175
G0 X117.855 Y114.99
G0 X118.05 Y114.668
G1 F1500 E86.24236
G1 F900 Z3.41
G0 F9000 X118.05 Y114.668 Z3.41
G0 X107.029 Y112.55
;TIME_ELAPSED:366.189027
;LAYER:15
G0 X107.029 Y112.55 Z3.56
;TYPE:WALL-INNER
G1 F900 Z2.56
G1 F480 E87.84152
G1 F850.5 X107.029 Y112.45 E87.84401
G1 X111.95 Y112.45 E87.96677
G1 X112.05 Y112.45 E87.96926
G1 X112.05 Y112.55 E87.97089
G1 X112.05 Y114.45 E88.01828
G1 X113.641 Y114.45 E88.05797
G1 X113.641 Y114.55 E88.06047
G1 X112.05 Y114.55 E88.07041
G1 X111.95 Y114.55 E88.07204
G1 X111.95 Y114.45 E88.07366
G1 X111.95 Y112.55 E88.08554
G1 X108.694 Y112.55 E88.1059
G0 F765.5 X107.029 Y112.55
G0 F9000 X106.629 Y112.95
G1 F480 E88.1163
G1 F850.5 X106.629 Y112.05 E88.13876
G1 X112.45 Y112.05 E88.28396
G1 X112.45 Y114.05 E88.33385
G1 X114.041 Y114.05 E88.37354
G1 X114.041 Y114.95 E88.39599
G1 X111.55 Y114.95 E88.45813
G1 X111.55 Y112.95 E88.50802
G1 X108.294 Y112.95 E88.58924
G0 F765.5 X106.629 Y112.95
G0 F9000 X106.204 Y113.375
;TYPE:WALL-OUTER
G1 F480 E88.63077
G1 F510.3 X106.204 Y111.625 E88.66897
G1 X112.875 Y111.625 E88.81458
G1 X112.875 Y113.625 E88.85823
G1 X114.466 Y113.625 E88.89296
G1 X114.466 Y115.375 E88.93116
G1 X111.125 Y115.375 E89.00408
G1 X111.125 Y113.375 E89.04773
G1 X108.106 Y113.375 E89.11363
G0 F459.3 X106.204 Y113.375
G0 F9000 X106.204 Y113.175
G0 X106.589 Y112.99
G0 X106.911 Y112.55
G1 F1500 E87.61363
G1 F900 Z3.56
G0 F9000 X107.029 Y112.55 Z3.56
G0 X107.029 Y105.55
;TYPE:WALL-INNER
G1 F900 Z2.56
G1 F480 E89.21751
G1 F850.5 X107.029 Y105.45 E89.22
G1 X111.95 Y105.45 E89.34276
G1 X112.05 Y105.45 E89.34525
G1 X112.05 Y105.55 E89.34687
G1 X112.05 Y107.45 E89.39427
G1 X113.641 Y107.45 E89.43396
G1 X113.641 Y107.55 E89.43645
G1 X112.05 Y107.55 E89.4464
G1 X111.95 Y107.55 E89.44802
G1 X111.95 Y107.45 E89.44965
G1 X111.95 Y105.55 E89.46153
G1 X108.694 Y105.55 E89.48188
G0 F765.5 X107.029 Y105.55
G0 F9000 X106.629 Y105.95
G1 F480 E89.49229
G1 F850.5 X106.629 Y105.05 E89.51474
G1 X112.45 Y105.05 E89.65995
G1 X112.45 Y107.05 E89.70984
G1 X114.041 Y107.05 E89.74952
G1 X114.041 Y107.95 E89.77198
G1 X111.55 Y107.95 E89.83411
G1 X111.55 Y105.95 E89.884
G1 X108.294 Y105.95 E89.96523
G0 F765.5 X106.629 Y105.95
G0 F9000 X106.204 Y106.375
;TYPE:WALL-OUTER
G1 F480 E90.00676
G1 F510.3 X106.204 Y104.625 E90.04496
G1 X112.875 Y104.625 E90.19056
G1 X112.875 Y106.625 E90.23422
G1 X114.466 Y106.625 E90.26894
G1 X114.466 Y108.375 E90.30714
G1 X111.125 Y108.375 E90.38007
G1 X111.125 Y106.375 E90.42372
G1 X108.106 Y106.375 E90.48961
G0 F459.3 X106.204 Y106.375
G0 F9000 X106.204 Y106.175
G0 X106.589 Y105.99
G0 X106.911 Y105.55
G1 F1500 E88.98961
G1 F900 Z3.56
G0 F9000 X107.029 Y105.55 Z3.56
G0 X111.95 Y98.55
;TYPE:WALL-INNER
G1 F900 Z2.56
G1 F480 E90.59349
G1 F850.5 X107.029 Y98.55 E90.71625
G1 X107.029 Y98.45 E90.71874
G1 X111.95 Y98.45 E90.74951
G1 X112.05 Y98.45 E90.752
G1 X112.05 Y98.55 E90.75363
G1 X112.05 Y100.45 E90.80102
G1 X113.641 Y100.45 E90.84071
G1 X113.641 Y100.55 E90.8432
G1 X112.05 Y100.55 E90.85315
G1 X111.95 Y100.55 E90.85477
G1 X111.95 Y100.45 E90.8564
G1 X111.95 Y98.55 E90.86828
G0 F9000 X111.55 Y98.95
G1 F850.5 X106.629 Y98.95 E90.99103
G1 X106.629 Y98.05 E91.01348
G1 X112.45 Y98.05 E91.15869
G1 X112.45 Y100.05 E91.20858
G1 X114.041 Y100.05 E91.24827
G1 X114.041 Y100.95 E91.27072
G1 X111.55 Y100.95 E91.33285
G1 X111.55 Y100.615 E91.34121
G0 F765.5 X111.55 Y98.95
G0 F9000 X111.125 Y99.375
;TYPE:WALL-OUTER
G1 F480 E91.38274
G1 F510.3 X106.204 Y99.375 E91.49016
G1 X106.204 Y97.625 E91.52835
G1 X112.875 Y97.625 E91.67396
G1 X112.875 Y99.625 E91.71761
G1 X114.466 Y99.625 E91.75234
G1 X114.466 Y101.375 E91.79054
G1 X111.125 Y101.375 E91.86346
G1 X111.125 Y101.277 E91.8656
G0 F459.3 X111.125 Y99.375
G0 F9000 X110.925 Y99.375
G0 X110.925 Y98.99
G0 X110.925 Y98.55
G1 F1500 E90.3656
G1 F900 Z3.56
G0 F9000 X110.925 Y98.55 Z3.56
G0 X117.959 Y100.95
;TYPE:WALL-INNER
G1 F900 Z2.56
G1 F480 E91.96948
G1 F850.5 X117.958 Y100.249 E91.98696
G1 X117.958 Y100.05 E91.99193
G1 X118.157 Y100.05 E91.99514
G1 X118.45 Y100.05 E92.00245
G1 X118.45 Y100.927 E92.02433
G0 F765.5 X118.45 Y100.95
G0 X117.959 Y100.95
G0 F9000 X117.534 Y101.375
;TYPE:WALL-OUTER
G1 F480 E92.03715
G1 F510.3 X117.533 Y99.8 E92.07153
G1 X117.533 Y99.625 E92.07535
G1 X117.708 Y99.625 E92.07782
G1 X118.875 Y99.625 E92.10329
G1 X118.875 Y101.375 E92.14149
G1 X118.677 Y101.375 E92.14581
G0 F459.3 X117.534 Y101.375
G0 F9000 X117.534 Y101.175
G0 X117.919 Y100.99
G0 X118.05 Y100.667
G1 F1500 E90.64581
G1 F900 Z3.56
G0 F9000 X118.05 Y100.668 Z3.56
G0 X117.959 Y107.95
;TYPE:WALL-INNER
G1 F900 Z2.56
G1 F480 E92.23312
G1 F850.5 X117.958 Y107.249 E92.25061
G1 X117.958 Y107.05 E92.25557
G1 X118.157 Y107.05 E92.25878
G1 X118.45 Y107.05 E92.26609
G1 X118.45 Y107.927 E92.28797
G0 F765.5 X118.45 Y107.95
G0 X117.959 Y107.95
G0 F9000 X117.534 Y108.375
;TYPE:WALL-OUTER
G1 F480 E92.30079
G1 F510.3 X117.533 Y106.8 E92.33517
G1 X117.533 Y106.625 E92.33899
G1 X117.708 Y106.625 E92.34146
G1 X118.875 Y106.625 E92.36693
G1 X118.875 Y108.375 E92.40513
G1 X118.677 Y108.375 E92.40945
G0 F459.3 X117.534 Y108.375
G0 F9000 X117.534 Y108.175
G0 X117.919 Y107.99
G0 X118.05 Y107.667
G1 F1500 E90.90945
G1 F900 Z3.56
G0 F9000 X118.05 Y107.668 Z3.56
G0 X117.959 Y114.95
;TYPE:WALL-INNER
G1 F900 Z2.56
G1 F480 E92.49676
G1 F850.5 X117.958 Y114.249 E92.51425
G1 X117.958 Y114.05 E92.51921
G1 X118.157 Y114.05 E92.52242
G1 X118.45 Y114.05 E92.52973
G1 X118.45 Y114.927 E92.55161
G0 F765.5 X118.45 Y114.95
G0 X117.959 Y114.95
G0 F9000 X117.534 Y115.375
;TYPE:WALL-OUTER
G1 F480 E92.56443
G1 F510.3 X117.533 Y113.8 E92.59881
G1 X117.533 Y113.625 E92.60263
G1 X117.708 Y113.625 E92.6051
G1 X118.875 Y113.625 E92.63057
G1 X118.875 Y115.375 E92.66877
G1 X118.677 Y115.375 E92.67309
G0 F459.3 X117.534 Y115.375
G0 F9000 X117.534 Y115.175
G0 X117.919 Y114.99
G0 X118.05 Y114.667
G1 F1500 E91.17309
G1 F900 Z3.56
G0 F9000 X118.05 Y114.668 Z3.56
G0 X106.991 Y112.55
;TIME_ELAPSED:391.817631
;LAYER:16
G0 X106.991 Y112.55 Z3.71
;TYPE:WALL-INNER
G1 F900 Z2.71
G1 F480 E92.7604
G1 F847.4 X106.992 Y112.45 E92.7629
G1 X111.95 Y112.45 E92.88657
G1 X112.05 Y112.45 E92.88907
G1 X112.05 Y112.55 E92.89069
G1 X112.05 Y114.45 E92.93809
G1 X113.593 Y114.45 E92.97658
G1 X113.593 Y114.55 E92.97907
G1 X112.05 Y114.55 E92.98872
G1 X111.95 Y114.55 E92.99034
G1 X111.95 Y114.45 E92.99197
G1 X111.95 Y112.55 E93.00385
G1 X106.991 Y112.55 E93.03486
G0 F9000 X106.79 Y112.95
G1 F847.4 X106.591 Y112.95 E93.03982
G1 X106.591 Y112.751 E93.04303
G1 X106.592 Y112.05 E93.06052
G1 X112.45 Y112.05 E93.20665
G1 X112.45 Y114.05 E93.25654
G1 X113.993 Y114.05 E93.29503
G1 X113.993 Y114.95 E93.31748
G1 X111.55 Y114.95 E93.37842
G1 X111.55 Y112.95 E93.42831
G1 X108.455 Y112.95 E93.50552
G0 F762.7 X106.79 Y112.95
G0 F9000 X106.166 Y113.375
;TYPE:WALL-OUTER
G1 F480 E93.54705
G1 F508.4 X106.166 Y113.2 E93.55087
G1 X106.167 Y111.625 E93.58525
G1 X112.875 Y111.625 E93.73166
G1 X112.875 Y113.625 E93.77532
G1 X114.418 Y113.625 E93.809
G1 X114.418 Y115.375 E93.84719
G1 X111.125 Y115.375 E93.91907
G1 X111.125 Y113.375 E93.96272
G1 X106.341 Y113.375 E94.06714
G1 X106.166 Y113.375 E94.06961
G0 F9000 X106.166 Y113.2
G0 X106.166 Y113.175
G0 X106.551 Y112.99
G0 X106.874 Y112.55
G1 F1500 E92.56961
G1 F900 Z3.71
G0 F9000 X106.991 Y112.55 Z3.71
G0 X106.992 Y105.55
;TYPE:WALL-INNER
G1 F900 Z2.71
G1 F480 E94.13198
G1 F847.4 X106.992 Y105.45 E94.13447
G1 X111.95 Y105.45 E94.25815
G1 X112.05 Y105.45 E94.26064
G1 X112.05 Y105.55 E94.26227
G1 X112.05 Y107.45 E94.30966
G1 X113.593 Y107.45 E94.34815
G1 X113.593 Y107.55 E94.35065
G1 X112.05 Y107.55 E94.3603
G1 X111.95 Y107.55 E94.36192
G1 X111.95 Y107.45 E94.36354
G1 X111.95 Y105.55 E94.37542
G1 X108.657 Y105.55 E94.39601
G0 F762.7 X106.992 Y105.55
G0 F9000 X106.592 Y105.95
G1 F480 E94.40642
G1 F847.4 X106.592 Y105.05 E94.42887
G1 X112.45 Y105.05 E94.575
G1 X112.45 Y107.05 E94.62489
G1 X113.993 Y107.05 E94.66338
G1 X113.993 Y107.95 E94.68583
G1 X111.55 Y107.95 E94.74677
G1 X111.55 Y105.95 E94.79666
G1 X108.257 Y105.95 E94.8788
G0 F762.7 X106.592 Y105.95
G0 F9000 X106.167 Y106.375
;TYPE:WALL-OUTER
G1 F480 E94.92034
G1 F508.4 X106.167 Y104.625 E94.95854
G1 X112.875 Y104.625 E95.10495
G1 X112.875 Y106.625 E95.1486
G1 X114.418 Y106.625 E95.18228
G1 X114.418 Y108.375 E95.22048
G1 X111.125 Y108.375 E95.29236
G1 X111.125 Y106.375 E95.33601
G1 X108.069 Y106.375 E95.40271
G0 F457.6 X106.167 Y106.375
G0 F9000 X106.167 Y106.175
G0 X106.552 Y105.99
G0 X106.874 Y105.55
G1 F1500 E93.90271
G1 F900 Z3.71
G0 F9000 X106.992 Y105.55 Z3.71
G0 X111.95 Y98.55
;TYPE:WALL-INNER
G1 F900 Z2.71
G1 F480 E95.50659
G1 F847.4 X106.992 Y98.55 E95.63027
G1 X106.992 Y98.45 E95.63276
G1 X111.95 Y98.45 E95.66376
G1 X112.05 Y98.45 E95.66626
G1 X112.05 Y98.55 E95.66788
G1 X112.05 Y100.45 E95.71527
G1 X113.593 Y100.45 E95.75377
G1 X113.593 Y100.55 E95.75626
G1 X112.05 Y100.55 E95.76591
G1 X111.95 Y100.55 E95.76753
G1 X111.95 Y100.45 E95.76915
G1 X111.95 Y98.55 E95.78103
G0 F9000 X111.55 Y98.95
G1 F847.4 X106.592 Y98.95 E95.90471
G1 X106.592 Y98.05 E95.92716
G1 X112.45 Y98.05 E96.07329
G1 X112.45 Y100.05 E96.12318
G1 X113.993 Y100.05 E96.16167
G1 X113.993 Y100.95 E96.18412
G1 X111.55 Y100.95 E96.24506
G1 X111.55 Y100.615 E96.25342
G0 F762.7 X111.55 Y98.95
G0 F9000 X111.125 Y99.375
;TYPE:WALL-OUTER
G1 F480 E96.29495
G1 F508.4 X106.167 Y99.375 E96.40317
G1 X106.167 Y97.625 E96.44137
G1 X112.875 Y97.625 E96.58778
G1 X112.875 Y99.625 E96.63144
G1 X114.418 Y99.625 E96.66512
G1 X114.418 Y101.375 E96.70331
G1 X111.125 Y101.375 E96.77519
G1 X111.125 Y101.277 E96.77733
G0 F457.6 X111.125 Y99.375
G0 F9000 X110.925 Y99.375
G0 X110.925 Y98.99
G0 X110.925 Y98.55
G1 F1500 E95.27733
G1 F900 Z3.71
G0 F9000 X110.925 Y98.55 Z3.71
G0 X118.007 Y100.95
;TYPE:WALL-INNER
G1 F900 Z2.71
G1 F480 E96.88121
G1 F847.4 X118.007 Y100.05 E96.90366
G1 X118.45 Y100.05 E96.91471
G1 X118.45 Y100.733 E96.93174
G0 F762.7 X118.45 Y100.95
G0 X118.007 Y100.95
G0 F9000 X117.582 Y101.375
;TYPE:WALL-OUTER
G1 F480 E96.94821
G1 F508.4 X117.582 Y99.625 E96.98641
G1 X118.875 Y99.625 E97.01463
G1 X118.875 Y101.065 E97.04606
G0 F457.6 X118.875 Y101.375
G0 X117.582 Y101.375
G0 F9000 X117.582 Y101.175
G0 X117.967 Y100.99
G0 X118.05 Y100.668
G1 F1500 E95.54606
G1 F900 Z3.71
G0 F9000 X118.05 Y100.668 Z3.71
G0 X118.007 Y107.95
;TYPE:WALL-INNER
G1 F900 Z2.71
G1 F480 E97.14341
G1 F847.4 X118.007 Y107.05 E97.16586
G1 X118.45 Y107.05 E97.17691
G1 X118.45 Y107.733 E97.19395
G0 F762.7 X118.45 Y107.95
G0 X118.007 Y107.95
G0 F9000 X117.582 Y108.375
;TYPE:WALL-OUTER
G1 F480 E97.21041
G1 F508.4 X117.582 Y106.625 E97.24861
G1 X118.875 Y106.625 E97.27683
G1 X118.875 Y108.065 E97.30826
G0 F457.6 X118.875 Y108.375
G0 X117.582 Y108.375
G0 F9000 X117.582 Y108.175
G0 X117.967 Y107.99
G0 X118.05 Y107.668
G1 F1500 E95.80826
G1 F900 Z3.71
G0 F9000 X118.05 Y107.668 Z3.71
G0 X118.007 Y114.95
;TYPE:WALL-INNER
G1 F900 Z2.71
G1 F480 E97.40561
G1 F847.4 X118.007 Y114.05 E97.42806
G1 X118.45 Y114.05 E97.43912
G1 X118.45 Y114.733 E97.45615
G0 F762.7 X118.45 Y114.95
G0 X118.007 Y114.95
G0 F9000 X117.582 Y115.375
;TYPE:WALL-OUTER
G1 F480 E97.47262
G1 F508.4 X117.582 Y113.625 E97.51081
G1 X118.875 Y113.625 E97.53904
G1 X118.875 Y115.065 E97.57047
G0 F457.6 X118.875 Y115.375
G0 X117.582 Y115.375
G0 F9000 X117.582 Y115.175
G0 X117.967 Y114.99
G0 X118.05 Y114.668
G1 F1500 E96.07047
G1 F900 Z3.71
G0 F9000 X118.05 Y114.668 Z3.71
G0 X106.968 Y112.55
;TIME_ELAPSED:417.433423
;LAYER:17
G0 X106.968 Y112.55 Z3.86
;TYPE:WALL-INNER
G1 F900 Z2.86
G1 F480 E97.66782
G1 F845.8 X106.967 Y112.45 E97.67031
G1 X111.95 Y112.45 E97.79461
G1 X112.05 Y112.45 E97.79711
G1 X112.05 Y112.55 E97.79873
G1 X112.05 Y114.45 E97.84613
G1 X113.563 Y114.45 E97.88387
G1 X113.563 Y114.55 E97.88636
G1 X112.05 Y114.55 E97.89582
G1 X111.95 Y114.55 E97.89745
G1 X111.95 Y114.45 E97.89907
G1 X111.95 Y112.55 E97.91095
G1 X106.968 Y112.55 E97.94209
G0 F9000 X106.567 Y112.249
G1 F845.8 X106.567 Y112.05 E97.94705
G1 X106.766 Y112.05 E97.95026
G1 X112.45 Y112.05 E98.09205
G1 X112.45 Y114.05 E98.14194
G1 X113.963 Y114.05 E98.17968
G1 X113.963 Y114.95 E98.20213
G1 X111.55 Y114.95 E98.26233
G1 X111.55 Y112.95 E98.31222
G1 X107.532 Y112.95 E98.41245
G0 F761.3 X106.568 Y112.95
G0 X106.567 Y112.249
G0 F9000 X106.143 Y113.375
;TYPE:WALL-OUTER
G1 F480 E98.45398
G1 F507.5 X106.142 Y111.8 E98.48836
G1 X106.142 Y111.625 E98.49218
G1 X106.317 Y111.625 E98.49465
G1 X112.875 Y111.625 E98.63779
G1 X112.875 Y113.625 E98.68144
G1 X114.388 Y113.625 E98.71447
G1 X114.388 Y115.375 E98.75267
G1 X111.125 Y115.375 E98.82389
G1 X111.125 Y113.375 E98.86754
G1 X108.045 Y113.375 E98.93477
G0 F456.8 X106.143 Y113.375
G0 F9000 X106.143 Y113.175
G0 X106.528 Y112.99
G0 X106.968 Y112.668
G1 F1500 E97.43477
G1 F900 Z3.86
G0 F9000 X106.968 Y112.55 Z3.86
G0 X106.968 Y105.55
;TYPE:WALL-INNER
G1 F900 Z2.86
G1 F480 E99.03865
G1 F845.8 X106.967 Y105.45 E99.04114
G1 X111.95 Y105.45 E99.16544
G1 X112.05 Y105.45 E99.16794
G1 X112.05 Y105.55 E99.16956
G1 X112.05 Y107.45 E99.21696
G1 X113.563 Y107.45 E99.2547
G1 X113.563 Y107.55 E99.25719
G1 X112.05 Y107.55 E99.26665
G1 X111.95 Y107.55 E99.26828
G1 X111.95 Y107.45 E99.2699
G1 X111.95 Y105.55 E99.28178
G1 X106.968 Y105.55 E99.31292
G0 F9000 X106.567 Y105.249
G1 F845.8 X106.567 Y105.05 E99.31788
G1 X106.766 Y105.05 E99.32109
G1 X112.45 Y105.05 E99.46288
G1 X112.45 Y107.05 E99.51277
G1 X113.963 Y107.05 E99.55051
G1 X113.963 Y107.95 E99.57296
G1 X111.55 Y107.95 E99.63315
G1 X111.55 Y105.95 E99.68305
G1 X107.532 Y105.95 E99.78327
G0 F761.3 X106.568 Y105.95
G0 X106.567 Y105.249
G0 F9000 X106.143 Y106.375
;TYPE:WALL-OUTER
G1 F480 E99.82481
G1 F507.5 X106.142 Y104.8 E99.85919
G1 X106.142 Y104.625 E99.86301
G1 X106.317 Y104.625 E99.86548
G1 X112.875 Y104.625 E100.00862
G1 X112.875 Y106.625 E100.05227
G1 X114.388 Y106.625 E100.0853
G1 X114.388 Y108.375 E100.12349
G1 X111.125 Y108.375 E100.19472
G1 X111.125 Y106.375 E100.23837
G1 X108.045 Y106.375 E100.3056
G0 F456.8 X106.143 Y106.375
G0 F9000 X106.143 Y106.175
G0 X106.528 Y105.99
G0 X106.968 Y105.668
G1 F1500 E98.8056
G1 F900 Z3.86
G0 F9000 X106.968 Y105.55 Z3.86
G0 X111.95 Y98.55
;TYPE:WALL-INNER
G1 F900 Z2.86
G1 F480 E100.40947
G1 F845.8 X106.968 Y98.55 E100.53375
G1 X106.967 Y98.45 E100.53624
G1 X111.95 Y98.45 E100.56741
G1 X112.05 Y98.45 E100.5699
G1 X112.05 Y98.55 E100.57153
G1 X112.05 Y100.45 E100.61892
G1 X113.563 Y100.45 E100.65666
G1 X113.563 Y100.55 E100.65916
G1 X112.05 Y100.55 E100.66862
G1 X111.95 Y100.55 E100.67024
G1 X111.95 Y100.45 E100.67187
G1 X111.95 Y98.55 E100.68374
G0 F9000 X111.55 Y98.95
G1 F845.8 X106.568 Y98.95 E100.80802
G1 X106.567 Y98.249 E100.82551
G1 X106.567 Y98.05 E100.83047
G1 X106.766 Y98.05 E100.83368
G1 X112.45 Y98.05 E100.97547
G1 X112.45 Y100.05 E101.02536
G1 X113.963 Y100.05 E101.0631
G1 X113.963 Y100.95 E101.08555
G1 X111.55 Y100.95 E101.14575
G1 X111.55 Y100.615 E101.1541
G0 F761.3 X111.55 Y98.95
G0 F9000 X111.125 Y99.375
;TYPE:WALL-OUTER
G1 F480 E101.19564
G1 F507.5 X106.143 Y99.375 E101.30438
G1 X106.142 Y97.8 E101.33876
G1 X106.142 Y97.625 E101.34258
G1 X106.317 Y97.625 E101.34505
G1 X112.875 Y97.625 E101.48819
G1 X112.875 Y99.625 E101.53184
G1 X114.388 Y99.625 E101.56487
G1 X114.388 Y101.375 E101.60306
G1 X111.125 Y101.375 E101.67428
G1 X111.125 Y101.277 E101.67642
G0 F456.8 X111.125 Y99.375
G0 F9000 X110.925 Y99.375
G0 X110.925 Y98.99
G0 X110.925 Y98.55
G1 F1500 E100.17642
G1 F900 Z3.86
G0 F9000 X110.925 Y98.55 Z3.86
G0 X118.037 Y100.95
;TYPE:WALL-INNER
G1 F900 Z2.86
G1 F480 E101.7803
G1 F845.8 X118.037 Y100.05 E101.80275
G1 X118.45 Y100.05 E101.81305
G1 X118.45 Y100.725 E101.82989
G0 F761.3 X118.45 Y100.95
G0 X118.037 Y100.95
G0 F9000 X117.612 Y101.375
;TYPE:WALL-OUTER
G1 F480 E101.84581
G1 F507.5 X117.612 Y99.625 E101.884
G1 X118.875 Y99.625 E101.91157
G1 X118.875 Y101.057 E101.94283
G0 F456.8 X118.875 Y101.375
G0 X117.612 Y101.375
G0 F9000 X117.612 Y101.175
G0 X117.997 Y100.99
G0 X118.05 Y100.668
G1 F1500 E100.44283
G1 F900 Z3.86
G0 F9000 X118.05 Y100.668 Z3.86
G0 X118.037 Y107.95
;TYPE:WALL-INNER
G1 F900 Z2.86
G1 F480 E102.0397
G1 F845.8 X118.037 Y107.05 E102.06215
G1 X118.45 Y107.05 E102.07245
G1 X118.45 Y107.725 E102.08929
G0 F761.3 X118.45 Y107.95
G0 X118.037 Y107.95
G0 F9000 X117.612 Y108.375
;TYPE:WALL-OUTER
G1 F480 E102.10521
G1 F507.5 X117.612 Y106.625 E102.1434
G1 X118.875 Y106.625 E102.17097
G1 X118.875 Y108.057 E102.20223
G0 F456.8 X118.875 Y108.375
G0 X117.612 Y108.375
G0 F9000 X117.612 Y108.175
G0 X117.997 Y107.99
G0 X118.05 Y107.668
G1 F1500 E100.70223
G1 F900 Z3.86
G0 F9000 X118.05 Y107.668 Z3.86
G0 X118.037 Y114.95
;TYPE:WALL-INNER
G1 F900 Z2.86
G1 F480 E102.2991
G1 F845.8 X118.037 Y114.05 E102.32155
G1 X118.45 Y114.05 E102.33185
G1 X118.45 Y114.725 E102.34869
G0 F761.3 X118.45 Y114.95
G0 X118.037 Y114.95
G0 F9000 X117.612 Y115.375
;TYPE:WALL-OUTER
G1 F480 E102.3646
G1 F507.5 X117.612 Y113.625 E102.4028
G1 X118.875 Y113.625 E102.43037
G1 X118.875 Y115.057 E102.46162
G0 F456.8 X118.875 Y115.375
G0 X117.612 Y115.375
G0 F9000 X117.612 Y115.175
G0 X117.997 Y114.99
G0 X118.05 Y114.668
G1 F1500 E100.96162
G1 F900 Z3.86
G0 F9000 X118.05 Y114.668 Z3.86
G0 X106.955 Y112.55
;TIME_ELAPSED:443.103218
;LAYER:18
G0 X106.955 Y112.55 Z4.01
;TYPE:WALL-INNER
G1 F900 Z3.01
G1 F480 E102.5585
G1 F844.8 X106.954 Y112.45 E102.56099
G1 X111.95 Y112.45 E102.68562
G1 X112.05 Y112.45 E102.68811
G1 X112.05 Y112.55 E102.68973
G1 X112.05 Y114.45 E102.73713
G1 X113.551 Y114.45 E102.77457
G1 X113.551 Y114.55 E102.77707
G1 X112.05 Y114.55 E102.78645
G1 X111.95 Y114.55 E102.78807
G1 X111.95 Y114.45 E102.7897
G1 X111.95 Y112.55 E102.80158
G1 X106.955 Y112.55 E102.8328
G0 F9000 X106.554 Y112.249
G1 F844.8 X106.554 Y112.05 E102.83776
G1 X106.753 Y112.05 E102.84097
G1 X112.45 Y112.05 E102.98308
G1 X112.45 Y114.05 E103.03297
G1 X113.951 Y114.05 E103.07042
G1 X113.951 Y114.95 E103.09287
G1 X111.55 Y114.95 E103.15276
G1 X111.55 Y112.95 E103.20265
G1 X107.519 Y112.95 E103.3032
G0 F760.3 X106.555 Y112.95
G0 X106.554 Y112.249
G0 F9000 X106.13 Y113.375
;TYPE:WALL-OUTER
G1 F480 E103.34474
G1 F506.9 X106.129 Y111.8 E103.37912
G1 X106.129 Y111.625 E103.38294
G1 X106.304 Y111.625 E103.38541
G1 X112.875 Y111.625 E103.52883
G1 X112.875 Y113.625 E103.57249
G1 X114.376 Y113.625 E103.60525
G1 X114.376 Y115.375 E103.64345
G1 X111.125 Y115.375 E103.71441
G1 X111.125 Y113.375 E103.75806
G1 X108.032 Y113.375 E103.82557
G0 F456.2 X106.13 Y113.375
G0 F9000 X106.13 Y113.175
G0 X106.515 Y112.99
G0 X106.955 Y112.668
G1 F1500 E102.32557
G1 F900 Z4.01
G0 F9000 X106.955 Y112.55 Z4.01
G0 X106.955 Y105.55
;TYPE:WALL-INNER
G1 F900 Z3.01
G1 F480 E103.92945
G1 F844.8 X106.954 Y105.45 E103.93194
G1 X111.95 Y105.45 E104.05657
G1 X112.05 Y105.45 E104.05906
G1 X112.05 Y105.55 E104.06069
G1 X112.05 Y107.45 E104.10808
G1 X113.551 Y107.45 E104.14552
G1 X113.551 Y107.55 E104.14802
G1 X112.05 Y107.55 E104.1574
G1 X111.95 Y107.55 E104.15903
G1 X111.95 Y107.45 E104.16065
G1 X111.95 Y105.55 E104.17253
G1 X106.955 Y105.55 E104.20375
G0 F9000 X106.554 Y105.249
G1 F844.8 X106.554 Y105.05 E104.20871
G1 X106.753 Y105.05 E104.21192
G1 X112.45 Y105.05 E104.35404
G1 X112.45 Y107.05 E104.40393
G1 X113.951 Y107.05 E104.44137
G1 X113.951 Y107.95 E104.46382
G1 X111.55 Y107.95 E104.52371
G1 X111.55 Y105.95 E104.5736
G1 X107.519 Y105.95 E104.67416
G0 F760.3 X106.555 Y105.95
G0 X106.554 Y105.249
G0 F9000 X106.13 Y106.375
;TYPE:WALL-OUTER
G1 F480 E104.71569
G1 F506.9 X106.129 Y104.8 E104.75007
G1 X106.129 Y104.625 E104.75389
G1 X106.304 Y104.625 E104.75636
G1 X112.875 Y104.625 E104.89979
G1 X112.875 Y106.625 E104.94344
G1 X114.376 Y106.625 E104.9762
G1 X114.376 Y108.375 E105.0144
G1 X111.125 Y108.375 E105.08536
G1 X111.125 Y106.375 E105.12901
G1 X108.032 Y106.375 E105.19652
G0 F456.2 X106.13 Y106.375
G0 F9000 X106.13 Y106.175
G0 X106.515 Y105.99
G0 X106.955 Y105.668
G1 F1500 E103.69652
G1 F900 Z4.01
G0 F9000 X106.955 Y105.55 Z4.01
G0 X111.95 Y98.55
;TYPE:WALL-INNER
G1 F900 Z3.01
G1 F480 E105.3004
G1 F844.8 X106.955 Y98.55 E105.425
G1 X106.954 Y98.45 E105.4275
G1 X111.95 Y98.45 E105.45874
G1 X112.05 Y98.45 E105.46123
G1 X112.05 Y98.55 E105.46286
G1 X112.05 Y100.45 E105.51025
G1 X113.551 Y100.45 E105.5477
G1 X113.551 Y100.55 E105.55019
G1 X112.05 Y100.55 E105.55958
G1 X111.95 Y100.55 E105.5612
G1 X111.95 Y100.45 E105.56282
G1 X111.95 Y98.55 E105.5747
G0 F9000 X111.55 Y98.95
G1 F844.8 X106.555 Y98.95 E105.6993
G1 X106.554 Y98.249 E105.71679
G1 X106.554 Y98.05 E105.72175
G1 X106.753 Y98.05 E105.72496
G1 X112.45 Y98.05 E105.86708
G1 X112.45 Y100.05 E105.91697
G1 X113.951 Y100.05 E105.95441
G1 X113.951 Y100.95 E105.97686
G1 X111.55 Y100.95 E106.03675
G1 X111.55 Y100.615 E106.04511
G0 F760.3 X111.55 Y98.95
G0 F9000 X111.125 Y99.375
;TYPE:WALL-OUTER
G1 F480 E106.08664
G1 F506.9 X106.13 Y99.375 E106.19567
G1 X106.129 Y97.8 E106.23005
G1 X106.129 Y97.625 E106.23387
G1 X106.304 Y97.625 E106.23634
G1 X112.875 Y97.625 E106.37976
G1 X112.875 Y99.625 E106.42342
G1 X114.376 Y99.625 E106.45618
G1 X114.376 Y101.375 E106.49438
G1 X111.125 Y101.375 E106.56534
G1 X111.125 Y101.277 E106.56748
G0 F456.2 X111.125 Y99.375
G0 F9000 X110.925 Y99.375
G0 X110.925 Y98.99
G0 X110.925 Y98.55
G1 F1500 E105.06748
G1 F900 Z4.01
G0 F9000 X110.925 Y98.55 Z4.01
G0 X118.05 Y100.95
;TYPE:WALL-INNER
G1 F900 Z3.01
G1 F480 E106.67135
G1 F844.8 X118.05 Y100.05 E106.6938
G1 X118.45 Y100.05 E106.70378
G1 X118.45 Y100.721 E106.72052
G0 F760.3 X118.45 Y100.95
G0 X118.05 Y100.95
G0 F9000 X117.625 Y101.375
;TYPE:WALL-OUTER
G1 F480 E106.73621
G1 F506.9 X117.625 Y99.625 E106.77441
G1 X118.875 Y99.625 E106.80169
G1 X118.875 Y101.053 E106.83286
G0 F456.2 X118.875 Y101.375
G0 X117.625 Y101.375
G0 F9000 X117.625 Y101.175
G0 X118.01 Y100.99
G1 F1500 E105.33286
G1 F900 Z4.01
G0 F9000 X118.05 Y107.95 Z4.01
;TYPE:WALL-INNER
G1 F900 Z3.01
G1 F480 E106.92953
G1 F844.8 X118.05 Y107.05 E106.95199
G1 X118.45 Y107.05 E106.96196
G1 X118.45 Y107.721 E106.9787
G0 F760.3 X118.45 Y107.95
G0 X118.05 Y107.95
G0 F9000 X117.625 Y108.375
;TYPE:WALL-OUTER
G1 F480 E106.99439
G1 F506.9 X117.625 Y106.625 E107.03259
G1 X118.875 Y106.625 E107.05987
G1 X118.875 Y108.053 E107.09104
G0 F456.2 X118.875 Y108.375
G0 X117.625 Y108.375
G0 F9000 X117.625 Y108.175
G0 X118.01 Y107.99
G1 F1500 E105.59104
G1 F900 Z4.01
G0 F9000 X118.05 Y114.95 Z4.01
;TYPE:WALL-INNER
G1 F900 Z3.01
G1 F480 E107.18772
G1 F844.8 X118.05 Y114.05 E107.21017
G1 X118.45 Y114.05 E107.22015
G1 X118.45 Y114.721 E107.23688
G0 F760.3 X118.45 Y114.95
G0 X118.05 Y114.95
G0 F9000 X117.625 Y115.375
;TYPE:WALL-OUTER
G1 F480 E107.25257
G1 F506.9 X117.625 Y113.625 E107.29077
G1 X118.875 Y113.625 E107.31805
G1 X118.875 Y115.053 E107.34922
G0 F456.2 X118.875 Y115.375
G0 X117.625 Y115.375
G0 F9000 X117.625 Y115.175
G0 X118.01 Y114.99
G1 F1500 E105.84922
G1 F900 Z4.01
G0 F9000 X106.958 Y112.55 Z4.01
;TIME_ELAPSED:468.195414
;LAYER:19
G0 X106.958 Y112.55 Z4.16
;TYPE:WALL-INNER
G1 F900 Z3.16
G1 F480 E107.4459
G1 F845.4 X106.957 Y112.45 E107.44839
G1 X111.95 Y112.45 E107.57294
G1 X112.05 Y112.45 E107.57544
G1 X112.05 Y112.55 E107.57706
G1 X112.05 Y114.45 E107.62446
G1 X113.553 Y114.45 E107.66195
G1 X113.554 Y114.55 E107.66445
G1 X112.05 Y114.55 E107.67386
G1 X111.95 Y114.55 E107.67548
G1 X111.95 Y114.45 E107.67711
G1 X111.95 Y112.55 E107.68898
G1 X106.958 Y112.55 E107.72018
G0 F9000 X106.557 Y112.249
G1 F845.4 X106.557 Y112.05 E107.72515
G1 X106.756 Y112.05 E107.72836
G1 X112.45 Y112.05 E107.8704
G1 X112.45 Y114.05 E107.92029
G1 X113.953 Y114.05 E107.95778
G1 X113.954 Y114.751 E107.97527
G1 X113.954 Y114.95 E107.98023
G1 X113.755 Y114.95 E107.98344
G1 X111.55 Y114.95 E108.03845
G1 X111.55 Y112.95 E108.08834
G1 X107.522 Y112.95 E108.18882
G0 F760.9 X106.558 Y112.95
G0 X106.557 Y112.249
G0 F9000 X106.133 Y113.375
;TYPE:WALL-OUTER
G1 F480 E108.23035
G1 F507.2 X106.132 Y111.8 E108.26473
G1 X106.132 Y111.625 E108.26855
G1 X106.307 Y111.625 E108.27102
G1 X112.875 Y111.625 E108.41438
G1 X112.875 Y113.625 E108.45803
G1 X114.378 Y113.625 E108.49084
G1 X114.379 Y115.2 E108.52521
G1 X114.379 Y115.375 E108.52903
G1 X114.204 Y115.375 E108.53151
G1 X111.125 Y115.375 E108.59871
G1 X111.125 Y113.375 E108.64237
G1 X108.035 Y113.375 E108.70981
G0 F456.5 X106.133 Y113.375
G0 F9000 X106.133 Y113.175
G0 X106.518 Y112.99
G0 X106.958 Y112.668
G1 F1500 E107.20981
G1 F900 Z4.16
G0 F9000 X106.958 Y112.55 Z4.16
G0 X106.958 Y105.55
;TYPE:WALL-INNER
G1 F900 Z3.16
G1 F480 E108.81369
G1 F845.4 X106.957 Y105.45 E108.81618
G1 X111.95 Y105.45 E108.94073
G1 X112.05 Y105.45 E108.94323
G1 X112.05 Y105.55 E108.94485
G1 X112.05 Y107.45 E108.99225
G1 X113.553 Y107.45 E109.02974
G1 X113.554 Y107.55 E109.03224
G1 X112.05 Y107.55 E109.04165
G1 X111.95 Y107.55 E109.04327
G1 X111.95 Y107.45 E109.0449
G1 X111.95 Y105.55 E109.05677
G1 X106.958 Y105.55 E109.08797
G0 F9000 X106.557 Y105.249
G1 F845.4 X106.557 Y105.05 E109.09294
G1 X106.756 Y105.05 E109.09615
G1 X112.45 Y105.05 E109.23819
G1 X112.45 Y107.05 E109.28808
G1 X113.953 Y107.05 E109.32557
G1 X113.954 Y107.751 E109.34306
G1 X113.954 Y107.95 E109.34802
G1 X113.755 Y107.95 E109.35123
G1 X111.55 Y107.95 E109.40624
G1 X111.55 Y105.95 E109.45613
G1 X107.522 Y105.95 E109.55661
G0 F760.9 X106.558 Y105.95
G0 X106.557 Y105.249
G0 F9000 X106.133 Y106.375
;TYPE:WALL-OUTER
G1 F480 E109.59814
G1 F507.2 X106.132 Y104.8 E109.63252
G1 X106.132 Y104.625 E109.63634
G1 X106.307 Y104.625 E109.63881
G1 X112.875 Y104.625 E109.78217
G1 X112.875 Y106.625 E109.82582
G1 X114.378 Y106.625 E109.85863
G1 X114.379 Y108.2 E109.89301
G1 X114.379 Y108.375 E109.89682
G1 X114.204 Y108.375 E109.8993
G1 X111.125 Y108.375 E109.9665
G1 X111.125 Y106.375 E110.01016
G1 X108.035 Y106.375 E110.0776
G0 F456.5 X106.133 Y106.375
G0 F9000 X106.133 Y106.175
G0 X106.518 Y105.99
G0 X106.958 Y105.668
G1 F1500 E108.5776
G1 F900 Z4.16
G0 F9000 X106.958 Y105.55 Z4.16
G0 X111.95 Y98.55
;TYPE:WALL-INNER
G1 F900 Z3.16
G1 F480 E110.18148
G1 F845.4 X106.958 Y98.55 E110.306
G1 X106.957 Y98.45 E110.3085
G1 X111.95 Y98.45 E110.33972
G1 X112.05 Y98.45 E110.34222
G1 X112.05 Y98.55 E110.34384
G1 X112.05 Y100.45 E110.39124
G1 X113.553 Y100.45 E110.42873
G1 X113.554 Y100.55 E110.43123
G1 X112.05 Y100.55 E110.44064
G1 X111.95 Y100.55 E110.44226
G1 X111.95 Y100.45 E110.44389
G1 X111.95 Y98.55 E110.45576
G0 F9000 X111.55 Y98.95
G1 F845.4 X106.558 Y98.95 E110.58029
G1 X106.557 Y98.249 E110.59778
G1 X106.557 Y98.05 E110.60274
G1 X106.756 Y98.05 E110.60595
G1 X112.45 Y98.05 E110.74799
G1 X112.45 Y100.05 E110.79788
G1 X113.953 Y100.05 E110.83537
G1 X113.954 Y100.751 E110.85286
G1 X113.954 Y100.95 E110.85782
G1 X113.755 Y100.95 E110.86104
G1 X111.55 Y100.95 E110.91604
G1 X111.55 Y99.69 E110.94747
G0 F760.9 X111.55 Y98.95
G0 F9000 X111.125 Y99.375
;TYPE:WALL-OUTER
G1 F480 E110.96593
G1 F507.2 X106.133 Y99.375 E111.07489
G1 X106.132 Y97.8 E111.10927
G1 X106.132 Y97.625 E111.11309
G1 X106.307 Y97.625 E111.11556
G1 X112.875 Y97.625 E111.25892
G1 X112.875 Y99.625 E111.30257
G1 X114.378 Y99.625 E111.33538
G1 X114.379 Y101.2 E111.36976
G1 X114.379 Y101.375 E111.37358
G1 X114.204 Y101.375 E111.37605
G1 X111.125 Y101.375 E111.44325
G1 X111.125 Y100.114 E111.47078
G0 F456.5 X111.125 Y99.375
G0 F9000 X110.925 Y99.375
G0 X110.925 Y98.99
G0 X110.925 Y98.55
G1 F1500 E109.97078
G1 F900 Z4.16
G0 F9000 X110.925 Y98.55 Z4.16
G0 X118.047 Y100.95
;TYPE:WALL-INNER
G1 F900 Z3.16
G1 F480 E111.54927
G1 F845.4 X118.046 Y100.249 E111.56676
G1 X118.046 Y100.05 E111.57172
G1 X118.245 Y100.05 E111.57493
G1 X118.45 Y100.05 E111.58005
G1 X118.45 Y100.871 E111.60053
G0 F760.9 X118.45 Y100.95
G0 X118.047 Y100.95
G0 F9000 X117.622 Y101.375
;TYPE:WALL-OUTER
G1 F480 E111.61255
G1 F507.2 X117.621 Y99.8 E111.64693
G1 X117.621 Y99.625 E111.65075
G1 X117.796 Y99.625 E111.65322
G1 X118.875 Y99.625 E111.67677
G1 X118.875 Y101.375 E111.71497
G1 X118.732 Y101.375 E111.71809
G0 F456.5 X117.622 Y101.375
G0 F9000 X117.622 Y101.175
G0 X118.007 Y100.99
G0 X118.05 Y100.667
G1 F1500 E110.21809
G1 F900 Z4.16
G0 F9000 X118.05 Y100.668 Z4.16
G0 X118.047 Y107.95
;TYPE:WALL-INNER
G1 F900 Z3.16
G1 F480 E111.80468
G1 F845.4 X118.046 Y107.249 E111.82216
G1 X118.046 Y107.05 E111.82713
G1 X118.245 Y107.05 E111.83034
G1 X118.45 Y107.05 E111.83545
G1 X118.45 Y107.871 E111.85593
G0 F760.9 X118.45 Y107.95
G0 X118.047 Y107.95
G0 F9000 X117.622 Y108.375
;TYPE:WALL-OUTER
G1 F480 E111.86796
G1 F507.2 X117.621 Y106.8 E111.90234
G1 X117.621 Y106.625 E111.90616
G1 X117.796 Y106.625 E111.90863
G1 X118.875 Y106.625 E111.93218
G1 X118.875 Y108.375 E111.97038
G1 X118.732 Y108.375 E111.9735
G0 F456.5 X117.622 Y108.375
G0 F9000 X117.622 Y108.175
G0 X118.007 Y107.99
G0 X118.05 Y107.667
G1 F1500 E110.4735
G1 F900 Z4.16
G0 F9000 X118.05 Y107.668 Z4.16
G0 X118.047 Y114.95
;TYPE:WALL-INNER
G1 F900 Z3.16
G1 F480 E112.06009
G1 F845.4 X118.046 Y114.249 E112.07757
G1 X118.046 Y114.05 E112.08254
G1 X118.245 Y114.05 E112.08575
G1 X118.45 Y114.05 E112.09086
G1 X118.45 Y114.871 E112.11134
G0 F760.9 X118.45 Y114.95
G0 X118.047 Y114.95
G0 F9000 X117.622 Y115.375
;TYPE:WALL-OUTER
G1 F480 E112.12337
G1 F507.2 X117.621 Y113.8 E112.15774
G1 X117.621 Y113.625 E112.16156
G1 X117.796 Y113.625 E112.16404
G1 X118.875 Y113.625 E112.18759
G1 X118.875 Y115.375 E112.22578
G1 X118.732 Y115.375 E112.22891
G0 F456.5 X117.622 Y115.375
G0 F9000 X117.622 Y115.175
G0 X118.007 Y114.99
G0 X118.05 Y114.667
G1 F1500 E110.72891
G1 F900 Z4.16
G0 F9000 X118.05 Y114.668 Z4.16
G0 X106.972 Y112.55
;TIME_ELAPSED:493.819460
;LAYER:20
G0 X106.972 Y112.55 Z4.31
;TYPE:WALL-INNER
G1 F900 Z3.31
G1 F480 E112.3155
G1 F846.2 X106.971 Y112.45 E112.31799
G1 X111.95 Y112.45 E112.44219
G1 X112.05 Y112.45 E112.44469
G1 X112.05 Y112.55 E112.44631
G1 X112.05 Y114.45 E112.49371
G1 X113.568 Y114.45 E112.53157
G1 X113.569 Y114.55 E112.53407
G1 X112.05 Y114.55 E112.54357
G1 X111.95 Y114.55 E112.5452
G1 X111.95 Y114.45 E112.54682
G1 X111.95 Y112.55 E112.5587
G1 X106.972 Y112.55 E112.58981
G0 F9000 X106.57 Y112.25
G1 F846.2 X106.57 Y112.05 E112.5948
G1 X106.77 Y112.05 E112.59803
G1 X112.45 Y112.05 E112.73972
G1 X112.45 Y114.05 E112.78961
G1 X113.968 Y114.05 E112.82748
G1 X113.969 Y114.751 E112.84496
G1 X113.969 Y114.95 E112.84993
G1 X113.77 Y114.95 E112.85314
G1 X111.55 Y114.95 E112.90852
G1 X111.55 Y112.95 E112.95841
G1 X107.538 Y112.95 E113.05849
G0 F761.6 X106.573 Y112.95
G0 X106.57 Y112.25
G0 F9000 X106.149 Y113.375
;TYPE:WALL-OUTER
G1 F480 E113.10002
G1 F507.7 X106.144 Y111.8 E113.1344
G1 X106.144 Y111.625 E113.13822
G1 X106.319 Y111.625 E113.14069
G1 X112.875 Y111.625 E113.28379
G1 X112.875 Y113.625 E113.32744
G1 X114.393 Y113.625 E113.36058
G1 X114.394 Y115.2 E113.39495
G1 X114.394 Y115.375 E113.39877
G1 X114.219 Y115.375 E113.40125
G1 X111.125 Y115.375 E113.46878
G1 X111.125 Y113.375 E113.51243
G1 X108.051 Y113.375 E113.57953
G0 F456.9 X106.149 Y113.375
G0 F9000 X106.149 Y113.175
G0 X106.534 Y112.99
G0 X106.973 Y112.667
G1 F1500 E112.07953
G1 F900 Z4.31
G0 F9000 X106.973 Y112.55 Z4.31
G0 X106.972 Y105.55
;TYPE:WALL-INNER
G1 F900 Z3.31
G1 F480 E113.68341
G1 F846.2 X106.971 Y105.45 E113.6859
G1 X111.95 Y105.45 E113.8101
G1 X112.05 Y105.45 E113.8126
G1 X112.05 Y105.55 E113.81422
G1 X112.05 Y107.45 E113.86162
G1 X113.568 Y107.45 E113.89948
G1 X113.568 Y107.55 E113.90198
G1 X112.05 Y107.55 E113.91147
G1 X111.95 Y107.55 E113.91309
G1 X111.95 Y107.45 E113.91472
G1 X111.95 Y105.55 E113.92659
G1 X106.972 Y105.55 E113.95771
G0 F9000 X106.57 Y105.25
G1 F846.2 X106.57 Y105.05 E113.9627
G1 X106.77 Y105.05 E113.96593
G1 X112.45 Y105.05 E114.10761
G1 X112.45 Y107.05 E114.1575
G1 X113.968 Y107.05 E114.19537
G1 X113.968 Y107.95 E114.21782
G1 X111.55 Y107.95 E114.27814
G1 X111.55 Y105.95 E114.32803
G1 X107.538 Y105.95 E114.42811
G0 F761.6 X106.573 Y105.95
G0 X106.57 Y105.25
G0 F9000 X106.149 Y106.375
;TYPE:WALL-OUTER
G1 F480 E114.46964
G1 F507.7 X106.144 Y104.8 E114.50402
G1 X106.144 Y104.625 E114.50784
G1 X106.319 Y104.625 E114.51031
G1 X112.875 Y104.625 E114.65341
G1 X112.875 Y106.625 E114.69706
G1 X114.393 Y106.625 E114.7302
G1 X114.393 Y108.375 E114.76839
G1 X111.125 Y108.375 E114.83972
G1 X111.125 Y106.375 E114.88338
G1 X108.051 Y106.375 E114.95047
G0 F456.9 X106.149 Y106.375
G0 F9000 X106.149 Y106.175
G0 X106.534 Y105.99
G0 X106.973 Y105.667
G1 F1500 E113.45047
G1 F900 Z4.31
G0 F9000 X106.973 Y105.55 Z4.31
G0 X111.95 Y98.55
;TYPE:WALL-INNER
G1 F900 Z3.31
G1 F480 E115.05435
G1 F846.2 X106.972 Y98.55 E115.17853
G1 X106.971 Y98.45 E115.18102
G1 X111.95 Y98.45 E115.21216
G1 X112.05 Y98.45 E115.21466
G1 X112.05 Y98.55 E115.21628
G1 X112.05 Y100.45 E115.26368
G1 X113.568 Y100.45 E115.30154
G1 X113.569 Y100.55 E115.30404
G1 X112.05 Y100.55 E115.31354
G1 X111.95 Y100.55 E115.31517
G1 X111.95 Y100.45 E115.31679
G1 X111.95 Y98.55 E115.32867
G0 F9000 X111.55 Y98.95
G1 F846.2 X106.573 Y98.95 E115.45282
G1 X106.57 Y98.25 E115.47028
G1 X106.57 Y98.05 E115.47527
G1 X106.77 Y98.05 E115.4785
G1 X112.45 Y98.05 E115.62019
G1 X112.45 Y100.05 E115.67008
G1 X113.968 Y100.05 E115.70795
G1 X113.969 Y100.751 E115.72543
G1 X113.969 Y100.95 E115.7304
G1 X113.77 Y100.95 E115.73361
G1 X111.55 Y100.95 E115.78899
G1 X111.55 Y99.69 E115.82042
G0 F761.6 X111.55 Y98.95
G0 F9000 X111.125 Y99.375
;TYPE:WALL-OUTER
G1 F480 E115.83888
G1 F507.7 X106.149 Y99.375 E115.94749
G1 X106.144 Y97.8 E115.98187
G1 X106.144 Y97.625 E115.98569
G1 X106.319 Y97.625 E115.98816
G1 X112.875 Y97.625 E116.13126
G1 X112.875 Y99.625 E116.17491
G1 X114.393 Y99.625 E116.20804
G1 X114.394 Y101.2 E116.24242
G1 X114.394 Y101.375 E116.24624
G1 X114.219 Y101.375 E116.24871
G1 X111.125 Y101.375 E116.31624
G1 X111.125 Y100.114 E116.34377
G0 F456.9 X111.125 Y99.375
G0 F9000 X110.925 Y99.375
G0 X110.925 Y98.99
G0 X110.925 Y98.55
G1 F1500 E114.84377
G1 F900 Z4.31
G0 F9000 X110.925 Y98.55 Z4.31
G0 X118.032 Y100.95
;TYPE:WALL-INNER
G1 F900 Z3.31
G1 F480 E116.42226
G1 F846.2 X118.032 Y100.05 E116.44471
G1 X118.45 Y100.05 E116.45514
G1 X118.45 Y100.726 E116.472
G0 F761.6 X118.45 Y100.95
G0 X118.032 Y100.95
G0 F9000 X117.607 Y101.375
;TYPE:WALL-OUTER
G1 F480 E116.48802
G1 F507.7 X117.607 Y99.625 E116.52621
G1 X118.875 Y99.625 E116.55389
G1 X118.875 Y101.058 E116.58517
G0 F456.9 X118.875 Y101.375
G0 X117.607 Y101.375
G0 F9000 X117.607 Y101.175
G0 X117.992 Y100.99
G0 X118.05 Y100.668
G1 F1500 E115.08517
G1 F900 Z4.31
G0 F9000 X118.05 Y100.668 Z4.31
G0 X118.032 Y107.95
;TYPE:WALL-INNER
G1 F900 Z3.31
G1 F480 E116.68213
G1 F846.2 X118.031 Y107.249 E116.69961
G1 X118.031 Y107.05 E116.70458
G1 X118.23 Y107.05 E116.70779
G1 X118.45 Y107.05 E116.71328
G1 X118.45 Y107.881 E116.73401
G0 F761.6 X118.45 Y107.95
G0 X118.032 Y107.95
G0 F9000 X117.607 Y108.375
;TYPE:WALL-OUTER
G1 F480 E116.74615
G1 F507.7 X117.606 Y106.8 E116.78053
G1 X117.606 Y106.625 E116.78435
G1 X117.781 Y106.625 E116.78682
G1 X118.875 Y106.625 E116.8107
G1 X118.875 Y108.375 E116.8489
G1 X118.723 Y108.375 E116.85222
G0 F456.9 X117.607 Y108.375
G0 F9000 X117.607 Y108.175
G0 X117.992 Y107.99
G0 X118.05 Y107.667
G1 F1500 E115.35222
G1 F900 Z4.31
G0 F9000 X118.05 Y107.668 Z4.31
G0 X118.032 Y114.95
;TYPE:WALL-INNER
G1 F900 Z3.31
G1 F480 E116.93894
G1 F846.2 X118.032 Y114.05 E116.96139
G1 X118.45 Y114.05 E116.97182
G1 X118.45 Y114.726 E116.98868
G0 F761.6 X118.45 Y114.95
G0 X118.032 Y114.95
G0 F9000 X117.607 Y115.375
;TYPE:WALL-OUTER
G1 F480 E117.00469
G1 F507.7 X117.607 Y113.625 E117.04289
G1 X118.875 Y113.625 E117.07057
G1 X118.875 Y115.058 E117.10185
G0 F456.9 X118.875 Y115.375
G0 X117.607 Y115.375
G0 F9000 X117.607 Y115.175
G0 X117.992 Y114.99
G0 X118.05 Y114.668
G1 F1500 E115.60185
G1 F900 Z4.31
G0 F9000 X118.05 Y114.668 Z4.31
G0 X106.998 Y112.55
;TIME_ELAPSED:519.456341
;LAYER:21
G0 X106.998 Y112.55 Z4.46
;TYPE:WALL-INNER
G1 F900 Z3.46
G1 F480 E117.1988
G1 F847.6 X106.998 Y112.45 E117.2013
G1 X111.95 Y112.45 E117.32483
G1 X112.05 Y112.45 E117.32732
G1 X112.05 Y112.55 E117.32895
G1 X112.05 Y114.45 E117.37634
G1 X113.598 Y114.45 E117.41496
G1 X113.599 Y114.55 E117.41745
G1 X112.05 Y114.55 E117.42714
G1 X111.95 Y114.55 E117.42877
G1 X111.95 Y114.45 E117.43039
G1 X111.95 Y112.55 E117.44227
G1 X108.663 Y112.55 E117.46282
G0 F762.8 X106.998 Y112.55
G0 F9000 X106.598 Y112.95
G1 F480 E117.47323
G1 F847.6 X106.598 Y112.05 E117.49568
G1 X112.45 Y112.05 E117.64166
G1 X112.45 Y114.05 E117.69155
G1 X113.998 Y114.05 E117.73016
G1 X113.999 Y114.751 E117.74765
G1 X113.999 Y114.95 E117.75262
G1 X113.8 Y114.95 E117.75583
G1 X111.55 Y114.95 E117.81195
G1 X111.55 Y112.95 E117.86184
G1 X108.263 Y112.95 E117.94384
G0 F762.8 X106.598 Y112.95
G0 F9000 X106.173 Y113.375
;TYPE:WALL-OUTER
G1 F480 E117.98537
G1 F508.6 X106.173 Y111.625 E118.02357
G1 X112.875 Y111.625 E118.16985
G1 X112.875 Y113.625 E118.21351
G1 X114.423 Y113.625 E118.2473
G1 X114.424 Y115.2 E118.28167
G1 X114.424 Y115.375 E118.28549
G1 X114.249 Y115.375 E118.28796
G1 X111.125 Y115.375 E118.35615
G1 X111.125 Y113.375 E118.39981
G1 X108.075 Y113.375 E118.46638
G0 F457.7 X106.173 Y113.375
G0 F9000 X106.173 Y113.175
G0 X106.558 Y112.99
G0 X106.88 Y112.55
G1 F1500 E116.96638
G1 F900 Z4.46
G0 F9000 X106.998 Y112.55 Z4.46
G0 X106.998 Y105.55
;TYPE:WALL-INNER
G1 F900 Z3.46
G1 F480 E118.57026
G1 F847.6 X106.998 Y105.45 E118.57275
G1 X111.95 Y105.45 E118.69628
G1 X112.05 Y105.45 E118.69877
G1 X112.05 Y105.55 E118.7004
G1 X112.05 Y107.45 E118.74779
G1 X113.598 Y107.45 E118.78641
G1 X113.598 Y107.55 E118.7889
G1 X112.05 Y107.55 E118.79858
G1 X111.95 Y107.55 E118.8002
G1 X111.95 Y107.45 E118.80183
G1 X111.95 Y105.55 E118.81371
G1 X108.663 Y105.55 E118.83426
G0 F762.8 X106.998 Y105.55
G0 F9000 X106.598 Y105.95
G1 F480 E118.84467
G1 F847.6 X106.598 Y105.05 E118.86712
G1 X112.45 Y105.05 E119.0131
G1 X112.45 Y107.05 E119.06299
G1 X113.998 Y107.05 E119.1016
G1 X113.998 Y107.95 E119.12405
G1 X111.55 Y107.95 E119.18512
G1 X111.55 Y105.95 E119.23501
G1 X108.263 Y105.95 E119.317
G0 F762.8 X106.598 Y105.95
G0 F9000 X106.173 Y106.375
;TYPE:WALL-OUTER
G1 F480 E119.35854
G1 F508.6 X106.173 Y104.625 E119.39673
G1 X112.875 Y104.625 E119.54302
G1 X112.875 Y106.625 E119.58667
G1 X114.423 Y106.625 E119.62046
G1 X114.423 Y108.375 E119.65866
G1 X111.125 Y108.375 E119.73064
G1 X111.125 Y106.375 E119.7743
G1 X108.075 Y106.375 E119.84087
G0 F457.7 X106.173 Y106.375
G0 F9000 X106.173 Y106.175
G0 X106.558 Y105.99
G0 X106.88 Y105.55
G1 F1500 E118.34087
G1 F900 Z4.46
G0 F9000 X106.998 Y105.55 Z4.46
G0 X111.95 Y98.55
;TYPE:WALL-INNER
G1 F900 Z3.46
G1 F480 E119.94475
G1 F847.6 X106.998 Y98.55 E120.06827
G1 X106.998 Y98.45 E120.07077
G1 X111.95 Y98.45 E120.10173
G1 X112.05 Y98.45 E120.10422
G1 X112.05 Y98.55 E120.10585
G1 X112.05 Y100.45 E120.15324
G1 X113.598 Y100.45 E120.19186
G1 X113.599 Y100.55 E120.19435
G1 X112.05 Y100.55 E120.20404
G1 X111.95 Y100.55 E120.20567
G1 X111.95 Y100.45 E120.20729
G1 X111.95 Y98.55 E120.21917
G0 F9000 X111.55 Y98.95
G1 F847.6 X106.598 Y98.95 E120.3427
G1 X106.598 Y98.05 E120.36515
G1 X112.45 Y98.05 E120.51113
G1 X112.45 Y100.05 E120.56102
G1 X113.998 Y100.05 E120.59963
G1 X113.999 Y100.751 E120.61712
G1 X113.999 Y100.95 E120.62208
G1 X113.8 Y100.95 E120.6253
G1 X111.55 Y100.95 E120.68142
G1 X111.55 Y99.69 E120.71285
G0 F762.8 X111.55 Y98.95
G0 F9000 X111.125 Y99.375
;TYPE:WALL-OUTER
G1 F480 E120.73131
G1 F508.6 X106.173 Y99.375 E120.8394
G1 X106.173 Y97.625 E120.8776
G1 X112.875 Y97.625 E121.02388
G1 X112.875 Y99.625 E121.06754
G1 X114.423 Y99.625 E121.10132
G1 X114.424 Y101.2 E121.1357
G1 X114.424 Y101.375 E121.13952
G1 X114.249 Y101.375 E121.14199
G1 X111.125 Y101.375 E121.21018
G1 X111.125 Y100.114 E121.2377
G0 F457.7 X111.125 Y99.375
G0 F9000 X110.925 Y99.375
G0 X110.925 Y98.99
G0 X110.925 Y98.55
G1 F1500 E119.7377
G1 F900 Z4.46
G0 F9000 X110.925 Y98.55 Z4.46
G0 X118.002 Y100.95
;TYPE:WALL-INNER
G1 F900 Z3.46
G1 F480 E121.3162
G1 F847.6 X118.002 Y100.05 E121.33865
G1 X118.45 Y100.05 E121.34982
G1 X118.45 Y100.734 E121.36689
G0 F762.8 X118.45 Y100.95
G0 X118.002 Y100.95
G0 F9000 X117.577 Y101.375
;TYPE:WALL-OUTER
G1 F480 E121.38345
G1 F508.6 X117.577 Y99.625 E121.42165
G1 X118.875 Y99.625 E121.44998
G1 X118.875 Y101.066 E121.48143
G0 F457.7 X118.875 Y101.375
G0 X117.577 Y101.375
G0 F9000 X117.577 Y101.175
G0 X117.962 Y100.99
G0 X118.05 Y100.668
G1 F1500 E119.98143
G1 F900 Z4.46
G0 F9000 X118.05 Y100.668 Z4.46
G0 X118.002 Y107.95
;TYPE:WALL-INNER
G1 F900 Z3.46
G1 F480 E121.57887
G1 F847.6 X118.001 Y107.249 E121.59636
G1 X118.001 Y107.05 E121.60132
G1 X118.2 Y107.05 E121.60453
G1 X118.45 Y107.05 E121.61077
G1 X118.45 Y107.9 E121.63197
G0 F762.8 X118.45 Y107.95
G0 X118.002 Y107.95
G0 F9000 X117.577 Y108.375
;TYPE:WALL-OUTER
G1 F480 E121.64439
G1 F508.6 X117.576 Y106.8 E121.67877
G1 X117.576 Y106.625 E121.68259
G1 X117.751 Y106.625 E121.68506
G1 X118.875 Y106.625 E121.7096
G1 X118.875 Y108.375 E121.74779
G1 X118.704 Y108.375 E121.75153
G0 F457.7 X117.577 Y108.375
G0 F9000 X117.577 Y108.175
G0 X117.962 Y107.99
G0 X118.05 Y107.667
G1 F1500 E120.25153
G1 F900 Z4.46
G0 F9000 X118.05 Y107.668 Z4.46
G0 X118.002 Y114.95
;TYPE:WALL-INNER
G1 F900 Z3.46
G1 F480 E121.83849
G1 F847.6 X118.002 Y114.05 E121.86094
G1 X118.45 Y114.05 E121.87211
G1 X118.45 Y114.734 E121.88918
G0 F762.8 X118.45 Y114.95
G0 X118.002 Y114.95
G0 F9000 X117.577 Y115.375
;TYPE:WALL-OUTER
G1 F480 E121.90574
G1 F508.6 X117.577 Y113.625 E121.94394
G1 X118.875 Y113.625 E121.97227
G1 X118.875 Y115.066 E122.00372
G0 F457.7 X118.875 Y115.375
G0 X117.577 Y115.375
G0 F9000 X117.577 Y115.175
G0 X117.962 Y114.99
G0 X118.05 Y114.668
G1 F1500 E120.50372
G1 F900 Z4.46
G0 F9000 X118.05 Y114.668 Z4.46
G0 X107.035 Y112.55
;TIME_ELAPSED:545.069209
;LAYER:22
G0 X107.035 Y112.55 Z4.61
;TYPE:WALL-INNER
G1 F900 Z3.61
G1 F480 E122.10116
G1 F851 X107.035 Y112.45 E122.10365
G1 X111.95 Y112.45 E122.22626
G1 X112.05 Y112.45 E122.22875
G1 X112.05 Y112.55 E122.23038
G1 X112.05 Y114.45 E122.27777
G1 X113.648 Y114.45 E122.31764
G1 X113.649 Y114.55 E122.32013
G1 X112.05 Y114.55 E122.33014
G1 X111.95 Y114.55 E122.33176
G1 X111.95 Y114.45 E122.33338
G1 X111.95 Y112.55 E122.34526
G1 X108.7 Y112.55 E122.36558
G0 F765.9 X107.035 Y112.55
G0 F9000 X106.635 Y112.95
G1 F480 E122.37599
G1 F851 X106.635 Y112.05 E122.39844
G1 X112.45 Y112.05 E122.5435
G1 X112.45 Y114.05 E122.59339
G1 X114.048 Y114.05 E122.63325
G1 X114.049 Y114.751 E122.65074
G1 X114.049 Y114.95 E122.6557
G1 X113.85 Y114.95 E122.65891
G1 X111.55 Y114.95 E122.71629
G1 X111.55 Y112.95 E122.76618
G1 X108.3 Y112.95 E122.84725
G0 F765.9 X106.635 Y112.95
G0 F9000 X106.21 Y113.375
;TYPE:WALL-OUTER
G1 F480 E122.88878
G1 F510.6 X106.21 Y111.625 E122.92698
G1 X112.875 Y111.625 E123.07245
G1 X112.875 Y113.625 E123.11611
G1 X114.473 Y113.625 E123.15099
G1 X114.474 Y115.2 E123.18537
G1 X114.474 Y115.375 E123.18919
G1 X114.299 Y115.375 E123.19166
G1 X111.125 Y115.375 E123.26094
G1 X111.125 Y113.375 E123.30459
G1 X108.112 Y113.375 E123.37035
G0 F459.5 X106.21 Y113.375
G0 F9000 X106.21 Y113.175
G0 X106.595 Y112.99
G0 X106.917 Y112.55
G1 F1500 E121.87035
G1 F900 Z4.61
G0 F9000 X107.035 Y112.55 Z4.61
G0 X107.035 Y105.55
;TYPE:WALL-INNER
G1 F900 Z3.61
G1 F480 E123.47423
G1 F851 X107.035 Y105.45 E123.47673
G1 X111.95 Y105.45 E123.59933
G1 X112.05 Y105.45 E123.60183
G1 X112.05 Y105.55 E123.60345
G1 X112.05 Y107.45 E123.65085
G1 X113.648 Y107.45 E123.69071
G1 X113.649 Y107.55 E123.6932
G1 X112.05 Y107.55 E123.70321
G1 X111.95 Y107.55 E123.70483
G1 X111.95 Y107.45 E123.70646
G1 X111.95 Y105.55 E123.71834
G1 X108.7 Y105.55 E123.73865
G0 F765.9 X107.035 Y105.55
G0 F9000 X106.635 Y105.95
G1 F480 E123.74906
G1 F851 X106.635 Y105.05 E123.77151
G1 X112.45 Y105.05 E123.91657
G1 X112.45 Y107.05 E123.96646
G1 X114.048 Y107.05 E124.00632
G1 X114.049 Y107.751 E124.02381
G1 X114.049 Y107.95 E124.02877
G1 X113.85 Y107.95 E124.03199
G1 X111.55 Y107.95 E124.08936
G1 X111.55 Y105.95 E124.13925
G1 X108.3 Y105.95 E124.22032
G0 F765.9 X106.635 Y105.95
G0 F9000 X106.21 Y106.375
;TYPE:WALL-OUTER
G1 F480 E124.26185
G1 F510.6 X106.21 Y104.625 E124.30005
G1 X112.875 Y104.625 E124.44553
G1 X112.875 Y106.625 E124.48918
G1 X114.473 Y106.625 E124.52406
G1 X114.474 Y108.2 E124.55844
G1 X114.474 Y108.375 E124.56226
G1 X114.299 Y108.375 E124.56473
G1 X111.125 Y108.375 E124.63401
G1 X111.125 Y106.375 E124.67766
G1 X108.112 Y106.375 E124.74343
G0 F459.5 X106.21 Y106.375
G0 F9000 X106.21 Y106.175
G0 X106.595 Y105.99
G0 X106.917 Y105.55
G1 F1500 E123.24343
G1 F900 Z4.61
G0 F9000 X107.035 Y105.55 Z4.61
G0 X111.95 Y98.55
;TYPE:WALL-INNER
G1 F900 Z3.61
G1 F480 E124.84731
G1 F851 X107.035 Y98.55 E124.96991
G1 X107.035 Y98.45 E124.97241
G1 X111.95 Y98.45 E125.00313
G1 X112.05 Y98.45 E125.00563
G1 X112.05 Y98.55 E125.00725
G1 X112.05 Y100.45 E125.05465
G1 X113.648 Y100.45 E125.09451
G1 X113.649 Y100.55 E125.097
G1 X112.05 Y100.55 E125.10701
G1 X111.95 Y100.55 E125.10863
G1 X111.95 Y100.45 E125.11026
G1 X111.95 Y98.55 E125.12214
G0 F9000 X111.55 Y98.95
G1 F851 X106.635 Y98.95 E125.24474
G1 X106.635 Y98.05 E125.26719
G1 X112.45 Y98.05 E125.41225
G1 X112.45 Y100.05 E125.46214
G1 X114.048 Y100.05 E125.502
G1 X114.049 Y100.751 E125.51949
G1 X114.049 Y100.95 E125.52445
G1 X113.85 Y100.95 E125.52766
G1 X111.55 Y100.95 E125.58504
G1 X111.55 Y99.69 E125.61647
G0 F765.9 X111.55 Y98.95
G0 F9000 X111.125 Y99.375
;TYPE:WALL-OUTER
G1 F480 E125.63493
G1 F510.6 X106.21 Y99.375 E125.74221
G1 X106.21 Y97.625 E125.7804
G1 X112.875 Y97.625 E125.92588
G1 X112.875 Y99.625 E125.96953
G1 X114.473 Y99.625 E126.00441
G1 X114.474 Y101.2 E126.03879
G1 X114.474 Y101.375 E126.04261
G1 X114.299 Y101.375 E126.04508
G1 X111.125 Y101.375 E126.11436
G1 X111.125 Y100.114 E126.14189
G0 F459.5 X111.125 Y99.375
G0 F9000 X110.925 Y99.375
G0 X110.925 Y98.99
G0 X110.925 Y98.55
G1 F1500 E124.64189
G1 F900 Z4.61
G0 F9000 X110.925 Y98.55 Z4.61
G0 X117.952 Y100.95
;TYPE:WALL-INNER
G1 F900 Z3.61
G1 F480 E126.22038
G1 F851 X117.952 Y100.05 E126.24283
G1 X118.45 Y100.05 E126.25525
G1 X118.45 Y100.747 E126.27264
G0 F765.9 X118.45 Y100.95
G0 X117.952 Y100.95
G0 F9000 X117.527 Y101.375
;TYPE:WALL-OUTER
G1 F480 E126.29013
G1 F510.6 X117.527 Y99.625 E126.32832
G1 X118.875 Y99.625 E126.35775
G1 X118.875 Y101.079 E126.38948
G0 F459.5 X118.875 Y101.375
G0 X117.527 Y101.375
G0 F9000 X117.527 Y101.175
G0 X117.912 Y100.99
G0 X118.05 Y100.668
G1 F1500 E124.88948
G1 F900 Z4.61
G0 F9000 X118.05 Y100.668 Z4.61
G0 X117.952 Y107.95
;TYPE:WALL-INNER
G1 F900 Z3.61
G1 F480 E126.48773
G1 F851 X117.952 Y107.05 E126.51018
G1 X118.45 Y107.05 E126.5226
G1 X118.45 Y107.747 E126.53999
G0 F765.9 X118.45 Y107.95
G0 X117.952 Y107.95
G0 F9000 X117.527 Y108.375
;TYPE:WALL-OUTER
G1 F480 E126.55747
G1 F510.6 X117.527 Y106.625 E126.59567
G1 X118.875 Y106.625 E126.62509
G1 X118.875 Y108.079 E126.65683
G0 F459.5 X118.875 Y108.375
G0 X117.527 Y108.375
G0 F9000 X117.527 Y108.175
G0 X117.912 Y107.99
G0 X118.05 Y107.668
G1 F1500 E125.15683
G1 F900 Z4.61
G0 F9000 X118.05 Y107.668 Z4.61
G0 X117.952 Y114.95
;TYPE:WALL-INNER
G1 F900 Z3.61
G1 F480 E126.75508
G1 F851 X117.951 Y114.249 E126.77256
G1 X117.951 Y114.05 E126.77753
G1 X118.15 Y114.05 E126.78074
G1 X118.45 Y114.05 E126.78822
G1 X118.45 Y114.931 E126.8102
G0 F765.9 X118.45 Y114.95
G0 X117.952 Y114.95
G0 F9000 X117.527 Y115.375
;TYPE:WALL-OUTER
G1 F480 E126.8231
G1 F510.6 X117.526 Y113.8 E126.85747
G1 X117.526 Y113.625 E126.86129
G1 X117.701 Y113.625 E126.86377
G1 X118.875 Y113.625 E126.88939
G1 X118.875 Y115.375 E126.92759
G1 X118.672 Y115.375 E126.93202
G0 F459.5 X117.527 Y115.375
G0 F9000 X117.527 Y115.175
G0 X117.912 Y114.99
G0 X118.05 Y114.667
G1 F1500 E125.43202
G1 F900 Z4.61
G0 F9000 X118.05 Y114.668 Z4.61
G0 X107.089 Y112.55
;TIME_ELAPSED:570.684349
;LAYER:23
G0 X107.089 Y112.55 Z4.76
;TYPE:WALL-INNER
G1 F900 Z3.76
G1 F480 E127.01937
G1 F855.8 X107.088 Y112.45 E127.02187
G1 X111.95 Y112.45 E127.14315
G1 X112.05 Y112.45 E127.14565
G1 X112.05 Y112.55 E127.14727
G1 X112.05 Y114.45 E127.19466
G1 X113.716 Y114.45 E127.23622
G1 X113.717 Y114.55 E127.23872
G1 X112.05 Y114.55 E127.24915
G1 X111.95 Y114.55 E127.25077
G1 X111.95 Y114.45 E127.2524
G1 X111.95 Y112.55 E127.26428
G1 X107.089 Y112.55 E127.29466
G0 F9000 X106.688 Y112.249
G1 F855.8 X106.688 Y112.05 E127.29962
G1 X106.887 Y112.05 E127.30283
G1 X112.45 Y112.05 E127.4416
G1 X112.45 Y114.05 E127.49149
G1 X114.116 Y114.05 E127.53305
G1 X114.117 Y114.751 E127.55054
G1 X114.117 Y114.95 E127.5555
G1 X113.918 Y114.95 E127.55871
G1 X111.55 Y114.95 E127.61778
G1 X111.55 Y112.95 E127.66767
G1 X107.653 Y112.95 E127.76488
G0 F770.2 X106.689 Y112.95
G0 X106.688 Y112.249
G0 F9000 X106.264 Y113.375
;TYPE:WALL-OUTER
G1 F480 E127.80642
G1 F513.5 X106.263 Y111.8 E127.8408
G1 X106.263 Y111.625 E127.84462
G1 X106.438 Y111.625 E127.84709
G1 X112.875 Y111.625 E127.98759
G1 X112.875 Y113.625 E128.03124
G1 X114.541 Y113.625 E128.06761
G1 X114.542 Y115.2 E128.10198
G1 X114.542 Y115.375 E128.1058
G1 X114.367 Y115.375 E128.10827
G1 X111.125 Y115.375 E128.17904
G1 X111.125 Y113.375 E128.22269
G1 X108.166 Y113.375 E128.28728
G0 F462.1 X106.264 Y113.375
G0 F9000 X106.264 Y113.175
G0 X106.649 Y112.99
G0 X107.089 Y112.668
G1 F1500 E126.78728
G1 F900 Z4.76
G0 F9000 X107.089 Y112.55 Z4.76
G0 X107.089 Y105.55
;TYPE:WALL-INNER
G1 F900 Z3.76
G1 F480 E128.39115
G1 F855.8 X107.088 Y105.45 E128.39365
G1 X111.95 Y105.45 E128.51493
G1 X112.05 Y105.45 E128.51743
G1 X112.05 Y105.55 E128.51905
G1 X112.05 Y107.45 E128.56645
G1 X113.716 Y107.45 E128.60801
G1 X113.717 Y107.55 E128.6105
G1 X112.05 Y107.55 E128.62093
G1 X111.95 Y107.55 E128.62256
G1 X111.95 Y107.45 E128.62418
G1 X111.95 Y105.55 E128.63606
G1 X107.089 Y105.55 E128.66644
G0 F9000 X106.688 Y105.249
G1 F855.8 X106.688 Y105.05 E128.6714
G1 X106.887 Y105.05 E128.67461
G1 X112.45 Y105.05 E128.81338
G1 X112.45 Y107.05 E128.86327
G1 X114.116 Y107.05 E128.90483
G1 X114.117 Y107.751 E128.92232
G1 X114.117 Y107.95 E128.92728
G1 X113.918 Y107.95 E128.9305
G1 X111.55 Y107.95 E128.98957
G1 X111.55 Y105.95 E129.03946
G1 X107.653 Y105.95 E129.13667
G0 F770.2 X106.689 Y105.95
G0 X106.688 Y105.249
G0 F9000 X106.264 Y106.375
;TYPE:WALL-OUTER
G1 F480 E129.1782
G1 F513.5 X106.263 Y104.8 E129.21258
G1 X106.263 Y104.625 E129.2164
G1 X106.438 Y104.625 E129.21887
G1 X112.875 Y104.625 E129.35937
G1 X112.875 Y106.625 E129.40302
G1 X114.541 Y106.625 E129.43939
G1 X114.542 Y108.2 E129.47376
G1 X114.542 Y108.375 E129.47758
G1 X114.367 Y108.375 E129.48006
G1 X111.125 Y108.375 E129.55082
G1 X111.125 Y106.375 E129.59447
G1 X108.166 Y106.375 E129.65906
G0 F462.1 X106.264 Y106.375
G0 F9000 X106.264 Y106.175
G0 X106.649 Y105.99
G0 X107.089 Y105.668
G1 F1500 E128.15906
G1 F900 Z4.76
G0 F9000 X107.089 Y105.55 Z4.76
G0 X111.95 Y98.55
;TYPE:WALL-INNER
G1 F900 Z3.76
G1 F480 E129.76294
G1 F855.8 X107.089 Y98.55 E129.88419
G1 X107.088 Y98.45 E129.88669
G1 X111.95 Y98.45 E129.9171
G1 X112.05 Y98.45 E129.91959
G1 X112.05 Y98.55 E129.92121
G1 X112.05 Y100.45 E129.96861
G1 X113.716 Y100.45 E130.01017
G1 X113.717 Y100.55 E130.01266
G1 X112.05 Y100.55 E130.02309
G1 X111.95 Y100.55 E130.02472
G1 X111.95 Y100.45 E130.02634
G1 X111.95 Y98.55 E130.03822
G0 F9000 X111.55 Y98.95
G1 F855.8 X106.689 Y98.95 E130.15948
G1 X106.688 Y98.249 E130.17697
G1 X106.688 Y98.05 E130.18193
G1 X106.887 Y98.05 E130.18514
G1 X112.45 Y98.05 E130.32391
G1 X112.45 Y100.05 E130.3738
G1 X114.116 Y100.05 E130.41536
G1 X114.117 Y100.751 E130.43285
G1 X114.117 Y100.95 E130.43781
G1 X113.918 Y100.95 E130.44102
G1 X111.55 Y100.95 E130.50009
G1 X111.55 Y99.69 E130.53152
G0 F770.2 X111.55 Y98.95
G0 F9000 X111.125 Y99.375
;TYPE:WALL-OUTER
G1 F480 E130.54998
G1 F513.5 X106.264 Y99.375 E130.65608
G1 X106.263 Y97.8 E130.69046
G1 X106.263 Y97.625 E130.69428
G1 X106.438 Y97.625 E130.69675
G1 X112.875 Y97.625 E130.83725
G1 X112.875 Y99.625 E130.88091
G1 X114.541 Y99.625 E130.91727
G1 X114.542 Y101.2 E130.95165
G1 X114.542 Y101.375 E130.95547
G1 X114.367 Y101.375 E130.95794
G1 X111.125 Y101.375 E131.0287
G1 X111.125 Y100.114 E131.05623
G0 F462.1 X111.125 Y99.375
G0 F9000 X110.925 Y99.375
G0 X110.925 Y98.99
G0 X110.925 Y98.55
G1 F1500 E129.55623
G1 F900 Z4.76
G0 F9000 X110.925 Y98.55 Z4.76
G0 X117.884 Y100.95
;TYPE:WALL-INNER
G1 F900 Z3.76
G1 F480 E131.13472
G1 F855.8 X117.883 Y100.249 E131.15221
G1 X117.883 Y100.05 E131.15717
G1 X118.082 Y100.05 E131.16038
G1 X118.45 Y100.05 E131.16956
G1 X118.45 Y100.95 E131.19201
G1 X118.426 Y100.95 E131.19261
G0 F770.2 X117.884 Y100.95
G0 F9000 X117.459 Y101.375
;TYPE:WALL-OUTER
G1 F480 E131.20613
G1 F513.5 X117.458 Y99.8 E131.24051
G1 X117.458 Y99.625 E131.24433
G1 X117.633 Y99.625 E131.2468
G1 X118.875 Y99.625 E131.27391
G1 X118.875 Y101.375 E131.31211
G1 X118.63 Y101.375 E131.31745
G0 F462.1 X117.459 Y101.375
G0 F9000 X117.459 Y101.175
G0 X117.844 Y100.99
G0 X118.284 Y100.668
G1 F1500 E129.81745
G1 F900 Z4.76
G0 F9000 X118.284 Y100.669 Z4.76
G0 X117.884 Y107.95
;TYPE:WALL-INNER
G1 F900 Z3.76
G1 F480 E131.40538
G1 F855.8 X117.883 Y107.249 E131.42286
G1 X117.883 Y107.05 E131.42783
G1 X118.082 Y107.05 E131.43104
G1 X118.45 Y107.05 E131.44022
G1 X118.45 Y107.95 E131.46267
G1 X118.426 Y107.95 E131.46327
G0 F770.2 X117.884 Y107.95
G0 F9000 X117.459 Y108.375
;TYPE:WALL-OUTER
G1 F480 E131.47679
G1 F513.5 X117.458 Y106.8 E131.51116
G1 X117.458 Y106.625 E131.51498
G1 X117.633 Y106.625 E131.51746
G1 X118.875 Y106.625 E131.54457
G1 X118.875 Y108.375 E131.58276
G1 X118.63 Y108.375 E131.58811
G0 F462.1 X117.459 Y108.375
G0 F9000 X117.459 Y108.175
G0 X117.844 Y107.99
G0 X118.284 Y107.668
G1 F1500 E130.08811
G1 F900 Z4.76
G0 F9000 X118.284 Y107.669 Z4.76
G0 X117.884 Y114.95
;TYPE:WALL-INNER
G1 F900 Z3.76
G1 F480 E131.67603
G1 F855.8 X117.883 Y114.249 E131.69352
G1 X117.883 Y114.05 E131.69848
G1 X118.082 Y114.05 E131.70169
G1 X118.45 Y114.05 E131.71087
G1 X118.45 Y114.95 E131.73333
G1 X118.426 Y114.95 E131.73392
G0 F770.2 X117.884 Y114.95
G0 F9000 X117.459 Y115.375
;TYPE:WALL-OUTER
G1 F480 E131.74744
G1 F513.5 X117.458 Y113.8 E131.78182
G1 X117.458 Y113.625 E131.78564
G1 X117.633 Y113.625 E131.78811
G1 X118.875 Y113.625 E131.81522
G1 X118.875 Y115.375 E131.85342
G1 X118.63 Y115.375 E131.85877
G0 F462.1 X117.459 Y115.375
G0 F9000 X117.459 Y115.175
G0 X117.844 Y114.99
G0 X118.284 Y114.668
G1 F1500 E130.35877
G1 F900 Z4.76
G0 F9000 X118.284 Y114.669 Z4.76
G0 X107.151 Y112.55
;TIME_ELAPSED:596.331856
;LAYER:24
G0 X107.151 Y112.55 Z4.91
;TYPE:WALL-INNER
G1 F900 Z3.91
G1 F480 E131.94669
G1 F862.1 X107.15 Y112.45 E131.94918
G1 X111.95 Y112.45 E132.06892
G1 X112.05 Y112.45 E132.07141
G1 X112.05 Y112.55 E132.07304
G1 X112.05 Y114.45 E132.12043
G1 X113.805 Y114.45 E132.16421
G1 X113.806 Y114.55 E132.16671
G1 X112.05 Y114.55 E132.1777
G1 X111.95 Y114.55 E132.17932
G1 X111.95 Y114.45 E132.18094
G1 X111.95 Y112.55 E132.19282
G1 X107.151 Y112.55 E132.22282
G0 F9000 X106.75 Y112.249
G1 F862.1 X106.75 Y112.05 E132.22778
G1 X106.949 Y112.05 E132.23099
G1 X112.45 Y112.05 E132.36821
G1 X112.45 Y114.05 E132.4181
G1 X114.205 Y114.05 E132.46188
G1 X114.206 Y114.751 E132.47937
G1 X114.206 Y114.95 E132.48433
G1 X114.007 Y114.95 E132.48755
G1 X111.55 Y114.95 E132.54884
G1 X111.55 Y112.95 E132.59873
G1 X107.715 Y112.95 E132.69439
G0 F775.9 X106.751 Y112.95
G0 X106.75 Y112.249
G0 F9000 X106.326 Y113.375
;TYPE:WALL-OUTER
G1 F480 E132.73592
G1 F517.3 X106.325 Y111.8 E132.7703
G1 X106.325 Y111.625 E132.77412
G1 X106.5 Y111.625 E132.77659
G1 X112.875 Y111.625 E132.91574
G1 X112.875 Y113.625 E132.95939
G1 X114.63 Y113.625 E132.9977
G1 X114.631 Y115.2 E133.03208
G1 X114.631 Y115.375 E133.0359
G1 X114.456 Y115.375 E133.03837
G1 X111.125 Y115.375 E133.11107
G1 X111.125 Y113.375 E133.15473
G1 X108.228 Y113.375 E133.21796
G0 F465.5 X106.326 Y113.375
G0 F9000 X106.326 Y113.175
G0 X106.711 Y112.99
G0 X107.151 Y112.668
G1 F1500 E131.71796
G1 F900 Z4.91
G0 F9000 X107.151 Y112.55 Z4.91
G0 X107.151 Y105.55
;TYPE:WALL-INNER
G1 F900 Z3.91
G1 F480 E133.32184
G1 F862.1 X107.15 Y105.45 E133.32433
G1 X111.95 Y105.45 E133.44407
G1 X112.05 Y105.45 E133.44656
G1 X112.05 Y105.55 E133.44819
G1 X112.05 Y107.45 E133.49558
G1 X113.805 Y107.45 E133.53936
G1 X113.806 Y107.55 E133.54186
G1 X112.05 Y107.55 E133.55285
G1 X111.95 Y107.55 E133.55447
G1 X111.95 Y107.45 E133.55609
G1 X111.95 Y105.55 E133.56797
G1 X107.151 Y105.55 E133.59797
G0 F9000 X106.75 Y105.249
G1 F862.1 X106.75 Y105.05 E133.60293
G1 X106.949 Y105.05 E133.60614
G1 X112.45 Y105.05 E133.74336
G1 X112.45 Y107.05 E133.79325
G1 X114.205 Y107.05 E133.83703
G1 X114.206 Y107.751 E133.85452
G1 X114.206 Y107.95 E133.85948
G1 X114.007 Y107.95 E133.8627
G1 X111.55 Y107.95 E133.92399
G1 X111.55 Y105.95 E133.97388
G1 X107.715 Y105.95 E134.06954
G0 F775.9 X106.751 Y105.95
G0 X106.75 Y105.249
G0 F9000 X106.326 Y106.375
;TYPE:WALL-OUTER
G1 F480 E134.11107
G1 F517.3 X106.325 Y104.8 E134.14545
G1 X106.325 Y104.625 E134.14927
G1 X106.5 Y104.625 E134.15174
G1 X112.875 Y104.625 E134.29089
G1 X112.875 Y106.625 E134.33454
G1 X114.63 Y106.625 E134.37285
G1 X114.631 Y108.2 E134.40723
G1 X114.631 Y108.375 E134.41105
G1 X114.456 Y108.375 E134.41352
G1 X111.125 Y108.375 E134.48622
G1 X111.125 Y106.375 E134.52988
G1 X108.228 Y106.375 E134.59311
G0 F465.5 X106.326 Y106.375
G0 F9000 X106.326 Y106.175
G0 X106.711 Y105.99
G0 X107.151 Y105.668
G1 F1500 E133.09311
G1 F900 Z4.91
G0 F9000 X107.151 Y105.55 Z4.91
G0 X111.95 Y98.55
;TYPE:WALL-INNER
G1 F900 Z3.91
G1 F480 E134.69699
G1 F862.1 X107.151 Y98.55 E134.8167
G1 X107.15 Y98.45 E134.8192
G1 X111.95 Y98.45 E134.84921
G1 X112.05 Y98.45 E134.85171
G1 X112.05 Y98.55 E134.85333
G1 X112.05 Y100.45 E134.90073
G1 X113.805 Y100.45 E134.94451
G1 X113.806 Y100.55 E134.947
G1 X112.05 Y100.55 E134.95799
G1 X111.95 Y100.55 E134.95961
G1 X111.95 Y100.45 E134.96124
G1 X111.95 Y98.55 E134.97312
G0 F9000 X111.55 Y98.95
G1 F862.1 X106.751 Y98.95 E135.09283
G1 X106.75 Y98.249 E135.11031
G1 X106.75 Y98.05 E135.11528
G1 X106.949 Y98.05 E135.11849
G1 X112.45 Y98.05 E135.25571
G1 X112.45 Y100.05 E135.3056
G1 X114.205 Y100.05 E135.34938
G1 X114.206 Y100.751 E135.36687
G1 X114.206 Y100.95 E135.37183
G1 X114.007 Y100.95 E135.37504
G1 X111.55 Y100.95 E135.43633
G1 X111.55 Y99.69 E135.46776
G0 F775.9 X111.55 Y98.95
G0 F9000 X111.125 Y99.375
;TYPE:WALL-OUTER
G1 F480 E135.48622
G1 F517.3 X106.326 Y99.375 E135.59097
G1 X106.325 Y97.8 E135.62535
G1 X106.325 Y97.625 E135.62917
G1 X106.5 Y97.625 E135.63164
G1 X112.875 Y97.625 E135.77079
G1 X112.875 Y99.625 E135.81444
G1 X114.63 Y99.625 E135.85275
G1 X114.631 Y101.2 E135.88713
G1 X114.631 Y101.375 E135.89094
G1 X114.456 Y101.375 E135.89342
G1 X111.125 Y101.375 E135.96612
G1 X111.125 Y100.114 E135.99365
G0 F465.5 X111.125 Y99.375
G0 F9000 X110.925 Y99.375
G0 X110.925 Y98.99
G0 X110.925 Y98.55
G1 F1500 E134.49365
G1 F900 Z4.91
G0 F9000 X110.925 Y98.55 Z4.91
G0 X117.795 Y100.95
;TYPE:WALL-INNER
G1 F900 Z3.91
G1 F480 E136.07214
G1 F862.1 X117.794 Y100.249 E136.08963
G1 X117.794 Y100.05 E136.09459
G1 X117.993 Y100.05 E136.0978
G1 X118.45 Y100.05 E136.1092
G1 X118.45 Y100.95 E136.13165
G1 X118.37 Y100.95 E136.13365
G0 F775.9 X117.795 Y100.95
G0 F9000 X117.37 Y101.375
;TYPE:WALL-OUTER
G1 F480 E136.14799
G1 F517.3 X117.369 Y99.8 E136.18237
G1 X117.369 Y99.625 E136.18619
G1 X117.544 Y99.625 E136.18866
G1 X118.875 Y99.625 E136.21771
G1 X118.875 Y101.375 E136.25591
G1 X118.574 Y101.375 E136.26248
G0 F465.5 X117.37 Y101.375
G0 F9000 X117.37 Y101.175
G0 X117.755 Y100.99
G0 X118.195 Y100.668
G1 F1500 E134.76248
G1 F900 Z4.91
G0 F9000 X118.195 Y100.669 Z4.91
G0 X117.795 Y107.95
;TYPE:WALL-INNER
G1 F900 Z3.91
G1 F480 E136.35112
G1 F862.1 X117.794 Y107.249 E136.36861
G1 X117.794 Y107.05 E136.37357
G1 X117.993 Y107.05 E136.37678
G1 X118.45 Y107.05 E136.38818
G1 X118.45 Y107.95 E136.41063
G1 X118.37 Y107.95 E136.41263
G0 F775.9 X117.795 Y107.95
G0 F9000 X117.37 Y108.375
;TYPE:WALL-OUTER
G1 F480 E136.42697
G1 F517.3 X117.369 Y106.8 E136.46135
G1 X117.369 Y106.625 E136.46517
G1 X117.544 Y106.625 E136.46764
G1 X118.875 Y106.625 E136.49669
G1 X118.875 Y108.375 E136.53489
G1 X118.574 Y108.375 E136.54146
G0 F465.5 X117.37 Y108.375
G0 F9000 X117.37 Y108.175
G0 X117.755 Y107.99
G0 X118.195 Y107.668
G1 F1500 E135.04146
G1 F900 Z4.91
G0 F9000 X118.195 Y107.669 Z4.91
G0 X117.795 Y114.95
;TYPE:WALL-INNER
G1 F900 Z3.91
G1 F480 E136.6301
G1 F862.1 X117.794 Y114.249 E136.64759
G1 X117.794 Y114.05 E136.65255
G1 X117.993 Y114.05 E136.65577
G1 X118.45 Y114.05 E136.66717
G1 X118.45 Y114.95 E136.68962
G1 X118.37 Y114.95 E136.69161
G0 F775.9 X117.795 Y114.95
G0 F9000 X117.37 Y115.375
;TYPE:WALL-OUTER
G1 F480 E136.70596
G1 F517.3 X117.369 Y113.8 E136.74033
G1 X117.369 Y113.625 E136.74415
G1 X117.544 Y113.625 E136.74662
G1 X118.875 Y113.625 E136.77568
G1 X118.875 Y115.375 E136.81387
G1 X118.574 Y115.375 E136.82044
G0 F465.5 X117.37 Y115.375
G0 F9000 X117.37 Y115.175
G0 X117.755 Y114.99
G0 X118.195 Y114.668
G1 F1500 E135.32044
G1 F900 Z4.91
G0 F9000 X118.195 Y114.669 Z4.91
G0 X107.234 Y112.55
;TIME_ELAPSED:621.988880
;LAYER:25
G0 X107.234 Y112.55 Z5.06
;TYPE:WALL-INNER
G1 F900 Z4.06
G1 F480 E136.90909
G1 F871.5 X107.233 Y112.45 E136.91158
G1 X111.95 Y112.45 E137.02925
G1 X112.05 Y112.45 E137.03174
G1 X112.05 Y112.55 E137.03336
G1 X112.05 Y114.45 E137.08076
G1 X113.92 Y114.45 E137.12741
G1 X113.921 Y114.55 E137.1299
G1 X112.05 Y114.55 E137.14161
G1 X111.95 Y114.55 E137.14323
G1 X111.95 Y114.45 E137.14486
G1 X111.95 Y112.55 E137.15674
G1 X107.234 Y112.55 E137.18621
G0 F9000 X106.833 Y112.249
G1 F871.5 X106.833 Y112.05 E137.19117
G1 X107.032 Y112.05 E137.19439
G1 X112.45 Y112.05 E137.32954
G1 X112.45 Y114.05 E137.37943
G1 X114.32 Y114.05 E137.42608
G1 X114.321 Y114.751 E137.44356
G1 X114.321 Y114.95 E137.44853
G1 X114.122 Y114.95 E137.45174
G1 X111.55 Y114.95 E137.5159
G1 X111.55 Y112.95 E137.56579
G1 X107.798 Y112.95 E137.65938
G0 F784.4 X106.834 Y112.95
G0 X106.833 Y112.249
G0 F9000 X106.409 Y113.375
;TYPE:WALL-OUTER
G1 F480 E137.70092
G1 F522.9 X106.408 Y111.8 E137.73529
G1 X106.408 Y111.625 E137.73911
G1 X106.583 Y111.625 E137.74158
G1 X112.875 Y111.625 E137.87892
G1 X112.875 Y113.625 E137.92257
G1 X114.745 Y113.625 E137.96339
G1 X114.746 Y115.2 E137.99777
G1 X114.746 Y115.375 E138.00159
G1 X114.571 Y115.375 E138.00406
G1 X111.125 Y115.375 E138.07927
G1 X111.125 Y113.375 E138.12293
G1 X108.311 Y113.375 E138.18435
G0 F470.6 X106.409 Y113.375
G0 F9000 X106.409 Y113.175
G0 X106.794 Y112.99
G0 X107.234 Y112.668
G1 F1500 E136.68435
G1 F900 Z5.06
G0 F9000 X107.234 Y112.55 Z5.06
G0 X111.95 Y105.55
;TYPE:WALL-INNER
G1 F900 Z4.06
G1 F480 E138.28823
G1 F871.5 X107.234 Y105.55 E138.40587
G1 X107.233 Y105.45 E138.40836
G1 X111.95 Y105.45 E138.43786
G1 X112.05 Y105.45 E138.44036
G1 X112.05 Y105.55 E138.44198
G1 X112.05 Y107.45 E138.48938
G1 X113.92 Y107.45 E138.53602
G1 X113.921 Y107.55 E138.53852
G1 X112.05 Y107.55 E138.55023
G1 X111.95 Y107.55 E138.55185
G1 X111.95 Y107.45 E138.55347
G1 X111.95 Y105.55 E138.56535
G0 F9000 X111.55 Y105.95
G1 F871.5 X106.834 Y105.95 E138.68299
G1 X106.833 Y105.249 E138.70048
G1 X106.833 Y105.05 E138.70544
G1 X107.032 Y105.05 E138.70866
G1 X112.45 Y105.05 E138.84381
G1 X112.45 Y107.05 E138.8937
G1 X114.32 Y107.05 E138.94035
G1 X114.321 Y107.751 E138.95783
G1 X114.321 Y107.95 E138.9628
G1 X114.122 Y107.95 E138.96601
G1 X111.55 Y107.95 E139.03017
G1 X111.55 Y106.69 E139.0616
G0 F784.4 X111.55 Y105.95
G0 F9000 X111.125 Y106.375
;TYPE:WALL-OUTER
G1 F480 E139.08006
G1 F522.9 X106.409 Y106.375 E139.18299
G1 X106.408 Y104.8 E139.21737
G1 X106.408 Y104.625 E139.22119
G1 X106.583 Y104.625 E139.22366
G1 X112.875 Y104.625 E139.361
G1 X112.875 Y106.625 E139.40465
G1 X114.745 Y106.625 E139.44547
G1 X114.746 Y108.2 E139.47985
G1 X114.746 Y108.375 E139.48366
G1 X114.571 Y108.375 E139.48614
G1 X111.125 Y108.375 E139.56135
G1 X111.125 Y107.114 E139.58888
G0 F470.6 X111.125 Y106.375
G0 F9000 X110.925 Y106.375
G0 X110.925 Y105.99
G0 X110.925 Y105.55
G1 F1500 E138.08888
G1 F900 Z5.06
G0 F9000 X110.925 Y105.55 Z5.06
G0 X117.68 Y107.95
;TYPE:WALL-INNER
G1 F900 Z4.06
G1 F480 E139.66737
G1 F871.5 X117.679 Y107.249 E139.68486
G1 X117.679 Y107.05 E139.68982
G1 X117.878 Y107.05 E139.69303
G1 X118.45 Y107.05 E139.7073
G1 X118.45 Y107.95 E139.72975
G1 X118.297 Y107.95 E139.73357
G0 F784.4 X117.68 Y107.95
G0 F9000 X117.255 Y108.375
;TYPE:WALL-OUTER
G1 F480 E139.74896
G1 F522.9 X117.254 Y106.8 E139.78334
G1 X117.254 Y106.625 E139.78716
G1 X117.429 Y106.625 E139.78963
G1 X118.875 Y106.625 E139.82119
G1 X118.875 Y108.375 E139.85939
G1 X118.501 Y108.375 E139.86755
G0 F470.6 X117.255 Y108.375
G0 F9000 X117.255 Y108.175
G0 X117.64 Y107.99
G0 X118.08 Y107.668
G1 F1500 E138.36755
G1 F900 Z5.06
G0 F9000 X118.05 Y107.55 Z5.06
G0 X117.68 Y114.95
;TYPE:WALL-INNER
G1 F900 Z4.06
G1 F480 E139.95711
G1 F871.5 X117.679 Y114.249 E139.9746
G1 X117.679 Y114.05 E139.97956
G1 X117.878 Y114.05 E139.98277
G1 X118.45 Y114.05 E139.99704
G1 X118.45 Y114.95 E140.01949
G1 X118.297 Y114.95 E140.02331
G0 F784.4 X117.68 Y114.95
G0 F9000 X117.255 Y115.375
;TYPE:WALL-OUTER
G1 F480 E140.0387
G1 F522.9 X117.254 Y113.8 E140.07308
G1 X117.254 Y113.625 E140.0769
G1 X117.429 Y113.625 E140.07937
G1 X118.875 Y113.625 E140.11093
G1 X118.875 Y115.375 E140.14913
G1 X118.501 Y115.375 E140.15729
G0 F470.6 X117.255 Y115.375
G0 F9000 X117.255 Y115.175
G0 X117.64 Y114.99
G0 X118.08 Y114.668
G1 F1500 E138.65729
G1 F900 Z5.06
G0 F9000 X118.05 Y114.55 Z5.06
G0 X117.68 Y100.95
;TYPE:WALL-INNER
G1 F900 Z4.06
G1 F480 E140.24685
G1 F871.5 X117.679 Y100.249 E140.26434
G1 X117.679 Y100.05 E140.2693
G1 X117.878 Y100.05 E140.27251
G1 X118.45 Y100.05 E140.28678
G1 X118.45 Y100.95 E140.30923
G1 X118.297 Y100.95 E140.31305
G0 F784.4 X117.68 Y100.95
G0 F9000 X117.255 Y101.375
;TYPE:WALL-OUTER
G1 F480 E140.32844
G1 F522.9 X117.254 Y99.8 E140.36282
G1 X117.254 Y99.625 E140.36664
G1 X117.429 Y99.625 E140.36911
G1 X118.875 Y99.625 E140.40067
G1 X118.875 Y101.375 E140.43887
G1 X118.501 Y101.375 E140.44703
G0 F470.6 X117.255 Y101.375
G0 F9000 X117.255 Y101.175
G0 X117.64 Y100.99
G0 X118.08 Y100.668
G1 F1500 E138.94703
G1 F900 Z5.06
G0 F9000 X118.05 Y100.55 Z5.06
G0 X111.95 Y98.55
;TYPE:WALL-INNER
G1 F900 Z4.06
G1 F480 E140.53659
G1 F871.5 X107.234 Y98.55 E140.65423
G1 X107.233 Y98.45 E140.65672
G1 X111.95 Y98.45 E140.68622
G1 X112.05 Y98.45 E140.68872
G1 X112.05 Y98.55 E140.69034
G1 X112.05 Y100.45 E140.73774
G1 X113.92 Y100.45 E140.78439
G1 X113.921 Y100.55 E140.78688
G1 X112.05 Y100.55 E140.79859
G1 X111.95 Y100.55 E140.80021
G1 X111.95 Y100.45 E140.80183
G1 X111.95 Y98.55 E140.81371
G0 F9000 X111.55 Y98.95
G1 F871.5 X106.834 Y98.95 E140.93135
G1 X106.833 Y98.249 E140.94884
G1 X106.833 Y98.05 E140.9538
G1 X107.032 Y98.05 E140.95702
G1 X112.45 Y98.05 E141.09217
G1 X112.45 Y100.05 E141.14206
G1 X114.32 Y100.05 E141.18871
G1 X114.321 Y100.751 E141.20619
G1 X114.321 Y100.95 E141.21116
G1 X114.122 Y100.95 E141.21437
G1 X111.55 Y100.95 E141.27853
G1 X111.55 Y99.69 E141.30996
G0 F784.4 X111.55 Y98.95
G0 F9000 X111.125 Y99.375
;TYPE:WALL-OUTER
G1 F480 E141.32842
G1 F522.9 X106.409 Y99.375 E141.43135
G1 X106.408 Y97.8 E141.46573
G1 X106.408 Y97.625 E141.46955
G1 X106.583 Y97.625 E141.47202
G1 X112.875 Y97.625 E141.60936
G1 X112.875 Y99.625 E141.65301
G1 X114.745 Y99.625 E141.69383
G1 X114.746 Y101.2 E141.72821
G1 X114.746 Y101.375 E141.73203
G1 X114.571 Y101.375 E141.7345
G1 X111.125 Y101.375 E141.80971
G1 X111.125 Y100.114 E141.83724
G0 F470.6 X111.125 Y99.375
G0 F9000 X110.925 Y99.375
G0 X110.925 Y98.99
G0 X110.925 Y98.55
G1 F1500 E140.33724
G1 F900 Z5.06
G0 F9000 X110.925 Y98.55 Z5.06
G0 X107.324 Y112.55
;TIME_ELAPSED:647.697750
;LAYER:26
G0 X107.324 Y112.55 Z5.21
;TYPE:WALL-INNER
G1 F900 Z4.21
G1 F480 E141.91573
G1 F889.4 X107.323 Y112.45 E141.91822
G1 X111.95 Y112.45 E142.03365
G1 X112.05 Y112.45 E142.03614
G1 X112.05 Y112.55 E142.03776
G1 X112.05 Y114.45 E142.08516
G1 X114.071 Y114.45 E142.13557
G1 X114.072 Y114.55 E142.13807
G1 X112.05 Y114.55 E142.15072
G1 X111.95 Y114.55 E142.15234
G1 X111.95 Y114.45 E142.15397
G1 X111.95 Y112.55 E142.16585
G1 X107.324 Y112.55 E142.19476
G0 F9000 X106.923 Y112.249
G1 F889.4 X106.923 Y112.05 E142.19972
G1 X107.122 Y112.05 E142.20293
G1 X112.45 Y112.05 E142.33584
G1 X112.45 Y114.05 E142.38573
G1 X114.471 Y114.05 E142.43615
G1 X114.472 Y114.751 E142.45363
G1 X114.472 Y114.95 E142.4586
G1 X114.273 Y114.95 E142.46181
G1 X111.55 Y114.95 E142.52973
G1 X111.55 Y112.95 E142.57962
G1 X107.888 Y112.95 E142.67097
G0 F800.5 X106.924 Y112.95
G0 X106.923 Y112.249
G0 F9000 X106.499 Y113.375
;TYPE:WALL-OUTER
G1 F480 E142.71251
G1 F533.6 X106.498 Y111.8 E142.74688
G1 X106.498 Y111.625 E142.7507
G1 X106.673 Y111.625 E142.75318
G1 X112.875 Y111.625 E142.88855
G1 X112.875 Y113.625 E142.9322
G1 X114.896 Y113.625 E142.97631
G1 X114.897 Y115.2 E143.01069
G1 X114.897 Y115.375 E143.01451
G1 X114.722 Y115.375 E143.01698
G1 X111.125 Y115.375 E143.09549
G1 X111.125 Y113.375 E143.13915
G1 X108.401 Y113.375 E143.1986
G0 F480.3 X106.499 Y113.375
G0 F9000 X106.499 Y113.175
G0 X106.884 Y112.99
G0 X107.324 Y112.668
G1 F1500 E141.6986
G1 F900 Z5.21
G0 F9000 X107.324 Y112.55 Z5.21
G0 X111.95 Y105.55
;TYPE:WALL-INNER
G1 F900 Z4.21
G1 F480 E143.30248
G1 F889.4 X107.324 Y105.55 E143.41788
G1 X107.323 Y105.45 E143.42037
G1 X111.95 Y105.45 E143.44931
G1 X112.05 Y105.45 E143.4518
G1 X112.05 Y105.55 E143.45343
G1 X112.05 Y107.45 E143.50082
G1 X114.071 Y107.45 E143.55124
G1 X114.072 Y107.55 E143.55373
G1 X112.05 Y107.55 E143.56638
G1 X111.95 Y107.55 E143.56801
G1 X111.95 Y107.45 E143.56963
G1 X111.95 Y105.55 E143.58151
G0 F9000 X111.55 Y105.95
G1 F889.4 X106.924 Y105.95 E143.6969
G1 X106.923 Y105.249 E143.71439
G1 X106.923 Y105.05 E143.71936
G1 X107.122 Y105.05 E143.72257
G1 X112.45 Y105.05 E143.85547
G1 X112.45 Y107.05 E143.90536
G1 X114.471 Y107.05 E143.95578
G1 X114.472 Y107.751 E143.97327
G1 X114.472 Y107.95 E143.97823
G1 X114.273 Y107.95 E143.98144
G1 X111.55 Y107.95 E144.04937
G1 X111.55 Y106.69 E144.0808
G0 F800.5 X111.55 Y105.95
G0 F9000 X111.125 Y106.375
;TYPE:WALL-OUTER
G1 F480 E144.09926
G1 F533.6 X106.499 Y106.375 E144.20023
G1 X106.498 Y104.8 E144.23461
G1 X106.498 Y104.625 E144.23843
G1 X106.673 Y104.625 E144.2409
G1 X112.875 Y104.625 E144.37627
G1 X112.875 Y106.625 E144.41992
G1 X114.896 Y106.625 E144.46403
G1 X114.897 Y108.2 E144.49841
G1 X114.897 Y108.375 E144.50223
G1 X114.722 Y108.375 E144.5047
G1 X111.125 Y108.375 E144.58322
G1 X111.125 Y107.114 E144.61074
G0 F480.3 X111.125 Y106.375
G0 F9000 X110.925 Y106.375
G0 X110.925 Y105.99
G0 X110.925 Y105.55
G1 F1500 E143.11074
G1 F900 Z5.21
G0 F9000 X110.925 Y105.55 Z5.21
G0 X117.929 Y107.55
;TYPE:WALL-INNER
G1 F900 Z4.21
G1 F480 E144.68923
G1 F889.4 X117.928 Y107.45 E144.69173
G1 X118.05 Y107.45 E144.69477
G1 X118.05 Y107.55 E144.69553
G1 X117.929 Y107.55 E144.69628
G0 F9000 X117.528 Y107.249
G1 F889.4 X117.528 Y107.05 E144.70124
G1 X117.727 Y107.05 E144.70445
G1 X118.45 Y107.05 E144.72249
G1 X118.45 Y107.95 E144.74494
G1 X117.761 Y107.95 E144.76213
G0 F800.5 X117.529 Y107.95
G0 X117.528 Y107.249
G0 F9000 X117.104 Y108.375
;TYPE:WALL-OUTER
G1 F480 E144.7854
G1 F533.6 X117.103 Y106.8 E144.81978
G1 X117.103 Y106.625 E144.8236
G1 X117.278 Y106.625 E144.82607
G1 X118.875 Y106.625 E144.86093
G1 X118.875 Y108.375 E144.89912
G1 X118.406 Y108.375 E144.90936
G0 F480.3 X117.104 Y108.375
G0 F9000 X117.104 Y108.175
G0 X117.489 Y107.99
G0 X117.929 Y107.668
G1 F1500 E143.40936
G1 F900 Z5.21
G0 F9000 X117.929 Y107.55 Z5.21
G0 X117.929 Y114.55
;TYPE:WALL-INNER
G1 F900 Z4.21
G1 F480 E145.00014
G1 F889.4 X117.928 Y114.45 E145.00264
G1 X118.05 Y114.45 E145.00568
G1 X118.05 Y114.55 E145.00644
G1 X117.929 Y114.55 E145.00719
G0 F9000 X117.528 Y114.249
G1 F889.4 X117.528 Y114.05 E145.01215
G1 X117.727 Y114.05 E145.01536
G1 X118.45 Y114.05 E145.0334
G1 X118.45 Y114.95 E145.05585
G1 X117.761 Y114.95 E145.07304
G0 F800.5 X117.529 Y114.95
G0 X117.528 Y114.249
G0 F9000 X117.104 Y115.375
;TYPE:WALL-OUTER
G1 F480 E145.09631
G1 F533.6 X117.103 Y113.8 E145.13069
G1 X117.103 Y113.625 E145.13451
G1 X117.278 Y113.625 E145.13698
G1 X118.875 Y113.625 E145.17184
G1 X118.875 Y115.375 E145.21003
G1 X118.406 Y115.375 E145.22027
G0 F480.3 X117.104 Y115.375
G0 F9000 X117.104 Y115.175
G0 X117.489 Y114.99
G0 X117.929 Y114.668
G1 F1500 E143.72027
G1 F900 Z5.21
G0 F9000 X117.929 Y114.55 Z5.21
G0 X117.929 Y100.55
;TYPE:WALL-INNER
G1 F900 Z4.21
G1 F480 E145.31105
G1 F889.4 X117.928 Y100.45 E145.31355
G1 X118.05 Y100.45 E145.31659
G1 X118.05 Y100.55 E145.31735
G1 X117.929 Y100.55 E145.3181
G0 F9000 X117.528 Y100.249
G1 F889.4 X117.528 Y100.05 E145.32306
G1 X117.727 Y100.05 E145.32627
G1 X118.45 Y100.05 E145.34431
G1 X118.45 Y100.95 E145.36676
G1 X117.761 Y100.95 E145.38395
G0 F800.5 X117.529 Y100.95
G0 X117.528 Y100.249
G0 F9000 X117.104 Y101.375
;TYPE:WALL-OUTER
G1 F480 E145.40722
G1 F533.6 X117.103 Y99.8 E145.4416
G1 X117.103 Y99.625 E145.44542
G1 X117.278 Y99.625 E145.44789
G1 X118.875 Y99.625 E145.48275
G1 X118.875 Y101.375 E145.52094
G1 X118.406 Y101.375 E145.53118
G0 F480.3 X117.104 Y101.375
G0 F9000 X117.104 Y101.175
G0 X117.489 Y100.99
G0 X117.929 Y100.668
G1 F1500 E144.03118
G1 F900 Z5.21
G0 F9000 X117.929 Y100.55 Z5.21
G0 X111.95 Y98.55
;TYPE:WALL-INNER
G1 F900 Z4.21
G1 F480 E145.62196
G1 F889.4 X107.324 Y98.55 E145.73736
G1 X107.323 Y98.45 E145.73985
G1 X111.95 Y98.45 E145.76879
G1 X112.05 Y98.45 E145.77128
G1 X112.05 Y98.55 E145.77291
G1 X112.05 Y100.45 E145.8203
G1 X114.071 Y100.45 E145.87072
G1 X114.072 Y100.55 E145.87321
G1 X112.05 Y100.55 E145.88586
G1 X111.95 Y100.55 E145.88749
G1 X111.95 Y100.45 E145.88911
G1 X111.95 Y98.55 E145.90099
G0 F9000 X111.55 Y98.95
G1 F889.4 X106.924 Y98.95 E146.01638
G1 X106.923 Y98.249 E146.03387
G1 X106.923 Y98.05 E146.03884
G1 X107.122 Y98.05 E146.04205
G1 X112.45 Y98.05 E146.17495
G1 X112.45 Y100.05 E146.22484
G1 X114.471 Y100.05 E146.27526
G1 X114.472 Y100.751 E146.29275
G1 X114.472 Y100.95 E146.29771
G1 X114.273 Y100.95 E146.30092
G1 X111.55 Y100.95 E146.36885
G1 X111.55 Y99.69 E146.40028
G0 F800.5 X111.55 Y98.95
G0 F9000 X111.125 Y99.375
;TYPE:WALL-OUTER
G1 F480 E146.41874
G1 F533.6 X106.499 Y99.375 E146.51971
G1 X106.498 Y97.8 E146.55409
G1 X106.498 Y97.625 E146.55791
G1 X106.673 Y97.625 E146.56038
G1 X112.875 Y97.625 E146.69575
G1 X112.875 Y99.625 E146.7394
G1 X114.896 Y99.625 E146.78351
G1 X114.897 Y101.2 E146.81789
G1 X114.897 Y101.375 E146.82171
G1 X114.722 Y101.375 E146.82418
G1 X111.125 Y101.375 E146.9027
G1 X111.125 Y100.114 E146.93022
G0 F480.3 X111.125 Y99.375
G0 F9000 X110.925 Y99.375
G0 X110.925 Y98.99
G0 X110.925 Y98.55
G1 F1500 E145.43022
G1 F900 Z5.21
G0 F9000 X110.925 Y98.55 Z5.21
G0 X107.44 Y112.55
;TIME_ELAPSED:673.759875
;LAYER:27
G0 X107.44 Y112.55 Z5.36
;TYPE:WALL-INNER
G1 F900 Z4.36
G1 F480 E147.00871
G1 F909.3 X107.439 Y112.45 E147.01121
G1 X111.95 Y112.45 E147.12373
G1 X112.05 Y112.45 E147.12623
G1 X112.05 Y112.55 E147.12785
G1 X112.05 Y114.45 E147.17525
G1 X114.275 Y114.45 E147.23075
G1 X114.276 Y114.55 E147.23325
G1 X112.05 Y114.55 E147.24717
G1 X111.95 Y114.55 E147.2488
G1 X111.95 Y114.45 E147.25042
G1 X111.95 Y112.55 E147.2623
G1 X107.44 Y112.55 E147.29049
G0 F9000 X107.039 Y112.249
G1 F909.3 X107.039 Y112.05 E147.29545
G1 X107.238 Y112.05 E147.29866
G1 X112.45 Y112.05 E147.42867
G1 X112.45 Y114.05 E147.47856
G1 X114.675 Y114.05 E147.53407
G1 X114.676 Y114.751 E147.55155
G1 X114.676 Y114.95 E147.55652
G1 X114.477 Y114.95 E147.55973
G1 X111.55 Y114.95 E147.63274
G1 X111.55 Y112.95 E147.68263
G1 X108.004 Y112.95 E147.77109
G0 F818.4 X107.04 Y112.95
G0 X107.039 Y112.249
G0 F9000 X106.615 Y113.375
;TYPE:WALL-OUTER
G1 F480 E147.81262
G1 F545.6 X106.614 Y111.8 E147.847
G1 X106.614 Y111.625 E147.85082
G1 X106.789 Y111.625 E147.85329
G1 X112.875 Y111.625 E147.98613
G1 X112.875 Y113.625 E148.02979
G1 X115.1 Y113.625 E148.07835
G1 X115.101 Y115.2 E148.11273
G1 X115.101 Y115.375 E148.11655
G1 X114.926 Y115.375 E148.11902
G1 X111.125 Y115.375 E148.20198
G1 X111.125 Y113.375 E148.24564
G1 X108.517 Y113.375 E148.30256
G0 F491 X106.615 Y113.375
G0 F9000 X106.615 Y113.175
G0 X107 Y112.99
G0 X107.44 Y112.668
G1 F1500 E146.80256
G1 F900 Z5.36
G0 F9000 X107.44 Y112.55 Z5.36
G0 X111.95 Y105.55
;TYPE:WALL-INNER
G1 F900 Z4.36
G1 F480 E148.40644
G1 F909.3 X107.44 Y105.55 E148.51894
G1 X107.439 Y105.45 E148.52144
G1 X111.95 Y105.45 E148.54965
G1 X112.05 Y105.45 E148.55214
G1 X112.05 Y105.55 E148.55377
G1 X112.05 Y107.45 E148.60116
G1 X114.275 Y107.45 E148.65667
G1 X114.276 Y107.55 E148.65916
G1 X112.05 Y107.55 E148.67309
G1 X111.95 Y107.55 E148.67471
G1 X111.95 Y107.45 E148.67633
G1 X111.95 Y105.55 E148.68821
G0 F9000 X111.55 Y105.95
G1 F909.3 X107.04 Y105.95 E148.80072
G1 X107.039 Y105.249 E148.8182
G1 X107.039 Y105.05 E148.82317
G1 X107.238 Y105.05 E148.82638
G1 X112.45 Y105.05 E148.95639
G1 X112.45 Y107.05 E149.00628
G1 X114.675 Y107.05 E149.06178
G1 X114.676 Y107.751 E149.07927
G1 X114.676 Y107.95 E149.08424
G1 X114.477 Y107.95 E149.08745
G1 X111.55 Y107.95 E149.16046
G1 X111.55 Y106.69 E149.19189
G0 F818.4 X111.55 Y105.95
G0 F9000 X111.125 Y106.375
;TYPE:WALL-OUTER
G1 F480 E149.21035
G1 F545.6 X106.615 Y106.375 E149.30879
G1 X106.614 Y104.8 E149.34317
G1 X106.614 Y104.625 E149.34699
G1 X106.789 Y104.625 E149.34946
G1 X112.875 Y104.625 E149.4823
G1 X112.875 Y106.625 E149.52595
G1 X115.1 Y106.625 E149.57452
G1 X115.101 Y108.2 E149.6089
G1 X115.101 Y108.375 E149.61272
G1 X114.926 Y108.375 E149.61519
G1 X111.125 Y108.375 E149.69815
G1 X111.125 Y107.114 E149.72568
G0 F491 X111.125 Y106.375
G0 F9000 X110.925 Y106.375
G0 X110.925 Y105.99
G0 X110.925 Y105.55
G1 F1500 E148.22568
G1 F900 Z5.36
G0 F9000 X110.925 Y105.55 Z5.36
G0 X117.725 Y107.55
;TYPE:WALL-INNER
G1 F900 Z4.36
G1 F480 E149.80417
G1 F909.3 X117.724 Y107.45 E149.80666
G1 X118.05 Y107.45 E149.8148
G1 X118.05 Y107.55 E149.81683
G1 X117.725 Y107.55 E149.81885
G0 F9000 X117.324 Y107.249
G1 F909.3 X117.324 Y107.05 E149.82382
G1 X117.523 Y107.05 E149.82703
G1 X118.45 Y107.05 E149.85015
G1 X118.45 Y107.95 E149.8726
G1 X117.632 Y107.95 E149.89301
G0 F818.4 X117.325 Y107.95
G0 X117.324 Y107.249
G0 F9000 X116.9 Y108.375
;TYPE:WALL-OUTER
G1 F480 E149.91815
G1 F545.6 X116.899 Y106.8 E149.95253
G1 X116.899 Y106.625 E149.95635
G1 X117.074 Y106.625 E149.95882
G1 X118.875 Y106.625 E149.99813
G1 X118.875 Y108.375 E150.03633
G1 X118.277 Y108.375 E150.04938
G0 F491 X116.9 Y108.375
G0 F9000 X116.9 Y108.175
G0 X117.285 Y107.99
G0 X117.725 Y107.668
G1 F1500 E148.54938
G1 F900 Z5.36
G0 F9000 X117.725 Y107.55 Z5.36
G0 X117.725 Y114.55
;TYPE:WALL-INNER
G1 F900 Z4.36
G1 F480 E150.1418
G1 F909.3 X117.724 Y114.45 E150.1443
G1 X118.05 Y114.45 E150.15243
G1 X118.05 Y114.55 E150.15446
G1 X117.725 Y114.55 E150.15648
G0 F9000 X117.324 Y114.249
G1 F909.3 X117.324 Y114.05 E150.16145
G1 X117.523 Y114.05 E150.16466
G1 X118.45 Y114.05 E150.18778
G1 X118.45 Y114.95 E150.21024
G1 X117.632 Y114.95 E150.23064
G0 F818.4 X117.325 Y114.95
G0 X117.324 Y114.249
G0 F9000 X116.9 Y115.375
;TYPE:WALL-OUTER
G1 F480 E150.25579
G1 F545.6 X116.899 Y113.8 E150.29016
G1 X116.899 Y113.625 E150.29398
G1 X117.074 Y113.625 E150.29645
G1 X118.875 Y113.625 E150.33576
G1 X118.875 Y115.375 E150.37396
G1 X118.277 Y115.375 E150.38701
G0 F491 X116.9 Y115.375
G0 F9000 X116.9 Y115.175
G0 X117.285 Y114.99
G0 X117.725 Y114.668
G1 F1500 E148.88701
G1 F900 Z5.36
G0 F9000 X117.725 Y114.55 Z5.36
G0 X117.725 Y100.55
;TYPE:WALL-INNER
G1 F900 Z4.36
G1 F480 E150.47943
G1 F909.3 X117.724 Y100.45 E150.48193
G1 X118.05 Y100.45 E150.49006
G1 X118.05 Y100.55 E150.49209
G1 X117.725 Y100.55 E150.49412
G0 F9000 X117.324 Y100.249
G1 F909.3 X117.324 Y100.05 E150.49908
G1 X117.523 Y100.05 E150.50229
G1 X118.45 Y100.05 E150.52542
G1 X118.45 Y100.95 E150.54787
G1 X117.632 Y100.95 E150.56827
G0 F818.4 X117.325 Y100.95
G0 X117.324 Y100.249
G0 F9000 X116.9 Y101.375
;TYPE:WALL-OUTER
G1 F480 E150.59342
G1 F545.6 X116.899 Y99.8 E150.62779
G1 X116.899 Y99.625 E150.63161
G1 X117.074 Y99.625 E150.63409
G1 X118.875 Y99.625 E150.6734
G1 X118.875 Y101.375 E150.71159
G1 X118.277 Y101.375 E150.72465
G0 F491 X116.9 Y101.375
G0 F9000 X116.9 Y101.175
G0 X117.285 Y100.99
G0 X117.725 Y100.668
G1 F1500 E149.22465
G1 F900 Z5.36
G0 F9000 X117.725 Y100.55 Z5.36
G0 X111.95 Y98.55
;TYPE:WALL-INNER
G1 F900 Z4.36
G1 F480 E150.81707
G1 F909.3 X107.44 Y98.55 E150.92957
G1 X107.439 Y98.45 E150.93206
G1 X111.95 Y98.45 E150.96027
G1 X112.05 Y98.45 E150.96277
G1 X112.05 Y98.55 E150.96439
G1 X112.05 Y100.45 E151.01179
G1 X114.275 Y100.45 E151.06729
G1 X114.276 Y100.55 E151.06979
G1 X112.05 Y100.55 E151.08371
G1 X111.95 Y100.55 E151.08534
G1 X111.95 Y100.45 E151.08696
G1 X111.95 Y98.55 E151.09884
G0 F9000 X111.55 Y98.95
G1 F909.3 X107.04 Y98.95 E151.21134
G1 X107.039 Y98.249 E151.22883
G1 X107.039 Y98.05 E151.23379
G1 X107.238 Y98.05 E151.237
G1 X112.45 Y98.05 E151.36702
G1 X112.45 Y100.05 E151.41691
G1 X114.675 Y100.05 E151.47241
G1 X114.676 Y100.751 E151.4899
G1 X114.676 Y100.95 E151.49486
G1 X114.477 Y100.95 E151.49807
G1 X111.55 Y100.95 E151.57109
G1 X111.55 Y99.69 E151.60252
G0 F818.4 X111.55 Y98.95
G0 F9000 X111.125 Y99.375
;TYPE:WALL-OUTER
G1 F480 E151.62098
G1 F545.6 X106.615 Y99.375 E151.71942
G1 X106.614 Y97.8 E151.75379
G1 X106.614 Y97.625 E151.75761
G1 X106.789 Y97.625 E151.76009
G1 X112.875 Y97.625 E151.89292
G1 X112.875 Y99.625 E151.93658
G1 X115.1 Y99.625 E151.98514
G1 X115.101 Y101.2 E152.01952
G1 X115.101 Y101.375 E152.02334
G1 X114.926 Y101.375 E152.02581
G1 X111.125 Y101.375 E152.10878
G1 X111.125 Y100.114 E152.1363
G0 F491 X111.125 Y99.375
G0 F9000 X110.925 Y99.375
G0 X110.925 Y98.99
G0 X110.925 Y98.55
G1 F1500 E150.6363
G1 F900 Z5.36
G0 F9000 X110.925 Y98.55 Z5.36
G0 X111.95 Y112.55
;TIME_ELAPSED:699.874904
;LAYER:28
G0 X111.95 Y112.55 Z5.51
;TYPE:WALL-INNER
G1 F900 Z4.51
G1 F480 E152.21479
G1 F944.1 X107.562 Y112.55 E152.32425
G1 X107.561 Y112.45 E152.32675
G1 X111.95 Y112.45 E152.3542
G1 X112.05 Y112.45 E152.35669
G1 X112.05 Y112.55 E152.35831
G1 X112.05 Y114.45 E152.40571
G1 X114.614 Y114.45 E152.46967
G1 X114.615 Y114.55 E152.47216
G1 X112.05 Y114.55 E152.48821
G1 X111.95 Y114.55 E152.48983
G1 X111.95 Y114.45 E152.49146
G1 X111.95 Y112.55 E152.50334
G0 F9000 X111.55 Y112.95
G1 F944.1 X107.162 Y112.95 E152.6128
G1 X107.161 Y112.249 E152.63028
G1 X107.161 Y112.05 E152.63525
G1 X107.36 Y112.05 E152.63846
G1 X112.45 Y112.05 E152.76543
G1 X112.45 Y114.05 E152.81532
G1 X115.014 Y114.05 E152.87928
G1 X115.015 Y114.751 E152.89676
G1 X115.015 Y114.95 E152.90173
G1 X114.816 Y114.95 E152.90494
G1 X111.55 Y114.95 E152.98641
G1 X111.55 Y113.69 E153.01784
G0 F849.7 X111.55 Y112.95
G0 F9000 X111.125 Y113.375
;TYPE:WALL-OUTER
G1 F480 E153.0363
G1 F566.5 X106.737 Y113.375 E153.13208
G1 X106.736 Y111.8 E153.16645
G1 X106.736 Y111.625 E153.17027
G1 X106.911 Y111.625 E153.17275
G1 X112.875 Y111.625 E153.30292
G1 X112.875 Y113.625 E153.34658
G1 X115.439 Y113.625 E153.40254
G1 X115.44 Y115.2 E153.43692
G1 X115.44 Y115.375 E153.44074
G1 X115.265 Y115.375 E153.44321
G1 X111.125 Y115.375 E153.53357
G1 X111.125 Y114.114 E153.5611
G0 F509.8 X111.125 Y113.375
G0 F9000 X110.925 Y113.375
G0 X110.925 Y112.99
G0 X110.925 Y112.55
G1 F1500 E152.0611
G1 F900 Z5.51
G0 F9000 X110.925 Y112.55 Z5.51
G0 X117.386 Y114.55
;TYPE:WALL-INNER
G1 F900 Z4.51
G1 F480 E153.63959
G1 F944.1 X117.385 Y114.45 E153.64208
G1 X118.05 Y114.45 E153.65867
G1 X118.05 Y114.55 E153.66117
G1 X117.386 Y114.55 E153.66531
G0 F9000 X116.985 Y114.249
G1 F944.1 X116.985 Y114.05 E153.67027
G1 X117.184 Y114.05 E153.67349
G1 X118.45 Y114.05 E153.70507
G1 X118.45 Y114.95 E153.72752
G1 X117.419 Y114.95 E153.75324
G0 F849.7 X116.986 Y114.95
G0 X116.985 Y114.249
G0 F9000 X116.561 Y115.375
;TYPE:WALL-OUTER
G1 F480 E153.78152
G1 F566.5 X116.56 Y113.8 E153.8159
G1 X116.56 Y113.625 E153.81972
G1 X116.735 Y113.625 E153.82219
G1 X118.875 Y113.625 E153.8689
G1 X118.875 Y115.375 E153.9071
G1 X118.064 Y115.375 E153.9248
G0 F509.8 X116.561 Y115.375
G0 F9000 X116.561 Y115.175
G0 X116.946 Y114.99
G0 X117.386 Y114.668
G1 F1500 E152.4248
G1 F900 Z5.51
G0 F9000 X117.386 Y114.55 Z5.51
G0 X117.386 Y107.55
;TYPE:WALL-INNER
G1 F900 Z4.51
G1 F480 E154.01997
G1 F944.1 X117.385 Y107.45 E154.02246
G1 X118.05 Y107.45 E154.03905
G1 X118.05 Y107.55 E154.04155
G1 X117.386 Y107.55 E154.04569
G0 F9000 X116.985 Y107.249
G1 F944.1 X116.985 Y107.05 E154.05065
G1 X117.184 Y107.05 E154.05386
G1 X118.45 Y107.05 E154.08545
G1 X118.45 Y107.95 E154.1079
G1 X117.419 Y107.95 E154.13361
G0 F849.7 X116.986 Y107.95
G0 X116.985 Y107.249
G0 F9000 X116.561 Y108.375
;TYPE:WALL-OUTER
G1 F480 E154.1619
G1 F566.5 X116.56 Y106.8 E154.19628
G1 X116.56 Y106.625 E154.2001
G1 X116.735 Y106.625 E154.20257
G1 X118.875 Y106.625 E154.24928
G1 X118.875 Y108.375 E154.28748
G1 X118.064 Y108.375 E154.30518
G0 F509.8 X116.561 Y108.375
G0 F9000 X116.561 Y108.175
G0 X116.946 Y107.99
G0 X117.386 Y107.668
G1 F1500 E152.80518
G1 F900 Z5.51
G0 F9000 X117.386 Y107.55 Z5.51
G0 X111.95 Y105.55
;TYPE:WALL-INNER
G1 F900 Z4.51
G1 F480 E154.40035
G1 F944.1 X107.562 Y105.55 E154.50981
G1 X107.561 Y105.45 E154.5123
G1 X111.95 Y105.45 E154.53975
G1 X112.05 Y105.45 E154.54225
G1 X112.05 Y105.55 E154.54387
G1 X112.05 Y107.45 E154.59127
G1 X114.614 Y107.45 E154.65522
G1 X114.615 Y107.55 E154.65772
G1 X112.05 Y107.55 E154.67376
G1 X111.95 Y107.55 E154.67539
G1 X111.95 Y107.45 E154.67701
G1 X111.95 Y105.55 E154.68889
G0 F9000 X111.55 Y105.95
G1 F944.1 X107.162 Y105.95 E154.79835
G1 X107.161 Y105.249 E154.81584
G1 X107.161 Y105.05 E154.8208
G1 X107.36 Y105.05 E154.82401
G1 X112.45 Y105.05 E154.95098
G1 X112.45 Y107.05 E155.00087
G1 X115.014 Y107.05 E155.06483
G1 X115.015 Y107.751 E155.08232
G1 X115.015 Y107.95 E155.08728
G1 X114.816 Y107.95 E155.09049
G1 X111.55 Y107.95 E155.17197
G1 X111.55 Y106.69 E155.2034
G0 F849.7 X111.55 Y105.95
G0 F9000 X111.125 Y106.375
;TYPE:WALL-OUTER
G1 F480 E155.22186
G1 F566.5 X106.737 Y106.375 E155.31763
G1 X106.736 Y104.8 E155.35201
G1 X106.736 Y104.625 E155.35583
G1 X106.911 Y104.625 E155.3583
G1 X112.875 Y104.625 E155.48848
G1 X112.875 Y106.625 E155.53213
G1 X115.439 Y106.625 E155.5881
G1 X115.44 Y108.2 E155.62247
G1 X115.44 Y108.375 E155.62629
G1 X115.265 Y108.375 E155.62876
G1 X111.125 Y108.375 E155.71913
G1 X111.125 Y107.114 E155.74665
G0 F509.8 X111.125 Y106.375
G0 F9000 X110.925 Y106.375
G0 X110.925 Y105.99
G0 X110.925 Y105.55
G1 F1500 E154.24665
G1 F900 Z5.51
G0 F9000 X110.925 Y105.55 Z5.51
G0 X111.95 Y98.55
;TYPE:WALL-INNER
G1 F900 Z4.51
G1 F480 E155.82515
G1 F944.1 X107.562 Y98.55 E155.9346
G1 X107.561 Y98.45 E155.9371
G1 X111.95 Y98.45 E155.96455
G1 X112.05 Y98.45 E155.96704
G1 X112.05 Y98.55 E155.96867
G1 X112.05 Y100.45 E156.01606
G1 X114.614 Y100.45 E156.08002
G1 X114.615 Y100.55 E156.08252
G1 X112.05 Y100.55 E156.09856
G1 X111.95 Y100.55 E156.10019
G1 X111.95 Y100.45 E156.10181
G1 X111.95 Y98.55 E156.11369
G0 F9000 X111.55 Y98.95
G1 F944.1 X107.162 Y98.95 E156.22315
G1 X107.161 Y98.249 E156.24063
G1 X107.161 Y98.05 E156.2456
G1 X107.36 Y98.05 E156.24881
G1 X112.45 Y98.05 E156.37578
G1 X112.45 Y100.05 E156.42567
G1 X115.014 Y100.05 E156.48963
G1 X115.015 Y100.751 E156.50712
G1 X115.015 Y100.95 E156.51208
G1 X114.816 Y100.95 E156.51529
G1 X111.55 Y100.95 E156.59676
G1 X111.55 Y99.69 E156.62819
G0 F849.7 X111.55 Y98.95
G0 F9000 X111.125 Y99.375
;TYPE:WALL-OUTER
G1 F480 E156.64665
G1 F566.5 X106.737 Y99.375 E156.74243
G1 X106.736 Y97.8 E156.77681
G1 X106.736 Y97.625 E156.78063
G1 X106.911 Y97.625 E156.7831
G1 X112.875 Y97.625 E156.91327
G1 X112.875 Y99.625 E156.95693
G1 X115.439 Y99.625 E157.01289
G1 X115.44 Y101.2 E157.04727
G1 X115.44 Y101.375 E157.05109
G1 X115.265 Y101.375 E157.05356
G1 X111.125 Y101.375 E157.14393
G1 X111.125 Y100.114 E157.17145
G0 F509.8 X111.125 Y99.375
G0 F9000 X110.925 Y99.375
G0 X110.925 Y98.99
G0 X110.925 Y98.55
G1 F1500 E155.67145
G1 F900 Z5.51
G0 F9000 X110.925 Y98.55 Z5.51
G0 X117.386 Y100.55
;TYPE:WALL-INNER
G1 F900 Z4.51
G1 F480 E157.24994
G1 F944.1 X117.385 Y100.45 E157.25244
G1 X118.05 Y100.45 E157.26903
G1 X118.05 Y100.55 E157.27152
G1 X117.386 Y100.55 E157.27566
G0 F9000 X116.985 Y100.249
G1 F944.1 X116.985 Y100.05 E157.28063
G1 X117.184 Y100.05 E157.28384
G1 X118.45 Y100.05 E157.31542
G1 X118.45 Y100.95 E157.33787
G1 X117.419 Y100.95 E157.36359
G0 F849.7 X116.986 Y100.95
G0 X116.985 Y100.249
G0 F9000 X116.561 Y101.375
;TYPE:WALL-OUTER
G1 F480 E157.39187
G1 F566.5 X116.56 Y99.8 E157.42625
G1 X116.56 Y99.625 E157.43007
G1 X116.735 Y99.625 E157.43254
G1 X118.875 Y99.625 E157.47925
G1 X118.875 Y101.375 E157.51745
G1 X118.064 Y101.375 E157.53515
G0 F509.8 X116.561 Y101.375
G0 F9000 X116.561 Y101.175
G0 X116.946 Y100.99
G0 X117.386 Y100.668
G1 F1500 E156.03515
G1 F900 Z5.51
G0 F9000 X117.386 Y100.55 Z5.51
G0 X111.95 Y112.55
;TIME_ELAPSED:725.941528
;LAYER:29
G0 X111.95 Y112.55 Z5.66
;TYPE:WALL-INNER
G1 F900 Z4.66
G1 F480 E157.63032
G1 F965.4 X107.712 Y112.55 E157.73604
G1 X107.711 Y112.45 E157.73853
G1 X111.95 Y112.45 E157.76504
G1 X112.05 Y112.45 E157.76754
G1 X112.05 Y112.55 E157.76916
G1 X112.05 Y114.45 E157.81656
G1 X118.05 Y114.45 E157.96623
G1 X118.05 Y114.55 E157.96872
G1 X112.05 Y114.55 E158.00623
G1 X111.95 Y114.55 E158.00786
G1 X111.95 Y114.45 E158.00948
G1 X111.95 Y112.55 E158.02136
G0 F9000 X111.55 Y112.95
G1 F965.4 X107.312 Y112.95 E158.12708
G1 X107.311 Y112.249 E158.14457
G1 X107.311 Y112.05 E158.14953
G1 X107.51 Y112.05 E158.15274
G1 X112.45 Y112.05 E158.27597
G1 X112.45 Y114.05 E158.32586
G1 X118.45 Y114.05 E158.47553
G1 X118.45 Y114.95 E158.49798
G1 X111.55 Y114.95 E158.6701
G1 X111.55 Y114.615 E158.67846
G0 F868.9 X111.55 Y112.95
G0 F9000 X111.125 Y113.375
;TYPE:WALL-OUTER
G1 F480 E158.71999
G1 F579.2 X106.887 Y113.375 E158.8125
G1 X106.886 Y111.8 E158.84687
G1 X106.886 Y111.625 E158.85069
G1 X107.061 Y111.625 E158.85316
G1 X112.875 Y111.625 E158.98007
G1 X112.875 Y113.625 E159.02372
G1 X118.875 Y113.625 E159.15468
G1 X118.875 Y115.375 E159.19288
G1 X111.125 Y115.375 E159.36204
G1 X111.125 Y115.277 E159.36418
G0 F521.3 X111.125 Y113.375
G0 F9000 X110.925 Y113.375
G0 X110.925 Y112.99
G0 X110.925 Y112.55
G1 F1500 E157.86418
G1 F900 Z5.66
G0 F9000 X110.925 Y112.55 Z5.66
G0 X111.95 Y105.55
;TYPE:WALL-INNER
G1 F900 Z4.66
G1 F480 E159.46806
G1 F965.4 X107.712 Y105.55 E159.57377
G1 X107.711 Y105.45 E159.57627
G1 X111.95 Y105.45 E159.60278
G1 X112.05 Y105.45 E159.60527
G1 X112.05 Y105.55 E159.6069
G1 X112.05 Y107.45 E159.65429
G1 X118.05 Y107.45 E159.80396
G1 X118.05 Y107.55 E159.80646
G1 X112.05 Y107.55 E159.84397
G1 X111.95 Y107.55 E159.84559
G1 X111.95 Y107.45 E159.84722
G1 X111.95 Y105.55 E159.8591
G0 F9000 X111.55 Y105.95
G1 F965.4 X107.312 Y105.95 E159.96481
G1 X107.311 Y105.249 E159.9823
G1 X107.311 Y105.05 E159.98726
G1 X107.51 Y105.05 E159.99048
G1 X112.45 Y105.05 E160.1137
G1 X112.45 Y107.05 E160.16359
G1 X118.45 Y107.05 E160.31326
G1 X118.45 Y107.95 E160.33572
G1 X111.55 Y107.95 E160.50784
G1 X111.55 Y107.615 E160.51619
G0 F868.9 X111.55 Y105.95
G0 F9000 X111.125 Y106.375
;TYPE:WALL-OUTER
G1 F480 E160.55773
G1 F579.2 X106.887 Y106.375 E160.65023
G1 X106.886 Y104.8 E160.68461
G1 X106.886 Y104.625 E160.68843
G1 X107.061 Y104.625 E160.6909
G1 X112.875 Y104.625 E160.8178
G1 X112.875 Y106.625 E160.86145
G1 X118.875 Y106.625 E160.99242
G1 X118.875 Y108.375 E161.03061
G1 X111.125 Y108.375 E161.19977
G1 X111.125 Y108.277 E161.20191
G0 F521.3 X111.125 Y106.375
G0 F9000 X110.925 Y106.375
G0 X110.925 Y105.99
G0 X110.925 Y105.55
G1 F1500 E159.70191
G1 F900 Z5.66
G0 F9000 X110.925 Y105.55 Z5.66
G0 X111.95 Y98.55
;TYPE:WALL-INNER
G1 F900 Z4.66
G1 F480 E161.30579
G1 F965.4 X107.712 Y98.55 E161.41151
G1 X107.711 Y98.45 E161.414
G1 X111.95 Y98.45 E161.44051
G1 X112.05 Y98.45 E161.44301
G1 X112.05 Y98.55 E161.44463
G1 X112.05 Y100.45 E161.49203
G1 X118.05 Y100.45 E161.6417
G1 X118.05 Y100.55 E161.64419
G1 X112.05 Y100.55 E161.6817
G1 X111.95 Y100.55 E161.68333
G1 X111.95 Y100.45 E161.68495
G1 X111.95 Y98.55 E161.69683
G0 F9000 X111.55 Y98.95
G1 F965.4 X107.312 Y98.95 E161.80255
G1 X107.311 Y98.249 E161.82003
G1 X107.311 Y98.05 E161.825
G1 X107.51 Y98.05 E161.82821
G1 X112.45 Y98.05 E161.95144
G1 X112.45 Y100.05 E162.00133
G1 X118.45 Y100.05 E162.151
G1 X118.45 Y100.95 E162.17345
G1 X111.55 Y100.95 E162.34557
G1 X111.55 Y100.615 E162.35393
G0 F868.9 X111.55 Y98.95
G0 F9000 X111.125 Y99.375
;TYPE:WALL-OUTER
G1 F480 E162.39546
G1 F579.2 X106.887 Y99.375 E162.48796
G1 X106.886 Y97.8 E162.52234
G1 X106.886 Y97.625 E162.52616
G1 X107.061 Y97.625 E162.52863
G1 X112.875 Y97.625 E162.65553
G1 X112.875 Y99.625 E162.69919
G1 X118.875 Y99.625 E162.83015
G1 X118.875 Y101.375 E162.86835
G1 X111.125 Y101.375 E163.03751
G1 X111.125 Y101.277 E163.03965
G0 F521.3 X111.125 Y99.375
G0 F9000 X110.925 Y99.375
G0 X110.925 Y98.99
G0 X110.925 Y98.55
G1 F1500 E161.53965
G1 F900 Z5.66
G0 F9000 X110.925 Y98.55 Z5.66
G0 X111.95 Y112.55
;TIME_ELAPSED:749.305746
;LAYER:30
G0 X111.95 Y112.55 Z5.81
;TYPE:WALL-INNER
G1 F900 Z4.81
G1 F480 E163.14352
G1 F954.6 X107.878 Y112.55 E163.2451
G1 X107.877 Y112.45 E163.24759
G1 X111.95 Y112.45 E163.27307
G1 X112.05 Y112.45 E163.27556
G1 X112.05 Y112.55 E163.27719
G1 X112.05 Y114.45 E163.32458
G1 X118.05 Y114.45 E163.47425
G1 X118.05 Y114.55 E163.47675
G1 X112.05 Y114.55 E163.51426
G1 X111.95 Y114.55 E163.51588
G1 X111.95 Y114.45 E163.51751
G1 X111.95 Y112.55 E163.52938
G0 F9000 X111.55 Y112.95
G1 F954.6 X107.478 Y112.95 E163.63096
G1 X107.477 Y112.249 E163.64845
G1 X107.477 Y112.05 E163.65341
G1 X107.676 Y112.05 E163.65662
G1 X112.45 Y112.05 E163.77571
G1 X112.45 Y114.05 E163.8256
G1 X118.45 Y114.05 E163.97527
G1 X118.45 Y114.95 E163.99772
G1 X111.55 Y114.95 E164.16984
G1 X111.55 Y114.615 E164.1782
G0 F859.1 X111.55 Y112.95
G0 F9000 X111.125 Y113.375
;TYPE:WALL-OUTER
G1 F480 E164.21973
G1 F572.7 X107.053 Y113.375 E164.30861
G1 X107.052 Y111.8 E164.34299
G1 X107.052 Y111.625 E164.34681
G1 X107.227 Y111.625 E164.34928
G1 X112.875 Y111.625 E164.47256
G1 X112.875 Y113.625 E164.51622
G1 X118.875 Y113.625 E164.64718
G1 X118.875 Y115.375 E164.68537
G1 X111.125 Y115.375 E164.85453
G1 X111.125 Y115.277 E164.85667
G0 F515.5 X111.125 Y113.375
G0 F9000 X110.925 Y113.375
G0 X110.925 Y112.99
G0 X110.925 Y112.55
G1 F1500 E163.35667
G1 F900 Z5.81
G0 F9000 X110.925 Y112.55 Z5.81
G0 X111.95 Y105.55
;TYPE:WALL-INNER
G1 F900 Z4.81
G1 F480 E164.96055
G1 F954.6 X107.878 Y105.55 E165.06213
G1 X107.877 Y105.45 E165.06462
G1 X111.95 Y105.45 E165.09009
G1 X112.05 Y105.45 E165.09259
G1 X112.05 Y105.55 E165.09421
G1 X112.05 Y107.45 E165.14161
G1 X118.05 Y107.45 E165.29128
G1 X118.05 Y107.55 E165.29377
G1 X112.05 Y107.55 E165.33128
G1 X111.95 Y107.55 E165.33291
G1 X111.95 Y107.45 E165.33453
G1 X111.95 Y105.55 E165.34641
G0 F9000 X111.55 Y105.95
G1 F954.6 X107.478 Y105.95 E165.44799
G1 X107.477 Y105.249 E165.46547
G1 X107.477 Y105.05 E165.47044
G1 X107.676 Y105.05 E165.47365
G1 X112.45 Y105.05 E165.59274
G1 X112.45 Y107.05 E165.64263
G1 X118.45 Y107.05 E165.7923
G1 X118.45 Y107.95 E165.81475
G1 X111.55 Y107.95 E165.98687
G1 X111.55 Y107.615 E165.99523
G0 F859.1 X111.55 Y105.95
G0 F9000 X111.125 Y106.375
;TYPE:WALL-OUTER
G1 F480 E166.03676
G1 F572.7 X107.053 Y106.375 E166.12564
G1 X107.052 Y104.8 E166.16002
G1 X107.052 Y104.625 E166.16384
G1 X107.227 Y104.625 E166.16631
G1 X112.875 Y104.625 E166.28959
G1 X112.875 Y106.625 E166.33324
G1 X118.875 Y106.625 E166.4642
G1 X118.875 Y108.375 E166.5024
G1 X111.125 Y108.375 E166.67156
G1 X111.125 Y108.277 E166.6737
G0 F515.5 X111.125 Y106.375
G0 F9000 X110.925 Y106.375
G0 X110.925 Y105.99
G0 X110.925 Y105.55
G1 F1500 E165.1737
G1 F900 Z5.81
G0 F9000 X110.925 Y105.55 Z5.81
G0 X111.95 Y98.55
;TYPE:WALL-INNER
G1 F900 Z4.81
G1 F480 E166.77758
G1 F954.6 X107.878 Y98.55 E166.87915
G1 X107.877 Y98.45 E166.88165
G1 X111.95 Y98.45 E166.90712
G1 X112.05 Y98.45 E166.90962
G1 X112.05 Y98.55 E166.91124
G1 X112.05 Y100.45 E166.95864
G1 X118.05 Y100.45 E167.10831
G1 X118.05 Y100.55 E167.1108
G1 X112.05 Y100.55 E167.14831
G1 X111.95 Y100.55 E167.14994
G1 X111.95 Y100.45 E167.15156
G1 X111.95 Y98.55 E167.16344
G0 F9000 X111.55 Y98.95
G1 F954.6 X107.478 Y98.95 E167.26501
G1 X107.477 Y98.249 E167.2825
G1 X107.477 Y98.05 E167.28747
G1 X107.676 Y98.05 E167.29068
G1 X112.45 Y98.05 E167.40977
G1 X112.45 Y100.05 E167.45966
G1 X118.45 Y100.05 E167.60933
G1 X118.45 Y100.95 E167.63178
G1 X111.55 Y100.95 E167.8039
G1 X111.55 Y100.615 E167.81225
G0 F859.1 X111.55 Y98.95
G0 F9000 X111.125 Y99.375
;TYPE:WALL-OUTER
G1 F480 E167.85379
G1 F572.7 X107.053 Y99.375 E167.94267
G1 X107.052 Y97.8 E167.97704
G1 X107.052 Y97.625 E167.98086
G1 X107.227 Y97.625 E167.98334
G1 X112.875 Y97.625 E168.10662
G1 X112.875 Y99.625 E168.15027
G1 X118.875 Y99.625 E168.28123
G1 X118.875 Y101.375 E168.31943
G1 X111.125 Y101.375 E168.48859
G1 X111.125 Y101.277 E168.49073
G0 F515.5 X111.125 Y99.375
G0 F9000 X110.925 Y99.375
G0 X110.925 Y98.99
G0 X110.925 Y98.55
G1 F1500 E166.99073
G1 F900 Z5.81
G0 F9000 X110.925 Y98.55 Z5.81
G0 X111.95 Y112.55
;TIME_ELAPSED:772.648261
;LAYER:31
G0 X111.95 Y112.55 Z5.96
;TYPE:WALL-INNER
G1 F900 Z4.96
G1 F480 E168.5946
G1 F942.1 X108.064 Y112.55 E168.69154
G1 X108.063 Y112.45 E168.69403
G1 X111.95 Y112.45 E168.71835
G1 X112.05 Y112.45 E168.72084
G1 X112.05 Y112.55 E168.72246
G1 X112.05 Y114.45 E168.76986
G1 X118.05 Y114.45 E168.91953
G1 X118.05 Y114.55 E168.92202
G1 X112.05 Y114.55 E168.95954
G1 X111.95 Y114.55 E168.96116
G1 X111.95 Y114.45 E168.96278
G1 X111.95 Y112.55 E168.97466
G0 F9000 X111.55 Y112.95
G1 F942.1 X107.664 Y112.95 E169.0716
G1 X107.663 Y112.249 E169.08909
G1 X107.663 Y112.05 E169.09405
G1 X107.862 Y112.05 E169.09726
G1 X112.45 Y112.05 E169.21171
G1 X112.45 Y114.05 E169.2616
G1 X118.45 Y114.05 E169.41127
G1 X118.45 Y114.95 E169.43372
G1 X111.55 Y114.95 E169.60584
G1 X111.55 Y114.615 E169.6142
G0 F847.9 X111.55 Y112.95
G0 F9000 X111.125 Y113.375
;TYPE:WALL-OUTER
G1 F480 E169.65573
G1 F565.2 X107.239 Y113.375 E169.74055
G1 X107.238 Y111.8 E169.77493
G1 X107.238 Y111.625 E169.77875
G1 X107.413 Y111.625 E169.78122
G1 X112.875 Y111.625 E169.90044
G1 X112.875 Y113.625 E169.94409
G1 X118.875 Y113.625 E170.07506
G1 X118.875 Y115.375 E170.11325
G1 X111.125 Y115.375 E170.28241
G1 X111.125 Y115.277 E170.28455
G0 F508.7 X111.125 Y113.375
G0 F9000 X110.925 Y113.375
G0 X110.925 Y112.99
G0 X110.925 Y112.55
G1 F1500 E168.78455
G1 F900 Z5.96
G0 F9000 X110.925 Y112.55 Z5.96
G0 X111.95 Y105.55
;TYPE:WALL-INNER
G1 F900 Z4.96
G1 F480 E170.38843
G1 F942.1 X108.064 Y105.55 E170.48537
G1 X108.063 Y105.45 E170.48786
G1 X111.95 Y105.45 E170.51217
G1 X112.05 Y105.45 E170.51467
G1 X112.05 Y105.55 E170.51629
G1 X112.05 Y107.45 E170.56368
G1 X118.05 Y107.45 E170.71336
G1 X118.05 Y107.55 E170.71585
G1 X112.05 Y107.55 E170.75336
G1 X111.95 Y107.55 E170.75499
G1 X111.95 Y107.45 E170.75661
G1 X111.95 Y105.55 E170.76849
G0 F9000 X111.55 Y105.95
G1 F942.1 X107.664 Y105.95 E170.86542
G1 X107.663 Y105.249 E170.88291
G1 X107.663 Y105.05 E170.88787
G1 X107.862 Y105.05 E170.89109
G1 X112.45 Y105.05 E171.00553
G1 X112.45 Y107.05 E171.05543
G1 X118.45 Y107.05 E171.2051
G1 X118.45 Y107.95 E171.22755
G1 X111.55 Y107.95 E171.39967
G1 X111.55 Y107.615 E171.40802
G0 F847.9 X111.55 Y105.95
G0 F9000 X111.125 Y106.375
;TYPE:WALL-OUTER
G1 F480 E171.44956
G1 F565.2 X107.239 Y106.375 E171.53438
G1 X107.238 Y104.8 E171.56875
G1 X107.238 Y104.625 E171.57257
G1 X107.413 Y104.625 E171.57505
G1 X112.875 Y104.625 E171.69427
G1 X112.875 Y106.625 E171.73792
G1 X118.875 Y106.625 E171.86888
G1 X118.875 Y108.375 E171.90708
G1 X111.125 Y108.375 E172.07624
G1 X111.125 Y108.277 E172.07838
G0 F508.7 X111.125 Y106.375
G0 F9000 X110.925 Y106.375
G0 X110.925 Y105.99
G0 X110.925 Y105.55
G1 F1500 E170.57838
G1 F900 Z5.96
G0 F9000 X110.925 Y105.55 Z5.96
G0 X111.95 Y98.55
;TYPE:WALL-INNER
G1 F900 Z4.96
G1 F480 E172.18225
G1 F942.1 X108.064 Y98.55 E172.27919
G1 X108.063 Y98.45 E172.28169
G1 X111.95 Y98.45 E172.306
G1 X112.05 Y98.45 E172.30849
G1 X112.05 Y98.55 E172.31011
G1 X112.05 Y100.45 E172.35751
G1 X118.05 Y100.45 E172.50718
G1 X118.05 Y100.55 E172.50967
G1 X112.05 Y100.55 E172.54719
G1 X111.95 Y100.55 E172.54881
G1 X111.95 Y100.45 E172.55043
G1 X111.95 Y98.55 E172.56231
G0 F9000 X111.55 Y98.95
G1 F942.1 X107.664 Y98.95 E172.65925
G1 X107.663 Y98.249 E172.67674
G1 X107.663 Y98.05 E172.6817
G1 X107.862 Y98.05 E172.68491
G1 X112.45 Y98.05 E172.79936
G1 X112.45 Y100.05 E172.84925
G1 X118.45 Y100.05 E172.99892
G1 X118.45 Y100.95 E173.02137
G1 X111.55 Y100.95 E173.19349
G1 X111.55 Y100.615 E173.20185
G0 F847.9 X111.55 Y98.95
G0 F9000 X111.125 Y99.375
;TYPE:WALL-OUTER
G1 F480 E173.24338
G1 F565.2 X107.239 Y99.375 E173.3282
G1 X107.238 Y97.8 E173.36258
G1 X107.238 Y97.625 E173.3664
G1 X107.413 Y97.625 E173.36887
G1 X112.875 Y97.625 E173.48809
G1 X112.875 Y99.625 E173.53174
G1 X118.875 Y99.625 E173.66271
G1 X118.875 Y101.375 E173.7009
G1 X111.125 Y101.375 E173.87006
G1 X111.125 Y101.277 E173.8722
G0 F508.7 X111.125 Y99.375
G0 F9000 X110.925 Y99.375
G0 X110.925 Y98.99
G0 X110.925 Y98.55
G1 F1500 E172.3722
G1 F900 Z5.96
G0 F9000 X110.925 Y98.55 Z5.96
G0 X111.95 Y112.55
;TIME_ELAPSED:795.973341
;LAYER:32
G0 X111.95 Y112.55 Z6.11
;TYPE:WALL-INNER
G1 F900 Z5.11
G1 F480 E173.97608
G1 F927.2 X108.285 Y112.55 E174.0675
G1 X108.284 Y112.45 E174.07
G1 X111.95 Y112.45 E174.09293
G1 X112.05 Y112.45 E174.09542
G1 X112.05 Y112.55 E174.09704
G1 X112.05 Y114.45 E174.14444
G1 X118.05 Y114.45 E174.29411
G1 X118.05 Y114.55 E174.29661
G1 X112.05 Y114.55 E174.33412
G1 X111.95 Y114.55 E174.33574
G1 X111.95 Y114.45 E174.33736
G1 X111.95 Y112.55 E174.34924
G0 F9000 X111.55 Y112.95
G1 F927.2 X107.885 Y112.95 E174.44067
G1 X107.884 Y112.249 E174.45815
G1 X107.884 Y112.05 E174.46312
G1 X108.083 Y112.05 E174.46633
G1 X112.45 Y112.05 E174.57526
G1 X112.45 Y114.05 E174.62515
G1 X118.45 Y114.05 E174.77483
G1 X118.45 Y114.95 E174.79728
G1 X111.55 Y114.95 E174.9694
G1 X111.55 Y114.615 E174.97775
G0 F834.5 X111.55 Y112.95
G0 F9000 X111.125 Y113.375
;TYPE:WALL-OUTER
G1 F480 E175.01929
G1 F556.3 X107.46 Y113.375 E175.09928
G1 X107.459 Y111.8 E175.13366
G1 X107.459 Y111.625 E175.13748
G1 X107.634 Y111.625 E175.13995
G1 X112.875 Y111.625 E175.25435
G1 X112.875 Y113.625 E175.298
G1 X118.875 Y113.625 E175.42896
G1 X118.875 Y115.375 E175.46716
G1 X111.125 Y115.375 E175.63632
G1 X111.125 Y115.277 E175.63846
G0 F500.7 X111.125 Y113.375
G0 F9000 X110.925 Y113.375
G0 X110.925 Y112.99
G0 X110.925 Y112.55
G1 F1500 E174.13846
G1 F900 Z6.11
G0 F9000 X110.925 Y112.55 Z6.11
G0 X111.95 Y105.55
;TYPE:WALL-INNER
G1 F900 Z5.11
G1 F480 E175.74234
G1 F927.2 X108.285 Y105.55 E175.83376
G1 X108.284 Y105.45 E175.83625
G1 X111.95 Y105.45 E175.85918
G1 X112.05 Y105.45 E175.86168
G1 X112.05 Y105.55 E175.8633
G1 X112.05 Y107.45 E175.9107
G1 X118.05 Y107.45 E176.06037
G1 X118.05 Y107.55 E176.06286
G1 X112.05 Y107.55 E176.10037
G1 X111.95 Y107.55 E176.102
G1 X111.95 Y107.45 E176.10362
G1 X111.95 Y105.55 E176.1155
G0 F9000 X111.55 Y105.95
G1 F927.2 X107.885 Y105.95 E176.20692
G1 X107.884 Y105.249 E176.22441
G1 X107.884 Y105.05 E176.22937
G1 X108.083 Y105.05 E176.23259
G1 X112.45 Y105.05 E176.34152
G1 X112.45 Y107.05 E176.39141
G1 X118.45 Y107.05 E176.54108
G1 X118.45 Y107.95 E176.56353
G1 X111.55 Y107.95 E176.73565
G1 X111.55 Y107.615 E176.74401
G0 F834.5 X111.55 Y105.95
G0 F9000 X111.125 Y106.375
;TYPE:WALL-OUTER
G1 F480 E176.78554
G1 F556.3 X107.46 Y106.375 E176.86554
G1 X107.459 Y104.8 E176.89992
G1 X107.459 Y104.625 E176.90374
G1 X107.634 Y104.625 E176.90621
G1 X112.875 Y104.625 E177.0206
G1 X112.875 Y106.625 E177.06426
G1 X118.875 Y106.625 E177.19522
G1 X118.875 Y108.375 E177.23342
G1 X111.125 Y108.375 E177.40258
G1 X111.125 Y108.277 E177.40472
G0 F500.7 X111.125 Y106.375
G0 F9000 X110.925 Y106.375
G0 X110.925 Y105.99
G0 X110.925 Y105.55
G1 F1500 E175.90472
G1 F900 Z6.11
G0 F9000 X110.925 Y105.55 Z6.11
G0 X111.95 Y98.55
;TYPE:WALL-INNER
G1 F900 Z5.11
G1 F480 E177.50859
G1 F927.2 X108.285 Y98.55 E177.60002
G1 X108.284 Y98.45 E177.60251
G1 X111.95 Y98.45 E177.62544
G1 X112.05 Y98.45 E177.62794
G1 X112.05 Y98.55 E177.62956
G1 X112.05 Y100.45 E177.67695
G1 X118.05 Y100.45 E177.82663
G1 X118.05 Y100.55 E177.82912
G1 X112.05 Y100.55 E177.86663
G1 X111.95 Y100.55 E177.86826
G1 X111.95 Y100.45 E177.86988
G1 X111.95 Y98.55 E177.88176
G0 F9000 X111.55 Y98.95
G1 F927.2 X107.885 Y98.95 E177.97318
G1 X107.884 Y98.249 E177.99067
G1 X107.884 Y98.05 E177.99563
G1 X108.083 Y98.05 E177.99884
G1 X112.45 Y98.05 E178.10778
G1 X112.45 Y100.05 E178.15767
G1 X118.45 Y100.05 E178.30734
G1 X118.45 Y100.95 E178.32979
G1 X111.55 Y100.95 E178.50191
G1 X111.55 Y100.615 E178.51027
G0 F834.5 X111.55 Y98.95
G0 F9000 X111.125 Y99.375
;TYPE:WALL-OUTER
G1 F480 E178.5518
G1 F556.3 X107.46 Y99.375 E178.6318
G1 X107.459 Y97.8 E178.66618
G1 X107.459 Y97.625 E178.66999
G1 X107.634 Y97.625 E178.67247
G1 X112.875 Y97.625 E178.78686
G1 X112.875 Y99.625 E178.83052
G1 X118.875 Y99.625 E178.96148
G1 X118.875 Y101.375 E178.99967
G1 X111.125 Y101.375 E179.16883
G1 X111.125 Y101.277 E179.17097
G0 F500.7 X111.125 Y99.375
G0 F9000 X110.925 Y99.375
G0 X110.925 Y98.99
G0 X110.925 Y98.55
G1 F1500 E177.67097
G1 F900 Z6.11
G0 F9000 X110.925 Y98.55 Z6.11
G0 X111.95 Y112.55
;TIME_ELAPSED:819.277894
;LAYER:33
G0 X111.95 Y112.55 Z6.26
;TYPE:WALL-INNER
G1 F900 Z5.26
G1 F480 E179.27485
G1 F910.6 X108.533 Y112.55 E179.36009
G1 X108.532 Y112.45 E179.36258
G1 X111.95 Y112.45 E179.38396
G1 X112.05 Y112.45 E179.38646
G1 X112.05 Y112.55 E179.38808
G1 X112.05 Y114.45 E179.43548
G1 X118.05 Y114.45 E179.58515
G1 X118.05 Y114.55 E179.58764
G1 X112.05 Y114.55 E179.62515
G1 X111.95 Y114.55 E179.62678
G1 X111.95 Y114.45 E179.6284
G1 X111.95 Y112.55 E179.64028
G0 F9000 X111.55 Y112.95
G1 F910.6 X108.133 Y112.95 E179.72552
G1 X108.132 Y112.249 E179.743
G1 X108.132 Y112.05 E179.74797
G1 X108.331 Y112.05 E179.75118
G1 X112.45 Y112.05 E179.85393
G1 X112.45 Y114.05 E179.90382
G1 X118.45 Y114.05 E180.05349
G1 X118.45 Y114.95 E180.07594
G1 X111.55 Y114.95 E180.24806
G1 X111.55 Y114.615 E180.25642
G0 F819.5 X111.55 Y112.95
G0 F9000 X111.125 Y113.375
;TYPE:WALL-OUTER
G1 F480 E180.29795
G1 F546.3 X107.708 Y113.375 E180.37253
G1 X107.707 Y111.8 E180.40691
G1 X107.707 Y111.625 E180.41073
G1 X107.882 Y111.625 E180.4132
G1 X112.875 Y111.625 E180.52218
G1 X112.875 Y113.625 E180.56584
G1 X118.875 Y113.625 E180.6968
G1 X118.875 Y115.375 E180.735
G1 X111.125 Y115.375 E180.90416
G1 X111.125 Y115.277 E180.90629
G0 F491.7 X111.125 Y113.375
G0 F9000 X110.925 Y113.375
G0 X110.925 Y112.99
G0 X110.925 Y112.55
G1 F1500 E179.40629
G1 F900 Z6.26
G0 F9000 X110.925 Y112.55 Z6.26
G0 X111.95 Y105.55
;TYPE:WALL-INNER
G1 F900 Z5.26
G1 F480 E181.01017
G1 F910.6 X108.533 Y105.55 E181.09541
G1 X108.532 Y105.45 E181.0979
G1 X111.95 Y105.45 E181.11928
G1 X112.05 Y105.45 E181.12178
G1 X112.05 Y105.55 E181.1234
G1 X112.05 Y107.45 E181.1708
G1 X118.05 Y107.45 E181.32047
G1 X118.05 Y107.55 E181.32296
G1 X112.05 Y107.55 E181.36047
G1 X111.95 Y107.55 E181.3621
G1 X111.95 Y107.45 E181.36372
G1 X111.95 Y105.55 E181.3756
G0 F9000 X111.55 Y105.95
G1 F910.6 X108.133 Y105.95 E181.46084
G1 X108.132 Y105.249 E181.47832
G1 X108.132 Y105.05 E181.48329
G1 X108.331 Y105.05 E181.4865
G1 X112.45 Y105.05 E181.58925
G1 X112.45 Y107.05 E181.63914
G1 X118.45 Y107.05 E181.78881
G1 X118.45 Y107.95 E181.81126
G1 X111.55 Y107.95 E181.98338
G1 X111.55 Y107.615 E181.99174
G0 F819.5 X111.55 Y105.95
G0 F9000 X111.125 Y106.375
;TYPE:WALL-OUTER
G1 F480 E182.03327
G1 F546.3 X107.708 Y106.375 E182.10785
G1 X107.707 Y104.8 E182.14223
G1 X107.707 Y104.625 E182.14605
G1 X107.882 Y104.625 E182.14852
G1 X112.875 Y104.625 E182.2575
G1 X112.875 Y106.625 E182.30116
G1 X118.875 Y106.625 E182.43212
G1 X118.875 Y108.375 E182.47032
G1 X111.125 Y108.375 E182.63948
G1 X111.125 Y108.277 E182.64162
G0 F491.7 X111.125 Y106.375
G0 F9000 X110.925 Y106.375
G0 X110.925 Y105.99
G0 X110.925 Y105.55
G1 F1500 E181.14162
G1 F900 Z6.26
G0 F9000 X110.925 Y105.55 Z6.26
G0 X111.95 Y98.55
;TYPE:WALL-INNER
G1 F900 Z5.26
G1 F480 E182.74549
G1 F910.6 X108.533 Y98.55 E182.83073
G1 X108.532 Y98.45 E182.83323
G1 X111.95 Y98.45 E182.8546
G1 X112.05 Y98.45 E182.8571
G1 X112.05 Y98.55 E182.85872
G1 X112.05 Y100.45 E182.90612
G1 X118.05 Y100.45 E183.05579
G1 X118.05 Y100.55 E183.05828
G1 X112.05 Y100.55 E183.09579
G1 X111.95 Y100.55 E183.09742
G1 X111.95 Y100.45 E183.09904
G1 X111.95 Y98.55 E183.11092
G0 F9000 X111.55 Y98.95
G1 F910.6 X108.133 Y98.95 E183.19616
G1 X108.132 Y98.249 E183.21365
G1 X108.132 Y98.05 E183.21861
G1 X108.331 Y98.05 E183.22182
G1 X112.45 Y98.05 E183.32457
G1 X112.45 Y100.05 E183.37446
G1 X118.45 Y100.05 E183.52413
G1 X118.45 Y100.95 E183.54658
G1 X111.55 Y100.95 E183.7187
G1 X111.55 Y100.615 E183.72706
G0 F819.5 X111.55 Y98.95
G0 F9000 X111.125 Y99.375
;TYPE:WALL-OUTER
G1 F480 E183.76859
G1 F546.3 X107.708 Y99.375 E183.84318
G1 X107.707 Y97.8 E183.87755
G1 X107.707 Y97.625 E183.88137
G1 X107.882 Y97.625 E183.88384
G1 X112.875 Y97.625 E183.99283
G1 X112.875 Y99.625 E184.03648
G1 X118.875 Y99.625 E184.16744
G1 X118.875 Y101.375 E184.20564
G1 X111.125 Y101.375 E184.3748
G1 X111.125 Y101.277 E184.37694
G0 F491.7 X111.125 Y99.375
G0 F9000 X110.925 Y99.375
G0 X110.925 Y98.99
G0 X110.925 Y98.55
G1 F1500 E182.87694
G1 F900 Z6.26
G0 F9000 X110.925 Y98.55 Z6.26
G0 X111.95 Y112.55
;TIME_ELAPSED:842.559669
;LAYER:34
G0 X111.95 Y112.55 Z6.41
;TYPE:WALL-INNER
G1 F900 Z5.41
G1 F480 E184.48081
G1 F891.6 X108.815 Y112.55 E184.55902
G1 X108.814 Y112.45 E184.56151
G1 X111.95 Y112.45 E184.58113
G1 X112.05 Y112.45 E184.58362
G1 X112.05 Y112.55 E184.58525
G1 X112.05 Y114.45 E184.63264
G1 X118.05 Y114.45 E184.78231
G1 X118.05 Y114.55 E184.78481
G1 X112.05 Y114.55 E184.82232
G1 X111.95 Y114.55 E184.82394
G1 X111.95 Y114.45 E184.82557
G1 X111.95 Y112.55 E184.83745
G0 F9000 X111.55 Y112.95
G1 F891.6 X108.415 Y112.95 E184.91565
G1 X108.414 Y112.249 E184.93313
G1 X108.414 Y112.05 E184.9381
G1 X108.613 Y112.05 E184.94131
G1 X112.45 Y112.05 E185.03702
G1 X112.45 Y114.05 E185.08691
G1 X118.45 Y114.05 E185.23659
G1 X118.45 Y114.95 E185.25904
G1 X111.55 Y114.95 E185.43116
G1 X111.55 Y114.615 E185.43951
G0 F802.5 X111.55 Y112.95
G0 F9000 X111.125 Y113.375
;TYPE:WALL-OUTER
G1 F480 E185.48105
G1 F535 X107.99 Y113.375 E185.54947
G1 X107.989 Y111.8 E185.58385
G1 X107.989 Y111.625 E185.58767
G1 X108.164 Y111.625 E185.59014
G1 X112.875 Y111.625 E185.69297
G1 X112.875 Y113.625 E185.73662
G1 X118.875 Y113.625 E185.86759
G1 X118.875 Y115.375 E185.90578
G1 X111.125 Y115.375 E186.07494
G1 X111.125 Y115.277 E186.07708
G0 F481.5 X111.125 Y113.375
G0 F9000 X110.925 Y113.375
G0 X110.925 Y112.99
G0 X110.925 Y112.55
G1 F1500 E184.57708
G1 F900 Z6.41
G0 F9000 X110.925 Y112.55 Z6.41
G0 X111.95 Y105.55
;TYPE:WALL-INNER
G1 F900 Z5.41
G1 F480 E186.18096
G1 F891.6 X108.815 Y105.55 E186.25916
G1 X108.814 Y105.45 E186.26166
G1 X111.95 Y105.45 E186.28127
G1 X112.05 Y105.45 E186.28377
G1 X112.05 Y105.55 E186.28539
G1 X112.05 Y107.45 E186.33279
G1 X118.05 Y107.45 E186.48246
G1 X118.05 Y107.55 E186.48495
G1 X112.05 Y107.55 E186.52246
G1 X111.95 Y107.55 E186.52409
G1 X111.95 Y107.45 E186.52571
G1 X111.95 Y105.55 E186.53759
G0 F9000 X111.55 Y105.95
G1 F891.6 X108.415 Y105.95 E186.61579
G1 X108.414 Y105.249 E186.63328
G1 X108.414 Y105.05 E186.63824
G1 X108.613 Y105.05 E186.64145
G1 X112.45 Y105.05 E186.73717
G1 X112.45 Y107.05 E186.78706
G1 X118.45 Y107.05 E186.93673
G1 X118.45 Y107.95 E186.95918
G1 X111.55 Y107.95 E187.1313
G1 X111.55 Y107.615 E187.13966
G0 F802.5 X111.55 Y105.95
G0 F9000 X111.125 Y106.375
;TYPE:WALL-OUTER
G1 F480 E187.18119
G1 F535 X107.99 Y106.375 E187.24962
G1 X107.989 Y104.8 E187.284
G1 X107.989 Y104.625 E187.28782
G1 X108.164 Y104.625 E187.29029
G1 X112.875 Y104.625 E187.39312
G1 X112.875 Y106.625 E187.43677
G1 X118.875 Y106.625 E187.56773
G1 X118.875 Y108.375 E187.60593
G1 X111.125 Y108.375 E187.77509
G1 X111.125 Y108.277 E187.77723
G0 F481.5 X111.125 Y106.375
G0 F9000 X110.925 Y106.375
G0 X110.925 Y105.99
G0 X110.925 Y105.55
G1 F1500 E186.27723
G1 F900 Z6.41
G0 F9000 X110.925 Y105.55 Z6.41
G0 X111.95 Y98.55
;TYPE:WALL-INNER
G1 F900 Z5.41
G1 F480 E187.8811
G1 F891.6 X108.815 Y98.55 E187.95931
G1 X108.814 Y98.45 E187.9618
G1 X111.95 Y98.45 E187.98142
G1 X112.05 Y98.45 E187.98391
G1 X112.05 Y98.55 E187.98554
G1 X112.05 Y100.45 E188.03293
G1 X118.05 Y100.45 E188.1826
G1 X118.05 Y100.55 E188.1851
G1 X112.05 Y100.55 E188.22261
G1 X111.95 Y100.55 E188.22423
G1 X111.95 Y100.45 E188.22586
G1 X111.95 Y98.55 E188.23773
G0 F9000 X111.55 Y98.95
G1 F891.6 X108.415 Y98.95 E188.31594
G1 X108.414 Y98.249 E188.33342
G1 X108.414 Y98.05 E188.33839
G1 X108.613 Y98.05 E188.3416
G1 X112.45 Y98.05 E188.43731
G1 X112.45 Y100.05 E188.4872
G1 X118.45 Y100.05 E188.63687
G1 X118.45 Y100.95 E188.65932
G1 X111.55 Y100.95 E188.83145
G1 X111.55 Y100.615 E188.8398
G0 F802.5 X111.55 Y98.95
G0 F9000 X111.125 Y99.375
;TYPE:WALL-OUTER
G1 F480 E188.88134
G1 F535 X107.99 Y99.375 E188.94976
G1 X107.989 Y97.8 E188.98414
G1 X107.989 Y97.625 E188.98796
G1 X108.164 Y97.625 E188.99043
G1 X112.875 Y97.625 E189.09326
G1 X112.875 Y99.625 E189.13691
G1 X118.875 Y99.625 E189.26788
G1 X118.875 Y101.375 E189.30607
G1 X111.125 Y101.375 E189.47523
G1 X111.125 Y101.277 E189.47737
G0 F481.5 X111.125 Y99.375
G0 F9000 X110.925 Y99.375
G0 X110.925 Y98.99
G0 X110.925 Y98.55
G1 F1500 E187.97737
G1 F900 Z6.41
G0 F9000 X110.925 Y98.55 Z6.41
G0 X111.95 Y112.55
;TIME_ELAPSED:865.815890
;LAYER:35
G0 X111.95 Y112.55 Z6.56
;TYPE:WALL-INNER
G1 F900 Z5.56
G1 F480 E189.58125
G1 F868.9 X109.153 Y112.55 E189.65102
G1 X109.152 Y112.45 E189.65351
G1 X111.95 Y112.45 E189.67102
G1 X112.05 Y112.45 E189.67351
G1 X112.05 Y112.55 E189.67514
G1 X112.05 Y114.45 E189.72253
G1 X118.05 Y114.45 E189.8722
G1 X118.05 Y114.55 E189.8747
G1 X112.05 Y114.55 E189.91221
G1 X111.95 Y114.55 E189.91383
G1 X111.95 Y114.45 E189.91546
G1 X111.95 Y112.55 E189.92733
G0 F9000 X111.55 Y112.95
G1 F868.9 X108.753 Y112.95 E189.99711
G1 X108.752 Y112.249 E190.01459
G1 X108.752 Y112.05 E190.01956
G1 X108.951 Y112.05 E190.02277
G1 X112.45 Y112.05 E190.11005
G1 X112.45 Y114.05 E190.15994
G1 X118.45 Y114.05 E190.30961
G1 X118.45 Y114.95 E190.33206
G1 X111.55 Y114.95 E190.50418
G1 X111.55 Y114.615 E190.51254
G0 F782 X111.55 Y112.95
G0 F9000 X111.125 Y113.375
;TYPE:WALL-OUTER
G1 F480 E190.55407
G1 F521.4 X108.328 Y113.375 E190.61512
G1 X108.327 Y111.8 E190.6495
G1 X108.327 Y111.625 E190.65332
G1 X108.502 Y111.625 E190.65579
G1 X112.875 Y111.625 E190.75124
G1 X112.875 Y113.625 E190.7949
G1 X118.875 Y113.625 E190.92586
G1 X118.875 Y115.375 E190.96405
G1 X111.125 Y115.375 E191.13321
G1 X111.125 Y115.277 E191.13535
G0 F469.2 X111.125 Y113.375
G0 F9000 X110.925 Y113.375
G0 X110.925 Y112.99
G0 X110.925 Y112.55
G1 F1500 E189.63535
G1 F900 Z6.56
G0 F9000 X110.925 Y112.55 Z6.56
G0 X111.95 Y105.55
;TYPE:WALL-INNER
G1 F900 Z5.56
G1 F480 E191.23923
G1 F868.9 X109.153 Y105.55 E191.309
G1 X109.152 Y105.45 E191.3115
G1 X111.95 Y105.45 E191.329
G1 X112.05 Y105.45 E191.33149
G1 X112.05 Y105.55 E191.33312
G1 X112.05 Y107.45 E191.38051
G1 X118.05 Y107.45 E191.53018
G1 X118.05 Y107.55 E191.53268
G1 X112.05 Y107.55 E191.57019
G1 X111.95 Y107.55 E191.57181
G1 X111.95 Y107.45 E191.57344
G1 X111.95 Y105.55 E191.58532
G0 F9000 X111.55 Y105.95
G1 F868.9 X108.753 Y105.95 E191.65509
G1 X108.752 Y105.249 E191.67257
G1 X108.752 Y105.05 E191.67754
G1 X108.951 Y105.05 E191.68075
G1 X112.45 Y105.05 E191.76803
G1 X112.45 Y107.05 E191.81792
G1 X118.45 Y107.05 E191.96759
G1 X118.45 Y107.95 E191.99004
G1 X111.55 Y107.95 E192.16217
G1 X111.55 Y107.615 E192.17052
G0 F782 X111.55 Y105.95
G0 F9000 X111.125 Y106.375
;TYPE:WALL-OUTER
G1 F480 E192.21206
G1 F521.4 X108.328 Y106.375 E192.27311
G1 X108.327 Y104.8 E192.30748
G1 X108.327 Y104.625 E192.3113
G1 X108.502 Y104.625 E192.31377
G1 X112.875 Y104.625 E192.40922
G1 X112.875 Y106.625 E192.45288
G1 X118.875 Y106.625 E192.58384
G1 X118.875 Y108.375 E192.62204
G1 X111.125 Y108.375 E192.7912
G1 X111.125 Y108.277 E192.79333
G0 F469.2 X111.125 Y106.375
G0 F9000 X110.925 Y106.375
G0 X110.925 Y105.99
G0 X110.925 Y105.55
G1 F1500 E191.29333
G1 F900 Z6.56
G0 F9000 X110.925 Y105.55 Z6.56
G0 X111.95 Y98.55
;TYPE:WALL-INNER
G1 F900 Z5.56
G1 F480 E192.89721
G1 F868.9 X109.153 Y98.55 E192.96698
G1 X109.152 Y98.45 E192.96948
G1 X111.95 Y98.45 E192.98698
G1 X112.05 Y98.45 E192.98948
G1 X112.05 Y98.55 E192.9911
G1 X112.05 Y100.45 E193.03849
G1 X118.05 Y100.45 E193.18817
G1 X118.05 Y100.55 E193.19066
G1 X112.05 Y100.55 E193.22817
G1 X111.95 Y100.55 E193.2298
G1 X111.95 Y100.45 E193.23142
G1 X111.95 Y98.55 E193.2433
G0 F9000 X111.55 Y98.95
G1 F868.9 X108.753 Y98.95 E193.31307
G1 X108.752 Y98.249 E193.33056
G1 X108.752 Y98.05 E193.33552
G1 X108.951 Y98.05 E193.33873
G1 X112.45 Y98.05 E193.42601
G1 X112.45 Y100.05 E193.4759
G1 X118.45 Y100.05 E193.62558
G1 X118.45 Y100.95 E193.64803
G1 X111.55 Y100.95 E193.82015
G1 X111.55 Y100.615 E193.8285
G0 F782 X111.55 Y98.95
G0 F9000 X111.125 Y99.375
;TYPE:WALL-OUTER
G1 F480 E193.87004
G1 F521.4 X108.328 Y99.375 E193.93109
G1 X108.327 Y97.8 E193.96546
G1 X108.327 Y97.625 E193.96928
G1 X108.502 Y97.625 E193.97176
G1 X112.875 Y97.625 E194.06721
G1 X112.875 Y99.625 E194.11086
G1 X118.875 Y99.625 E194.24182
G1 X118.875 Y101.375 E194.28002
G1 X111.125 Y101.375 E194.44918
G1 X111.125 Y101.277 E194.45132
G0 F469.2 X111.125 Y99.375
G0 F9000 X110.925 Y99.375
G0 X110.925 Y98.99
G0 X110.925 Y98.55
G1 F1500 E192.95132
G1 F900 Z6.56
G0 F9000 X110.925 Y98.55 Z6.56
G0 X111.95 Y112.55
;TIME_ELAPSED:889.042344
;LAYER:36
G0 X111.95 Y112.55 Z6.71
;TYPE:WALL-INNER
G1 F900 Z5.71
G1 F480 E194.55519
G1 F841.3 X109.564 Y112.55 E194.61471
G1 X109.563 Y112.45 E194.61721
G1 X111.95 Y112.45 E194.63214
G1 X112.05 Y112.45 E194.63464
G1 X112.05 Y112.55 E194.63626
G1 X112.05 Y114.45 E194.68365
G1 X118.05 Y114.45 E194.83333
G1 X118.05 Y114.55 E194.83582
G1 X112.05 Y114.55 E194.87333
G1 X111.95 Y114.55 E194.87496
G1 X111.95 Y114.45 E194.87658
G1 X111.95 Y112.55 E194.88846
G0 F9000 X111.55 Y112.95
G1 F841.3 X109.164 Y112.95 E194.94798
G1 X109.163 Y112.249 E194.96546
G1 X109.163 Y112.05 E194.97043
G1 X109.362 Y112.05 E194.97364
G1 X112.45 Y112.05 E195.05067
G1 X112.45 Y114.05 E195.10056
G1 X118.45 Y114.05 E195.25023
G1 X118.45 Y114.95 E195.27268
G1 X111.55 Y114.95 E195.4448
G1 X111.55 Y114.615 E195.45316
G0 F757.2 X111.55 Y112.95
G0 F9000 X111.125 Y113.375
;TYPE:WALL-OUTER
G1 F480 E195.49469
G1 F504.8 X108.739 Y113.375 E195.54677
G1 X108.738 Y111.8 E195.58115
G1 X108.738 Y111.625 E195.58497
G1 X108.913 Y111.625 E195.58744
G1 X112.875 Y111.625 E195.67392
G1 X112.875 Y113.625 E195.71757
G1 X118.875 Y113.625 E195.84853
G1 X118.875 Y115.375 E195.88673
G1 X111.125 Y115.375 E196.05589
G1 X111.125 Y115.277 E196.05803
G0 F454.3 X111.125 Y113.375
G0 F9000 X110.925 Y113.375
G0 X110.925 Y112.99
G0 X110.925 Y112.55
G1 F1500 E194.55803
G1 F900 Z6.71
G0 F9000 X110.925 Y112.55 Z6.71
G0 X111.95 Y105.55
;TYPE:WALL-INNER
G1 F900 Z5.71
G1 F480 E196.16191
G1 F841.3 X109.564 Y105.55 E196.22143
G1 X109.563 Y105.45 E196.22392
G1 X111.95 Y105.45 E196.23885
G1 X112.05 Y105.45 E196.24135
G1 X112.05 Y105.55 E196.24297
G1 X112.05 Y107.45 E196.29037
G1 X118.05 Y107.45 E196.44004
G1 X118.05 Y107.55 E196.44253
G1 X112.05 Y107.55 E196.48004
G1 X111.95 Y107.55 E196.48167
G1 X111.95 Y107.45 E196.48329
G1 X111.95 Y105.55 E196.49517
G0 F9000 X111.55 Y105.95
G1 F841.3 X109.164 Y105.95 E196.55469
G1 X109.163 Y105.249 E196.57218
G1 X109.163 Y105.05 E196.57714
G1 X109.362 Y105.05 E196.58035
G1 X112.45 Y105.05 E196.65738
G1 X112.45 Y107.05 E196.70727
G1 X118.45 Y107.05 E196.85694
G1 X118.45 Y107.95 E196.87939
G1 X111.55 Y107.95 E197.05152
G1 X111.55 Y107.615 E197.05987
G0 F757.2 X111.55 Y105.95
G0 F9000 X111.125 Y106.375
;TYPE:WALL-OUTER
G1 F480 E197.10141
G1 F504.8 X108.739 Y106.375 E197.15348
G1 X108.738 Y104.8 E197.18786
G1 X108.738 Y104.625 E197.19168
G1 X108.913 Y104.625 E197.19415
G1 X112.875 Y104.625 E197.28063
G1 X112.875 Y106.625 E197.32429
G1 X118.875 Y106.625 E197.45525
G1 X118.875 Y108.375 E197.49345
G1 X111.125 Y108.375 E197.6626
G1 X111.125 Y108.277 E197.66474
G0 F454.3 X111.125 Y106.375
G0 F9000 X110.925 Y106.375
G0 X110.925 Y105.99
G0 X110.925 Y105.55
G1 F1500 E196.16474
G1 F900 Z6.71
G0 F9000 X110.925 Y105.55 Z6.71
G0 X111.95 Y98.55
;TYPE:WALL-INNER
G1 F900 Z5.71
G1 F480 E197.76862
G1 F841.3 X109.564 Y98.55 E197.82814
G1 X109.563 Y98.45 E197.83063
G1 X111.95 Y98.45 E197.84557
G1 X112.05 Y98.45 E197.84806
G1 X112.05 Y98.55 E197.84969
G1 X112.05 Y100.45 E197.89708
G1 X118.05 Y100.45 E198.04675
G1 X118.05 Y100.55 E198.04925
G1 X112.05 Y100.55 E198.08676
G1 X111.95 Y100.55 E198.08838
G1 X111.95 Y100.45 E198.09001
G1 X111.95 Y98.55 E198.10188
G0 F9000 X111.55 Y98.95
G1 F841.3 X109.164 Y98.95 E198.1614
G1 X109.163 Y98.249 E198.17889
G1 X109.163 Y98.05 E198.18385
G1 X109.362 Y98.05 E198.18707
G1 X112.45 Y98.05 E198.2641
G1 X112.45 Y100.05 E198.31399
G1 X118.45 Y100.05 E198.46366
G1 X118.45 Y100.95 E198.48611
G1 X111.55 Y100.95 E198.65823
G1 X111.55 Y100.615 E198.66659
G0 F757.2 X111.55 Y98.95
G0 F9000 X111.125 Y99.375
;TYPE:WALL-OUTER
G1 F480 E198.70812
G1 F504.8 X108.739 Y99.375 E198.7602
G1 X108.738 Y97.8 E198.79458
G1 X108.738 Y97.625 E198.7984
G1 X108.913 Y97.625 E198.80087
G1 X112.875 Y97.625 E198.88735
G1 X112.875 Y99.625 E198.931
G1 X118.875 Y99.625 E199.06196
G1 X118.875 Y101.375 E199.10016
G1 X111.125 Y101.375 E199.26932
G1 X111.125 Y101.277 E199.27146
G0 F454.3 X111.125 Y99.375
G0 F9000 X110.925 Y99.375
G0 X110.925 Y98.99
G0 X110.925 Y98.55
G1 F1500 E197.77146
G1 F900 Z6.71
G0 F9000 X110.925 Y98.55 Z6.71
G0 X111.95 Y112.55
;TIME_ELAPSED:912.233494
;LAYER:37
G0 X111.95 Y112.55 Z6.86
;TYPE:WALL-INNER
G1 F900 Z5.86
G1 F480 E199.37533
G1 F805.4 X110.099 Y112.55 E199.42151
G1 X110.098 Y112.45 E199.424
G1 X111.95 Y112.45 E199.43559
G1 X112.05 Y112.45 E199.43808
G1 X112.05 Y112.55 E199.43971
G1 X112.05 Y114.45 E199.4871
G1 X118.05 Y114.45 E199.63677
G1 X118.05 Y114.55 E199.63927
G1 X112.05 Y114.55 E199.67678
G1 X111.95 Y114.55 E199.6784
G1 X111.95 Y114.45 E199.68003
G1 X111.95 Y112.55 E199.69191
G0 F9000 X111.55 Y112.95
G1 F805.4 X109.699 Y112.95 E199.73808
G1 X109.698 Y112.249 E199.75557
G1 X109.698 Y112.05 E199.76053
G1 X109.897 Y112.05 E199.76374
G1 X112.45 Y112.05 E199.82743
G1 X112.45 Y114.05 E199.87732
G1 X118.45 Y114.05 E200.02699
G1 X118.45 Y114.95 E200.04944
G1 X111.55 Y114.95 E200.22156
G1 X111.55 Y114.615 E200.22992
G0 F724.8 X111.55 Y112.95
G0 F9000 X111.125 Y113.375
;TYPE:WALL-OUTER
G1 F480 E200.27145
G1 F483.2 X109.274 Y113.375 E200.31185
G1 X109.273 Y111.8 E200.34623
G1 X109.273 Y111.625 E200.35005
G1 X109.448 Y111.625 E200.35252
G1 X112.875 Y111.625 E200.42732
G1 X112.875 Y113.625 E200.47098
G1 X118.875 Y113.625 E200.60194
G1 X118.875 Y115.375 E200.64014
G1 X111.125 Y115.375 E200.80929
G1 X111.125 Y115.277 E200.81143
G0 F434.9 X111.125 Y113.375
G0 F9000 X110.925 Y113.375
G0 X110.925 Y112.99
G0 X110.925 Y112.55
G1 F1500 E199.31143
G1 F900 Z6.86
G0 F9000 X110.925 Y112.55 Z6.86
G0 X111.95 Y105.55
;TYPE:WALL-INNER
G1 F900 Z5.86
G1 F480 E200.91531
G1 F805.4 X110.099 Y105.55 E200.96148
G1 X110.098 Y105.45 E200.96398
G1 X111.95 Y105.45 E200.97557
G1 X112.05 Y105.45 E200.97806
G1 X112.05 Y105.55 E200.97969
G1 X112.05 Y107.45 E201.02708
G1 X118.05 Y107.45 E201.17675
G1 X118.05 Y107.55 E201.17925
G1 X112.05 Y107.55 E201.21676
G1 X111.95 Y107.55 E201.21838
G1 X111.95 Y107.45 E201.22001
G1 X111.95 Y105.55 E201.23188
G0 F9000 X111.55 Y105.95
G1 F805.4 X109.699 Y105.95 E201.27806
G1 X109.698 Y105.249 E201.29554
G1 X109.698 Y105.05 E201.30051
G1 X109.897 Y105.05 E201.30372
G1 X112.45 Y105.05 E201.3674
G1 X112.45 Y107.05 E201.41729
G1 X118.45 Y107.05 E201.56697
G1 X118.45 Y107.95 E201.58942
G1 X111.55 Y107.95 E201.76154
G1 X111.55 Y107.615 E201.76989
G0 F724.8 X111.55 Y105.95
G0 F9000 X111.125 Y106.375
;TYPE:WALL-OUTER
G1 F480 E201.81143
G1 F483.2 X109.274 Y106.375 E201.85183
G1 X109.273 Y104.8 E201.88621
G1 X109.273 Y104.625 E201.89003
G1 X109.448 Y104.625 E201.8925
G1 X112.875 Y104.625 E201.9673
G1 X112.875 Y106.625 E202.01095
G1 X118.875 Y106.625 E202.14192
G1 X118.875 Y108.375 E202.18011
G1 X111.125 Y108.375 E202.34927
G1 X111.125 Y108.277 E202.35141
G0 F434.9 X111.125 Y106.375
G0 F9000 X110.925 Y106.375
G0 X110.925 Y105.99
G0 X110.925 Y105.55
G1 F1500 E200.85141
G1 F900 Z6.86
G0 F9000 X110.925 Y105.55 Z6.86
G0 X111.95 Y98.55
;TYPE:WALL-INNER
G1 F900 Z5.86
G1 F480 E202.45529
G1 F805.4 X110.099 Y98.55 E202.50146
G1 X110.098 Y98.45 E202.50396
G1 X111.95 Y98.45 E202.51554
G1 X112.05 Y98.45 E202.51804
G1 X112.05 Y98.55 E202.51966
G1 X112.05 Y100.45 E202.56706
G1 X118.05 Y100.45 E202.71673
G1 X118.05 Y100.55 E202.71922
G1 X112.05 Y100.55 E202.75673
G1 X111.95 Y100.55 E202.75836
G1 X111.95 Y100.45 E202.75998
G1 X111.95 Y98.55 E202.77186
G0 F9000 X111.55 Y98.95
G1 F805.4 X109.699 Y98.95 E202.81803
G1 X109.698 Y98.249 E202.83552
G1 X109.698 Y98.05 E202.84049
G1 X109.897 Y98.05 E202.8437
G1 X112.45 Y98.05 E202.90738
G1 X112.45 Y100.05 E202.95727
G1 X118.45 Y100.05 E203.10694
G1 X118.45 Y100.95 E203.12939
G1 X111.55 Y100.95 E203.30151
G1 X111.55 Y100.615 E203.30987
G0 F724.8 X111.55 Y98.95
G0 F9000 X111.125 Y99.375
;TYPE:WALL-OUTER
G1 F480 E203.3514
G1 F483.2 X109.274 Y99.375 E203.39181
G1 X109.273 Y97.8 E203.42618
G1 X109.273 Y97.625 E203.43
G1 X109.448 Y97.625 E203.43248
G1 X112.875 Y97.625 E203.50728
G1 X112.875 Y99.625 E203.55093
G1 X118.875 Y99.625 E203.68189
G1 X118.875 Y101.375 E203.72009
G1 X111.125 Y101.375 E203.88925
G1 X111.125 Y101.277 E203.89139
G0 F434.9 X111.125 Y99.375
G0 F9000 X110.925 Y99.375
G0 X110.925 Y98.99
G0 X110.925 Y98.55
G1 F1500 E202.39139
G1 F900 Z6.86
G0 F9000 X110.925 Y98.55 Z6.86
G0 X110.929 Y112.55
;TIME_ELAPSED:935.379696
;LAYER:38
G0 X110.929 Y112.55 Z7.01
;TYPE:WALL-INNER
G1 F900 Z6.01
G1 F480 E203.99526
G1 F750 X110.928 Y112.45 E203.99776
G1 X111.95 Y112.45 E204.02325
G1 X112.05 Y112.45 E204.02575
G1 X112.05 Y112.55 E204.02737
G1 X112.05 Y114.45 E204.07477
G1 X118.05 Y114.45 E204.22444
G1 X118.05 Y114.55 E204.22693
G1 X112.05 Y114.55 E204.26444
G1 X111.95 Y114.55 E204.26607
G1 X111.95 Y114.45 E204.26769
G1 X111.95 Y112.55 E204.27957
G1 X110.929 Y112.55 E204.28594
G0 F9000 X110.528 Y112.249
G1 F750 X110.528 Y112.05 E204.29091
G1 X110.727 Y112.05 E204.29412
G1 X112.45 Y112.05 E204.3371
G1 X112.45 Y114.05 E204.38699
G1 X118.45 Y114.05 E204.53666
G1 X118.45 Y114.95 E204.55911
G1 X111.55 Y114.95 E204.73123
G1 X111.55 Y112.95 E204.78112
G1 X111.493 Y112.95 E204.78255
G0 F675 X110.529 Y112.95
G0 X110.528 Y112.249
G0 F9000 X111.125 Y113.375
;TYPE:WALL-OUTER
G1 F480 E204.82408
G1 F450 X110.104 Y113.375 E204.84636
G1 X110.103 Y111.8 E204.88074
G1 X110.103 Y111.625 E204.88456
G1 X110.278 Y111.625 E204.88703
G1 X112.875 Y111.625 E204.94372
G1 X112.875 Y113.625 E204.98737
G1 X118.875 Y113.625 E205.11833
G1 X118.875 Y115.375 E205.15653
G1 X111.125 Y115.375 E205.32569
G1 X111.125 Y115.277 E205.32783
G0 F405 X111.125 Y113.375
G0 F9000 X110.925 Y113.375
G0 X110.925 Y112.99
G0 X110.929 Y112.551
G1 F1500 E203.82783
G1 F900 Z7.01
G0 F9000 X110.929 Y112.55 Z7.01
G0 X110.929 Y105.55
;TYPE:WALL-INNER
G1 F900 Z6.01
G1 F480 E205.43171
G1 F750 X110.928 Y105.45 E205.4342
G1 X111.95 Y105.45 E205.4597
G1 X112.05 Y105.45 E205.46219
G1 X112.05 Y105.55 E205.46381
G1 X112.05 Y107.45 E205.51121
G1 X118.05 Y107.45 E205.66088
G1 X118.05 Y107.55 E205.66337
G1 X112.05 Y107.55 E205.70089
G1 X111.95 Y107.55 E205.70251
G1 X111.95 Y107.45 E205.70413
G1 X111.95 Y105.55 E205.71601
G1 X110.929 Y105.55 E205.72239
G0 F9000 X110.528 Y105.249
G1 F750 X110.528 Y105.05 E205.72735
G1 X110.727 Y105.05 E205.73056
G1 X112.45 Y105.05 E205.77354
G1 X112.45 Y107.05 E205.82343
G1 X118.45 Y107.05 E205.9731
G1 X118.45 Y107.95 E205.99555
G1 X111.55 Y107.95 E206.16767
G1 X111.55 Y105.95 E206.21757
G1 X111.493 Y105.95 E206.21899
G0 F675 X110.529 Y105.95
G0 X110.528 Y105.249
G0 F9000 X111.125 Y106.375
;TYPE:WALL-OUTER
G1 F480 E206.26052
G1 F450 X110.104 Y106.375 E206.28281
G1 X110.103 Y104.8 E206.31718
G1 X110.103 Y104.625 E206.321
G1 X110.278 Y104.625 E206.32348
G1 X112.875 Y104.625 E206.38016
G1 X112.875 Y106.625 E206.42381
G1 X118.875 Y106.625 E206.55478
G1 X118.875 Y108.375 E206.59297
G1 X111.125 Y108.375 E206.76213
G1 X111.125 Y108.277 E206.76427
G0 F405 X111.125 Y106.375
G0 F9000 X110.925 Y106.375
G0 X110.925 Y105.99
G0 X110.929 Y105.551
G1 F1500 E205.26427
G1 F900 Z7.01
G0 F9000 X110.929 Y105.55 Z7.01
G0 X110.929 Y98.55
;TYPE:WALL-INNER
G1 F900 Z6.01
G1 F480 E206.86815
G1 F750 X110.928 Y98.45 E206.87064
G1 X111.95 Y98.45 E206.89614
G1 X112.05 Y98.45 E206.89863
G1 X112.05 Y98.55 E206.90026
G1 X112.05 Y100.45 E206.94765
G1 X118.05 Y100.45 E207.09732
G1 X118.05 Y100.55 E207.09982
G1 X112.05 Y100.55 E207.13733
G1 X111.95 Y100.55 E207.13895
G1 X111.95 Y100.45 E207.14058
G1 X111.95 Y98.55 E207.15245
G1 X110.929 Y98.55 E207.15883
G0 F9000 X110.528 Y98.249
G1 F750 X110.528 Y98.05 E207.16379
G1 X110.727 Y98.05 E207.167
G1 X112.45 Y98.05 E207.20998
G1 X112.45 Y100.05 E207.25987
G1 X118.45 Y100.05 E207.40954
G1 X118.45 Y100.95 E207.432
G1 X111.55 Y100.95 E207.60412
G1 X111.55 Y98.95 E207.65401
G1 X111.493 Y98.95 E207.65543
G0 F675 X110.529 Y98.95
G0 X110.528 Y98.249
G0 F9000 X111.125 Y99.375
;TYPE:WALL-OUTER
G1 F480 E207.69696
G1 F450 X110.104 Y99.375 E207.71925
G1 X110.103 Y97.8 E207.75363
G1 X110.103 Y97.625 E207.75744
G1 X110.278 Y97.625 E207.75992
G1 X112.875 Y97.625 E207.8166
G1 X112.875 Y99.625 E207.86026
G1 X118.875 Y99.625 E207.99122
G1 X118.875 Y101.375 E208.02941
G1 X111.125 Y101.375 E208.19857
G1 X111.125 Y101.277 E208.20071
G0 F405 X111.125 Y99.375
G0 F9000 X110.925 Y99.375
G0 X110.925 Y98.99
G0 X110.929 Y98.551
;TIME_ELAPSED:957.938844
G1 F1500 E206.70071
M107
; -- END GCODE --
; -- end of END GCODE --
M82 ;absolute extrusion mode
M104 S0
;End of Gcode
;SETTING_3 {"global_quality": "[general]\\nversion = 4\\nname = Low Quality #2\\
;SETTING_3 ndefinition = robor2\\n\\n[metadata]\\nquality_type = low\\nsetting_v
;SETTING_3 ersion = 4\\ntype = quality_changes\\n\\n[values]\\nadhesion_type = s
;SETTING_3 kirt\\n\\n", "extruder_quality": ["[general]\\nversion = 4\\nname = L
;SETTING_3 ow Quality #2\\ndefinition = robor2\\n\\n[metadata]\\nquality_type = 
;SETTING_3 low\\nposition = 0\\nsetting_version = 4\\ntype = quality_changes\\n\
;SETTING_3 \n[values]\\ninfill_sparse_density = 30\\n\\n"]}
