;FLAVOR:Marlin
;TIME:1499
;Filament used: 0.781993m
;Layer height: 0.15
;Generated with Cura_SteamEngine 3.4.1
M190 S70
M104 S220
M109 S220
M82 ;absolute extrusion mode
G92 E0 ;zero the extruded length
G1 X190 Y0 F7000 ;move to priming position
G1 Z2 ;raise bed
G1 F200 E10 ;extrude 10 mm of feed stock
G1 Z15 ;raise bed after priming
G92 E0 ;zero the extruded length again
G1 F7000;
G92 E0
G1 F1500 E-1.5
;LAYER_COUNT:33
;LAYER:0
M107
M204 S500
G0 F9000 X62.623 Y85.31 Z0.31
;TYPE:SKIRT
G1 F480 E0.06236
G1 F900 X63.065 Y85.048 E0.1021
G1 X63.542 Y84.858 E0.1418
G1 X64.042 Y84.744 E0.18146
G1 X64.522 Y84.709 E0.21867
G1 X96.479 Y84.71 E2.6899
G1 X96.991 Y84.75 E2.72962
G1 X97.49 Y84.869 E2.76929
G1 X97.965 Y85.064 E2.80899
G1 X98.404 Y85.33 E2.84869
G1 X98.797 Y85.661 E2.88842
G1 X99.133 Y86.049 E2.92811
G1 X99.405 Y86.484 E2.96778
G1 X99.606 Y86.957 E3.00753
G1 X99.732 Y87.455 E3.04725
G1 X99.779 Y87.954 E3.08601
G1 X99.827 Y90.775 E3.30419
G1 X100.138 Y96.264 E3.72933
G1 X100.753 Y101.685 E4.15123
G1 X101.686 Y107.124 E4.57797
G1 X102.249 Y109.737 E4.78467
G1 X102.902 Y112.404 E4.997
G1 X104.164 Y116.845 E5.35402
G1 X104.266 Y117.348 E5.3937
G1 X104.29 Y117.747 E5.42461
G1 X104.29 Y119.979 E5.59721
G1 X104.25 Y120.491 E5.63693
G1 X104.131 Y120.99 E5.6766
G1 X103.936 Y121.465 E5.7163
G1 X103.67 Y121.904 E5.756
G1 X103.339 Y122.297 E5.79573
G1 X102.951 Y122.633 E5.83542
G1 X102.516 Y122.905 E5.87509
G1 X102.043 Y123.106 E5.91484
G1 X101.748 Y123.191 E5.93858
G1 X97.475 Y124.2 E6.2781
G1 X96.717 Y124.288 E6.3371
G1 X64.307 Y124.29 E8.84336
G1 X63.55 Y124.202 E8.9023
G1 X59.252 Y123.189 E9.24377
G1 X58.763 Y123.033 E9.28346
G1 X58.304 Y122.802 E9.32319
G1 X57.886 Y122.504 E9.36289
G1 X57.52 Y122.144 E9.40259
G1 X57.214 Y121.732 E9.44228
G1 X56.976 Y121.277 E9.48199
G1 X56.811 Y120.791 E9.52167
G1 X56.723 Y120.285 E9.56139
G1 X56.709 Y119.974 E9.58546
G1 X56.711 Y117.745 E9.75783
G1 X56.751 Y117.233 E9.79755
G1 X56.831 Y116.866 E9.82659
G1 X58.425 Y111.122 E10.28756
G1 X59.589 Y105.727 E10.71436
G1 X60.037 Y103.101 E10.92036
G1 X60.734 Y97.664 E11.34424
G1 X61.124 Y92.177 E11.76962
G1 X61.223 Y87.932 E12.09797
G1 X61.275 Y87.421 E12.13769
G1 X61.405 Y86.925 E12.17734
G1 X61.611 Y86.454 E12.2171
G1 X61.887 Y86.022 E12.25674
G1 X62.213 Y85.654 E12.29476
G0 F810 X62.228 Y85.637
G0 X62.623 Y85.31
G1 F1500 E10.79476
G1 F900 Z1.31
G0 F9000 X60.824 Y119.163 Z1.31
;TYPE:WALL-INNER
G1 F900 Z0.31
G1 F480 E12.39857
G1 F900 X60.824 Y118.573 E12.44419
G1 X62.392 Y118.573 E12.56545
G1 X62.392 Y119.163 E12.61107
G1 X60.824 Y119.163 E12.7305
G0 F9000 X60.212 Y119.775
;TYPE:WALL-OUTER
G1 F900 X60.212 Y117.961 E12.85325
G1 X63.004 Y117.961 E13.04216
G1 X63.004 Y119.775 E13.1649
G1 X60.825 Y119.775 E13.31234
G0 F810 X60.212 Y119.775
G0 F9000 X60.212 Y119.575
G0 X60.789 Y119.198
G1 F1500 E11.81234
G1 F900 Z1.31
G0 F9000 X88.035 Y119.576 Z1.31
;TYPE:WALL-INNER
G1 F900 Z0.31
G1 F480 E13.41618
G1 F900 X88.035 Y114.218 E13.83052
G1 X87.264 Y114.218 E13.89014
G1 X87.264 Y113.455 E13.94914
G1 X90.388 Y113.455 E14.19072
G1 X90.388 Y114.925 E14.30439
G1 X93.317 Y114.925 E14.53089
G1 X94.539 Y113.508 E14.67559
G1 X95.064 Y112.899 E14.73777
G1 X95.064 Y113.703 E14.7708
G1 X95.064 Y113.704 E14.77088
G1 X95.064 Y118.107 E15.11137
G1 X95.057 Y118.114 E15.11213
G1 X95.069 Y119.274 E15.20184
G1 X95.07 Y119.275 E15.20195
G1 X95.071 Y119.576 E15.22522
G1 X94.77 Y119.576 E15.24026
G1 X94.769 Y119.576 E15.24034
G1 X88.571 Y119.576 E15.71963
G0 F810 X88.035 Y119.576
G0 F9000 X87.435 Y120.176
G1 F480 E15.76108
G1 F900 X87.435 Y114.818 E16.17541
G1 X85.924 Y114.818 E16.29226
G1 X85.505 Y114.818 E16.32466
G1 X84.874 Y114.818 E16.37346
G1 X84.662 Y114.818 E16.38985
G1 X84.141 Y114.818 E16.43014
G1 X83.767 Y114.818 E16.45906
G1 X83.541 Y114.818 E16.47654
G1 X77.628 Y114.818 E16.93379
G1 X77.278 Y114.818 E16.96085
G1 X76.7 Y114.818 E17.00555
G1 X76.086 Y114.818 E17.05303
G1 X75.723 Y114.818 E17.0811
G1 X75.404 Y114.818 E17.10577
G1 X73.565 Y114.818 E17.24798
G1 X73.565 Y120.176 E17.66231
G1 X65.336 Y120.176 E18.29866
G1 X65.336 Y119.479 E18.35256
G1 X65.284 Y119.416 E18.35887
G1 X65.336 Y119.364 E18.36456
G1 X65.336 Y118.356 E18.44251
G1 X65.294 Y118.313 E18.44716
G1 X65.336 Y118.264 E18.45215
G1 X65.336 Y117.283 E18.52801
G1 X65.242 Y117.173 E18.5392
G1 X65.173 Y117.092 E18.54743
G1 X65.336 Y117.092 E18.55154
G1 X65.336 Y88.824 E20.7375
G1 X95.664 Y88.824 E23.08276
G1 X95.664 Y110.194 E24.73529
G1 X95.664 Y111.961 E24.87194
G1 X95.664 Y111.982 E24.87356
G1 X95.664 Y117.169 E25.27467
G1 X95.768 Y117.16 E25.28274
G1 X95.719 Y117.216
G1 X95.664 Y117.28 E25.28763
G1 X95.664 Y118.264 E25.36372
G1 X95.707 Y118.313 E25.36876
G1 X95.66 Y118.36 E25.3739
G1 X95.672 Y119.372 E25.45216
G1 X95.705 Y119.405 E25.45577
G1 X95.672 Y119.444 E25.45972
G1 X95.663 Y120.176 E25.51633
G1 X87.971 Y120.176 E26.11115
G0 F810 X87.435 Y120.176
G1 F1500 E24.61115
G0 F9000 X87.505 Y120.106
G0 X87.463 Y114.79
G0 X73.537 Y114.79
G0 X73.465 Y119.611
G0 X74.177 Y119.611
;TYPE:WALL-OUTER
G1 F480 E26.21496
G1 F900 X86.823 Y119.611 E27.07064
G1 X86.823 Y115.43 E27.35354
G1 X74.177 Y115.43 E28.20921
G1 X74.177 Y118.998 E28.45064
G0 F810 X74.177 Y119.611
G0 F9000 X74.377 Y119.611
G0 X74.377 Y120.188
G0 X73.495 Y120.106
G0 X73.537 Y114.79
G0 X90.918 Y114.395
G0 X90.988 Y114.325
;TYPE:WALL-INNER
G1 F480 E28.49211
G1 F900 X93.042 Y114.325 E28.65095
G1 X95.068 Y111.976 E28.89083
G1 X95.081 Y111.961 E28.89234
G1 X95.081 Y110.194 E29.02533
G1 X93.44 Y110.194 E29.15223
G1 X93.44 Y109.459 E29.20907
G1 X90.988 Y109.459 E29.39868
G1 X90.988 Y110.194 E29.45552
G1 X90.529 Y110.194 E29.49101
G1 X90.529 Y110.603 E29.52264
G1 X90.529 Y112.463 E29.66648
G1 X90.988 Y112.463 E29.70197
G1 X90.988 Y113.789 E29.80451
G0 F810 X90.988 Y114.325
G0 F9000 X91.6 Y113.713
;TYPE:WALL-OUTER
G1 F480 E29.84596
G1 F900 X92.762 Y113.713 E29.92458
G1 X94.469 Y111.734 E30.10142
G1 X94.469 Y110.806 E30.16421
G1 X92.828 Y110.806 E30.27525
G1 X92.828 Y110.071 E30.32498
G1 X91.6 Y110.071 E30.40807
G1 X91.6 Y110.806 E30.45781
G1 X91.141 Y110.806 E30.48886
G1 X91.141 Y111.851 E30.55957
G1 X91.6 Y111.851 E30.59063
G1 X91.6 Y113.1 E30.67514
G0 F810 X91.6 Y113.713
G0 F9000 X91.8 Y113.713
G0 X91.8 Y114.29
G0 X91.8 Y114.425
G0 X90.96 Y114.353
G0 X87.006 Y112.883
G0 X86.934 Y111.924
G0 X87.034 Y111.924
;TYPE:WALL-INNER
G1 F480 E30.71662
G1 F900 X87.034 Y112.855 E30.78861
G1 X90.372 Y112.855 E31.04674
G1 X90.372 Y112.463 E31.06922
G1 X90.372 Y110.603 E31.10692
G1 X87.034 Y110.603 E31.36505
G1 X87.034 Y111.436 E31.42946
G0 F810 X87.034 Y111.924
G0 F9000 X87.646 Y112.243
;TYPE:WALL-OUTER
G1 F480 E31.4672
G1 F900 X89.76 Y112.243 E31.61024
G1 X89.76 Y111.215 E31.6798
G1 X87.646 Y111.215 E31.82284
G1 X87.646 Y111.63 E31.85092
G0 F810 X87.646 Y112.243
G0 F9000 X87.846 Y112.243
G0 X87.846 Y112.82
G0 X86.664 Y112.855
;TYPE:WALL-INNER
G1 F480 E31.8924
G1 F900 X86.664 Y111.924 E31.93687
G1 X86.746 Y111.924 E31.94321
G1 X86.746 Y110.603 E31.99233
G1 X86.746 Y109.866 E32.04932
G1 X85.971 Y109.541 E32.1143
G1 X85.359 Y109.415 E32.16262
G1 X84.716 Y109.375 E32.21244
G1 X84.217 Y109.417 E32.25117
G1 X83.856 Y109.489 E32.27963
G1 X83.506 Y109.623 E32.30861
G1 X83.16 Y109.835 E32.33999
G1 X82.933 Y110.043 E32.3638
G1 X82.648 Y110.378 E32.39781
G1 X82.533 Y110.724 E32.42601
G1 X82.457 Y110.951 E32.44452
G1 X82.457 Y111.278 E32.46981
G1 X82.486 Y111.665 E32.49982
G1 X82.654 Y112.038 E32.53145
G1 X82.688 Y112.08 E32.53563
G1 X82.538 Y112.497 E32.5699
G1 X82.54 Y112.852 E32.59735
G1 X82.541 Y112.891 E32.60037
G1 X82.579 Y113.255 E32.62867
G1 X82.921 Y113.799 E32.67836
G1 X83.267 Y114.072 E32.71244
G1 X83.448 Y114.183 E32.72886
G1 X83.555 Y114.222 E32.73767
G1 X83.767 Y114.298 E32.75395
G1 X84.141 Y114.37 E32.77782
G1 X84.662 Y114.407 E32.8068
G1 X84.874 Y114.407 E32.81805
G1 X85.505 Y114.329 E32.85504
G1 X85.91 Y114.222 E32.88448
G1 X86.664 Y114.02 E32.94484
G1 X86.664 Y113.285 E33.00168
G0 F810 X86.664 Y112.855
G0 F9000 X85.347 Y112.456
;TYPE:WALL-OUTER
G1 F480 E33.03493
G1 F900 X85.347 Y112.286 E33.04644
G1 X85.347 Y111.621 E33.09143
G1 X85.347 Y111.461 E33.10226
G1 X85.22 Y111.461 E33.11085
G1 X85.097 Y111.46 E33.11917
G1 X84.852 Y111.459 E33.13575
G1 X84.809 Y111.458 E33.13866
G1 X84.537 Y111.444 E33.15709
G1 X84.443 Y111.424 E33.16359
G1 X84.415 Y111.417 E33.16555
G1 X84.346 Y111.36 E33.1716
G1 X84.331 Y111.323 E33.1743
G1 X84.33 Y111.275 E33.17755
G1 X84.345 Y111.199 E33.18279
G1 X84.361 Y111.165 E33.18534
G1 X84.403 Y111.125 E33.18926
G1 X84.523 Y111.062 E33.19567
G1 X84.774 Y111.042 E33.20847
G1 X84.854 Y111.035 E33.21209
G1 X85.098 Y111.05 E33.22522
G1 X85.422 Y111.152 E33.24609
G1 X85.469 Y111.172 E33.24955
G1 X85.616 Y111.235 E33.25854
G1 X85.667 Y111.257 E33.26229
G1 X85.68 Y111.263 E33.26326
G1 X85.797 Y111.312 E33.27185
G1 X86.134 Y111.312 E33.29465
G1 X86.134 Y111.17 E33.30426
G1 X86.134 Y110.273 E33.36495
G1 X85.789 Y110.128 E33.39027
G1 X85.278 Y110.023 E33.42557
G1 X84.723 Y109.989 E33.4632
G1 X84.302 Y110.024 E33.49178
G1 X84.026 Y110.079 E33.51082
G1 X83.778 Y110.174 E33.52879
G1 X83.53 Y110.326 E33.54847
G1 X83.374 Y110.469 E33.56279
G1 X83.191 Y110.684 E33.5819
G1 X83.069 Y111.05 E33.608
G1 X83.069 Y111.255 E33.62187
G1 X83.088 Y111.512 E33.63931
G1 X83.179 Y111.713 E33.65424
G1 X83.374 Y111.953 E33.67516
G1 X83.434 Y111.984 E33.67973
G1 X83.511 Y112.025 E33.68563
G1 X83.455 Y112.068 E33.68578
G1 X83.346 Y112.153 E33.69026
G1 X83.243 Y112.341 E33.70149
G1 X83.151 Y112.6 E33.72008
G1 X83.153 Y112.857 E33.73747
G1 X83.173 Y113.05 E33.7506
G1 X83.383 Y113.384 E33.7773
G1 X83.617 Y113.569 E33.79748
G1 X83.714 Y113.628 E33.80516
G1 X83.93 Y113.706 E33.8207
G1 X84.221 Y113.762 E33.84075
G1 X84.684 Y113.795 E33.87216
G1 X84.836 Y113.795 E33.88245
G1 X85.388 Y113.727 E33.92008
G1 X86.052 Y113.55 E33.96658
G1 X86.052 Y112.618 E34.02964
G1 X86.052 Y112.473 E34.03945
G1 X85.708 Y112.473 E34.06273
G1 X85.578 Y112.537 E34.07109
G1 X85.425 Y112.613 E34.07937
G1 X85.322 Y112.664 E34.08715
G1 X85.05 Y112.736 E34.10619
G1 X84.803 Y112.765 E34.12302
G1 X84.641 Y112.749 E34.13403
G1 X84.56 Y112.741 E34.13954
G1 X84.523 Y112.737 E34.14206
G1 X84.502 Y112.731 E34.14353
G1 X84.486 Y112.725 E34.14469
G1 X84.461 Y112.704 E34.1469
G1 X84.436 Y112.683 E34.14911
G1 X84.412 Y112.646 E34.15209
G1 X84.434 Y112.536 E34.15968
G1 X84.588 Y112.466 E34.16703
G1 X84.669 Y112.456 E34.16918
G1 X84.803 Y112.456 E34.17399
G1 X85.05 Y112.456 E34.18336
G1 X85.178 Y112.456 E34.19202
G1 X85.322 Y112.456 E34.19936
G1 X85.347 Y112.456
G0 F9000 X85.347 Y112.286
G0 X85.347 Y112.256
G0 X85.924 Y111.896
G0 X86.734 Y111.994
G0 X86.695 Y114.044
G0 X85.512 Y114.368
G0 X84.661 Y114.446
G0 X83.757 Y114.336
G0 X78.803 Y112.883
G0 X78.731 Y111.861
G0 X78.831 Y111.861
;TYPE:WALL-INNER
G1 F900 X78.831 Y112.855 E34.27623
G1 X82.169 Y112.855 E34.53435
G1 X82.169 Y112.497 E34.5515
G1 X82.169 Y112.08 E34.57527
G1 X82.169 Y112.038 E34.5753
G1 X82.169 Y111.665 E34.59438
G1 X82.169 Y111.278 E34.60949
G1 X82.169 Y110.951 E34.62165
G1 X82.169 Y110.603 E34.6387
G1 X78.831 Y110.603 E34.89683
G1 X78.831 Y111.246 E34.94655
G1 X78.831 Y111.396 E34.95815
G0 F810 X78.831 Y111.861
G0 F9000 X79.443 Y112.243
;TYPE:WALL-OUTER
G1 F480 E34.99411
G1 F900 X81.557 Y112.243 E35.13715
G1 X81.557 Y111.215 E35.20671
G1 X79.443 Y111.215 E35.34975
G1 X79.443 Y111.63 E35.37783
G0 F810 X79.443 Y112.243
G0 F9000 X79.643 Y112.243
G0 X79.643 Y112.82
G0 X79.643 Y112.955
G0 X78.803 Y112.883
G0 X78.456 Y109.431
G0 X74.127 Y109.431
G0 X74.127 Y111.756
G0 X74.459 Y111.784
G0 X74.541 Y111.728
;TYPE:WALL-INNER
G1 F480 E35.4193
G1 F900 X74.49 Y111.859 E35.43018
G1 X74.435 Y111.998 E35.44173
G1 X74.36 Y112.267 E35.46333
G1 X74.333 Y112.659 E35.49371
G1 X74.346 Y112.822 E35.50636
G1 X74.364 Y113.031 E35.52258
G1 X74.553 Y113.532 E35.56399
G1 X74.75 Y113.766 E35.58764
G1 X75.155 Y114.121 E35.62929
G1 X75.425 Y114.224 E35.65164
G1 X75.723 Y114.336 E35.67388
G1 X76.086 Y114.39 E35.69548
G1 X76.7 Y114.409 E35.72867
G1 X77.278 Y114.324 E35.76281
G1 X77.612 Y114.222 E35.78747
G1 X78.346 Y113.997 E35.84684
G1 X78.346 Y112.855 E35.93515
G1 X78.346 Y111.861 E35.99738
G1 X77.567 Y111.861 E36.05762
G1 X78.082 Y111.494 E36.07412
G1 X78.428 Y111.246 E36.10704
G1 X78.428 Y110.603 E36.14049
G1 X78.428 Y109.459 E36.22896
G1 X74.155 Y109.459 E36.55939
G1 X74.155 Y110.603 E36.64786
G1 X74.155 Y111.728 E36.73485
G1 X74.36 Y111.728 E36.74461
G1 X74.435 Y111.728 E36.74511
G1 X74.541 Y111.728 E36.74635
G0 F9000 X74.767 Y111.116
;TYPE:WALL-OUTER
G1 F900 X75.261 Y111.116 E36.77978
G1 X75.559 Y111.116 E36.79994
G1 X75.633 Y111.116 E36.80495
G1 X75.862 Y111.116 E36.82044
G1 X75.633 Y111.291 E36.82612
G1 X75.559 Y111.385 E36.82924
G1 X75.354 Y111.601 E36.84487
G1 X75.27 Y111.689 E36.8531
G1 X75.117 Y111.935 E36.8727
G1 X75.016 Y112.193 E36.89145
G1 X74.966 Y112.371 E36.90396
G1 X74.947 Y112.654 E36.92315
G1 X74.967 Y112.895 E36.93951
G1 X75.089 Y113.218 E36.96288
G1 X75.189 Y113.337 E36.97339
G1 X75.475 Y113.588 E36.99914
G1 X75.878 Y113.74 E37.02829
G1 X76.141 Y113.779 E37.04628
G1 X76.665 Y113.796 E37.08175
G1 X77.143 Y113.725 E37.11445
G1 X77.734 Y113.544 E37.15627
G1 X77.734 Y112.587 E37.22102
G1 X77.734 Y112.565 E37.22251
G1 X77.734 Y112.473 E37.22874
G1 X77.376 Y112.473 E37.24617
G1 X77.237 Y112.565 E37.256
G1 X77.218 Y112.574 E37.25739
G1 X76.966 Y112.693 E37.27624
G1 X76.572 Y112.764 E37.30333
G1 X76.551 Y112.767 E37.30477
G1 X76.51 Y112.767 E37.30754
G1 X76.376 Y112.738 E37.31682
G1 X76.35 Y112.733 E37.31861
G1 X76.289 Y112.688 E37.32374
G1 X76.243 Y112.644 E37.32804
G1 X76.217 Y112.578 E37.33284
G1 X76.21 Y112.476 E37.33976
G1 X76.231 Y112.384 E37.34615
G1 X76.238 Y112.364 E37.34758
G1 X76.283 Y112.248 E37.356
G1 X76.298 Y112.226 E37.3578
G1 X76.374 Y112.118 E37.36674
G1 X76.655 Y111.838 E37.39358
G1 X77.159 Y111.4 E37.43876
G1 X77.816 Y110.931 E37.49338
G1 X77.816 Y110.071 E37.55157
G1 X74.767 Y110.071 E37.75788
G1 X74.767 Y110.503 E37.78711
G0 F810 X74.767 Y111.116
G0 F9000 X74.967 Y111.116
G0 X74.459 Y111.784
G0 X70.528 Y111.697
G0 X70.628 Y111.697
;TYPE:WALL-INNER
G1 F480 E37.82859
G1 F900 X70.628 Y112.855 E37.91813
G1 X73.966 Y112.855 E38.17626
G1 X73.966 Y112.659 E38.1862
G1 X73.966 Y112.267 E38.20546
G1 X73.966 Y111.998 E38.22039
G1 X73.966 Y111.728 E38.23534
G1 X73.966 Y110.603 E38.26279
G1 X70.628 Y110.603 E38.52092
G1 X70.628 Y111.293 E38.57428
G0 F810 X70.628 Y111.679
G0 X70.628 Y111.697
G0 F9000 X71.24 Y112.243
;TYPE:WALL-OUTER
G1 F480 E38.60552
G1 F900 X73.354 Y112.243 E38.74856
G1 X73.354 Y111.215 E38.81812
G1 X71.24 Y111.215 E38.96116
G1 X71.24 Y111.63 E38.98924
G0 F810 X71.24 Y112.243
G0 F9000 X71.44 Y112.243
G0 X71.44 Y112.82
G0 X71.44 Y112.955
G0 X70.073 Y113.85
G0 X69.061 Y114.356
G0 X66.768 Y114.395
G0 X66.838 Y114.325
;TYPE:WALL-INNER
G1 F480 E39.03072
G1 F900 X69.037 Y114.325 E39.20076
G1 X69.163 Y113.89 E39.23579
G1 X69.578 Y113.859 E39.26797
G1 X70.044 Y113.823 E39.30411
G1 X70.044 Y112.855 E39.37897
G1 X70.044 Y111.697 E39.46627
G1 X69.339 Y111.697 E39.52079
G1 X69.339 Y111.679 E39.52218
G1 X70.044 Y111.679 E39.52382
G1 X70.044 Y110.603 E39.60494
G1 X70.044 Y109.459 E39.69341
G1 X66.132 Y109.459 E39.99592
G1 X66.132 Y111.679 E40.16759
G1 X66.838 Y111.679 E40.22219
G1 X66.838 Y113.789 E40.38535
G0 F810 X66.838 Y114.325
G0 F9000 X67.45 Y113.713
;TYPE:WALL-OUTER
G1 F480 E40.4268
G1 F900 X68.578 Y113.713 E40.50313
G1 X68.674 Y113.384 E40.52632
G1 X68.687 Y113.372 E40.52751
G1 X68.848 Y113.301 E40.53942
G1 X69.432 Y113.256 E40.57905
G1 X69.432 Y112.309 E40.64313
G1 X68.727 Y112.309 E40.69083
G1 X68.727 Y111.067 E40.77487
G1 X69.432 Y111.067 E40.82257
G1 X69.432 Y110.071 E40.88997
G1 X66.744 Y110.071 E41.07185
G1 X66.744 Y111.067 E41.13924
G1 X67.45 Y111.067 E41.18701
G1 X67.45 Y113.1 E41.32457
G0 F810 X67.45 Y113.713
G0 F9000 X67.65 Y113.713
G0 X67.65 Y114.29
G1 F1500 E39.82457
G0 F9000 X67.65 Y114.425
G0 X65.406 Y120.106
G0 X64.724 Y120.21
G1 F480 E41.42841
G1 F900 X64.724 Y119.698 E41.46305
G1 X64.511 Y119.438 E41.4858
G1 X64.511 Y119.324 E41.49351
G1 X64.724 Y119.111 E41.51389
G1 X64.724 Y118.609 E41.54786
G1 X64.511 Y118.396 E41.56824
G1 X64.511 Y118.285 E41.57575
G1 X64.724 Y118.037 E41.59787
G1 X64.724 Y117.509 E41.6336
G1 X64.511 Y117.26 E41.65577
G1 X64.511 Y116.48 E41.70855
G1 X64.724 Y116.48 E41.72296
G1 X64.724 Y88.212 E43.63567
G1 X96.276 Y88.212 E45.7706
G1 X96.276 Y116.481 E47.68338
G1 X96.276 Y116.5 E47.68466
G1 X96.489 Y116.481 E47.69329
G1 X96.489 Y116.5
G1 X96.489 Y117.26 E47.74471
G1 X96.276 Y117.507 E47.76678
G1 X96.276 Y118.037 E47.80264
G1 X96.489 Y118.284 E47.82471
G1 X96.489 Y118.396 E47.83229
G1 X96.275 Y118.61 E47.85277
G1 X96.281 Y119.116 E47.88701
G1 X96.489 Y119.324 E47.90691
G1 X96.489 Y119.435 E47.91442
G1 X96.281 Y119.675 E47.93591
G1 X96.275 Y120.202 E47.97157
G1 X96.356 Y120.299 E47.98012
G1 X96.489 Y120.459 E47.9942
G1 X96.489 Y120.788 E48.01646
G1 X96.28 Y120.788 E48.02822
G1 X64.729 Y120.788 E50.16307
G1 X64.511 Y120.788 E50.17783
G1 X64.511 Y120.47 E50.19934
G1 X64.649 Y120.302 E50.21143
G1 X64.724 Y120.21 E50.21946
G0 F9000 X64.724 Y120.01
G0 X65.301 Y120.01
G0 X65.936 Y119.576
;TYPE:WALL-INNER
G1 F900 X65.936 Y114.925 E50.57912
G1 X65.936 Y112.279 E50.78373
G1 X66.238 Y112.279 E50.80709
G1 X66.238 Y114.925 E50.91025
G1 X69.488 Y114.925 E51.16157
G1 X69.612 Y114.492 E51.1964
G1 X69.623 Y114.456 E51.19931
G1 X70.644 Y114.379 E51.27849
G1 X70.644 Y113.455 E51.34994
G1 X73.883 Y113.455 E51.60041
G1 X73.972 Y113.692 E51.61999
G1 X74.028 Y113.84 E51.63223
G1 X74.32 Y114.187 E51.6673
G1 X74.355 Y114.218 E51.67091
G1 X74.32 Y114.218
G1 X74.028 Y114.218 E51.6762
G1 X73.869 Y114.218 E51.68664
G1 X72.965 Y114.218 E51.75654
G1 X72.965 Y119.576 E52.17088
G1 X66.472 Y119.576 E52.67298
G0 F810 X65.936 Y119.576
G0 F9000 X65.936 Y108.859
G1 F480 E52.71443
G1 F900 X65.936 Y89.424 E54.21733
G1 X95.064 Y89.424 E56.4698
G1 X95.064 Y109.594 E58.02954
G1 X94.04 Y109.594 E58.10872
G1 X94.04 Y108.859 E58.16556
G1 X90.388 Y108.859 E58.44797
G1 X90.388 Y109.594 E58.50481
G1 X89.929 Y109.594 E58.5403
G1 X89.929 Y110.003 E58.57193
G1 X87.346 Y110.003 E58.77167
G1 X87.346 Y109.467 E58.81312
G1 X86.149 Y108.965 E58.91349
G1 X85.439 Y108.819 E58.96955
G1 X84.709 Y108.773 E59.02611
G1 X84.133 Y108.822 E59.07081
G1 X83.689 Y108.911 E59.10583
G1 X83.24 Y109.082 E59.14298
G1 X82.797 Y109.354 E59.18318
G1 X82.5 Y109.626 E59.21433
G1 X82.18 Y110.003 E59.25257
G1 X79.028 Y110.003 E59.49631
G1 X79.028 Y108.859 E59.58478
G1 X73.555 Y108.859 E60.008
G1 X73.555 Y110.003 E60.09647
G1 X70.644 Y110.003 E60.32157
G1 X70.644 Y108.859 E60.41004
G1 X66.472 Y108.859 E60.73266
G0 F810 X65.936 Y108.859
G0 F9000 X78.456 Y109.431
G0 X78.946 Y114.218
G1 F480 E60.77411
G1 F900 X78.946 Y113.754 E60.80999
G1 X78.946 Y113.455 E60.83311
G1 X79.245 Y113.455 E60.84807
G1 X81.997 Y113.456 E61.06089
G1 X82.186 Y113.757 E61.08837
G1 X82.468 Y114.206 E61.12937
G1 X82.483 Y114.218 E61.13086
G1 X82.468 Y114.218
G1 X81.938 Y114.218 E61.15428
G1 X78.946 Y114.218 E61.38565
G0 F9000 X79.895 Y113.836
G1 F900 X80.743 Y113.836 E61.40773
G1 X81.592 Y113.836 E61.42983
G0 F9000 X81.693 Y113.937
G0 X78.803 Y112.883
G0 X78.803 Y110.575
G0 X81.907 Y109.413
;TYPE:SKIN
G1 F900 X79.618 Y109.413 E61.60684
G1 X79.618 Y108.269 E61.6953
G1 X72.965 Y108.269 E62.20978
G1 X72.965 Y109.413 E62.29824
G1 X71.234 Y109.413 E62.4321
G1 X71.234 Y108.269 E62.52057
G1 X66.526 Y108.269 E62.88464
G1 X66.526 Y90.014 E64.29629
G1 X94.474 Y90.014 E66.45751
G1 X94.474 Y108.269 E67.86916
G1 X89.798 Y108.269 E68.23076
G1 X89.798 Y109.004 E68.28759
G1 X89.339 Y109.004 E68.32309
G1 X89.339 Y109.413 E68.35472
G1 X87.936 Y109.413 E68.46321
G1 X87.936 Y109.075 E68.48935
G1 X86.324 Y108.399 E68.62452
G1 X85.518 Y108.233 E68.68816
G1 X84.703 Y108.181 E68.75131
G1 X84.05 Y108.237 E68.80199
G1 X83.525 Y108.342 E68.84339
G1 X82.979 Y108.551 E68.8886
G1 X82.441 Y108.88 E68.93737
G1 X82.278 Y109.028 E68.95439
G0 F810 X82.074 Y109.215
G0 X81.907 Y109.413
G0 F9000 X67.258 Y107.987
G1 F480 E68.99584
G1 F900 X66.806 Y107.535 E69.04527
G0 F9000 X66.806 Y106.686
G1 F900 X68.107 Y107.987 E69.18755
G0 F9000 X68.955 Y107.987
G1 F900 X66.806 Y105.838 E69.42257
G0 F9000 X66.806 Y104.989
G1 F900 X69.804 Y107.987 E69.75043
G0 F9000 X70.652 Y107.987
G1 F900 X66.806 Y104.141 E70.17103
G0 F9000 X66.806 Y103.292
G1 F900 X71.501 Y107.987 E70.68448
G0 F9000 X71.513 Y108
G1 F900 X72.645 Y109.132 E70.80828
G0 F9000 X72.684 Y108.323
G1 F900 X66.806 Y102.444 E71.45116
G0 F9000 X66.806 Y101.595
G1 F900 X73.198 Y107.987 E72.15019
G0 F9000 X74.046 Y107.987
G1 F900 X66.806 Y100.747 E72.94196
G0 F9000 X66.806 Y99.898
G1 F900 X74.895 Y107.987 E73.82658
G0 F9000 X75.743 Y107.987
G1 F900 X66.806 Y99.05 E74.80394
G0 F9000 X66.806 Y98.201
G1 F900 X76.592 Y107.987 E75.87415
G0 F9000 X77.44 Y107.987
G1 F900 X66.806 Y97.353 E77.03709
G0 F9000 X66.806 Y96.504
G1 F900 X78.289 Y107.987 E78.29288
G0 F9000 X79.137 Y107.987
G1 F900 X66.806 Y95.655 E79.64147
G0 F9000 X66.806 Y94.807
G1 F900 X81.13 Y109.132 E81.20801
G0 F9000 X81.87 Y109.023
G1 F900 X66.806 Y93.958 E82.85547
G0 F9000 X66.806 Y93.11
G1 F900 X82.319 Y108.624 E84.55204
G0 F9000 X82.846 Y108.302
G1 F900 X66.806 Y92.261 E86.30625
G0 F9000 X66.806 Y91.413
G1 F900 X83.461 Y108.068 E88.12765
G0 F9000 X84.184 Y107.943
G1 F900 X66.806 Y90.564 E90.02818
G0 F9000 X67.383 Y90.294
G1 F900 X85.008 Y107.918 E91.95561
G0 F9000 X85.979 Y108.04
G1 F900 X68.232 Y90.294 E93.89638
G0 F9000 X69.08 Y90.294
G1 F900 X87.283 Y108.496 E95.88702
G0 F9000 X88.767 Y109.132
G1 F900 X69.929 Y90.294 E97.94716
G0 F9000 X70.777 Y90.294
G1 F900 X89.207 Y108.723 E99.96263
G0 F9000 X89.518 Y108.185
G1 F900 X71.626 Y90.294 E101.91926
G0 F9000 X72.474 Y90.294
G1 F900 X90.168 Y107.987 E103.85424
G0 F9000 X91.017 Y107.987
G1 F900 X73.323 Y90.294 E105.78921
G0 F9000 X74.171 Y90.294
G1 F900 X91.865 Y107.987 E107.72419
G0 F9000 X92.714 Y107.987
G1 F900 X75.02 Y90.294 E109.65917
G0 F9000 X75.869 Y90.294
G1 F900 X93.562 Y107.987 E111.59409
G0 F9000 X94.193 Y107.77
G1 F900 X76.717 Y90.294 E113.50528
G0 F9000 X77.566 Y90.294
G1 F900 X94.193 Y106.921 E115.32362
G0 F9000 X94.193 Y106.073
G1 F900 X78.414 Y90.294 E117.04923
G0 F9000 X79.263 Y90.294
G1 F900 X94.193 Y105.224 E118.68198
G0 F9000 X94.193 Y104.376
G1 F900 X80.111 Y90.294 E120.222
G0 F9000 X80.96 Y90.294
G1 F900 X94.193 Y103.527 E121.66918
G0 F9000 X94.193 Y102.678
G1 F900 X81.808 Y90.294 E123.02356
G0 F9000 X82.657 Y90.294
G1 F900 X94.193 Y101.83 E124.28514
G0 F9000 X94.193 Y100.981
G1 F900 X83.505 Y90.294 E125.45394
G0 F9000 X84.354 Y90.294
G1 F900 X94.193 Y100.133 E126.52994
G0 F9000 X94.193 Y99.284
G1 F900 X85.202 Y90.294 E127.51315
G0 F9000 X86.051 Y90.294
G1 F900 X94.193 Y98.436 E128.40356
G0 F9000 X94.193 Y97.587
G1 F900 X86.899 Y90.294 E129.20119
G0 F9000 X87.748 Y90.294
G1 F900 X94.193 Y96.739 E129.90602
G0 F9000 X94.193 Y95.89
G1 F900 X88.596 Y90.294 E130.51806
G0 F9000 X89.445 Y90.294
G1 F900 X94.193 Y95.042 E131.0373
G0 F9000 X94.193 Y94.193
G1 F900 X90.294 Y90.294 E131.4637
G0 F9000 X91.142 Y90.294
G1 F900 X94.193 Y93.345 E131.79736
G0 F9000 X94.193 Y92.496
G1 F900 X91.991 Y90.294 E132.03817
G0 F9000 X92.839 Y90.294
G1 F900 X94.193 Y91.648 E132.18625
G0 F9000 X94.193 Y90.799
G1 F900 X93.688 Y90.294 E132.24148
G0 F9000 X79.898 Y108.748
G1 F900 X80.282 Y109.132 E132.28347
G0 F9000 X71.796 Y109.132
G1 F900 X71.513 Y108.849 E132.31442
G0 F9000 X73.994 Y110.575
G0 X73.994 Y112.883
G0 X71.234 Y114.045
G1 F900 X72.375 Y114.045 E132.40265
G1 X72.375 Y118.986 E132.78474
G1 X66.526 Y118.986 E133.23704
G1 X66.526 Y115.515 E133.50545
G1 X69.933 Y115.515 E133.76892
G1 X70.077 Y115.013 E133.8093
G1 X71.234 Y114.926 E133.89902
G1 X71.234 Y114.581 E133.9257
G0 F810 X71.234 Y114.045
G0 F9000 X71.996 Y114.422
G1 F480 E133.96715
G1 F900 X71.804 Y115.079 E134.00976
G0 F9000 X72.095 Y116.218
G1 F900 X71.093 Y115.216 E134.11934
G0 F9000 X70.303 Y115.275
G1 F900 X72.095 Y117.067 E134.31531
G0 F9000 X72.095 Y117.915
G1 F900 X69.973 Y115.794 E134.54732
G0 F9000 X69.125 Y115.794
G1 F900 X72.035 Y118.704 E134.86556
G0 F9000 X71.187 Y118.704
G1 F900 X68.276 Y115.794 E135.18386
G0 F9000 X67.428 Y115.794
G1 F900 X70.338 Y118.704 E135.5021
G0 F9000 X69.49 Y118.704
G1 F900 X66.806 Y116.02 E135.79562
G0 F9000 X66.806 Y116.869
G1 F900 X68.641 Y118.704 E135.9963
G0 F9000 X67.793 Y118.704
G1 F900 X66.806 Y117.717 E136.10424
G0 F9000 X66.806 Y118.566
G1 F900 X66.944 Y118.704 E136.11933
G0 F9000 X73.537 Y114.79
G0 X87.463 Y114.79
G0 X88.625 Y118.986
G1 F900 X88.625 Y114.045 E136.50142
G1 X89.798 Y114.045 E136.59213
G1 X89.798 Y115.515 E136.7058
G1 X93.587 Y115.515 E136.9988
G1 X94.474 Y114.486 E137.10386
G1 X94.474 Y117.863 E137.365
G1 X94.465 Y117.872 E137.36599
G1 X94.475 Y118.986 E137.45213
G1 X89.161 Y118.986 E137.86307
G0 F810 X88.625 Y118.986
G0 F9000 X89.007 Y118.705
G1 F480 E137.90451
G1 F900 X88.905 Y118.603 E137.91567
G0 F9000 X88.905 Y117.755
G1 F900 X89.855 Y118.705 E138.01956
G0 F9000 X90.704 Y118.705
G1 F900 X88.905 Y116.906 E138.2163
G0 F9000 X88.905 Y116.058
G1 F900 X91.552 Y118.705 E138.50578
G0 F9000 X92.401 Y118.705
G1 F900 X88.905 Y115.209 E138.88811
G0 F9000 X89.518 Y114.974
G1 F900 X88.905 Y114.361 E138.95514
G0 F9000 X90.338 Y115.794
G1 F900 X93.249 Y118.705 E139.27349
G0 F9000 X94.098 Y118.705
M104 S215
G1 F900 X91.187 Y115.794 E139.59184
G0 F9000 X92.035 Y115.794
G1 F900 X94.185 Y117.944 E139.82697
G0 F9000 X94.193 Y117.103
G1 F900 X92.884 Y115.794 E139.97012
G0 F9000 X93.722 Y115.784
G1 F900 X94.193 Y116.255 E140.02163
G1 F1500 E138.52163
G1 F900 Z1.31
G0 F9000 X94.193 Y116.255 Z1.31
G0 X92.828 Y112.228
;TYPE:WALL-OUTER
G1 F900 Z0.31
G1 F480 E140.08399
G1 F900 X92.828 Y111.851 E140.1095
G1 X93.153 Y111.851 E140.13149
G1 X93.015 Y112.011 E140.13311
G1 X92.828 Y112.228 E140.13635
G0 F9000 X92.828 Y112.028
G1 F1500 E138.63635
G1 F900 Z1.31
G0 F9000 X98.608 Y119.163 Z1.31
;TYPE:WALL-INNER
G1 F900 Z0.31
G1 F480 E140.19871
G1 F900 X98.608 Y118.573 E140.24434
G1 X100.176 Y118.573 E140.36559
G1 X100.176 Y119.163 E140.41121
G1 X98.608 Y119.163 E140.53065
G0 F9000 X97.996 Y119.775
;TYPE:WALL-OUTER
G1 F900 X97.996 Y117.961 E140.65339
G1 X100.788 Y117.961 E140.8423
G1 X100.788 Y119.775 E140.96505
G1 X98.609 Y119.775 E141.11248
G0 F810 X97.996 Y119.775
G0 F9000 X97.996 Y119.575
G0 X98.573 Y119.198
G1 F1500 E139.61248
G1 F900 Z1.31
G0 F9000 X60.95 Y119.037 Z1.31
;TIME_ELAPSED:148.882968
;LAYER:1
M140 S70
M106 S63.8
G0 X60.95 Y119.037 Z1.46
;TYPE:WALL-INNER
G1 F900 Z0.46
G1 F480 E141.21632
G1 F1200 X60.95 Y118.699 E141.22476
G1 X62.266 Y118.699 E141.25758
G1 X62.266 Y119.037 E141.26602
G1 X60.95 Y119.037 E141.29382
G0 F9000 X60.55 Y119.437
G1 F1200 X60.55 Y118.299 E141.32221
G1 X62.666 Y118.299 E141.375
G1 X62.666 Y119.437 E141.40338
G1 X62.215 Y119.437 E141.41463
G0 F1080 X60.55 Y119.437
G0 F9000 X60.125 Y119.862
;TYPE:WALL-OUTER
G1 F480 E141.45617
G1 F900 X60.125 Y117.874 E141.49956
G1 X63.091 Y117.874 E141.5643
G1 X63.091 Y119.862 E141.60769
G1 X62.027 Y119.862 E141.63091
G0 F810 X60.125 Y119.862
G0 F9000 X60.125 Y119.662
G0 X60.51 Y119.477
G0 X60.832 Y119.037
G1 F1500 E140.13091
G1 F900 Z1.46
G0 F9000 X60.95 Y119.037 Z1.46
G0 X73.839 Y119.949
;TYPE:WALL-INNER
G1 F900 Z0.46
G1 F480 E141.73479
G1 F1200 X87.161 Y119.949 E142.06711
G1 X87.161 Y115.092 E142.18827
G1 X73.839 Y115.092 E142.52059
G1 X73.839 Y118.284 E142.60021
G0 F1080 X73.839 Y119.949
G0 F9000 X74.264 Y119.524
;TYPE:WALL-OUTER
G1 F480 E142.64175
G1 F900 X86.736 Y119.524 E142.91397
G1 X86.736 Y115.517 E143.00143
G1 X74.264 Y115.517 E143.27366
G1 X74.264 Y117.622 E143.3196
G0 F810 X74.264 Y119.524
G0 F9000 X74.464 Y119.524
G0 X74.464 Y119.909
G0 X74.464 Y120.049
G0 X65.462 Y120.05
;TYPE:WALL-INNER
G1 F480 E143.36112
G1 F1200 X65.462 Y118.302 E143.40472
G1 X65.443 Y118.283 E143.40539
G1 X65.462 Y118.236 E143.40666
G1 X65.462 Y117.329 E143.42928
G1 X65.249 Y117.08 E143.43746
G1 X65.249 Y116.85 E143.44319
G1 X65.462 Y116.422 E143.45512
G1 X65.462 Y88.95 E144.14041
G1 X95.538 Y88.95 E144.89066
G1 X95.538 Y116.415 E145.57578
G1 X95.751 Y116.847 E145.58779
G1 X95.751 Y117.08 E145.5936
G1 X95.538 Y117.328 E145.60176
G1 X95.538 Y120.05 E145.66966
G1 X87.561 Y120.05 E145.86865
G1 X87.561 Y114.692 E146.0023
G1 X73.439 Y114.692 E146.35458
G1 X73.439 Y120.05 E146.48823
G1 X67.127 Y120.05 E146.64569
G0 F1080 X65.462 Y120.05
G0 F9000 X65.062 Y120.238
G1 F480 E146.68722
G1 F1200 X65.062 Y119.482 E146.70608
G1 X64.958 Y119.356 E146.71015
G1 X65.062 Y119.252 E146.71382
G1 X65.062 Y118.468 E146.73338
G1 X64.968 Y118.374 E146.7367
G1 X64.979 Y118.362 E146.7371
G1 X65.062 Y118.158 E146.7426
G1 X65.062 Y117.477 E146.75958
G1 X64.849 Y117.228 E146.76776
G1 X64.849 Y116.755 E146.77956
G1 X65.062 Y116.328 E146.79146
G1 X65.062 Y88.55 E147.48439
G1 X95.938 Y88.55 E148.25459
G1 X95.938 Y116.322 E148.94737
G1 X96.151 Y116.753 E148.95936
G1 X96.151 Y117.228 E148.97121
G1 X95.938 Y117.476 E148.97936
G1 X95.938 Y118.251 E148.99869
G1 X96.038 Y118.369 E149.00255
G1 X95.938 Y118.468 E149.00606
G1 X95.938 Y119.252 E149.02562
G1 X96.037 Y119.351 E149.02911
G1 X95.938 Y119.466 E149.0329
G1 X95.938 Y120.233 E149.05203
G1 X96.12 Y120.45 E149.0591
G1 X95.938 Y120.45 E149.05979
G1 X65.062 Y120.45 E149.83
G1 X64.888 Y120.45 E149.83434
G1 X65.062 Y120.238 E149.83745
G0 F9000 X64.637 Y120.086
;TYPE:WALL-OUTER
G1 F900 X64.637 Y119.635 E149.84729
G1 X64.424 Y119.377 E149.8546
G1 X64.424 Y119.287 E149.85656
G1 X64.637 Y119.075 E149.86312
G1 X64.637 Y118.645 E149.87251
G1 X64.424 Y118.433 E149.87907
G1 X64.424 Y118.346 E149.88096
G1 X64.613 Y118.134 E149.88716
G1 X64.637 Y118.075 E149.88855
G1 X64.637 Y117.634 E149.89818
G1 X64.424 Y117.385 E149.90533
G1 X64.424 Y116.656 E149.92124
G1 X64.637 Y116.228 E149.93168
G1 X64.637 Y88.125 E150.54508
G1 X96.363 Y88.125 E151.23756
G1 X96.363 Y116.223 E151.85086
G1 X96.576 Y116.654 E151.86135
G1 X96.576 Y117.385 E151.87731
G1 X96.363 Y117.633 E151.88444
G1 X96.363 Y118.095 E151.89453
G1 X96.576 Y118.347 E151.90173
G1 X96.576 Y118.433 E151.90361
G1 X96.363 Y118.645 E151.91016
G1 X96.363 Y119.075 E151.91955
G1 X96.576 Y119.287 E151.92611
G1 X96.576 Y119.375 E151.92803
G1 X96.363 Y119.623 E151.93517
G1 X96.363 Y120.079 E151.94512
G1 X96.576 Y120.334 E151.95237
G1 X96.576 Y120.875 E151.96418
G1 X65.461 Y120.875 E152.64333
G0 F810 X64.424 Y120.875
G0 X64.424 Y120.345
G0 X64.637 Y120.086
G0 F9000 X64.637 Y119.886
G0 X65.022 Y119.886
G0 X65.852 Y119.66
;TYPE:SKIN
G1 F480 E152.68484
G1 F1650 X65.852 Y117.185 E152.74658
G1 X65.641 Y116.938 E152.75468
G1 X65.852 Y116.514 E152.7665
G1 X65.852 Y89.34 E153.44436
G1 X95.148 Y89.34 E154.17515
G1 X95.148 Y116.506 E154.85281
G1 X95.361 Y116.936 E154.86478
G1 X95.148 Y117.184 E154.87293
G1 X95.148 Y119.66 E154.9347
G1 X87.951 Y119.66 E155.11423
G1 X87.951 Y114.302 E155.24788
G1 X73.049 Y114.302 E155.61961
G1 X73.049 Y119.66 E155.75327
G1 X67.517 Y119.66 E155.89126
G0 F1485 X65.852 Y119.66
G0 F9000 X73.811 Y115.064
G0 X87.189 Y115.064
G0 X94.349 Y119.479
G1 F480 E155.9328
G1 F1650 X94.967 Y118.861 E155.9546
G0 F9000 X94.967 Y118.295
G1 F1650 X93.783 Y119.479 E155.99637
G0 F9000 X93.217 Y119.479
G1 F1650 X94.967 Y117.729 E156.0581
G0 F9000 X94.967 Y117.164
G1 F1650 X92.652 Y119.479 E156.13977
G0 F9000 X92.086 Y119.479
G1 F1650 X94.984 Y116.582 E156.24199
G0 F9000 X94.967 Y116.033
G1 F1650 X91.52 Y119.479 E156.36357
G0 F9000 X90.955 Y119.479
G1 F1650 X94.967 Y115.467 E156.50511
G0 F9000 X94.967 Y114.902
G1 F1650 X90.389 Y119.479 E156.66659
G0 F9000 X89.823 Y119.479
G1 F1650 X94.967 Y114.336 E156.84804
G0 F9000 X94.967 Y113.77
G1 F1650 X89.258 Y119.479 E157.04944
G0 F9000 X88.692 Y119.479
G1 F1650 X94.967 Y113.204 E157.27081
G0 F9000 X94.967 Y112.639
G1 F1650 X88.13 Y119.475 E157.51199
G0 F9000 X88.13 Y118.909
G1 F1650 X94.967 Y112.073 E157.75316
G0 F9000 X94.967 Y111.507
G1 F1650 X88.13 Y118.344 E157.99436
G0 F9000 X88.13 Y117.778
G1 F1650 X94.967 Y110.942 E158.23553
G0 F9000 X94.967 Y110.376
G1 F1650 X88.13 Y117.212 E158.47671
G0 F9000 X88.13 Y116.647
G1 F1650 X94.967 Y109.81 E158.7179
G0 F9000 X94.967 Y109.245
G1 F1650 X88.13 Y116.081 E158.95908
G0 F9000 X88.13 Y115.515
G1 F1650 X94.967 Y108.679 E159.20025
G0 F9000 X94.967 Y108.113
G1 F1650 X88.13 Y114.95 E159.44145
G0 F9000 X88.13 Y114.384
G1 F1650 X94.967 Y107.548 E159.68262
G0 F9000 X94.967 Y106.982
G1 F1650 X87.828 Y114.121 E159.93447
G0 F9000 X87.262 Y114.121
G1 F1650 X94.967 Y106.416 E160.20629
G0 F9000 X94.967 Y105.851
G1 F1650 X86.696 Y114.121 E160.49805
G0 F9000 X86.131 Y114.121
G1 F1650 X94.967 Y105.285 E160.80976
G0 F9000 X94.967 Y104.719
G1 F1650 X85.565 Y114.121 E161.14145
G0 F9000 X84.999 Y114.121
G1 F1650 X94.967 Y104.154 E161.49308
G0 F9000 X94.967 Y103.588
G1 F1650 X84.434 Y114.121 E161.86466
G0 F9000 X83.868 Y114.121
G1 F1650 X94.967 Y103.022 E162.2562
G0 F9000 X94.967 Y102.456
G1 F1650 X83.302 Y114.121 E162.66772
G0 F9000 X82.737 Y114.121
G1 F1650 X94.967 Y101.891 E163.09916
G0 F9000 X94.967 Y101.325
G1 F1650 X82.171 Y114.121 E163.55058
G0 F9000 X81.605 Y114.121
G1 F1650 X94.967 Y100.759 E164.02196
G0 F9000 X94.967 Y100.194
G1 F1650 X81.04 Y114.121 E164.51327
G0 F9000 X80.474 Y114.121
G1 F1650 X94.967 Y99.628 E165.02455
G0 F9000 X94.967 Y99.062
G1 F1650 X79.908 Y114.121 E165.5558
G0 F9000 X79.343 Y114.121
G1 F1650 X94.967 Y98.497 E166.10698
G0 F9000 X94.967 Y97.931
G1 F1650 X78.777 Y114.121 E166.67812
G0 F9000 X78.211 Y114.121
G1 F1650 X94.967 Y97.365 E167.26923
G0 F9000 X94.967 Y96.8
G1 F1650 X77.645 Y114.121 E167.8803
G0 F9000 X77.08 Y114.121
G1 F1650 X94.967 Y96.234 E168.51131
G0 F9000 X94.967 Y95.668
G1 F1650 X76.514 Y114.121 E169.16229
G0 F9000 X75.948 Y114.121
G1 F1650 X94.967 Y95.103 E169.83322
G0 F9000 X94.967 Y94.537
G1 F1650 X75.383 Y114.121 E170.5241
G0 F9000 X74.817 Y114.121
G1 F1650 X94.967 Y93.971 E171.23494
G0 F9000 X94.967 Y93.405
G1 F1650 X74.251 Y114.121 E171.96575
G0 F9000 X73.686 Y114.121
G1 F1650 X94.967 Y92.84 E172.7165
G0 F9000 X94.967 Y92.274
G1 F1650 X73.12 Y114.121 E173.48721
G0 F9000 X72.868 Y114.373
G1 F1650 X67.762 Y119.479 E173.66734
G0 F9000 X67.197 Y119.479
G1 F1650 X94.967 Y91.708 E174.64702
G0 F9000 X94.967 Y91.143
G1 F1650 X66.631 Y119.479 E175.64665
G0 F9000 X66.065 Y119.479
G1 F1650 X94.967 Y90.577 E176.66624
G0 F9000 X94.967 Y90.011
G1 F1650 X66.031 Y118.947 E177.68704
G0 F9000 X66.031 Y118.381
G1 F1650 X94.894 Y89.519 E178.70524
G0 F9000 X94.328 Y89.519
G1 F1650 X66.031 Y117.816 E179.7035
G0 F9000 X66.031 Y117.25
G1 F1650 X93.763 Y89.519 E180.6818
G0 F9000 X93.197 Y89.519
G1 F1650 X65.904 Y116.811 E181.64462
G0 F9000 X66.032 Y116.118
G1 F1650 X92.631 Y89.519 E182.58297
G0 F9000 X92.066 Y89.519
G1 F1650 X66.032 Y115.552 E183.50137
G0 F9000 X66.032 Y114.986
G1 F1650 X91.5 Y89.519 E184.3998
G0 F9000 X90.934 Y89.519
G1 F1650 X66.032 Y114.421 E185.27829
G0 F9000 X66.032 Y113.855
G1 F1650 X90.368 Y89.519 E186.13681
G0 F9000 X89.803 Y89.519
G1 F1650 X66.032 Y113.289 E186.97538
G0 F9000 X66.032 Y112.724
G1 F1650 X89.237 Y89.519 E187.79399
G0 F9000 X88.671 Y89.519
G1 F1650 X66.032 Y112.158 E188.59265
G0 F9000 X66.032 Y111.592
G1 F1650 X88.106 Y89.519 E189.37135
G0 F9000 X87.54 Y89.519
G1 F1650 X66.032 Y111.027 E190.1301
G0 F9000 X66.032 Y110.461
G1 F1650 X86.974 Y89.519 E190.86889
G0 F9000 X86.409 Y89.519
G1 F1650 X66.032 Y109.895 E191.58772
G0 F9000 X66.032 Y109.33
G1 F1650 X85.843 Y89.519 E192.28661
G0 F9000 X85.277 Y89.519
G1 F1650 X66.032 Y108.764 E192.96553
G0 F9000 X66.032 Y108.198
G1 F1650 X84.712 Y89.519 E193.6245
G0 F9000 X84.146 Y89.519
G1 F1650 X66.032 Y107.632 E194.2635
G0 F9000 X66.032 Y107.067
G1 F1650 X83.58 Y89.519 E194.88255
G0 F9000 X83.015 Y89.519
G1 F1650 X66.032 Y106.501 E195.48166
G0 F9000 X66.032 Y105.935
G1 F1650 X82.449 Y89.519 E196.06079
G0 F9000 X81.883 Y89.519
G1 F1650 X66.032 Y105.37 E196.61998
G0 F9000 X66.032 Y104.804
G1 F1650 X81.317 Y89.519 E197.1592
G0 F9000 X80.752 Y89.519
G1 F1650 X66.032 Y104.238 E197.67847
G0 F9000 X66.032 Y103.673
G1 F1650 X80.186 Y89.519 E198.17779
G0 F9000 X79.62 Y89.519
G1 F1650 X66.032 Y103.107 E198.65715
G0 F9000 X66.032 Y102.541
G1 F1650 X79.055 Y89.519 E199.11655
G0 F9000 X78.489 Y89.519
G1 F1650 X66.032 Y101.976 E199.556
G0 F9000 X66.032 Y101.41
G1 F1650 X77.923 Y89.519 E199.97549
G0 F9000 X77.358 Y89.519
G1 F1650 X66.032 Y100.844 E200.37503
G0 F9000 X66.032 Y100.279
G1 F1650 X76.792 Y89.519 E200.75462
G0 F9000 X76.226 Y89.519
G1 F1650 X66.032 Y99.713 E201.11424
G0 F9000 X66.032 Y99.147
G1 F1650 X75.661 Y89.519 E201.45391
G0 F9000 X75.095 Y89.519
G1 F1650 X66.032 Y98.581 E201.77361
G0 F9000 X66.032 Y98.016
G1 F1650 X74.529 Y89.519 E202.07337
G0 F9000 X73.964 Y89.519
G1 F1650 X66.032 Y97.45 E202.35317
G0 F9000 X66.032 Y96.884
G1 F1650 X73.398 Y89.519 E202.61301
G0 F9000 X72.832 Y89.519
G1 F1650 X66.032 Y96.319 E202.8529
G0 F9000 X66.032 Y95.753
G1 F1650 X72.267 Y89.519 E203.07284
G0 F9000 X71.701 Y89.519
G1 F1650 X66.032 Y95.187 E203.27281
G0 F9000 X66.032 Y94.622
G1 F1650 X71.135 Y89.519 E203.45283
G0 F9000 X70.569 Y89.519
G1 F1650 X66.032 Y94.056 E203.61289
G0 F9000 X66.032 Y93.49
G1 F1650 X70.004 Y89.519 E203.75299
G0 F9000 X69.438 Y89.519
G1 F1650 X66.032 Y92.925 E203.87315
G0 F9000 X66.032 Y92.359
G1 F1650 X68.872 Y89.519 E203.97334
G0 F9000 X68.307 Y89.519
G1 F1650 X66.032 Y91.793 E204.05358
G0 F9000 X66.032 Y91.228
G1 F1650 X67.741 Y89.519 E204.11386
G0 F9000 X67.175 Y89.519
G1 F1650 X66.032 Y90.662 E204.15419
G0 F9000 X66.032 Y90.096
G1 F1650 X66.61 Y89.519 E204.17456
G0 F9000 X72.868 Y114.938
G1 F1650 X68.328 Y119.479 E204.33474
G0 F9000 X68.894 Y119.479
G1 F1650 X72.868 Y115.504 E204.47495
G0 F9000 X72.868 Y116.07
G1 F1650 X69.459 Y119.479 E204.59521
G0 F9000 X70.025 Y119.479
G1 F1650 X72.868 Y116.635 E204.69552
G0 F9000 X72.868 Y117.201
G1 F1650 X70.591 Y119.479 E204.77587
G0 F9000 X71.156 Y119.479
G1 F1650 X72.868 Y117.767 E204.83626
G0 F9000 X72.868 Y118.332
G1 F1650 X71.722 Y119.479 E204.87671
G0 F9000 X72.288 Y119.479
G1 F1650 X72.868 Y118.898 E204.89719
G1 F1500 E203.39719
G1 F900 Z1.46
G0 F9000 X72.868 Y118.898 Z1.46
G0 X98.734 Y119.037
;TYPE:WALL-INNER
G1 F900 Z0.46
G1 F480 E204.95955
G1 F1200 X98.734 Y118.699 E204.96798
G1 X100.05 Y118.699 E205.00081
G1 X100.05 Y119.037 E205.00924
G1 X98.734 Y119.037 E205.03705
G0 F9000 X98.334 Y119.437
G1 F1200 X98.334 Y118.299 E205.06544
G1 X100.45 Y118.299 E205.11822
G1 X100.45 Y119.437 E205.14661
G1 X99.999 Y119.437 E205.15786
G0 F1080 X98.334 Y119.437
G0 F9000 X97.909 Y119.862
;TYPE:WALL-OUTER
G1 F480 E205.19939
G1 F900 X97.909 Y117.874 E205.24279
G1 X100.875 Y117.874 E205.30752
G1 X100.875 Y119.862 E205.35092
G1 X99.811 Y119.862 E205.37414
G0 F810 X97.909 Y119.862
G0 F9000 X97.909 Y119.662
G0 X98.294 Y119.477
G0 X98.616 Y119.037
G1 F1500 E203.87414
G1 F900 Z1.46
G0 F9000 X98.734 Y119.037 Z1.46
G0 X62.488 Y119.862
;TIME_ELAPSED:269.578248
;LAYER:2
M106 S127.5
G0 X62.488 Y119.862 Z1.61
;TYPE:WALL-OUTER
G1 F900 Z0.61
G1 F480 E205.47802
G1 F900 X62.488 Y117.874 E205.52141
G1 X63.091 Y117.874 E205.53457
G1 X63.091 Y119.284 E205.56535
G0 F810 X63.091 Y119.862
G0 X62.488 Y119.862
G0 F9000 X62.488 Y119.662
G0 X62.888 Y119.462
G1 F1500 E204.06535
G1 F900 Z1.61
G0 F9000 X62.888 Y119.462 Z1.61
G0 X73.839 Y119.949
;TYPE:WALL-INNER
G1 F900 Z0.61
G1 F480 E205.65349
G1 F1500 X87.161 Y119.949 E205.98581
G1 X87.161 Y115.092 E206.10697
G1 X73.839 Y115.092 E206.43928
G1 X73.839 Y118.284 E206.51891
G0 F1350 X73.839 Y119.949
G0 F9000 X74.264 Y119.524
;TYPE:WALL-OUTER
G1 F480 E206.56044
G1 F900 X86.736 Y119.524 E206.83267
G1 X86.736 Y115.517 E206.92013
G1 X74.264 Y115.517 E207.19235
G1 X74.264 Y117.622 E207.2383
G0 F810 X74.264 Y119.524
G0 F9000 X74.464 Y119.524
G0 X74.464 Y119.909
G0 X74.464 Y120.049
G0 X65.462 Y120.05
;TYPE:WALL-INNER
G1 F480 E207.27982
G1 F1500 X65.462 Y117.425 E207.3453
G1 X65.249 Y117.174 E207.35351
G1 X65.249 Y117.128 E207.35466
G1 X65.462 Y116.7 E207.36658
G1 X65.462 Y88.95 E208.05881
G1 X95.538 Y88.95 E208.80906
G1 X95.538 Y116.701 E209.50131
G1 X95.751 Y117.128 E209.51321
G1 X95.751 Y117.173 E209.51433
G1 X95.538 Y117.422 E209.52251
G1 X95.538 Y120.05 E209.58806
G1 X87.561 Y120.05 E209.78705
G1 X87.561 Y114.692 E209.92071
G1 X73.439 Y114.692 E210.27298
G1 X73.439 Y120.05 E210.40664
G1 X67.127 Y120.05 E210.56409
G0 F1350 X65.462 Y120.05
G0 F9000 X65.062 Y120.145
G1 F480 E210.60562
G1 F1500 X65.062 Y119.388 E210.62451
G1 X64.988 Y119.299 E210.62739
G1 X65.062 Y119.16 E210.63132
G1 X65.062 Y118.468 E210.64858
G1 X64.998 Y118.404 E210.65084
G1 X65.062 Y118.256 E210.65486
G1 X65.062 Y117.572 E210.67193
G1 X64.849 Y117.321 E210.68014
G1 X64.849 Y117.033 E210.68732
G1 X65.062 Y116.606 E210.69923
G1 X65.062 Y88.55 E211.39909
G1 X95.938 Y88.55 E212.16929
G1 X95.938 Y116.607 E212.86918
G1 X96.151 Y117.033 E212.88106
G1 X96.151 Y117.321 E212.88824
G1 X95.938 Y117.57 E212.89641
G1 X95.938 Y118.345 E212.91575
G1 X95.995 Y118.411 E212.91792
G1 X95.938 Y118.468 E212.91993
G1 X95.938 Y119.252 E212.93949
G1 X95.995 Y119.309 E212.9415
G1 X95.938 Y119.375 E212.94368
G1 X95.938 Y120.14 E212.96276
G1 X96.151 Y120.396 E212.97107
G1 X96.151 Y120.45 E212.97241
G1 X95.938 Y120.45 E212.97436
G1 X65.062 Y120.45 E213.74456
G1 X64.849 Y120.45 E213.74987
G1 X64.849 Y120.402
G1 X65.062 Y120.145 E213.75474
G0 F9000 X64.637 Y119.992
;TYPE:WALL-OUTER
G1 F900 X64.637 Y119.541 E213.76458
G1 X64.426 Y119.287 E213.77179
G1 X64.603 Y119.118 E213.77713
G1 X64.637 Y119.054 E213.77871
G1 X64.637 Y118.645 E213.78764
G1 X64.427 Y118.436 E213.7941
G1 X64.609 Y118.233 E213.80006
G1 X64.637 Y118.168 E213.8016
G1 X64.637 Y117.728 E213.8112
G1 X64.424 Y117.477 E213.81839
G1 X64.424 Y116.934 E213.83024
G1 X64.637 Y116.506 E213.84068
G1 X64.637 Y88.125 E214.46015
G1 X96.363 Y88.125 E215.15263
G1 X96.363 Y116.507 E215.77212
G1 X96.576 Y116.933 E215.78252
G1 X96.576 Y117.478 E215.79441
G1 X96.363 Y117.727 E215.80157
G1 X96.363 Y118.188 E215.81163
G1 X96.486 Y118.332 E215.81576
G1 X96.495 Y118.353 E215.81626
G1 X96.573 Y118.436 E215.81875
G1 X96.363 Y118.645 E215.82521
G1 X96.363 Y119.075 E215.8346
G1 X96.574 Y119.285 E215.8411
G1 X96.363 Y119.532 E215.84819
G1 X96.363 Y119.986 E215.8581
G1 X96.576 Y120.242 E215.86537
G1 X96.576 Y120.773 E215.87696
G1 X96.527 Y120.875 E215.87943
G1 X65.405 Y120.875 E216.55872
G0 F810 X64.473 Y120.875
G0 X64.424 Y120.775
G0 X64.424 Y120.249
G0 X64.637 Y119.992
G0 F9000 X64.637 Y119.792
G0 X65.022 Y119.792
G0 X65.852 Y119.66
;TYPE:SKIN
G1 F480 E216.60024
G1 F2400 X65.852 Y117.282 E216.65956
G1 X65.698 Y117.101 E216.66549
G1 X65.852 Y116.792 E216.6741
G1 X65.852 Y89.34 E217.35889
G1 X95.148 Y89.34 E218.08968
G1 X95.148 Y116.793 E218.7745
G1 X95.301 Y117.1 E218.78306
G1 X95.148 Y117.278 E218.78891
G1 X95.148 Y119.66 E218.84833
G1 X87.951 Y119.66 E219.02786
G1 X87.951 Y114.302 E219.16152
G1 X73.049 Y114.302 E219.53325
G1 X73.049 Y119.66 E219.66691
G1 X67.517 Y119.66 E219.8049
G0 F2160 X65.852 Y119.66
G0 F9000 X66.304 Y119.479
G1 F480 E219.84644
G1 F2400 X66.031 Y119.206 E219.85607
G0 F9000 X66.031 Y118.64
G1 F2400 X66.87 Y119.479 E219.88567
G0 F9000 X67.436 Y119.479
G1 F2400 X66.031 Y118.074 E219.93523
G0 F9000 X66.031 Y117.509
G1 F2400 X68.001 Y119.479 E220.00473
G0 F9000 X68.567 Y119.479
G1 F2400 X65.994 Y116.906 E220.0955
G0 F9000 X66.031 Y116.377
G1 F2400 X69.133 Y119.479 E220.20493
G0 F9000 X69.698 Y119.479
G1 F2400 X66.031 Y115.812 E220.33429
G0 F9000 X66.031 Y115.246
G1 F2400 X70.264 Y119.479 E220.48362
G0 F9000 X70.83 Y119.479
G1 F2400 X66.031 Y114.68 E220.65292
G0 F9000 X66.031 Y114.115
G1 F2400 X71.395 Y119.479 E220.84215
G0 F9000 X71.961 Y119.479
G1 F2400 X66.031 Y113.549 E221.05135
G0 F9000 X66.031 Y112.983
G1 F2400 X72.527 Y119.479 E221.28051
G0 F9000 X72.869 Y119.255
G1 F2400 X66.031 Y112.417 E221.52174
G0 F9000 X66.031 Y111.852
G1 F2400 X72.869 Y118.689 E221.76295
G0 F9000 X72.869 Y118.124
G1 F2400 X66.031 Y111.286 E222.00418
G0 F9000 X66.031 Y110.72
G1 F2400 X72.869 Y117.558 E222.24541
G0 F9000 X72.869 Y116.992
G1 F2400 X66.031 Y110.155 E222.48662
G0 F9000 X66.031 Y109.589
G1 F2400 X72.869 Y116.427 E222.72785
G0 F9000 X72.869 Y115.861
G1 F2400 X66.031 Y109.023 E222.96908
G0 F9000 X66.031 Y108.458
G1 F2400 X72.869 Y115.295 E223.21029
G0 F9000 X72.869 Y114.73
G1 F2400 X66.031 Y107.892 E223.45152
G0 F9000 X66.031 Y107.326
G1 F2400 X72.869 Y114.164 E223.69275
G0 F9000 X73.392 Y114.121
G1 F2400 X66.031 Y106.761 E223.95241
G0 F9000 X66.031 Y106.195
G1 F2400 X73.957 Y114.121 E224.23202
G0 F9000 X74.523 Y114.121
G1 F2400 X66.031 Y105.629 E224.5316
G0 F9000 X66.031 Y105.064
G1 F2400 X75.089 Y114.121 E224.85112
G0 F9000 X75.654 Y114.121
G1 F2400 X66.031 Y104.498 E225.1906
G0 F9000 X66.031 Y103.932
G1 F2400 X76.22 Y114.121 E225.55005
G0 F9000 X76.786 Y114.121
G1 F2400 X66.031 Y103.366 E225.92946
G0 F9000 X66.031 Y102.801
G1 F2400 X77.351 Y114.121 E226.3288
G0 F9000 X77.917 Y114.121
G1 F2400 X66.031 Y102.235 E226.74811
G0 F9000 X66.031 Y101.669
G1 F2400 X78.483 Y114.121 E227.18739
G0 F9000 X79.048 Y114.121
G1 F2400 X66.031 Y101.104 E227.6466
G0 F9000 X66.031 Y100.538
G1 F2400 X79.614 Y114.121 E228.12578
G0 F9000 X80.18 Y114.121
G1 F2400 X66.031 Y99.972 E228.62492
G0 F9000 X66.031 Y99.407
G1 F2400 X80.745 Y114.121 E229.144
G0 F9000 X81.311 Y114.121
G1 F2400 X66.031 Y98.841 E229.68304
G0 F9000 X66.031 Y98.275
G1 F2400 X81.877 Y114.121 E230.24205
G0 F9000 X82.442 Y114.121
G1 F2400 X66.031 Y97.71 E230.82099
G0 F9000 X66.031 Y97.144
G1 F2400 X83.008 Y114.121 E231.4199
G0 F9000 X83.574 Y114.121
G1 F2400 X66.031 Y96.578 E232.03878
G0 F9000 X66.031 Y96.013
G1 F2400 X84.14 Y114.121 E232.67761
G0 F9000 X84.705 Y114.121
G1 F2400 X66.031 Y95.447 E233.33638
G0 F9000 X66.031 Y94.881
G1 F2400 X85.271 Y114.121 E234.01512
G0 F9000 X85.837 Y114.121
G1 F2400 X66.031 Y94.316 E234.71382
G0 F9000 X66.031 Y93.75
G1 F2400 X86.402 Y114.121 E235.43246
G0 F9000 X86.968 Y114.121
G1 F2400 X66.031 Y93.184 E236.17107
G0 F9000 X66.031 Y92.618
G1 F2400 X87.534 Y114.121 E236.92965
G0 F9000 X88.099 Y114.121
G1 F2400 X66.031 Y92.053 E237.70815
G0 F9000 X66.031 Y91.487
G1 F2400 X94.023 Y119.479 E238.69565
G0 F9000 X94.588 Y119.479
G1 F2400 X66.031 Y90.921 E239.70309
G0 F9000 X66.031 Y90.356
G1 F2400 X94.967 Y119.292 E240.72389
G0 F9000 X94.967 Y118.726
G1 F2400 X66.031 Y89.79 E241.74468
G0 F9000 X66.326 Y89.519
G1 F2400 X94.967 Y118.161 E242.75509
G0 F9000 X94.967 Y117.595
G1 F2400 X66.892 Y89.519 E243.74553
G0 F9000 X67.457 Y89.519
G1 F2400 X95.052 Y117.113 E244.719
G0 F9000 X94.967 Y116.464
G1 F2400 X68.023 Y89.519 E245.66954
G0 F9000 X68.589 Y89.519
G1 F2400 X94.967 Y115.898 E246.60011
G0 F9000 X94.967 Y115.332
G1 F2400 X69.155 Y89.519 E247.51072
G0 F9000 X69.72 Y89.519
G1 F2400 X94.967 Y114.766 E248.40137
G0 F9000 X94.967 Y114.201
G1 F2400 X70.286 Y89.519 E249.27208
G0 F9000 X70.852 Y89.519
G1 F2400 X94.967 Y113.635 E250.12282
G0 F9000 X94.967 Y113.069
G1 F2400 X71.417 Y89.519 E250.95361
G0 F9000 X71.983 Y89.519
G1 F2400 X94.967 Y112.504 E251.76445
G0 F9000 X94.967 Y111.938
G1 F2400 X72.549 Y89.519 E252.55532
G0 F9000 X73.114 Y89.519
G1 F2400 X94.967 Y111.372 E253.32624
G0 F9000 X94.967 Y110.807
G1 F2400 X73.68 Y89.519 E254.07722
G0 F9000 X74.246 Y89.519
G1 F2400 X94.967 Y110.241 E254.80822
G0 F9000 X94.967 Y109.675
G1 F2400 X74.811 Y89.519 E255.51928
G0 F9000 X75.377 Y89.519
G1 F2400 X94.967 Y109.11 E256.21039
G0 F9000 X94.967 Y108.544
G1 F2400 X75.943 Y89.519 E256.88153
G0 F9000 X76.508 Y89.519
G1 F2400 X94.967 Y107.978 E257.53272
G0 F9000 X94.967 Y107.413
G1 F2400 X77.074 Y89.519 E258.16396
G0 F9000 X77.64 Y89.519
G1 F2400 X94.967 Y106.847 E258.77524
G0 F9000 X94.967 Y106.281
G1 F2400 X78.206 Y89.519 E259.36654
G0 F9000 X78.771 Y89.519
G1 F2400 X94.967 Y105.715 E259.9379
G0 F9000 X94.967 Y105.15
G1 F2400 X79.337 Y89.519 E260.48931
G0 F9000 X79.903 Y89.519
G1 F2400 X94.967 Y104.584 E261.02075
G0 F9000 X94.967 Y104.018
G1 F2400 X80.468 Y89.519 E261.53224
G0 F9000 X81.034 Y89.519
G1 F2400 X94.967 Y103.453 E262.02378
G0 F9000 X94.967 Y102.887
G1 F2400 X81.6 Y89.519 E262.49536
G0 F9000 X82.165 Y89.519
G1 F2400 X94.967 Y102.321 E262.94698
G0 F9000 X94.967 Y101.756
G1 F2400 X82.731 Y89.519 E263.37866
G0 F9000 X83.297 Y89.519
G1 F2400 X94.967 Y101.19 E263.79037
G0 F9000 X94.967 Y100.624
G1 F2400 X83.862 Y89.519 E264.18213
G0 F9000 X84.428 Y89.519
G1 F2400 X94.967 Y100.059 E264.55394
G0 F9000 X94.967 Y99.493
G1 F2400 X84.994 Y89.519 E264.90578
G0 F9000 X85.559 Y89.519
G1 F2400 X94.967 Y98.927 E265.23767
G0 F9000 X94.967 Y98.362
G1 F2400 X86.125 Y89.519 E265.54961
G0 F9000 X86.691 Y89.519
G1 F2400 X94.967 Y97.796 E265.84159
G0 F9000 X94.967 Y97.23
G1 F2400 X87.256 Y89.519 E266.11362
G0 F9000 X87.822 Y89.519
G1 F2400 X94.967 Y96.665 E266.36569
G0 F9000 X94.967 Y96.099
G1 F2400 X88.388 Y89.519 E266.5978
G0 F9000 X88.954 Y89.519
G1 F2400 X94.967 Y95.533 E266.80995
G0 F9000 X94.967 Y94.967
G1 F2400 X89.519 Y89.519 E267.00214
G0 F9000 X90.085 Y89.519
G1 F2400 X94.967 Y94.402 E267.17438
G0 F9000 X94.967 Y93.836
G1 F2400 X90.651 Y89.519 E267.32666
G0 F9000 X91.216 Y89.519
G1 F2400 X94.967 Y93.27 E267.45898
G0 F9000 X94.967 Y92.705
G1 F2400 X91.782 Y89.519 E267.57136
G0 F9000 X92.348 Y89.519
G1 F2400 X94.967 Y92.139 E267.66377
G0 F9000 X94.967 Y91.573
G1 F2400 X92.913 Y89.519 E267.73623
G0 F9000 X93.479 Y89.519
G1 F2400 X94.967 Y91.008 E267.78874
G0 F9000 X94.967 Y90.442
G1 F2400 X94.045 Y89.519 E267.82129
G0 F9000 X94.61 Y89.519
G1 F2400 X94.967 Y89.876 E267.83388
G0 F9000 X88.13 Y114.152
G1 F2400 X93.457 Y119.479 E268.02181
G0 F9000 X92.891 Y119.479
G1 F2400 X88.13 Y114.718 E268.18976
G0 F9000 X88.13 Y115.283
G1 F2400 X92.326 Y119.479 E268.33779
G0 F9000 X91.76 Y119.479
G1 F2400 X88.13 Y115.849 E268.46585
G0 F9000 X88.13 Y116.415
G1 F2400 X91.194 Y119.479 E268.57394
G0 F9000 X90.629 Y119.479
G1 F2400 X88.13 Y116.98 E268.6621
G0 F9000 X88.13 Y117.546
G1 F2400 X90.063 Y119.479 E268.73029
G0 F9000 X89.497 Y119.479
G1 F2400 X88.13 Y118.112 E268.77851
G0 F9000 X88.13 Y118.677
G1 F2400 X88.932 Y119.479 E268.8068
G0 F9000 X88.366 Y119.479
G1 F2400 X88.13 Y119.243 E268.81513
G1 F1500 E267.31513
G1 F900 Z1.61
G0 F9000 X88.13 Y119.243 Z1.61
G0 X97.909 Y119.862
;TYPE:WALL-OUTER
G1 F900 Z0.61
G1 F480 E268.87749
G1 F900 X97.909 Y117.874 E268.92088
G1 X98.512 Y117.874 E268.93405
G1 X98.512 Y119.284 E268.96482
G0 F810 X98.512 Y119.862
G0 X97.909 Y119.862
G0 F9000 X97.909 Y119.662
G0 X98.309 Y119.462
G1 F1500 E267.46482
G1 F900 Z1.61
G0 F9000 X98.309 Y119.462 Z1.61
G0 X62.488 Y119.862
;TIME_ELAPSED:363.349943
;LAYER:3
M106 S191.3
G0 X62.488 Y119.862 Z1.76
;TYPE:WALL-OUTER
G1 F900 Z0.76
G1 F480 E269.05296
G1 F900 X62.488 Y117.874 E269.09635
G1 X63.091 Y117.874 E269.10952
G1 X63.091 Y119.284 E269.14029
G0 F810 X63.091 Y119.862
G0 X62.488 Y119.862
G0 F9000 X62.488 Y119.662
G0 X62.888 Y119.462
G1 F1500 E267.64029
G1 F900 Z1.76
G0 F9000 X62.888 Y119.462 Z1.76
G0 X73.839 Y119.949
;TYPE:WALL-INNER
G1 F900 Z0.76
G1 F480 E269.22843
G1 F1500 X87.161 Y119.949 E269.56075
G1 X87.161 Y115.092 E269.68191
G1 X73.839 Y115.092 E270.01423
G1 X73.839 Y118.284 E270.09385
G0 F1350 X73.839 Y119.949
G0 F9000 X74.264 Y119.524
;TYPE:WALL-OUTER
G1 F480 E270.13539
G1 F900 X86.736 Y119.524 E270.40761
G1 X86.736 Y115.517 E270.49507
G1 X74.264 Y115.517 E270.7673
G1 X74.264 Y117.622 E270.81325
G0 F810 X74.264 Y119.524
G0 F9000 X74.464 Y119.524
G0 X74.464 Y119.909
G0 X74.464 Y120.049
G0 X65.462 Y120.05
;TYPE:WALL-INNER
G1 F480 E270.85476
G1 F1500 X65.462 Y117.519 E270.9179
G1 X65.366 Y117.407 E270.92158
G1 X65.292 Y117.319 E270.92444
G1 X65.462 Y116.978 E270.93395
G1 X65.462 Y88.95 E271.63311
G1 X95.538 Y88.95 E272.38336
G1 X95.538 Y116.978 E273.08252
G1 X95.707 Y117.318 E273.09199
G1 X95.538 Y117.516 E273.09849
G1 X95.538 Y120.05 E273.1617
G1 X87.561 Y120.05 E273.36068
G1 X87.561 Y114.692 E273.49434
G1 X73.439 Y114.692 E273.84661
G1 X73.439 Y120.05 E273.98027
G1 X67.127 Y120.05 E274.13772
G0 F1350 X65.462 Y120.05
G0 F9000 X65.062 Y120.053
G1 F480 E274.17926
G1 F1500 X65.062 Y119.293 E274.19821
G1 X65.02 Y119.242 E274.19986
G1 X65.062 Y119.167 E274.20201
G1 X65.062 Y118.468 E274.21944
G1 X65.026 Y118.432 E274.22071
G1 X65.062 Y118.344 E274.22309
G1 X65.062 Y117.665 E274.24002
G1 X64.849 Y117.413 E274.24825
G1 X64.849 Y117.311 E274.2508
G1 X65.062 Y116.884 E274.2627
G1 X65.062 Y88.55 E274.9695
G1 X95.938 Y88.55 E275.7397
G1 X95.938 Y116.884 E276.4465
G1 X96.151 Y117.311 E276.4584
G1 X96.151 Y117.413 E276.46094
G1 X95.938 Y117.663 E276.46914
G1 X95.938 Y118.435 E276.48839
G1 X95.953 Y118.453 E276.48898
G1 X95.938 Y118.469 E276.48953
G1 X95.938 Y119.251 E276.50903
G1 X95.953 Y119.266 E276.50956
G1 X95.938 Y119.283 E276.51013
G1 X95.938 Y120.048 E276.52921
G1 X95.98 Y120.098 E276.53084
G1 X96.151 Y120.304 E276.53752
G1 X96.151 Y120.403 E276.53999
G1 X96.128 Y120.45 E276.54129
G1 X95.86 Y120.45 E276.54607
G1 X65.062 Y120.45 E277.31433
G1 X64.871 Y120.45 E277.3191
G1 X64.849 Y120.404 E277.32037
G1 X64.849 Y120.309 E277.32274
G1 X65.062 Y120.053 E277.32911
G0 F9000 X64.637 Y119.899
;TYPE:WALL-OUTER
G1 F900 X64.637 Y119.447 E277.33897
G1 X64.47 Y119.246 E277.34468
G1 X64.599 Y119.124 E277.34855
G1 X64.637 Y119.056 E277.35025
G1 X64.637 Y118.645 E277.35923
G1 X64.471 Y118.48 E277.36433
G1 X64.607 Y118.331 E277.36874
G1 X64.637 Y118.259 E277.37044
G1 X64.637 Y117.821 E277.38
G1 X64.424 Y117.569 E277.3872
G1 X64.424 Y117.212 E277.39499
G1 X64.637 Y116.784 E277.40543
G1 X64.637 Y88.125 E278.03097
G1 X96.363 Y88.125 E278.72345
G1 X96.363 Y116.784 E279.34899
G1 X96.576 Y117.211 E279.3594
G1 X96.576 Y117.57 E279.36724
G1 X96.363 Y117.82 E279.37441
G1 X96.363 Y118.28 E279.38445
G1 X96.456 Y118.391 E279.38761
G1 X96.466 Y118.416 E279.3882
G1 X96.527 Y118.481 E279.39014
G1 X96.363 Y118.645 E279.39521
G1 X96.363 Y119.075 E279.40459
G1 X96.531 Y119.243 E279.40978
G1 X96.363 Y119.44 E279.41543
G1 X96.363 Y119.894 E279.42534
G1 X96.576 Y120.15 E279.43261
G1 X96.576 Y120.499 E279.44022
G1 X96.396 Y120.875 E279.44932
G1 X65.413 Y120.875 E280.12559
G0 F810 X64.604 Y120.875
G0 X64.424 Y120.5
G0 X64.424 Y120.155
G0 X64.637 Y119.899
G0 F9000 X64.637 Y119.699
G0 X65.022 Y119.699
G0 X65.852 Y119.66
;TYPE:SKIN
G1 F480 E280.1671
G1 F2400 X65.852 Y117.375 E280.2241
G1 X65.756 Y117.262 E280.2278
G1 X65.852 Y117.07 E280.23316
G1 X65.852 Y89.34 E280.92488
G1 X95.148 Y89.34 E281.65568
G1 X95.148 Y117.07 E282.3474
G1 X95.243 Y117.261 E282.35272
G1 X95.148 Y117.372 E282.35637
G1 X95.148 Y119.66 E282.41344
G1 X87.951 Y119.66 E282.59297
G1 X87.951 Y114.302 E282.72663
G1 X73.049 Y114.302 E283.09836
G1 X73.049 Y119.66 E283.23202
G1 X67.517 Y119.66 E283.37001
G0 F2160 X65.852 Y119.66
G0 F9000 X73.811 Y115.064
G0 X87.189 Y115.064
G0 X94.349 Y119.479
G1 F480 E283.41155
G1 F2400 X94.967 Y118.861 E283.43335
G0 F9000 X94.967 Y118.295
G1 F2400 X93.783 Y119.479 E283.47512
G0 F9000 X93.217 Y119.479
G1 F2400 X94.967 Y117.729 E283.53685
G0 F9000 X94.984 Y117.147
G1 F2400 X92.652 Y119.479 E283.61912
G0 F9000 X92.086 Y119.479
G1 F2400 X94.967 Y116.599 E283.72074
G0 F9000 X94.967 Y116.033
G1 F2400 X91.52 Y119.479 E283.84232
G0 F9000 X90.955 Y119.479
G1 F2400 X94.967 Y115.467 E283.98386
G0 F9000 X94.967 Y114.902
G1 F2400 X90.389 Y119.479 E284.14534
G0 F9000 X89.823 Y119.479
G1 F2400 X94.967 Y114.336 E284.32679
G0 F9000 X94.967 Y113.77
G1 F2400 X89.258 Y119.479 E284.52819
G0 F9000 X88.692 Y119.479
G1 F2400 X94.967 Y113.204 E284.74956
G0 F9000 X94.967 Y112.639
G1 F2400 X88.13 Y119.475 E284.99074
G0 F9000 X88.13 Y118.909
G1 F2400 X94.967 Y112.073 E285.23191
G0 F9000 X94.967 Y111.507
G1 F2400 X88.13 Y118.344 E285.47311
G0 F9000 X88.13 Y117.778
G1 F2400 X94.967 Y110.942 E285.71428
G0 F9000 X94.967 Y110.376
G1 F2400 X88.13 Y117.212 E285.95546
G0 F9000 X88.13 Y116.647
G1 F2400 X94.967 Y109.81 E286.19665
G0 F9000 X94.967 Y109.245
G1 F2400 X88.13 Y116.081 E286.43783
G0 F9000 X88.13 Y115.515
G1 F2400 X94.967 Y108.679 E286.679
G0 F9000 X94.967 Y108.113
G1 F2400 X88.13 Y114.95 E286.9202
G0 F9000 X88.13 Y114.384
G1 F2400 X94.967 Y107.548 E287.16137
G0 F9000 X94.967 Y106.982
G1 F2400 X87.828 Y114.121 E287.41322
G0 F9000 X87.262 Y114.121
G1 F2400 X94.967 Y106.416 E287.68503
G0 F9000 X94.967 Y105.851
G1 F2400 X86.696 Y114.121 E287.9768
G0 F9000 X86.131 Y114.121
G1 F2400 X94.967 Y105.285 E288.28851
G0 F9000 X94.967 Y104.719
G1 F2400 X85.565 Y114.121 E288.62019
G0 F9000 X84.999 Y114.121
G1 F2400 X94.967 Y104.154 E288.97182
G0 F9000 X94.967 Y103.588
G1 F2400 X84.434 Y114.121 E289.3434
G0 F9000 X83.868 Y114.121
G1 F2400 X94.967 Y103.022 E289.73495
G0 F9000 X94.967 Y102.456
G1 F2400 X83.302 Y114.121 E290.14647
G0 F9000 X82.737 Y114.121
G1 F2400 X94.967 Y101.891 E290.57791
G0 F9000 X94.967 Y101.325
G1 F2400 X82.171 Y114.121 E291.02933
G0 F9000 X81.605 Y114.121
G1 F2400 X94.967 Y100.759 E291.50071
G0 F9000 X94.967 Y100.194
G1 F2400 X81.04 Y114.121 E291.99202
G0 F9000 X80.474 Y114.121
G1 F2400 X94.967 Y99.628 E292.5033
G0 F9000 X94.967 Y99.062
G1 F2400 X79.908 Y114.121 E293.03455
G0 F9000 X79.343 Y114.121
G1 F2400 X94.967 Y98.497 E293.58572
G0 F9000 X94.967 Y97.931
G1 F2400 X78.777 Y114.121 E294.15687
G0 F9000 X78.211 Y114.121
G1 F2400 X94.967 Y97.365 E294.74798
G0 F9000 X94.967 Y96.8
G1 F2400 X77.645 Y114.121 E295.35905
G0 F9000 X77.08 Y114.121
G1 F2400 X94.967 Y96.234 E295.99006
G0 F9000 X94.967 Y95.668
G1 F2400 X76.514 Y114.121 E296.64104
G0 F9000 X75.948 Y114.121
G1 F2400 X94.967 Y95.103 E297.31197
G0 F9000 X94.967 Y94.537
G1 F2400 X75.383 Y114.121 E298.00284
G0 F9000 X74.817 Y114.121
G1 F2400 X94.967 Y93.971 E298.71369
G0 F9000 X94.967 Y93.405
G1 F2400 X74.251 Y114.121 E299.4445
G0 F9000 X73.686 Y114.121
G1 F2400 X94.967 Y92.84 E300.19525
G0 F9000 X94.967 Y92.274
G1 F2400 X73.12 Y114.121 E300.96596
G0 F9000 X72.868 Y114.373
G1 F2400 X67.762 Y119.479 E301.14609
G0 F9000 X67.197 Y119.479
G1 F2400 X94.967 Y91.708 E302.12577
G0 F9000 X94.967 Y91.143
G1 F2400 X66.631 Y119.479 E303.1254
G0 F9000 X66.065 Y119.479
G1 F2400 X94.967 Y90.577 E304.14499
G0 F9000 X94.967 Y90.011
G1 F2400 X66.031 Y118.947 E305.16579
G0 F9000 X66.031 Y118.381
G1 F2400 X94.894 Y89.519 E306.18399
G0 F9000 X94.328 Y89.519
G1 F2400 X66.031 Y117.816 E307.18224
G0 F9000 X66.005 Y117.276
G1 F2400 X93.763 Y89.519 E308.16146
G0 F9000 X93.197 Y89.519
G1 F2400 X66.031 Y116.684 E309.1198
G0 F9000 X66.031 Y116.118
G1 F2400 X92.631 Y89.519 E310.05817
G0 F9000 X92.066 Y89.519
G1 F2400 X66.031 Y115.553 E310.97661
G0 F9000 X66.031 Y114.987
G1 F2400 X91.5 Y89.519 E311.87508
G0 F9000 X90.934 Y89.519
G1 F2400 X66.031 Y114.421 E312.75358
G0 F9000 X66.031 Y113.856
G1 F2400 X90.368 Y89.519 E313.61213
G0 F9000 X89.803 Y89.519
G1 F2400 X66.031 Y113.29 E314.45074
G0 F9000 X66.031 Y112.724
G1 F2400 X89.237 Y89.519 E315.26937
G0 F9000 X88.671 Y89.519
G1 F2400 X66.031 Y112.159 E316.06806
G0 F9000 X66.031 Y111.593
G1 F2400 X88.106 Y89.519 E316.8468
G0 F9000 X87.54 Y89.519
G1 F2400 X66.031 Y111.027 E317.60557
G0 F9000 X66.031 Y110.462
G1 F2400 X86.974 Y89.519 E318.34439
G0 F9000 X86.409 Y89.519
G1 F2400 X66.031 Y109.896 E319.06326
G0 F9000 X66.031 Y109.33
G1 F2400 X85.843 Y89.519 E319.76217
G0 F9000 X85.277 Y89.519
G1 F2400 X66.031 Y108.765 E320.44112
G0 F9000 X66.031 Y108.199
G1 F2400 X84.712 Y89.519 E321.10013
G0 F9000 X84.146 Y89.519
G1 F2400 X66.031 Y107.633 E321.73916
G0 F9000 X66.031 Y107.067
G1 F2400 X83.58 Y89.519 E322.35823
G0 F9000 X83.015 Y89.519
G1 F2400 X66.031 Y106.502 E322.95737
G0 F9000 X66.031 Y105.936
G1 F2400 X82.449 Y89.519 E323.53654
G0 F9000 X81.883 Y89.519
G1 F2400 X66.031 Y105.37 E324.09575
G0 F9000 X66.031 Y104.805
G1 F2400 X81.317 Y89.519 E324.635
G0 F9000 X80.752 Y89.519
G1 F2400 X66.031 Y104.239 E325.15431
G0 F9000 X66.031 Y103.673
G1 F2400 X80.186 Y89.519 E325.65365
G0 F9000 X79.62 Y89.519
G1 F2400 X66.031 Y103.108 E326.13304
G0 F9000 X66.031 Y102.542
G1 F2400 X79.055 Y89.519 E326.59248
G0 F9000 X78.489 Y89.519
G1 F2400 X66.031 Y101.976 E327.03195
G0 F9000 X66.031 Y101.411
G1 F2400 X77.923 Y89.519 E327.45147
G0 F9000 X77.358 Y89.519
G1 F2400 X66.031 Y100.845 E327.85104
G0 F9000 X66.031 Y100.279
G1 F2400 X76.792 Y89.519 E328.23065
G0 F9000 X76.226 Y89.519
G1 F2400 X66.031 Y99.714 E328.5903
G0 F9000 X66.031 Y99.148
G1 F2400 X75.661 Y89.519 E328.93001
G0 F9000 X75.095 Y89.519
G1 F2400 X66.031 Y98.582 E329.24975
G0 F9000 X66.031 Y98.017
G1 F2400 X74.529 Y89.519 E329.54954
G0 F9000 X73.964 Y89.519
G1 F2400 X66.031 Y97.451 E329.82938
G0 F9000 X66.031 Y96.885
G1 F2400 X73.398 Y89.519 E330.08925
G0 F9000 X72.832 Y89.519
G1 F2400 X66.031 Y96.319 E330.32916
G0 F9000 X66.031 Y95.754
G1 F2400 X72.267 Y89.519 E330.54913
G0 F9000 X71.701 Y89.519
G1 F2400 X66.031 Y95.188 E330.74914
G0 F9000 X66.031 Y94.622
G1 F2400 X71.135 Y89.519 E330.92918
G0 F9000 X70.569 Y89.519
G1 F2400 X66.031 Y94.057 E331.08927
G0 F9000 X66.031 Y93.491
G1 F2400 X70.004 Y89.519 E331.22941
G0 F9000 X69.438 Y89.519
G1 F2400 X66.031 Y92.925 E331.34959
G0 F9000 X66.031 Y92.36
G1 F2400 X68.872 Y89.519 E331.44981
G0 F9000 X68.307 Y89.519
G1 F2400 X66.031 Y91.794 E331.53008
G0 F9000 X66.031 Y91.228
G1 F2400 X67.741 Y89.519 E331.59039
G0 F9000 X67.175 Y89.519
G1 F2400 X66.031 Y90.663 E331.63075
G0 F9000 X66.031 Y90.097
G1 F2400 X66.61 Y89.519 E331.65116
G0 F9000 X72.868 Y114.938
G1 F2400 X68.328 Y119.479 E331.81133
G0 F9000 X68.894 Y119.479
G1 F2400 X72.868 Y115.504 E331.95155
G0 F9000 X72.868 Y116.07
G1 F2400 X69.459 Y119.479 E332.07181
G0 F9000 X70.025 Y119.479
G1 F2400 X72.868 Y116.635 E332.17212
G0 F9000 X72.868 Y117.201
G1 F2400 X70.591 Y119.479 E332.25246
G0 F9000 X71.156 Y119.479
G1 F2400 X72.868 Y117.767 E332.31286
G0 F9000 X72.868 Y118.332
G1 F2400 X71.722 Y119.479 E332.35331
G0 F9000 X72.288 Y119.479
G1 F2400 X72.868 Y118.898 E332.37378
G1 F1500 E330.87378
G1 F900 Z1.76
G0 F9000 X72.868 Y118.898 Z1.76
G0 X97.909 Y119.862
;TYPE:WALL-OUTER
G1 F900 Z0.76
G1 F480 E332.43615
G1 F900 X97.909 Y117.874 E332.47954
G1 X98.512 Y117.874 E332.4927
G1 X98.512 Y119.284 E332.52348
G0 F810 X98.512 Y119.862
G0 X97.909 Y119.862
G0 F9000 X97.909 Y119.662
G0 X98.309 Y119.462
G1 F1500 E331.02348
G1 F900 Z1.76
G0 F9000 X98.309 Y119.462 Z1.76
G0 X62.488 Y119.862
;TIME_ELAPSED:457.757444
;LAYER:4
M106 S255
G0 X62.488 Y119.862 Z1.91
;TYPE:WALL-OUTER
G1 F900 Z0.91
G1 F480 E332.61162
G1 F900 X62.488 Y117.874 E332.65501
G1 X63.091 Y117.874 E332.66817
G1 X63.091 Y119.284 E332.69895
G0 F810 X63.091 Y119.862
G0 X62.488 Y119.862
G0 F9000 X62.488 Y119.662
G0 X62.888 Y119.462
G1 F1500 E331.19895
G1 F900 Z1.91
G0 F9000 X62.888 Y119.462 Z1.91
G0 X73.839 Y119.949
;TYPE:WALL-INNER
G1 F900 Z0.91
G1 F480 E332.78709
G1 F1500 X87.161 Y119.949 E333.11941
G1 X87.161 Y115.092 E333.24056
G1 X73.839 Y115.092 E333.57288
G1 X73.839 Y118.284 E333.65251
G0 F1350 X73.839 Y119.949
G0 F9000 X74.264 Y119.524
;TYPE:WALL-OUTER
G1 F480 E333.69404
G1 F900 X86.736 Y119.524 E333.96627
G1 X86.736 Y115.517 E334.05373
G1 X74.264 Y115.517 E334.32595
G1 X74.264 Y117.622 E334.3719
G0 F810 X74.264 Y119.524
G0 F9000 X74.464 Y119.524
G0 X74.464 Y119.909
G0 X74.464 Y120.049
G0 X65.462 Y120.05
;TYPE:WALL-INNER
G1 F480 E334.41341
G1 F1500 X65.462 Y117.615 E334.47416
G1 X65.35 Y117.482 E334.47849
G1 X65.462 Y117.256 E334.48479
G1 X65.462 Y88.95 E335.19088
G1 X95.538 Y88.95 E335.94113
G1 X95.538 Y117.255 E336.6472
G1 X95.65 Y117.479 E336.65345
G1 X95.538 Y117.611 E336.65777
G1 X95.538 Y120.05 E336.71861
G1 X87.561 Y120.05 E336.9176
G1 X87.561 Y114.692 E337.05125
G1 X73.439 Y114.692 E337.40353
G1 X73.439 Y120.05 E337.53718
G1 X67.127 Y120.05 E337.69464
G0 F1350 X65.462 Y120.05
G0 F9000 X65.062 Y119.959
G1 F480 E337.73617
G1 F1500 X65.062 Y119.201 E337.75508
G1 X65.049 Y119.185 E337.75559
G1 X65.062 Y119.16 E337.75629
G1 X65.062 Y118.468 E337.77356
G1 X65.054 Y118.46 E337.77384
G1 X65.062 Y118.441 E337.77435
G1 X65.062 Y117.761 E337.79132
G1 X64.875 Y117.538 E337.79858
G1 X65.062 Y117.162 E337.80905
G1 X65.062 Y88.55 E338.52278
G1 X95.938 Y88.55 E339.29298
G1 X95.938 Y117.161 E340.00669
G1 X96.125 Y117.537 E340.01716
G1 X95.938 Y117.758 E340.02439
G1 X95.938 Y119.954 E340.07917
G1 X96.057 Y120.097 E340.08381
G1 X96.122 Y120.176 E340.08636
G1 X95.994 Y120.45 E340.0939
G1 X95.891 Y120.45 E340.09647
G1 X66.087 Y120.45 E340.83994
G0 F1350 X65.11 Y120.45
G0 X65.004 Y120.45
G0 X64.88 Y120.177
G0 X64.948 Y120.096
G0 X65.062 Y119.959
G0 F9000 X64.637 Y120.669
;TYPE:WALL-OUTER
G1 F480 E340.88147
G1 F900 X64.497 Y120.364 E340.88879
G1 X64.424 Y120.225 E340.89222
G1 X64.424 Y120.06 E340.89582
G1 X64.637 Y119.805 E340.90307
G1 X64.637 Y119.353 E340.91294
G1 X64.515 Y119.204 E340.91714
G1 X64.597 Y119.129 E340.91957
G1 X64.637 Y119.054 E340.92142
G1 X64.637 Y118.645 E340.93035
G1 X64.516 Y118.525 E340.93407
G1 X64.603 Y118.43 E340.93688
G1 X64.637 Y118.352 E340.93874
G1 X64.637 Y117.916 E340.94826
G1 X64.424 Y117.662 E340.95549
G1 X64.424 Y117.49 E340.95925
G1 X64.637 Y117.062 E340.96968
G1 X64.637 Y116.361 E340.98498
G1 X64.507 Y116.095 E340.99144
G1 X64.472 Y116.024 E340.99317
G1 X64.637 Y116.031 E340.99492
G1 X64.637 Y88.125 E341.60402
G1 X96.363 Y88.125 E342.29651
G1 X96.363 Y116.025 E342.90548
G1 X96.526 Y116.026 E342.90904
G1 X96.496 Y116.088
G1 X96.366 Y116.352 E342.91359
G1 X96.363 Y117.062 E342.92909
G1 X96.576 Y117.489 E342.9395
G1 X96.576 Y117.662 E342.94328
G1 X96.363 Y117.914 E342.95048
G1 X96.363 Y118.371 E342.96045
G1 X96.425 Y118.445 E342.96256
G1 X96.438 Y118.479 E342.96336
G1 X96.483 Y118.526 E342.96478
G1 X96.363 Y118.645 E342.96846
G1 X96.363 Y119.075 E342.97785
G1 X96.488 Y119.199 E342.98169
G1 X96.363 Y119.349 E342.98595
G1 X96.363 Y119.801 E342.99582
G1 X96.576 Y120.058 E343.00311
G1 X96.576 Y120.224 E343.00673
G1 X96.503 Y120.364 E343.01018
G1 X96.363 Y120.664 E343.0174
G1 X96.363 Y120.875 E343.02201
G1 X66.333 Y120.875 E343.67747
G0 F810 X64.637 Y120.875
G0 X64.637 Y120.669
G0 F9000 X64.554 Y120.487
G0 X64.904 Y120.327
G0 X65.852 Y119.66
;TYPE:SKIN
G1 F480 E343.71899
G1 F2400 X65.852 Y117.473 E343.77354
G1 X65.813 Y117.427 E343.77505
G1 X65.852 Y117.348 E343.77724
G1 X65.852 Y89.34 E344.47591
G1 X95.148 Y89.34 E345.2067
G1 X95.148 Y117.347 E345.90533
G1 X95.186 Y117.424 E345.90748
G1 X95.148 Y117.469 E345.90895
G1 X95.148 Y119.66 E345.9636
G1 X87.951 Y119.66 E346.14313
G1 X87.951 Y114.302 E346.27679
G1 X73.049 Y114.302 E346.64852
G1 X73.049 Y119.66 E346.78217
G1 X67.517 Y119.66 E346.92017
G0 F2160 X65.852 Y119.66
G0 F9000 X66.304 Y119.479
G1 F480 E346.9617
G1 F2400 X66.031 Y119.206 E346.97133
G0 F9000 X66.031 Y118.64
G1 F2400 X66.87 Y119.479 E347.00093
G0 F9000 X67.436 Y119.479
G1 F2400 X66.031 Y118.074 E347.0505
G0 F9000 X66.031 Y117.509
G1 F2400 X68.001 Y119.479 E347.11999
G0 F9000 X68.567 Y119.479
G1 F2400 X66.031 Y116.943 E347.20946
G0 F9000 X66.031 Y116.377
G1 F2400 X69.133 Y119.479 E347.31889
G0 F9000 X69.698 Y119.479
G1 F2400 X66.031 Y115.812 E347.44825
G0 F9000 X66.031 Y115.246
G1 F2400 X70.264 Y119.479 E347.59758
G0 F9000 X70.83 Y119.479
G1 F2400 X66.031 Y114.68 E347.76688
G0 F9000 X66.031 Y114.115
G1 F2400 X71.395 Y119.479 E347.95611
G0 F9000 X71.961 Y119.479
G1 F2400 X66.031 Y113.549 E348.16531
G0 F9000 X66.031 Y112.983
G1 F2400 X72.527 Y119.479 E348.39447
G0 F9000 X72.869 Y119.255
G1 F2400 X66.031 Y112.417 E348.6357
G0 F9000 X66.031 Y111.852
G1 F2400 X72.869 Y118.689 E348.87691
G0 F9000 X72.869 Y118.124
G1 F2400 X66.031 Y111.286 E349.11814
G0 F9000 X66.031 Y110.72
G1 F2400 X72.869 Y117.558 E349.35937
G0 F9000 X72.869 Y116.992
G1 F2400 X66.031 Y110.155 E349.60058
G0 F9000 X66.031 Y109.589
G1 F2400 X72.869 Y116.427 E349.84181
G0 F9000 X72.869 Y115.861
G1 F2400 X66.031 Y109.023 E350.08304
G0 F9000 X66.031 Y108.458
G1 F2400 X72.869 Y115.295 E350.32425
G0 F9000 X72.869 Y114.73
G1 F2400 X66.031 Y107.892 E350.56548
G0 F9000 X66.031 Y107.326
G1 F2400 X72.869 Y114.164 E350.80671
G0 F9000 X73.392 Y114.121
G1 F2400 X66.031 Y106.761 E351.06637
G0 F9000 X66.031 Y106.195
G1 F2400 X73.957 Y114.121 E351.34598
G0 F9000 X74.523 Y114.121
G1 F2400 X66.031 Y105.629 E351.64556
G0 F9000 X66.031 Y105.064
G1 F2400 X75.089 Y114.121 E351.96509
G0 F9000 X75.654 Y114.121
G1 F2400 X66.031 Y104.498 E352.30456
G0 F9000 X66.031 Y103.932
G1 F2400 X76.22 Y114.121 E352.66401
G0 F9000 X76.786 Y114.121
G1 F2400 X66.031 Y103.366 E353.04342
G0 F9000 X66.031 Y102.801
G1 F2400 X77.351 Y114.121 E353.44276
G0 F9000 X77.917 Y114.121
G1 F2400 X66.031 Y102.235 E353.86207
G0 F9000 X66.031 Y101.669
G1 F2400 X78.483 Y114.121 E354.30135
G0 F9000 X79.048 Y114.121
G1 F2400 X66.031 Y101.104 E354.76056
G0 F9000 X66.031 Y100.538
G1 F2400 X79.614 Y114.121 E355.23974
G0 F9000 X80.18 Y114.121
G1 F2400 X66.031 Y99.972 E355.73888
G0 F9000 X66.031 Y99.407
G1 F2400 X80.745 Y114.121 E356.25796
G0 F9000 X81.311 Y114.121
G1 F2400 X66.031 Y98.841 E356.797
G0 F9000 X66.031 Y98.275
G1 F2400 X81.877 Y114.121 E357.35601
G0 F9000 X82.442 Y114.121
G1 F2400 X66.031 Y97.71 E357.93496
G0 F9000 X66.031 Y97.144
G1 F2400 X83.008 Y114.121 E358.53387
G0 F9000 X83.574 Y114.121
G1 F2400 X66.031 Y96.578 E359.15274
G0 F9000 X66.031 Y96.013
G1 F2400 X84.14 Y114.121 E359.79157
G0 F9000 X84.705 Y114.121
G1 F2400 X66.031 Y95.447 E360.45034
G0 F9000 X66.031 Y94.881
G1 F2400 X85.271 Y114.121 E361.12909
G0 F9000 X85.837 Y114.121
G1 F2400 X66.031 Y94.316 E361.82778
G0 F9000 X66.031 Y93.75
G1 F2400 X86.402 Y114.121 E362.54642
G0 F9000 X86.968 Y114.121
G1 F2400 X66.031 Y93.184 E363.28503
G0 F9000 X66.031 Y92.618
G1 F2400 X87.534 Y114.121 E364.04361
G0 F9000 X88.099 Y114.121
G1 F2400 X66.031 Y92.053 E364.82212
G0 F9000 X66.031 Y91.487
G1 F2400 X94.023 Y119.479 E365.80961
G0 F9000 X94.588 Y119.479
G1 F2400 X66.031 Y90.921 E366.81705
G0 F9000 X66.031 Y90.356
G1 F2400 X94.967 Y119.292 E367.83785
G0 F9000 X94.967 Y118.726
G1 F2400 X66.031 Y89.79 E368.85864
G0 F9000 X66.326 Y89.519
G1 F2400 X94.967 Y118.161 E369.86905
G0 F9000 X94.967 Y117.595
G1 F2400 X66.892 Y89.519 E370.85949
G0 F9000 X67.457 Y89.519
G1 F2400 X94.967 Y117.029 E371.82998
G0 F9000 X94.967 Y116.464
G1 F2400 X68.023 Y89.519 E372.78052
G0 F9000 X68.589 Y89.519
G1 F2400 X94.967 Y115.898 E373.71109
G0 F9000 X94.967 Y115.332
G1 F2400 X69.155 Y89.519 E374.6217
G0 F9000 X69.72 Y89.519
G1 F2400 X94.967 Y114.766 E375.51235
G0 F9000 X94.967 Y114.201
G1 F2400 X70.286 Y89.519 E376.38306
G0 F9000 X70.852 Y89.519
G1 F2400 X94.967 Y113.635 E377.2338
G0 F9000 X94.967 Y113.069
G1 F2400 X71.417 Y89.519 E378.06459
G0 F9000 X71.983 Y89.519
G1 F2400 X94.967 Y112.504 E378.87543
G0 F9000 X94.967 Y111.938
G1 F2400 X72.549 Y89.519 E379.6663
G0 F9000 X73.114 Y89.519
G1 F2400 X94.967 Y111.372 E380.43723
G0 F9000 X94.967 Y110.807
G1 F2400 X73.68 Y89.519 E381.1882
G0 F9000 X74.246 Y89.519
G1 F2400 X94.967 Y110.241 E381.91921
G0 F9000 X94.967 Y109.675
G1 F2400 X74.811 Y89.519 E382.63026
G0 F9000 X75.377 Y89.519
G1 F2400 X94.967 Y109.11 E383.32137
G0 F9000 X94.967 Y108.544
G1 F2400 X75.943 Y89.519 E383.99251
G0 F9000 X76.508 Y89.519
G1 F2400 X94.967 Y107.978 E384.6437
G0 F9000 X94.967 Y107.413
G1 F2400 X77.074 Y89.519 E385.27494
G0 F9000 X77.64 Y89.519
G1 F2400 X94.967 Y106.847 E385.88622
G0 F9000 X94.967 Y106.281
G1 F2400 X78.206 Y89.519 E386.47753
G0 F9000 X78.771 Y89.519
G1 F2400 X94.967 Y105.715 E387.04888
G0 F9000 X94.967 Y105.15
G1 F2400 X79.337 Y89.519 E387.60029
G0 F9000 X79.903 Y89.519
G1 F2400 X94.967 Y104.584 E388.13173
G0 F9000 X94.967 Y104.018
G1 F2400 X80.468 Y89.519 E388.64322
G0 F9000 X81.034 Y89.519
G1 F2400 X94.967 Y103.453 E389.13477
G0 F9000 X94.967 Y102.887
G1 F2400 X81.6 Y89.519 E389.60634
G0 F9000 X82.165 Y89.519
G1 F2400 X94.967 Y102.321 E390.05797
G0 F9000 X94.967 Y101.756
G1 F2400 X82.731 Y89.519 E390.48964
G0 F9000 X83.297 Y89.519
G1 F2400 X94.967 Y101.19 E390.90135
G0 F9000 X94.967 Y100.624
G1 F2400 X83.862 Y89.519 E391.29311
G0 F9000 X84.428 Y89.519
G1 F2400 X94.967 Y100.059 E391.66492
G0 F9000 X94.967 Y99.493
G1 F2400 X84.994 Y89.519 E392.01676
G0 F9000 X85.559 Y89.519
G1 F2400 X94.967 Y98.927 E392.34865
G0 F9000 X94.967 Y98.362
G1 F2400 X86.125 Y89.519 E392.6606
G0 F9000 X86.691 Y89.519
G1 F2400 X94.967 Y97.796 E392.95257
G0 F9000 X94.967 Y97.23
G1 F2400 X87.256 Y89.519 E393.2246
G0 F9000 X87.822 Y89.519
G1 F2400 X94.967 Y96.665 E393.47667
G0 F9000 X94.967 Y96.099
G1 F2400 X88.388 Y89.519 E393.70878
G0 F9000 X88.954 Y89.519
G1 F2400 X94.967 Y95.533 E393.92093
G0 F9000 X94.967 Y94.967
G1 F2400 X89.519 Y89.519 E394.11312
G0 F9000 X90.085 Y89.519
G1 F2400 X94.967 Y94.402 E394.28536
G0 F9000 X94.967 Y93.836
G1 F2400 X90.651 Y89.519 E394.43764
G0 F9000 X91.216 Y89.519
G1 F2400 X94.967 Y93.27 E394.56997
G0 F9000 X94.967 Y92.705
G1 F2400 X91.782 Y89.519 E394.68234
G0 F9000 X92.348 Y89.519
G1 F2400 X94.967 Y92.139 E394.77475
G0 F9000 X94.967 Y91.573
G1 F2400 X92.913 Y89.519 E394.84721
G0 F9000 X93.479 Y89.519
G1 F2400 X94.967 Y91.008 E394.89972
G0 F9000 X94.967 Y90.442
G1 F2400 X94.045 Y89.519 E394.93227
G0 F9000 X94.61 Y89.519
G1 F2400 X94.967 Y89.876 E394.94486
G0 F9000 X88.13 Y114.152
G1 F2400 X93.457 Y119.479 E395.13279
G0 F9000 X92.891 Y119.479
G1 F2400 X88.13 Y114.718 E395.30074
G0 F9000 X88.13 Y115.283
G1 F2400 X92.326 Y119.479 E395.44877
G0 F9000 X91.76 Y119.479
G1 F2400 X88.13 Y115.849 E395.57683
G0 F9000 X88.13 Y116.415
G1 F2400 X91.194 Y119.479 E395.68492
G0 F9000 X90.629 Y119.479
G1 F2400 X88.13 Y116.98 E395.77308
G0 F9000 X88.13 Y117.546
G1 F2400 X90.063 Y119.479 E395.84127
G0 F9000 X89.497 Y119.479
G1 F2400 X88.13 Y118.112 E395.88949
G0 F9000 X88.13 Y118.677
G1 F2400 X88.932 Y119.479 E395.91779
G0 F9000 X88.366 Y119.479
G1 F2400 X88.13 Y119.243 E395.92611
G1 F1500 E394.42611
G1 F900 Z1.91
G0 F9000 X88.13 Y119.243 Z1.91
G0 X97.909 Y119.862
;TYPE:WALL-OUTER
G1 F900 Z0.91
G1 F480 E395.98847
G1 F900 X97.909 Y117.874 E396.03187
G1 X98.512 Y117.874 E396.04503
G1 X98.512 Y119.284 E396.0758
G0 F810 X98.512 Y119.862
G0 X97.909 Y119.862
G0 F9000 X97.909 Y119.662
G0 X98.309 Y119.462
G1 F1500 E394.5758
G1 F900 Z1.91
G0 F9000 X98.309 Y119.462 Z1.91
G0 X62.488 Y119.862
;TIME_ELAPSED:551.518922
;LAYER:5
G0 X62.488 Y119.862 Z2.06
;TYPE:WALL-OUTER
G1 F900 Z1.06
G1 F480 E396.16394
G1 F900 X62.488 Y119.46 E396.17272
G1 X62.916 Y119.459 E396.18206
G1 X63.091 Y119.459 E396.18588
G1 X63.091 Y119.634 E396.18835
G1 X63.091 Y119.862 E396.19333
G1 X62.711 Y119.862 E396.20162
G0 F810 X62.488 Y119.862
G0 F9000 X62.488 Y119.662
G0 X62.888 Y119.462
G0 X62.488 Y118.275
G1 F480 E396.20649
G1 F900 X62.488 Y117.874 E396.21524
G1 X63.091 Y117.874 E396.2284
G1 X63.091 Y118.275 E396.23716
G1 X63.082 Y118.275 E396.23735
G0 F810 X62.488 Y118.275
G0 F9000 X62.488 Y118.075
G0 X62.888 Y117.875
G1 F1500 E394.73735
G1 F900 Z2.06
G0 F9000 X62.888 Y117.875 Z2.06
G0 X73.839 Y119.949
;TYPE:WALL-INNER
G1 F900 Z1.06
G1 F480 E396.31268
G1 F1500 X87.161 Y119.949 E396.645
G1 X87.161 Y115.092 E396.76616
G1 X73.839 Y115.092 E397.09848
G1 X73.839 Y118.284 E397.1781
G0 F1350 X73.839 Y119.949
G0 F9000 X74.264 Y119.524
;TYPE:WALL-OUTER
G1 F480 E397.21964
G1 F900 X86.736 Y119.524 E397.49186
G1 X86.736 Y115.517 E397.57932
G1 X74.264 Y115.517 E397.85155
G1 X74.264 Y117.622 E397.89749
G0 F810 X74.264 Y119.524
G0 F9000 X74.464 Y119.524
G0 X74.464 Y119.909
G0 X74.464 Y120.049
G0 X65.432 Y120.05
;TYPE:WALL-INNER
G1 F480 E397.93901
G1 F1500 X65.462 Y120.014 E397.94018
G1 X65.462 Y117.708 E397.9977
G1 X65.406 Y117.642 E397.99986
G1 X65.462 Y117.526 E398.00307
G1 X65.462 Y88.95 E398.7159
G1 X95.538 Y88.95 E399.46615
G1 X95.538 Y117.536 E400.17923
G1 X95.59 Y117.64 E400.18213
G1 X95.538 Y117.701 E400.18413
G1 X95.538 Y120.007 E400.24166
G1 X95.574 Y120.05 E400.24306
G1 X95.538 Y120.05
G1 X87.561 Y120.05 E400.44204
G1 X87.561 Y114.692 E400.5757
G1 X73.439 Y114.692 E400.92797
G1 X73.439 Y120.05 E401.06163
G1 X65.462 Y120.05 E401.26062
G1 X65.432 Y120.05
G0 F9000 X65.062 Y119.868
G1 F1500 X65.062 Y117.854 E401.31086
G1 X64.934 Y117.702 E401.31581
G1 X65.062 Y117.435 E401.3232
G1 X65.062 Y116.541 E401.3455
G1 X64.999 Y116.412 E401.34908
G1 X64.983 Y116.38 E401.34997
G1 X65.062 Y116.38 E401.35015
G1 X65.062 Y88.55 E402.04437
G1 X95.938 Y88.55 E402.81458
G1 X95.938 Y116.383 E403.50887
G1 X96.015 Y116.383 E403.51079
G1 X96.001 Y116.412
G1 X95.938 Y116.541 E403.51256
G1 X95.938 Y117.441 E403.53501
G1 X96.067 Y117.698 E403.54219
G1 X95.938 Y117.849 E403.54714
G1 X95.938 Y119.863 E403.59738
G1 X96.065 Y120.016 E403.60234
G1 X95.938 Y120.293 E403.60994
G1 X95.938 Y120.45 E403.61386
G1 X66.074 Y120.45 E404.35882
G0 F1350 X65.062 Y120.45
G0 X65.062 Y120.305
G0 X64.936 Y120.018
G0 X65.062 Y119.868
G0 F9000 X64.637 Y120.394
;TYPE:WALL-OUTER
G1 F480 E404.40035
G1 F900 X64.53 Y120.15 E404.40617
G1 X64.429 Y119.961 E404.41084
G1 X64.637 Y119.713 E404.41791
G1 X64.637 Y119.258 E404.42784
G1 X64.561 Y119.165 E404.43046
G1 X64.589 Y119.141 E404.43127
G1 X64.637 Y119.056 E404.4334
G1 X64.637 Y118.645 E404.44237
G1 X64.563 Y118.572 E404.44464
G1 X64.587 Y118.548 E404.44538
G1 X64.637 Y118.448 E404.44782
G1 X64.637 Y118.009 E404.4574
G1 X64.429 Y117.761 E404.46446
G1 X64.481 Y117.666 E404.46683
G1 X64.637 Y117.339 E404.47474
G1 X64.637 Y116.639 E404.49002
G1 X64.424 Y116.204 E404.50059
G1 X64.424 Y115.955 E404.50602
G1 X64.637 Y115.955 E404.51005
G1 X64.637 Y88.125 E405.11749
G1 X96.363 Y88.125 E405.80998
G1 X96.363 Y115.956 E406.41744
G1 X96.576 Y115.955 E406.42209
G1 X96.576 Y116.203 E406.4256
G1 X96.363 Y116.639 E406.43619
G1 X96.363 Y117.341 E406.45151
G1 X96.573 Y117.761 E406.46176
G1 X96.363 Y118.006 E406.46881
G1 X96.363 Y118.449 E406.47847
G1 X96.415 Y118.548 E406.48092
G1 X96.438 Y118.571 E406.48163
G1 X96.363 Y118.645 E406.48393
G1 X96.363 Y119.075 E406.49331
G1 X96.446 Y119.157 E406.49586
G1 X96.363 Y119.257 E406.49869
G1 X96.363 Y119.709 E406.50856
G1 X96.571 Y119.959 E406.51566
G1 X96.471 Y120.15 E406.52036
G1 X96.363 Y120.386 E406.52603
G1 X96.363 Y120.875 E406.5367
G1 X66.058 Y120.875 E407.19817
G0 F810 X64.637 Y120.875
G0 X64.637 Y120.394
G0 F9000 X64.557 Y120.211
G0 X64.91 Y120.057
G0 X65.852 Y119.66
;TYPE:SKIN
G1 F480 E407.23968
G1 F2400 X65.852 Y89.34 E407.99602
G1 X95.148 Y89.34 E408.72681
G1 X95.148 Y119.66 E409.48315
G1 X87.951 Y119.66 E409.66268
G1 X87.951 Y114.302 E409.79633
G1 X73.049 Y114.302 E410.16806
G1 X73.049 Y119.66 E410.30172
G1 X67.517 Y119.66 E410.43972
G0 F2160 X65.852 Y119.66
G0 F9000 X73.811 Y115.064
G0 X87.189 Y115.064
G0 X94.349 Y119.479
G1 F480 E410.48125
G1 F2400 X94.967 Y118.861 E410.50305
G0 F9000 X94.967 Y118.296
G1 F2400 X93.783 Y119.479 E410.5448
G0 F9000 X93.217 Y119.479
G1 F2400 X94.967 Y117.73 E410.60652
G0 F9000 X94.967 Y117.164
G1 F2400 X92.652 Y119.479 E410.68819
G0 F9000 X92.086 Y119.479
G1 F2400 X94.967 Y116.599 E410.78981
G0 F9000 X94.967 Y116.033
G1 F2400 X91.52 Y119.479 E410.91139
G0 F9000 X90.955 Y119.479
G1 F2400 X94.967 Y115.467 E411.05292
G0 F9000 X94.967 Y114.902
G1 F2400 X90.389 Y119.479 E411.21441
G0 F9000 X89.823 Y119.479
G1 F2400 X94.967 Y114.336 E411.39586
G0 F9000 X94.967 Y113.77
G1 F2400 X89.258 Y119.479 E411.59726
G0 F9000 X88.692 Y119.479
G1 F2400 X94.967 Y113.204 E411.81863
G0 F9000 X94.967 Y112.639
G1 F2400 X88.13 Y119.475 E412.0598
G0 F9000 X88.13 Y118.909
G1 F2400 X94.967 Y112.073 E412.30098
G0 F9000 X94.967 Y111.507
G1 F2400 X88.13 Y118.344 E412.54217
G0 F9000 X88.13 Y117.778
G1 F2400 X94.967 Y110.942 E412.78335
G0 F9000 X94.967 Y110.376
G1 F2400 X88.13 Y117.212 E413.02452
G0 F9000 X88.13 Y116.647
G1 F2400 X94.967 Y109.81 E413.26572
G0 F9000 X94.967 Y109.245
G1 F2400 X88.13 Y116.081 E413.50689
G0 F9000 X88.13 Y115.515
G1 F2400 X94.967 Y108.679 E413.74807
G0 F9000 X94.967 Y108.113
G1 F2400 X88.13 Y114.95 E413.98926
G0 F9000 X88.13 Y114.384
G1 F2400 X94.967 Y107.548 E414.23044
G0 F9000 X94.967 Y106.982
G1 F2400 X87.828 Y114.121 E414.48229
G0 F9000 X87.262 Y114.121
G1 F2400 X94.967 Y106.416 E414.7541
G0 F9000 X94.967 Y105.851
G1 F2400 X86.696 Y114.121 E415.04587
G0 F9000 X86.131 Y114.121
G1 F2400 X94.967 Y105.285 E415.35758
G0 F9000 X94.967 Y104.719
G1 F2400 X85.565 Y114.121 E415.68926
G0 F9000 X84.999 Y114.121
G1 F2400 X94.967 Y104.154 E416.04089
G0 F9000 X94.967 Y103.588
G1 F2400 X84.434 Y114.121 E416.41247
G0 F9000 X83.868 Y114.121
G1 F2400 X94.967 Y103.022 E416.80402
G0 F9000 X94.967 Y102.456
G1 F2400 X83.302 Y114.121 E417.21553
G0 F9000 X82.737 Y114.121
G1 F2400 X94.967 Y101.891 E417.64698
G0 F9000 X94.967 Y101.325
G1 F2400 X82.171 Y114.121 E418.09839
G0 F9000 X81.605 Y114.121
G1 F2400 X94.967 Y100.759 E418.56977
G0 F9000 X94.967 Y100.194
G1 F2400 X81.04 Y114.121 E419.06109
G0 F9000 X80.474 Y114.121
G1 F2400 X94.967 Y99.628 E419.57237
G0 F9000 X94.967 Y99.062
G1 F2400 X79.908 Y114.121 E420.10361
G0 F9000 X79.343 Y114.121
G1 F2400 X94.967 Y98.497 E420.65479
G0 F9000 X94.967 Y97.931
G1 F2400 X78.777 Y114.121 E421.22594
G0 F9000 X78.211 Y114.121
G1 F2400 X94.967 Y97.365 E421.81705
G0 F9000 X94.967 Y96.8
G1 F2400 X77.645 Y114.121 E422.42811
G0 F9000 X77.08 Y114.121
G1 F2400 X94.967 Y96.234 E423.05913
G0 F9000 X94.967 Y95.668
G1 F2400 X76.514 Y114.121 E423.7101
G0 F9000 X75.948 Y114.121
G1 F2400 X94.967 Y95.103 E424.38103
G0 F9000 X94.967 Y94.537
G1 F2400 X75.383 Y114.121 E425.07191
G0 F9000 X74.817 Y114.121
G1 F2400 X94.967 Y93.971 E425.78276
G0 F9000 X94.967 Y93.405
G1 F2400 X74.251 Y114.121 E426.51357
G0 F9000 X73.686 Y114.121
G1 F2400 X94.967 Y92.84 E427.26432
G0 F9000 X94.967 Y92.274
G1 F2400 X73.12 Y114.121 E428.03503
G0 F9000 X72.868 Y114.373
G1 F2400 X67.762 Y119.479 E428.21516
G0 F9000 X67.197 Y119.479
G1 F2400 X94.967 Y91.708 E429.19483
G0 F9000 X94.967 Y91.143
G1 F2400 X66.631 Y119.479 E430.19446
G0 F9000 X66.065 Y119.479
G1 F2400 X94.967 Y90.577 E431.21406
G0 F9000 X94.967 Y90.011
G1 F2400 X66.031 Y118.947 E432.23486
G0 F9000 X66.031 Y118.381
G1 F2400 X94.894 Y89.519 E433.25306
G0 F9000 X94.328 Y89.519
G1 F2400 X66.031 Y117.816 E434.25131
G0 F9000 X66.031 Y117.25
G1 F2400 X93.763 Y89.519 E435.22961
G0 F9000 X93.197 Y89.519
G1 F2400 X66.031 Y116.684 E436.18795
G0 F9000 X66.031 Y116.118
G1 F2400 X92.631 Y89.519 E437.12632
G0 F9000 X92.066 Y89.519
G1 F2400 X66.031 Y115.553 E438.04476
G0 F9000 X66.031 Y114.987
G1 F2400 X91.5 Y89.519 E438.94323
G0 F9000 X90.934 Y89.519
G1 F2400 X66.031 Y114.421 E439.82173
G0 F9000 X66.031 Y113.856
G1 F2400 X90.368 Y89.519 E440.68028
G0 F9000 X89.803 Y89.519
G1 F2400 X66.031 Y113.29 E441.51889
G0 F9000 X66.031 Y112.724
G1 F2400 X89.237 Y89.519 E442.33752
G0 F9000 X88.671 Y89.519
G1 F2400 X66.031 Y112.159 E443.13621
G0 F9000 X66.031 Y111.593
G1 F2400 X88.106 Y89.519 E443.91495
G0 F9000 X87.54 Y89.519
G1 F2400 X66.031 Y111.027 E444.67372
G0 F9000 X66.031 Y110.462
G1 F2400 X86.974 Y89.519 E445.41254
G0 F9000 X86.409 Y89.519
G1 F2400 X66.031 Y109.896 E446.13141
G0 F9000 X66.031 Y109.33
G1 F2400 X85.843 Y89.519 E446.83032
G0 F9000 X85.277 Y89.519
G1 F2400 X66.031 Y108.765 E447.50927
G0 F9000 X66.031 Y108.199
G1 F2400 X84.712 Y89.519 E448.16828
G0 F9000 X84.146 Y89.519
G1 F2400 X66.031 Y107.633 E448.80731
G0 F9000 X66.031 Y107.067
G1 F2400 X83.58 Y89.519 E449.42638
G0 F9000 X83.015 Y89.519
G1 F2400 X66.031 Y106.502 E450.02552
G0 F9000 X66.031 Y105.936
G1 F2400 X82.449 Y89.519 E450.60469
G0 F9000 X81.883 Y89.519
G1 F2400 X66.031 Y105.37 E451.1639
G0 F9000 X66.031 Y104.805
G1 F2400 X81.317 Y89.519 E451.70315
G0 F9000 X80.752 Y89.519
G1 F2400 X66.031 Y104.239 E452.22246
G0 F9000 X66.031 Y103.673
G1 F2400 X80.186 Y89.519 E452.7218
G0 F9000 X79.62 Y89.519
G1 F2400 X66.031 Y103.108 E453.20119
G0 F9000 X66.031 Y102.542
G1 F2400 X79.055 Y89.519 E453.66063
G0 F9000 X78.489 Y89.519
G1 F2400 X66.031 Y101.976 E454.1001
G0 F9000 X66.031 Y101.411
G1 F2400 X77.923 Y89.519 E454.51962
G0 F9000 X77.358 Y89.519
G1 F2400 X66.031 Y100.845 E454.91919
G0 F9000 X66.031 Y100.279
G1 F2400 X76.792 Y89.519 E455.2988
G0 F9000 X76.226 Y89.519
G1 F2400 X66.031 Y99.714 E455.65845
G0 F9000 X66.031 Y99.148
G1 F2400 X75.661 Y89.519 E455.99816
G0 F9000 X75.095 Y89.519
G1 F2400 X66.031 Y98.582 E456.3179
G0 F9000 X66.031 Y98.017
G1 F2400 X74.529 Y89.519 E456.61769
G0 F9000 X73.964 Y89.519
G1 F2400 X66.031 Y97.451 E456.89753
G0 F9000 X66.031 Y96.885
G1 F2400 X73.398 Y89.519 E457.1574
G0 F9000 X72.832 Y89.519
G1 F2400 X66.031 Y96.319 E457.39731
G0 F9000 X66.031 Y95.754
G1 F2400 X72.267 Y89.519 E457.61728
G0 F9000 X71.701 Y89.519
G1 F2400 X66.031 Y95.188 E457.81729
G0 F9000 X66.031 Y94.622
G1 F2400 X71.135 Y89.519 E457.99733
G0 F9000 X70.569 Y89.519
G1 F2400 X66.031 Y94.057 E458.15742
G0 F9000 X66.031 Y93.491
G1 F2400 X70.004 Y89.519 E458.29756
G0 F9000 X69.438 Y89.519
G1 F2400 X66.031 Y92.925 E458.41774
G0 F9000 X66.031 Y92.36
G1 F2400 X68.872 Y89.519 E458.51796
G0 F9000 X68.307 Y89.519
G1 F2400 X66.031 Y91.794 E458.59823
G0 F9000 X66.031 Y91.228
G1 F2400 X67.741 Y89.519 E458.65854
G0 F9000 X67.175 Y89.519
G1 F2400 X66.031 Y90.663 E458.6989
G0 F9000 X66.031 Y90.097
G1 F2400 X66.61 Y89.519 E458.71931
G0 F9000 X72.868 Y114.938
G1 F2400 X68.328 Y119.479 E458.87949
G0 F9000 X68.894 Y119.479
G1 F2400 X72.868 Y115.504 E459.0197
G0 F9000 X72.868 Y116.07
G1 F2400 X69.459 Y119.479 E459.13996
G0 F9000 X70.025 Y119.479
G1 F2400 X72.868 Y116.635 E459.24027
G0 F9000 X72.868 Y117.201
G1 F2400 X70.591 Y119.479 E459.32062
G0 F9000 X71.156 Y119.479
G1 F2400 X72.868 Y117.767 E459.38101
G0 F9000 X72.868 Y118.332
G1 F2400 X71.722 Y119.479 E459.42146
G0 F9000 X72.288 Y119.479
G1 F2400 X72.868 Y118.898 E459.44194
G1 F1500 E457.94194
G1 F900 Z2.06
G0 F9000 X72.868 Y118.898 Z2.06
G0 X97.909 Y119.862
;TYPE:WALL-OUTER
G1 F900 Z1.06
G1 F480 E459.5043
G1 F900 X97.909 Y119.46 E459.51307
G1 X98.337 Y119.459 E459.52241
G1 X98.512 Y119.459 E459.52623
G1 X98.512 Y119.634 E459.52871
G1 X98.512 Y119.862 E459.53368
G1 X98.132 Y119.862 E459.54198
G0 F810 X97.909 Y119.862
G0 F9000 X97.909 Y119.662
G0 X98.309 Y119.462
G0 X97.909 Y118.275
G1 F480 E459.54684
G1 F900 X97.909 Y117.874 E459.5556
G1 X98.512 Y117.874 E459.56876
G1 X98.512 Y118.275 E459.57751
G1 X98.503 Y118.275 E459.57771
G0 F810 X97.909 Y118.275
G0 F9000 X97.909 Y118.075
G0 X98.309 Y117.875
G1 F1500 E458.07771
G1 F900 Z2.06
G0 F9000 X98.309 Y117.875 Z2.06
G0 X62.488 Y119.862
;TIME_ELAPSED:646.136880
;LAYER:6
G0 X62.488 Y119.862 Z2.21
;TYPE:WALL-OUTER
G1 F900 Z1.21
G1 F480 E459.65304
G1 F900 X62.488 Y119.712 E459.65631
G1 X63.091 Y119.712 E459.66947
G1 X63.091 Y119.862 E459.67275
G1 X62.488 Y119.862 E459.67839
G0 F9000 X62.488 Y119.712
G0 X62.538 Y119.712
G0 X62.488 Y118.008
G1 F900 X62.488 Y117.874 E459.68131
G1 X63.091 Y117.874 E459.69447
G1 X63.091 Y118.007 E459.69738
G1 X62.488 Y118.008 E459.7024
G0 F9000 X62.488 Y117.874
G0 X62.554 Y117.874
G0 X65.734 Y119.851
;TYPE:WALL-INNER
G1 F1500 X95.266 Y119.851 E460.43907
G1 X95.266 Y89.149 E461.20494
G1 X65.734 Y89.149 E461.94162
G1 X65.734 Y118.186 E462.66595
G0 F1350 X65.734 Y119.851
G0 F9000 X66.159 Y119.426
;TYPE:WALL-OUTER
G1 F480 E462.70748
G1 F900 X94.841 Y119.426 E463.33352
G1 X94.841 Y89.574 E463.9851
G1 X66.159 Y89.574 E464.61114
G1 X66.159 Y117.524 E465.22121
G0 F810 X66.159 Y119.426
G0 F9000 X66.359 Y119.426
G0 X66.359 Y119.811
G0 X65.062 Y119.771
;TYPE:WALL-INNER
G1 F480 E465.26272
G1 F1500 X65.062 Y117.947 E465.30822
G1 X64.992 Y117.863 E465.31095
G1 X65.062 Y117.712 E465.3151
G1 X65.062 Y116.819 E465.33738
G1 X64.871 Y116.428 E465.34823
G1 X64.849 Y116.383 E465.34948
G1 X64.849 Y116.335 E465.35068
G1 X65.062 Y116.335 E465.35398
G1 X65.062 Y88.55 E466.04708
G1 X95.938 Y88.55 E466.81729
G1 X95.938 Y116.331 E467.51029
G1 X96.151 Y116.332 E467.5156
G1 X96.151 Y116.383 E467.51687
G1 X96.131 Y116.424
G1 X95.938 Y116.819 E467.52784
G1 X95.938 Y117.718 E467.55026
G1 X96.008 Y117.861 E467.55424
G1 X95.938 Y117.941 E467.55689
G1 X95.938 Y119.769 E467.60249
G1 X96.009 Y119.856 E467.60529
G1 X95.938 Y120.018 E467.6097
G1 X95.938 Y120.45 E467.62048
G1 X65.26 Y120.45 E468.38574
G1 X65.061 Y120.45 E468.39071
G1 X65.061 Y120.251 E468.39392
G1 X65.062 Y120.032 E468.39938
G1 X64.989 Y119.859 E468.40407
G1 X64.991 Y119.856 E468.40416
G0 F1350 X65.062 Y119.771
G0 F9000 X64.637 Y119.265
;TYPE:WALL-OUTER
G1 F480 E468.40692
G1 F900 X64.462 Y119.265 E468.41074
G1 X64.461 Y119.266 E468.41077
G1 X62.655 Y119.284 E468.4502
G1 X62.609 Y119.186 E468.45256
G1 X62.556 Y118.978 E468.45724
G1 X62.547 Y118.86 E468.45983
G1 X62.563 Y118.716 E468.46299
G1 X62.598 Y118.569 E468.46629
G1 X62.657 Y118.436 E468.46946
G1 X64.461 Y118.454 E468.50884
G1 X64.462 Y118.455 E468.50887
G1 X64.637 Y118.455 E468.51269
G1 X64.637 Y118.28 E468.51516
G1 X64.637 Y118.279 E468.51519
G1 X64.637 Y118.102 E468.51905
G1 X64.492 Y117.929 E468.52398
G1 X64.637 Y117.618 E468.53147
G1 X64.637 Y116.917 E468.54677
G1 X64.424 Y116.482 E468.55734
G1 X64.424 Y115.91 E468.56982
G1 X64.637 Y115.91 E468.57447
G1 X64.637 Y88.125 E469.18094
G1 X96.363 Y88.125 E469.87342
G1 X96.363 Y115.908 E470.47984
G1 X96.576 Y115.909 E470.48449
G1 X96.576 Y116.482 E470.49699
G1 X96.363 Y116.917 E470.50756
G1 X96.363 Y117.619 E470.52289
G1 X96.514 Y117.927 E470.53037
G1 X96.363 Y118.1 E470.53539
G1 X96.363 Y118.279 E470.53929
G1 X96.363 Y118.28 E470.53931
G1 X96.363 Y118.455 E470.54313
G1 X96.538 Y118.455 E470.54561
G1 X96.539 Y118.454 E470.54564
G1 X98.343 Y118.436 E470.58501
G1 X98.403 Y118.57 E470.58822
G1 X98.436 Y118.723 E470.59164
G1 X98.454 Y118.86 E470.59465
G1 X98.435 Y119.02 E470.59817
G1 X98.402 Y119.161 E470.60133
G1 X98.345 Y119.284 E470.60429
G1 X96.539 Y119.266 E470.64371
G1 X96.538 Y119.265 E470.64374
G1 X96.363 Y119.265 E470.64756
G1 X96.363 Y119.44 E470.65003
G1 X96.363 Y119.441 E470.65005
G1 X96.363 Y119.617 E470.6539
G1 X96.512 Y119.798 E470.65901
G1 X96.438 Y119.936 E470.66243
G1 X96.363 Y120.107 E470.66651
G1 X96.363 Y120.793 E470.68148
G1 X96.405 Y120.875 E470.68349
G1 X96.363 Y120.875
G1 X64.774 Y120.875 E471.37298
G1 X64.634 Y120.875 E471.37604
G1 X64.597 Y120.875 E471.37685
G1 X64.634 Y120.804 E471.37759
G1 X64.634 Y120.664 E471.37979
G1 X64.637 Y120.118 E471.39171
G1 X64.561 Y119.939 E471.39595
G1 X64.488 Y119.798 E471.39942
G1 X64.637 Y119.618 E471.40452
G1 X64.637 Y119.441 E471.40838
G1 X64.637 Y119.44 E471.4084
G1 X64.637 Y119.265 E471.41088
G0 F9000 X64.462 Y119.265
G0 X64.461 Y119.266
G0 X64.437 Y119.266
G0 X64.434 Y118.881
G0 X65.334 Y118.881
G0 X68.429 Y116.915
;TYPE:WALL-INNER
G1 F1500 X68.394 Y116.868 E471.41234
G1 X68.374 Y116.819 E471.41366
G1 X68.368 Y116.768 E471.41494
G1 X68.371 Y116.73 E471.41589
G1 X68.413 Y116.64 E471.41837
G1 X68.437 Y116.615 E471.41923
G1 X68.497 Y116.579 E471.42098
G1 X68.545 Y116.567 E471.42221
G1 X68.592 Y116.567 E471.42338
G1 X68.679 Y116.598 E471.42569
G1 X68.714 Y116.625 E471.42679
G1 X68.747 Y116.67 E471.42818
G1 X68.765 Y116.712 E471.42932
G1 X68.773 Y116.768 E471.43073
G1 X68.753 Y116.856 E471.43299
G1 X68.73 Y116.894 E471.43409
G1 X68.699 Y116.926 E471.4352
G1 X68.648 Y116.956 E471.43668
G1 X68.592 Y116.97 E471.43812
G1 X68.545 Y116.97 E471.43929
G1 X68.464 Y116.94 E471.44142
G1 X68.429 Y116.915 E471.4425
G0 F9000 X68.182 Y117.263
;TYPE:WALL-OUTER
G1 F900 X68.125 Y117.213 E471.44415
G1 X68.072 Y117.153 E471.4459
G1 X68.026 Y117.084 E471.44771
G1 X67.99 Y117.01 E471.4495
G1 X67.964 Y116.934 E471.45126
G1 X67.947 Y116.851 E471.45311
G1 X67.942 Y116.768 E471.45492
G1 X67.947 Y116.686 E471.45671
G1 X67.964 Y116.603 E471.45856
G1 X68.026 Y116.453 E471.46211
G1 X68.072 Y116.384 E471.46392
G1 X68.125 Y116.324 E471.46566
G1 X68.182 Y116.274 E471.46732
G1 X68.26 Y116.221 E471.46938
G1 X68.331 Y116.187 E471.4711
G1 X68.403 Y116.162 E471.47276
G1 X68.489 Y116.145 E471.47467
G1 X68.571 Y116.14 E471.47647
G1 X68.652 Y116.145 E471.47824
G1 X68.736 Y116.162 E471.48011
G1 X68.885 Y116.224 E471.48363
G1 X68.957 Y116.272 E471.48552
G1 X69.016 Y116.323 E471.48722
G1 X69.067 Y116.382 E471.48892
G1 X69.115 Y116.454 E471.49081
G1 X69.152 Y116.53 E471.49266
G1 X69.177 Y116.603 E471.49434
G1 X69.194 Y116.687 E471.49621
G1 X69.198 Y116.742 E471.49742
G0 F810 X69.199 Y116.768
G0 X69.194 Y116.851
G0 X69.152 Y117.007
G0 X69.115 Y117.083
G0 X69.067 Y117.155
G0 X69.016 Y117.214
G0 X68.957 Y117.265
G0 X68.885 Y117.313
G0 X68.809 Y117.35
G0 X68.736 Y117.375
G0 X68.652 Y117.392
G0 X68.571 Y117.397
G0 X68.489 Y117.392
G0 X68.403 Y117.375
G0 X68.26 Y117.316
G0 X68.182 Y117.263
G0 F9000 X68.125 Y117.213
G0 X68.072 Y117.153
G0 X68.047 Y117.116
G0 X68.37 Y116.901
G1 F1500 E469.99742
G1 F900 Z2.21
G0 F9000 X91.601 Y116.875 Z2.21
;TYPE:WALL-INNER
G1 F900 Z1.21
G1 F480 E471.59086
G1 F1500 X91.57 Y116.836 E471.5921
G1 X91.553 Y116.778 E471.59361
G1 X91.552 Y116.734 E471.59471
G1 X91.562 Y116.697 E471.59566
G1 X91.575 Y116.655 E471.59676
G1 X91.608 Y116.611 E471.59813
G1 X91.637 Y116.587 E471.59907
G1 X91.647 Y116.583 E471.59934
G1 X91.698 Y116.563 E471.60071
G1 X91.714 Y116.556 E471.60114
G1 X91.749 Y116.556 E471.60202
G1 X91.771 Y116.555 E471.60257
G1 X91.789 Y116.559 E471.60303
G1 X91.839 Y116.573 E471.60432
G1 X91.877 Y116.597 E471.6054
G1 X91.909 Y116.63 E471.60652
G1 X91.931 Y116.668 E471.60759
G1 X91.947 Y116.72 E471.60893
G1 X91.944 Y116.766 E471.61004
G1 X91.94 Y116.806 E471.61101
G1 X91.926 Y116.845 E471.61203
G1 X91.891 Y116.891 E471.61345
G1 X91.877 Y116.902 E471.61387
G1 X91.845 Y116.926 E471.61484
G1 X91.79 Y116.945 E471.61627
G1 X91.756 Y116.948 E471.61708
G1 X91.706 Y116.94 E471.61831
G1 X91.69 Y116.937 E471.61869
G1 X91.663 Y116.923 E471.61943
G1 X91.623 Y116.903 E471.62051
G1 X91.601 Y116.875 E471.62137
G0 F9000 X91.257 Y117.134
;TYPE:WALL-OUTER
G1 F900 X91.206 Y117.059 E471.62335
G1 X91.175 Y116.995 E471.6249
G1 X91.145 Y116.904 E471.62699
G1 X91.131 Y116.836 E471.62851
G1 X91.125 Y116.75 E471.63039
G1 X91.131 Y116.664 E471.63227
G1 X91.176 Y116.503 E471.63592
G1 X91.207 Y116.44 E471.63745
G1 X91.261 Y116.362 E471.63952
G1 X91.307 Y116.31 E471.64104
G1 X91.379 Y116.248 E471.64311
G1 X91.435 Y116.211 E471.64458
G1 X91.596 Y116.145 E471.64838
G1 X91.663 Y116.131 E471.64987
G1 X91.825 Y116.13 E471.65341
G1 X91.984 Y116.171 E471.65699
G1 X92.062 Y116.209 E471.65888
G1 X92.134 Y116.257 E471.66077
G1 X92.192 Y116.308 E471.66246
G1 X92.243 Y116.366 E471.66415
G1 X92.294 Y116.441 E471.66612
G1 X92.324 Y116.503 E471.66763
G1 X92.355 Y116.596 E471.66977
G1 X92.369 Y116.664 E471.67128
G1 X92.375 Y116.756 E471.6733
G1 X92.358 Y116.88 E471.67603
G0 F810 X92.355 Y116.904
G0 X92.325 Y116.995
G0 X92.294 Y117.059
G0 X92.243 Y117.134
G0 X92.192 Y117.192
G0 X92.134 Y117.243
G0 X92.059 Y117.294
G0 X91.995 Y117.325
G0 X91.904 Y117.355
G0 X91.836 Y117.369
G0 X91.747 Y117.375
G0 X91.63 Y117.363
G0 X91.535 Y117.334
G0 X91.438 Y117.291
G0 X91.366 Y117.243
G0 X91.308 Y117.192
G0 X91.257 Y117.134
G0 F9000 X91.206 Y117.059
G0 X91.175 Y116.995
G0 X91.163 Y116.958
G0 X91.531 Y116.837
G1 F1500 E470.17603
G1 F900 Z2.21
G0 F9000 X97.909 Y118.007 Z2.21
G1 F900 Z1.21
G1 F480 E471.76919
G1 F900 X97.909 Y117.874 E471.77209
G1 X98.512 Y117.874 E471.78525
G1 X98.512 Y118.007 E471.78816
G1 X97.909 Y118.007 E471.79316
G0 F9000 X97.909 Y117.874
G0 X97.976 Y117.874
G0 X97.909 Y119.862
G1 F900 X97.909 Y119.702 E471.79665
G1 X98.512 Y119.701 E471.80981
G1 X98.512 Y119.862 E471.81333
G1 X97.909 Y119.862 E471.81934
G0 F9000 X97.909 Y119.702
G0 X97.949 Y119.702
G1 F1500 E470.31934
G1 F900 Z2.21
G0 F9000 X91.609 Y92.791 Z2.21
;TYPE:WALL-INNER
G1 F900 Z1.21
G1 F480 E471.8817
G1 F1500 X91.575 Y92.746 E471.88311
G1 X91.573 Y92.736 E471.88337
G1 X91.563 Y92.695 E471.88442
G1 X91.553 Y92.652 E471.88552
G1 X91.569 Y92.568 E471.88765
G1 X91.58 Y92.548 E471.88822
G1 X91.591 Y92.53 E471.88875
G1 X91.609 Y92.512 E471.88938
G1 X91.626 Y92.494 E471.89
G1 X91.663 Y92.478 E471.89101
G1 X91.713 Y92.456 E471.89237
G1 X91.769 Y92.454 E471.89377
G1 X91.821 Y92.468 E471.89511
G1 X91.848 Y92.476 E471.89581
G1 X91.891 Y92.509 E471.89717
G1 X91.921 Y92.547 E471.89836
G1 X91.944 Y92.605 E471.89987
G1 X91.949 Y92.646 E471.90088
G1 X91.947 Y92.657 E471.90113
G1 X91.925 Y92.747 E471.90334
G1 X91.908 Y92.769 E471.90402
G1 X91.894 Y92.788 E471.9046
G1 X91.836 Y92.825 E471.90625
G1 X91.82 Y92.835 E471.9067
G1 X91.78 Y92.847 E471.90771
G1 X91.757 Y92.847 E471.90825
G1 X91.718 Y92.845 E471.90919
G1 X91.644 Y92.817 E471.91112
G1 X91.609 Y92.791 E471.91219
G0 F9000 X91.366 Y93.143
;TYPE:WALL-OUTER
G1 F900 X91.308 Y93.092 E471.91388
G1 X91.257 Y93.034 E471.91556
G1 X91.206 Y92.959 E471.91754
G1 X91.175 Y92.895 E471.91909
G1 X91.135 Y92.749 E471.9224
G1 X91.125 Y92.646 E471.92466
G1 X91.145 Y92.496 E471.92796
G1 X91.176 Y92.403 E471.9301
G1 X91.206 Y92.341 E471.9316
G1 X91.257 Y92.266 E471.93358
G1 X91.308 Y92.208 E471.93527
G1 X91.366 Y92.157 E471.93695
G1 X91.434 Y92.112 E471.93873
G1 X91.595 Y92.045 E471.94254
G1 X91.658 Y92.032 E471.94394
G1 X91.822 Y92.027 E471.94753
G1 X91.995 Y92.075 E471.95144
G1 X92.059 Y92.106 E471.953
G1 X92.134 Y92.157 E471.95498
G1 X92.192 Y92.208 E471.95666
G1 X92.243 Y92.266 E471.95835
G1 X92.294 Y92.341 E471.96033
G1 X92.324 Y92.403 E471.96183
G1 X92.355 Y92.496 E471.96397
G1 X92.369 Y92.564 E471.96549
G1 X92.373 Y92.621 E471.96673
G0 F810 X92.375 Y92.65
G0 X92.369 Y92.736
G0 X92.325 Y92.895
G0 X92.294 Y92.959
G0 X92.243 Y93.034
G0 X92.193 Y93.091
G0 X92.126 Y93.149
G0 X91.995 Y93.225
G0 X91.904 Y93.255
G0 X91.836 Y93.269
G0 X91.749 Y93.275
G0 X91.63 Y93.262
G0 X91.535 Y93.234
G0 X91.438 Y93.191
G0 X91.366 Y93.143
G0 F9000 X91.308 Y93.092
G0 X91.257 Y93.034
G0 X91.231 Y92.996
G0 X91.551 Y92.778
G1 F1500 E470.46673
G1 F900 Z2.21
G0 F9000 X68.541 Y92.82 Z2.21
;TYPE:WALL-INNER
G1 F900 Z1.21
G1 F480 E472.05998
G1 F1500 X68.507 Y92.793 E472.06106
G1 X68.472 Y92.746 E472.06253
G1 X68.453 Y92.699 E472.06379
G1 X68.447 Y92.648 E472.06507
G1 X68.468 Y92.561 E472.0673
G1 X68.494 Y92.521 E472.06849
G1 X68.524 Y92.492 E472.06953
G1 X68.578 Y92.46 E472.0711
G1 X68.624 Y92.448 E472.07229
G1 X68.676 Y92.448 E472.07358
G1 X68.759 Y92.48 E472.0758
G1 X68.793 Y92.507 E472.07689
G1 X68.828 Y92.554 E472.07835
G1 X68.846 Y92.599 E472.07956
G1 X68.853 Y92.648 E472.08079
G1 X68.832 Y92.739 E472.0831
G1 X68.808 Y92.776 E472.0842
G1 X68.776 Y92.808 E472.08532
G1 X68.724 Y92.839 E472.08683
G1 X68.676 Y92.851 E472.08807
G1 X68.624 Y92.852 E472.08937
G1 X68.541 Y92.82 E472.09156
G0 F9000 X68.337 Y93.195
;TYPE:WALL-OUTER
G1 F900 X68.264 Y93.146 E472.09348
G1 X68.205 Y93.095 E472.09519
G1 X68.154 Y93.036 E472.09689
G1 X68.105 Y92.963 E472.09881
G1 X68.069 Y92.891 E472.10056
G1 X68.041 Y92.806 E472.10252
G1 X68.027 Y92.737 E472.10405
G1 X68.021 Y92.65 E472.10596
G1 X68.027 Y92.563 E472.10786
G1 X68.069 Y92.409 E472.11134
G1 X68.105 Y92.337 E472.1131
G1 X68.154 Y92.264 E472.11502
G1 X68.205 Y92.205 E472.11672
G1 X68.264 Y92.154 E472.11843
G1 X68.337 Y92.105 E472.12034
G1 X68.414 Y92.067 E472.12222
G1 X68.482 Y92.043 E472.12379
G1 X68.568 Y92.026 E472.12571
G1 X68.65 Y92.021 E472.1275
G1 X68.732 Y92.026 E472.12929
G1 X68.818 Y92.043 E472.13121
G1 X68.963 Y92.105 E472.13465
G1 X69.036 Y92.154 E472.13657
G1 X69.095 Y92.205 E472.13827
G1 X69.146 Y92.264 E472.13997
G1 X69.195 Y92.337 E472.14189
G1 X69.231 Y92.409 E472.14365
G1 X69.259 Y92.494 E472.1456
G1 X69.269 Y92.54 E472.14663
G0 F810 X69.273 Y92.563
G0 X69.279 Y92.65
G0 X69.273 Y92.737
G0 X69.231 Y92.891
G0 X69.195 Y92.963
G0 X69.146 Y93.036
G0 X69.095 Y93.095
G0 X69.036 Y93.146
G0 X68.963 Y93.195
G0 X68.886 Y93.233
G0 X68.816 Y93.257
G0 X68.728 Y93.273
G0 X68.643 Y93.278
G0 X68.569 Y93.274
G0 X68.482 Y93.257
G0 X68.337 Y93.195
G0 F9000 X68.264 Y93.146
G0 X68.205 Y93.095
G0 X68.182 Y93.068
G0 X68.477 Y92.814
G0 X68.479 Y92.749
G1 F1500 E470.64663
G1 F900 Z2.21
G0 F9000 X65.734 Y119.851 Z2.21
;TIME_ELAPSED:680.755588
;LAYER:7
G0 X65.734 Y119.851 Z2.36
;TYPE:WALL-INNER
G1 F900 Z1.36
G1 F480 E472.23992
G1 F1500 X95.266 Y119.851 E472.9766
G1 X95.266 Y89.149 E473.74246
G1 X65.734 Y89.149 E474.47914
G1 X65.734 Y118.186 E475.20347
G0 F1350 X65.734 Y119.851
G0 F9000 X66.159 Y119.426
;TYPE:WALL-OUTER
G1 F480 E475.24501
G1 F900 X94.841 Y119.426 E475.87105
G1 X94.841 Y89.574 E476.52263
G1 X66.159 Y89.574 E477.14867
G1 X66.159 Y117.524 E477.75873
G0 F810 X66.159 Y119.426
G0 F9000 X66.359 Y119.426
G0 X66.359 Y119.811
G0 X66.359 Y119.951
G0 X95.294 Y119.879
G0 X95.666 Y116.742
;TYPE:WALL-INNER
G1 F480 E477.80025
G1 F1500 X95.666 Y116.689 E477.80157
G1 X95.692 Y116.689 E477.80222
G1 X95.666 Y116.742 E477.80237
G0 F9000 X95.938 Y117.097
G1 F1500 X95.938 Y117.988 E477.8246
G1 X96.243 Y118.652 E477.84283
G1 X97.492 Y118.657 E477.87398
G1 X98.087 Y118.659 E477.88883
G1 X98.087 Y119.056 E477.89873
G1 X97.492 Y119.059 E477.91353
G1 X96.261 Y119.09 E477.94425
G1 X96.021 Y119.543 E477.95704
G1 X95.938 Y119.744 E477.96246
G1 X95.938 Y120.45 E477.98007
G1 X65.062 Y120.45 E478.75028
G1 X65.062 Y119.769 E478.76727
G1 X64.985 Y119.556 E478.77292
G1 X64.739 Y119.086 E478.78615
G1 X62.913 Y119.064 E478.8317
G1 X62.913 Y118.663 E478.84171
G1 X64.756 Y118.652 E478.88768
G1 X65.062 Y117.988 E478.90592
G1 X65.062 Y117.097 E478.92814
G1 X64.86 Y116.683 E478.93964
G1 X64.849 Y116.66 E478.94027
G1 X64.849 Y116.294 E478.9494
G1 X64.875 Y116.294 E478.95003
G1 X65.062 Y116.294 E478.95469
G1 X65.062 Y88.55 E479.64677
G1 X95.938 Y88.55 E480.41697
G1 X95.938 Y116.29 E481.10895
G1 X96.128 Y116.291 E481.11369
G1 X96.151 Y116.291 E481.11427
G1 X96.151 Y116.66 E481.12347
G1 X96.141 Y116.68 E481.12401
G1 X95.938 Y117.097 E481.13558
G0 F9000 X95.666 Y118.354
G1 F1500 X95.913 Y118.892 E481.15035
G1 X95.666 Y119.36 E481.16355
G1 X95.666 Y118.892 E481.16688
G1 X95.666 Y118.354 E481.17081
G0 F9000 X95.294 Y119.879
G0 X65.706 Y119.879
G0 X65.334 Y118.354
G1 F1500 X65.334 Y118.889 E481.18415
G1 X65.334 Y119.361 E481.19593
G1 X65.087 Y118.889 E481.20081
G1 X65.334 Y118.354 E481.20605
G0 F9000 X65.334 Y116.742
G1 F1500 X65.316 Y116.704 E481.20709
G1 X65.311 Y116.694 E481.20737
G1 X65.334 Y116.694
G1 X65.334 Y116.742 E481.20751
G0 F9000 X64.48 Y119.508
;TYPE:WALL-OUTER
G1 F900 X62.64 Y119.486 E481.24768
G1 X62.597 Y119.426 E481.24929
G1 X62.488 Y119.221 E481.25436
G1 X62.488 Y118.509 E481.2699
G1 X62.598 Y118.291 E481.27523
G1 X62.638 Y118.24 E481.27664
G1 X64.483 Y118.229 E481.31691
G1 X64.637 Y117.895 E481.32494
G1 X64.637 Y117.195 E481.34022
G1 X64.424 Y116.759 E481.35081
G1 X64.424 Y115.869 E481.37024
G1 X64.637 Y115.869 E481.37489
G1 X64.637 Y88.125 E481.98045
G1 X96.363 Y88.125 E482.67294
G1 X96.363 Y115.867 E483.27846
G1 X96.576 Y115.868 E483.28311
G1 X96.576 Y116.759 E483.30256
G1 X96.363 Y117.195 E483.31315
G1 X96.363 Y117.895 E483.32843
G1 X96.516 Y118.228 E483.33643
G1 X98.36 Y118.235 E483.37667
G1 X98.403 Y118.293 E483.37825
G1 X98.512 Y118.508 E483.38351
G1 X98.512 Y119.211 E483.39886
G1 X98.402 Y119.429 E483.40419
G1 X98.362 Y119.48 E483.4056
G1 X97.498 Y119.484 E483.42446
G1 X96.52 Y119.509 E483.44581
G1 X96.406 Y119.724 E483.45112
G1 X96.363 Y119.828 E483.45358
G1 X96.363 Y120.518 E483.46864
G1 X96.415 Y120.621 E483.47116
G1 X96.543 Y120.875 E483.47737
G1 X96.259 Y120.875 E483.48093
G1 X64.741 Y120.875 E484.16887
G1 X64.457 Y120.875 E484.17507
G1 X64.585 Y120.621 E484.17863
G1 X64.637 Y120.518 E484.18115
G1 X64.637 Y119.859 E484.19553
G0 F810 X64.637 Y119.844
G0 X64.595 Y119.728
G0 X64.48 Y119.508
G0 F9000 X64.28 Y119.506
G0 X64.284 Y119.121
G0 X64.29 Y119.055
G1 F1500 E482.69553
G1 F900 Z2.36
G0 F9000 X64.295 Y119.055 Z2.36
G0 X68.429 Y116.915
;TYPE:WALL-INNER
G1 F900 Z1.36
G1 F480 E484.26632
G1 F1500 X68.394 Y116.868 E484.26778
G1 X68.374 Y116.819 E484.2691
G1 X68.368 Y116.768 E484.27038
G1 X68.371 Y116.73 E484.27133
G1 X68.413 Y116.64 E484.27381
G1 X68.437 Y116.615 E484.27468
G1 X68.497 Y116.579 E484.27642
G1 X68.545 Y116.567 E484.27766
G1 X68.592 Y116.567 E484.27883
G1 X68.679 Y116.598 E484.28113
G1 X68.714 Y116.625 E484.28224
G1 X68.747 Y116.67 E484.28363
G1 X68.765 Y116.712 E484.28477
G1 X68.773 Y116.768 E484.28618
G1 X68.753 Y116.856 E484.28843
G1 X68.73 Y116.894 E484.28954
G1 X68.699 Y116.926 E484.29065
G1 X68.648 Y116.956 E484.29213
G1 X68.592 Y116.97 E484.29356
G1 X68.545 Y116.97 E484.29474
G1 X68.464 Y116.94 E484.29687
G1 X68.429 Y116.915 E484.29794
G0 F9000 X68.182 Y117.263
;TYPE:WALL-OUTER
G1 F900 X68.125 Y117.213 E484.29959
G1 X68.072 Y117.153 E484.30134
G1 X68.026 Y117.084 E484.30315
G1 X67.99 Y117.01 E484.30495
G1 X67.964 Y116.934 E484.3067
G1 X67.947 Y116.851 E484.30855
G1 X67.942 Y116.768 E484.31037
G1 X67.947 Y116.686 E484.31216
G1 X67.964 Y116.603 E484.31401
G1 X68.026 Y116.453 E484.31755
G1 X68.072 Y116.384 E484.31936
G1 X68.125 Y116.324 E484.32111
G1 X68.182 Y116.274 E484.32276
G1 X68.26 Y116.221 E484.32482
G1 X68.331 Y116.187 E484.32654
G1 X68.403 Y116.162 E484.3282
G1 X68.489 Y116.145 E484.33012
G1 X68.571 Y116.14 E484.33191
G1 X68.652 Y116.145 E484.33368
G1 X68.736 Y116.162 E484.33555
G1 X68.885 Y116.224 E484.33907
G1 X68.957 Y116.272 E484.34096
G1 X69.016 Y116.323 E484.34267
G1 X69.067 Y116.382 E484.34437
G1 X69.115 Y116.454 E484.34626
G1 X69.152 Y116.53 E484.3481
G1 X69.177 Y116.603 E484.34979
G1 X69.194 Y116.687 E484.35166
G1 X69.198 Y116.742 E484.35286
G0 F810 X69.199 Y116.768
G0 X69.194 Y116.851
G0 X69.152 Y117.007
G0 X69.115 Y117.083
G0 X69.067 Y117.155
G0 X69.016 Y117.214
G0 X68.957 Y117.265
G0 X68.885 Y117.313
G0 X68.809 Y117.35
G0 X68.736 Y117.375
G0 X68.652 Y117.392
G0 X68.571 Y117.397
G0 X68.489 Y117.392
G0 X68.403 Y117.375
G0 X68.26 Y117.316
G0 X68.182 Y117.263
G0 F9000 X68.125 Y117.213
G0 X68.072 Y117.153
G0 X68.047 Y117.116
G0 X68.37 Y116.901
G1 F1500 E482.85286
G1 F900 Z2.36
G0 F9000 X91.6 Y116.874 Z2.36
;TYPE:WALL-INNER
G1 F900 Z1.36
G1 F480 E484.4463
G1 F1500 X91.57 Y116.836 E484.44751
G1 X91.553 Y116.778 E484.44902
G1 X91.552 Y116.734 E484.45012
G1 X91.562 Y116.698 E484.45105
G1 X91.574 Y116.658 E484.45209
G1 X91.605 Y116.615 E484.45341
G1 X91.648 Y116.583 E484.45475
G1 X91.693 Y116.564 E484.45597
G1 X91.715 Y116.555 E484.45656
G1 X91.753 Y116.555 E484.45751
G1 X91.773 Y116.555 E484.45801
G1 X91.828 Y116.568 E484.45942
G1 X91.877 Y116.597 E484.46078
G1 X91.908 Y116.629 E484.46187
G1 X91.931 Y116.668 E484.46298
G1 X91.947 Y116.72 E484.46432
G1 X91.944 Y116.766 E484.46542
G1 X91.94 Y116.806 E484.4664
G1 X91.926 Y116.845 E484.46742
G1 X91.891 Y116.891 E484.46884
G1 X91.845 Y116.926 E484.47025
G1 X91.79 Y116.945 E484.47167
G1 X91.753 Y116.949 E484.47258
G1 X91.699 Y116.939 E484.47392
G1 X91.686 Y116.936 E484.47424
G1 X91.647 Y116.916 E484.4753
G1 X91.623 Y116.903 E484.47595
G1 X91.6 Y116.874 E484.47685
G0 F9000 X91.257 Y117.134
;TYPE:WALL-OUTER
G1 F900 X91.206 Y117.059 E484.47883
G1 X91.175 Y116.995 E484.48038
G1 X91.145 Y116.904 E484.48247
G1 X91.131 Y116.836 E484.48398
G1 X91.125 Y116.75 E484.48587
G1 X91.131 Y116.664 E484.48775
G1 X91.176 Y116.503 E484.4914
G1 X91.208 Y116.439 E484.49296
G1 X91.264 Y116.359 E484.49509
G1 X91.316 Y116.301 E484.49679
G1 X91.435 Y116.211 E484.50005
G1 X91.596 Y116.145 E484.50385
G1 X91.663 Y116.131 E484.50534
G1 X91.82 Y116.129 E484.50877
G1 X91.977 Y116.168 E484.5123
G1 X92.062 Y116.209 E484.51436
G1 X92.134 Y116.257 E484.51625
G1 X92.192 Y116.308 E484.51793
G1 X92.243 Y116.366 E484.51962
G1 X92.294 Y116.441 E484.5216
G1 X92.324 Y116.503 E484.5231
G1 X92.355 Y116.596 E484.52524
G1 X92.369 Y116.664 E484.52676
G1 X92.374 Y116.763 E484.52892
G1 X92.358 Y116.88 E484.5315
G0 F810 X92.355 Y116.904
G0 X92.325 Y116.995
G0 X92.294 Y117.059
G0 X92.243 Y117.134
G0 X92.192 Y117.192
G0 X92.134 Y117.243
G0 X92.059 Y117.294
G0 X91.995 Y117.325
G0 X91.904 Y117.355
G0 X91.836 Y117.369
G0 X91.747 Y117.375
G0 X91.634 Y117.364
G0 X91.533 Y117.333
G0 X91.438 Y117.291
G0 X91.366 Y117.243
G0 X91.308 Y117.192
G0 X91.257 Y117.134
G0 F9000 X91.206 Y117.059
G0 X91.175 Y116.995
G0 X91.163 Y116.958
G0 X91.531 Y116.837
G1 F1500 E483.0315
G1 F900 Z2.36
G0 F9000 X91.609 Y92.791 Z2.36
;TYPE:WALL-INNER
G1 F900 Z1.36
G1 F480 E484.62464
G1 F1500 X91.574 Y92.745 E484.62608
G1 X91.566 Y92.716 E484.62683
G1 X91.557 Y92.686 E484.62761
G1 X91.553 Y92.63 E484.62901
G1 X91.579 Y92.547 E484.63118
G1 X91.609 Y92.509 E484.63239
G1 X91.644 Y92.483 E484.63347
G1 X91.654 Y92.48 E484.63373
G1 X91.697 Y92.465 E484.63487
G1 X91.727 Y92.455 E484.63566
G1 X91.768 Y92.454 E484.63668
G1 X91.817 Y92.467 E484.63795
G1 X91.847 Y92.475 E484.63872
G1 X91.891 Y92.509 E484.64011
G1 X91.921 Y92.547 E484.6413
G1 X91.944 Y92.606 E484.64286
G1 X91.949 Y92.65 E484.64394
G1 X91.931 Y92.724 E484.64578
G1 X91.925 Y92.747 E484.64633
G1 X91.893 Y92.788 E484.64761
G1 X91.857 Y92.811 E484.64863
G1 X91.822 Y92.834 E484.64963
G1 X91.78 Y92.847 E484.6507
G1 X91.756 Y92.847 E484.65127
G1 X91.717 Y92.845 E484.65221
G1 X91.707 Y92.842 E484.65245
G1 X91.644 Y92.817 E484.65409
G1 X91.609 Y92.791 E484.65517
G0 F9000 X91.366 Y93.143
;TYPE:WALL-OUTER
G1 F900 X91.308 Y93.092 E484.65686
G1 X91.257 Y93.034 E484.65854
G1 X91.206 Y92.959 E484.66052
G1 X91.175 Y92.895 E484.66207
G1 X91.136 Y92.761 E484.66512
G1 X91.127 Y92.634 E484.6679
G1 X91.131 Y92.564 E484.66943
G1 X91.176 Y92.403 E484.67308
G1 X91.206 Y92.341 E484.67458
G1 X91.257 Y92.266 E484.67656
G1 X91.308 Y92.208 E484.67825
G1 X91.366 Y92.157 E484.67993
G1 X91.44 Y92.108 E484.68187
G1 X91.527 Y92.069 E484.68395
G1 X91.667 Y92.031 E484.68712
G1 X91.821 Y92.027 E484.69048
G1 X91.995 Y92.075 E484.69442
G1 X92.059 Y92.106 E484.69597
G1 X92.134 Y92.157 E484.69795
G1 X92.192 Y92.208 E484.69964
G1 X92.243 Y92.266 E484.70132
G1 X92.294 Y92.341 E484.7033
G1 X92.324 Y92.403 E484.70481
G1 X92.355 Y92.496 E484.70695
G1 X92.369 Y92.564 E484.70846
G1 X92.373 Y92.62 E484.70969
G0 F810 X92.375 Y92.65
G0 X92.369 Y92.736
G0 X92.325 Y92.895
G0 X92.294 Y92.959
G0 X92.243 Y93.034
G0 X92.193 Y93.09
G0 X92.119 Y93.154
G0 X91.995 Y93.225
G0 X91.904 Y93.255
G0 X91.836 Y93.269
G0 X91.748 Y93.275
G0 X91.634 Y93.264
G0 X91.533 Y93.233
G0 X91.438 Y93.191
G0 X91.366 Y93.143
G0 F9000 X91.308 Y93.092
G0 X91.257 Y93.034
G0 X91.231 Y92.996
G0 X91.551 Y92.778
G1 F1500 E483.20969
G1 F900 Z2.36
G0 F9000 X68.524 Y92.808 Z2.36
;TYPE:WALL-INNER
G1 F900 Z1.36
G1 F480 E484.80293
G1 F1500 X68.492 Y92.776 E484.80406
G1 X68.464 Y92.732 E484.80536
G1 X68.449 Y92.675 E484.80683
G1 X68.448 Y92.634 E484.80786
G1 X68.472 Y92.554 E484.80994
G1 X68.507 Y92.507 E484.8114
G1 X68.553 Y92.472 E484.81284
G1 X68.595 Y92.454 E484.81398
G1 X68.676 Y92.448 E484.81601
G1 X68.759 Y92.48 E484.81823
G1 X68.793 Y92.507 E484.81931
G1 X68.828 Y92.554 E484.82077
G1 X68.846 Y92.599 E484.82198
G1 X68.853 Y92.648 E484.82322
G1 X68.836 Y92.723 E484.82512
G1 X68.832 Y92.739 E484.82552
G1 X68.808 Y92.776 E484.82662
G1 X68.776 Y92.808 E484.82775
G1 X68.724 Y92.839 E484.82926
G1 X68.687 Y92.849 E484.83021
G1 X68.607 Y92.848 E484.83221
G1 X68.588 Y92.839 E484.83272
G1 X68.524 Y92.808 E484.83446
G0 F9000 X68.337 Y93.195
;TYPE:WALL-OUTER
G1 F900 X68.264 Y93.146 E484.83638
G1 X68.205 Y93.095 E484.83809
G1 X68.154 Y93.036 E484.83979
G1 X68.105 Y92.963 E484.84171
G1 X68.069 Y92.891 E484.84346
G1 X68.041 Y92.806 E484.84542
G1 X68.027 Y92.737 E484.84695
G1 X68.021 Y92.65 E484.84886
G1 X68.027 Y92.563 E484.85076
G1 X68.069 Y92.409 E484.85425
G1 X68.105 Y92.337 E484.856
G1 X68.154 Y92.264 E484.85792
G1 X68.205 Y92.205 E484.85962
G1 X68.264 Y92.154 E484.86133
G1 X68.337 Y92.105 E484.86325
G1 X68.414 Y92.067 E484.86512
G1 X68.482 Y92.043 E484.86669
G1 X68.568 Y92.026 E484.86861
G1 X68.65 Y92.021 E484.8704
G1 X68.732 Y92.026 E484.87219
G1 X68.818 Y92.043 E484.87411
G1 X68.963 Y92.105 E484.87755
G1 X69.036 Y92.154 E484.87947
G1 X69.095 Y92.205 E484.88117
G1 X69.146 Y92.264 E484.88287
G1 X69.195 Y92.337 E484.88479
G1 X69.231 Y92.409 E484.88655
G1 X69.259 Y92.494 E484.8885
G1 X69.269 Y92.54 E484.88953
G0 F810 X69.273 Y92.563
G0 X69.279 Y92.65
G0 X69.273 Y92.737
G0 X69.231 Y92.891
G0 X69.195 Y92.963
G0 X69.146 Y93.036
G0 X69.095 Y93.095
G0 X69.036 Y93.146
G0 X68.963 Y93.195
G0 X68.886 Y93.233
G0 X68.816 Y93.257
G0 X68.723 Y93.274
G0 X68.566 Y93.273
G0 X68.482 Y93.257
G0 X68.337 Y93.195
G0 F9000 X68.264 Y93.146
G0 X68.205 Y93.095
G0 X68.182 Y93.068
G0 X68.477 Y92.814
G1 F1500 E483.38953
G1 F900 Z2.36
G0 F9000 X65.734 Y119.851 Z2.36
;TIME_ELAPSED:716.394767
;LAYER:8
G0 X65.734 Y119.851 Z2.51
;TYPE:WALL-INNER
G1 F900 Z1.51
G1 F480 E484.98282
G1 F1500 X95.266 Y119.851 E485.7195
G1 X95.266 Y89.149 E486.48536
G1 X65.734 Y89.149 E487.22204
G1 X65.734 Y118.186 E487.94637
G0 F1350 X65.734 Y119.851
G0 F9000 X66.159 Y119.426
;TYPE:WALL-OUTER
G1 F480 E487.98791
G1 F900 X94.841 Y119.426 E488.61395
G1 X94.841 Y89.574 E489.26553
G1 X66.159 Y89.574 E489.89157
G1 X66.159 Y117.524 E490.50163
G0 F810 X66.159 Y119.426
G0 F9000 X66.359 Y119.426
G0 X66.359 Y119.811
G0 X66.359 Y119.951
G0 X95.294 Y119.879
G0 X95.666 Y117.02
;TYPE:WALL-INNER
G1 F480 E490.54315
G1 F1500 X95.666 Y116.845 E490.54751
G1 X95.666 Y116.658 E490.55218
G1 X95.751 Y116.658 E490.55281
G1 X95.751 Y116.845 E490.55381
G1 X95.666 Y117.02 E490.55464
G0 F9000 X95.938 Y117.375
G1 F1500 X95.938 Y118.525 E490.58332
G1 X98.087 Y118.526 E490.63693
G1 X98.087 Y119.19 E490.65349
G1 X95.938 Y119.195 E490.7071
G1 X95.938 Y120.342 E490.73571
G1 X95.992 Y120.45 E490.73872
G1 X95.938 Y120.45
G1 X65.062 Y120.45 E491.50893
G1 X65.012 Y120.45 E491.51018
G1 X65.062 Y120.306 E491.51218
G1 X65.062 Y119.392 E491.53498
G1 X65.062 Y119.192 E491.53997
G1 X64.862 Y119.193 E491.5432
G1 X63.518 Y119.202 E491.57672
G1 X63.407 Y119.194 E491.5795
G1 X62.913 Y119.194 E491.59182
G1 X62.913 Y118.529 E491.60841
G1 X65.062 Y118.525 E491.66202
G1 X65.062 Y117.375 E491.69071
G1 X64.849 Y116.938 E491.70283
G1 X64.849 Y116.254 E491.7199
G1 X65.062 Y116.254 E491.72521
G1 X65.062 Y88.55 E492.41629
G1 X95.938 Y88.55 E493.18649
G1 X95.938 Y115.973 E493.87056
G0 F1350 X95.938 Y116.257
G0 X96.151 Y116.256
G0 X96.151 Y116.938
G0 X95.938 Y117.375
G0 F9000 X95.841 Y117.353
G0 X95.294 Y119.879
G0 X65.706 Y119.879
G0 X65.334 Y117.02
G1 F480 E493.9121
G1 F1500 X65.249 Y116.845 E493.91695
G1 X65.249 Y116.654 E493.92171
G1 X65.334 Y116.654 E493.92233
G1 X65.334 Y116.845 E493.92334
G1 X65.334 Y117.02 E493.9237
G0 F9000 X64.637 Y119.62
;TYPE:WALL-OUTER
G1 F900 X64.462 Y119.62 E493.92752
G1 X64.461 Y119.621 E493.92755
G1 X63.504 Y119.627 E493.94844
G1 X63.392 Y119.619 E493.95089
G1 X62.638 Y119.619 E493.96735
G1 X62.488 Y119.418 E493.97282
G1 X62.488 Y118.31 E493.997
G1 X62.639 Y118.105 E494.00256
G1 X64.637 Y118.101 E494.04617
G1 X64.637 Y117.473 E494.05988
G1 X64.424 Y117.037 E494.07047
G1 X64.424 Y115.829 E494.09684
G1 X64.637 Y115.829 E494.10149
G1 X64.637 Y88.125 E494.70618
G1 X96.363 Y88.125 E495.39866
G1 X96.363 Y115.83 E496.00338
G1 X96.576 Y115.829 E496.00803
G1 X96.576 Y117.037 E496.0344
G1 X96.363 Y117.473 E496.04499
G1 X96.363 Y118.1 E496.05867
G1 X98.361 Y118.101 E496.10228
G1 X98.512 Y118.302 E496.10777
G1 X98.512 Y119.424 E496.13226
G1 X98.365 Y119.614 E496.1375
G1 X96.363 Y119.619 E496.1812
G1 X96.363 Y120.242 E496.1948
G1 X96.524 Y120.566 E496.2027
G1 X96.576 Y120.671 E496.20525
G1 X96.576 Y120.875 E496.20971
G1 X96.459 Y120.875 E496.21181
G1 X64.543 Y120.875 E496.90844
G1 X64.424 Y120.875 E496.91104
G1 X64.424 Y120.671 E496.91549
G1 X64.478 Y120.565 E496.91762
G1 X64.616 Y120.294 E496.92426
G1 X64.637 Y120.234 E496.92565
G1 X64.637 Y119.796 E496.93521
G1 X64.637 Y119.795 E496.93523
G1 X64.637 Y119.62 E496.9377
G0 F9000 X64.462 Y119.62
G0 X64.461 Y119.621
G0 X64.437 Y119.621
G0 X64.435 Y119.236
G0 X64.432 Y118.927
G1 F1500 E495.4377
G1 F900 Z2.51
G0 F9000 X64.431 Y118.927 Z2.51
G0 X68.429 Y116.915
;TYPE:WALL-INNER
G1 F900 Z1.51
G1 F480 E497.00006
G1 F1500 X68.394 Y116.868 E497.00153
G1 X68.374 Y116.819 E497.00285
G1 X68.368 Y116.768 E497.00413
G1 X68.371 Y116.73 E497.00508
G1 X68.413 Y116.64 E497.00756
G1 X68.437 Y116.615 E497.00842
G1 X68.497 Y116.579 E497.01017
G1 X68.545 Y116.567 E497.0114
G1 X68.592 Y116.567 E497.01257
G1 X68.679 Y116.598 E497.01488
G1 X68.714 Y116.625 E497.01598
G1 X68.747 Y116.67 E497.01737
G1 X68.765 Y116.712 E497.01851
G1 X68.773 Y116.768 E497.01992
G1 X68.753 Y116.856 E497.02217
G1 X68.73 Y116.894 E497.02328
G1 X68.699 Y116.926 E497.02439
G1 X68.648 Y116.956 E497.02587
G1 X68.592 Y116.97 E497.02731
G1 X68.545 Y116.97 E497.02848
G1 X68.464 Y116.94 E497.03061
G1 X68.429 Y116.915 E497.03168
G0 F9000 X68.182 Y117.263
;TYPE:WALL-OUTER
G1 F900 X68.125 Y117.213 E497.03334
G1 X68.072 Y117.153 E497.03509
G1 X68.026 Y117.084 E497.0369
G1 X67.99 Y117.01 E497.03869
G1 X67.964 Y116.934 E497.04044
G1 X67.947 Y116.851 E497.04229
G1 X67.942 Y116.768 E497.04411
G1 X67.947 Y116.686 E497.0459
G1 X67.964 Y116.603 E497.04775
G1 X68.026 Y116.453 E497.05129
G1 X68.072 Y116.384 E497.0531
G1 X68.125 Y116.324 E497.05485
G1 X68.182 Y116.274 E497.05651
G1 X68.26 Y116.221 E497.05856
G1 X68.331 Y116.187 E497.06028
G1 X68.403 Y116.162 E497.06195
G1 X68.489 Y116.145 E497.06386
G1 X68.571 Y116.14 E497.06565
G1 X68.652 Y116.145 E497.06742
G1 X68.736 Y116.162 E497.0693
G1 X68.885 Y116.224 E497.07282
G1 X68.957 Y116.272 E497.07471
G1 X69.016 Y116.323 E497.07641
G1 X69.067 Y116.382 E497.07811
G1 X69.115 Y116.454 E497.08
G1 X69.152 Y116.53 E497.08184
G1 X69.177 Y116.603 E497.08353
G1 X69.194 Y116.687 E497.0854
G1 X69.198 Y116.742 E497.0866
G0 F810 X69.199 Y116.768
G0 X69.194 Y116.851
G0 X69.152 Y117.007
G0 X69.115 Y117.083
G0 X69.067 Y117.155
G0 X69.016 Y117.214
G0 X68.957 Y117.265
G0 X68.885 Y117.313
G0 X68.809 Y117.35
G0 X68.736 Y117.375
G0 X68.652 Y117.392
G0 X68.571 Y117.397
G0 X68.489 Y117.392
G0 X68.403 Y117.375
G0 X68.26 Y117.316
G0 X68.182 Y117.263
G0 F9000 X68.125 Y117.213
G0 X68.072 Y117.153
G0 X68.047 Y117.116
G0 X68.37 Y116.901
G1 F1500 E495.5866
G1 F900 Z2.51
G0 F9000 X91.609 Y116.891 Z2.51
;TYPE:WALL-INNER
G1 F900 Z1.51
G1 F480 E497.18005
G1 F1500 X91.574 Y116.845 E497.18149
G1 X91.571 Y116.834 E497.18177
G1 X91.555 Y116.789 E497.18297
G1 X91.551 Y116.75 E497.18394
G1 X91.573 Y116.66 E497.18625
G1 X91.602 Y116.624 E497.18741
G1 X91.619 Y116.603 E497.18808
G1 X91.636 Y116.593 E497.18857
G1 X91.673 Y116.57 E497.18966
G1 X91.69 Y116.566 E497.1901
G1 X91.754 Y116.551 E497.19174
G1 X91.81 Y116.565 E497.19318
G1 X91.847 Y116.575 E497.19413
G1 X91.891 Y116.609 E497.19552
G1 X91.921 Y116.647 E497.19671
G1 X91.944 Y116.706 E497.19827
G1 X91.945 Y116.723 E497.19865
G1 X91.947 Y116.75 E497.19931
G1 X91.932 Y116.826 E497.20117
G1 X91.93 Y116.836 E497.2014
G1 X91.909 Y116.87 E497.20238
G1 X91.898 Y116.881 E497.20275
G1 X91.87 Y116.909 E497.20371
G1 X91.841 Y116.928 E497.20453
G1 X91.78 Y116.947 E497.20608
G1 X91.737 Y116.946 E497.20711
G1 X91.713 Y116.944 E497.20768
G1 X91.647 Y116.919 E497.20939
G1 X91.609 Y116.891 E497.21055
G0 F9000 X91.257 Y117.134
;TYPE:WALL-OUTER
G1 F900 X91.206 Y117.059 E497.21253
G1 X91.175 Y116.995 E497.21408
G1 X91.145 Y116.904 E497.21618
G1 X91.131 Y116.836 E497.21769
G1 X91.125 Y116.75 E497.21957
G1 X91.131 Y116.664 E497.22145
G1 X91.176 Y116.503 E497.2251
G1 X91.208 Y116.439 E497.22667
G1 X91.265 Y116.358 E497.22883
G1 X91.324 Y116.296 E497.23069
G1 X91.381 Y116.248 E497.23232
G1 X91.511 Y116.174 E497.23559
G1 X91.657 Y116.134 E497.23889
G1 X91.747 Y116.125 E497.24086
G1 X91.836 Y116.131 E497.24281
G1 X91.995 Y116.175 E497.24641
G1 X92.059 Y116.206 E497.24797
G1 X92.134 Y116.257 E497.24994
G1 X92.192 Y116.308 E497.25163
G1 X92.243 Y116.366 E497.25332
G1 X92.294 Y116.441 E497.2553
G1 X92.324 Y116.503 E497.2568
G1 X92.355 Y116.596 E497.25894
G1 X92.369 Y116.664 E497.26045
G1 X92.374 Y116.769 E497.26275
G1 X92.358 Y116.881 E497.26522
G0 F810 X92.355 Y116.904
G0 X92.325 Y116.995
G0 X92.294 Y117.059
G0 X92.243 Y117.134
G0 X92.192 Y117.192
G0 X92.134 Y117.243
G0 X92.059 Y117.294
G0 X91.995 Y117.325
G0 X91.904 Y117.355
G0 X91.836 Y117.369
G0 X91.747 Y117.375
G0 X91.634 Y117.363
G0 X91.536 Y117.336
G0 X91.437 Y117.29
G0 X91.366 Y117.243
G0 X91.308 Y117.192
G0 X91.257 Y117.134
G0 F9000 X91.206 Y117.059
G0 X91.175 Y116.995
G0 X91.163 Y116.958
G0 X91.531 Y116.837
G1 F1500 E495.76522
G1 F900 Z2.51
G0 F9000 X91.609 Y92.791 Z2.51
;TYPE:WALL-INNER
G1 F900 Z1.51
G1 F480 E497.35836
G1 F1500 X91.574 Y92.745 E497.3598
G1 X91.569 Y92.731 E497.36017
G1 X91.557 Y92.697 E497.36107
G1 X91.556 Y92.672 E497.36169
G1 X91.554 Y92.642 E497.36244
G1 X91.569 Y92.568 E497.36433
G1 X91.58 Y92.548 E497.3649
G1 X91.591 Y92.53 E497.36542
G1 X91.616 Y92.505 E497.3663
G1 X91.626 Y92.495 E497.36666
G1 X91.67 Y92.47 E497.36792
G1 X91.682 Y92.467 E497.36823
G1 X91.729 Y92.455 E497.36944
G1 X91.766 Y92.454 E497.37036
G1 X91.819 Y92.469 E497.37174
G1 X91.851 Y92.478 E497.37256
G1 X91.891 Y92.509 E497.37383
G1 X91.921 Y92.547 E497.37502
G1 X91.942 Y92.599 E497.37641
G1 X91.949 Y92.65 E497.37767
G1 X91.947 Y92.66 E497.3779
G1 X91.928 Y92.735 E497.37978
G1 X91.925 Y92.747 E497.38006
G1 X91.907 Y92.771 E497.3808
G1 X91.896 Y92.785 E497.38124
G1 X91.88 Y92.795 E497.38166
G1 X91.84 Y92.821 E497.38281
G1 X91.821 Y92.834 E497.38336
G1 X91.79 Y92.843 E497.38414
G1 X91.78 Y92.847 E497.38439
G1 X91.749 Y92.846 E497.38513
G1 X91.713 Y92.844 E497.386
G1 X91.647 Y92.819 E497.38771
G1 X91.609 Y92.791 E497.38887
G0 F9000 X91.366 Y93.143
;TYPE:WALL-OUTER
G1 F900 X91.308 Y93.092 E497.39056
G1 X91.257 Y93.034 E497.39224
G1 X91.206 Y92.959 E497.39422
G1 X91.175 Y92.895 E497.39577
G1 X91.147 Y92.811 E497.39771
G1 X91.135 Y92.748 E497.39911
G1 X91.127 Y92.627 E497.40175
G1 X91.145 Y92.496 E497.40464
G1 X91.176 Y92.403 E497.40678
G1 X91.206 Y92.341 E497.40828
G1 X91.257 Y92.266 E497.41026
G1 X91.308 Y92.208 E497.41195
G1 X91.366 Y92.157 E497.41363
G1 X91.439 Y92.108 E497.41555
G1 X91.528 Y92.068 E497.41768
G1 X91.666 Y92.031 E497.4208
G1 X91.817 Y92.027 E497.4241
G1 X91.996 Y92.076 E497.42815
G1 X92.059 Y92.106 E497.42967
G1 X92.134 Y92.157 E497.43165
G1 X92.192 Y92.208 E497.43334
G1 X92.243 Y92.266 E497.43502
G1 X92.294 Y92.341 E497.437
G1 X92.324 Y92.403 E497.43851
G1 X92.355 Y92.496 E497.44065
G1 X92.369 Y92.564 E497.44216
G1 X92.374 Y92.622 E497.44343
G0 F810 X92.375 Y92.65
G0 X92.369 Y92.736
G0 X92.325 Y92.895
G0 X92.294 Y92.959
G0 X92.243 Y93.034
G0 X92.194 Y93.09
G0 X92.12 Y93.152
G0 X91.995 Y93.225
G0 X91.904 Y93.255
G0 X91.836 Y93.269
G0 X91.748 Y93.275
G0 X91.634 Y93.263
G0 X91.536 Y93.236
G0 X91.437 Y93.19
G0 X91.366 Y93.143
G0 F9000 X91.308 Y93.092
G0 X91.257 Y93.034
G0 X91.231 Y92.996
G0 X91.551 Y92.778
G1 F1500 E495.94343
G1 F900 Z2.51
G0 F9000 X68.549 Y92.823 Z2.51
;TYPE:WALL-INNER
G1 F900 Z1.51
G1 F480 E497.53666
G1 F1500 X68.506 Y92.787 E497.53806
G1 X68.492 Y92.776 E497.5385
G1 X68.464 Y92.732 E497.5398
G1 X68.449 Y92.675 E497.54127
G1 X68.448 Y92.634 E497.5423
G1 X68.472 Y92.554 E497.54438
G1 X68.507 Y92.507 E497.54584
G1 X68.553 Y92.472 E497.54728
G1 X68.595 Y92.454 E497.54842
G1 X68.676 Y92.448 E497.55045
G1 X68.691 Y92.453 E497.55084
G1 X68.741 Y92.473 E497.55216
G1 X68.759 Y92.48 E497.55263
G1 X68.793 Y92.507 E497.55372
G1 X68.828 Y92.554 E497.55518
G1 X68.846 Y92.599 E497.55639
G1 X68.853 Y92.648 E497.55762
G1 X68.836 Y92.723 E497.55952
G1 X68.832 Y92.739 E497.55992
G1 X68.808 Y92.776 E497.56102
G1 X68.776 Y92.808 E497.56215
G1 X68.726 Y92.838 E497.5636
G1 X68.672 Y92.85 E497.56498
G1 X68.597 Y92.845 E497.56683
G1 X68.549 Y92.823 E497.56814
G0 F9000 X68.32 Y93.183
;TYPE:WALL-OUTER
G1 F900 X68.203 Y93.092 E497.57138
G1 X68.154 Y93.036 E497.573
G1 X68.105 Y92.963 E497.57492
G1 X68.069 Y92.891 E497.57668
G1 X68.041 Y92.806 E497.57863
G1 X68.027 Y92.737 E497.58017
G1 X68.021 Y92.65 E497.58207
G1 X68.027 Y92.563 E497.58397
G1 X68.069 Y92.409 E497.58746
G1 X68.105 Y92.337 E497.58922
G1 X68.154 Y92.264 E497.59113
G1 X68.205 Y92.205 E497.59284
G1 X68.264 Y92.154 E497.59454
G1 X68.337 Y92.105 E497.59646
G1 X68.414 Y92.067 E497.59833
G1 X68.482 Y92.043 E497.59991
G1 X68.568 Y92.026 E497.60182
G1 X68.65 Y92.021 E497.60361
G1 X68.732 Y92.026 E497.60541
G1 X68.818 Y92.043 E497.60732
G1 X68.963 Y92.105 E497.61076
G1 X69.036 Y92.154 E497.61268
G1 X69.095 Y92.205 E497.61438
G1 X69.146 Y92.264 E497.61608
G1 X69.195 Y92.337 E497.618
G1 X69.231 Y92.409 E497.61976
G1 X69.259 Y92.494 E497.62171
G1 X69.273 Y92.563 E497.62325
G1 X69.275 Y92.581 E497.62365
G0 F810 X69.279 Y92.65
G0 X69.273 Y92.737
G0 X69.231 Y92.891
G0 X69.195 Y92.963
G0 X69.146 Y93.036
G0 X69.095 Y93.095
G0 X69.036 Y93.146
G0 X68.963 Y93.195
G0 X68.886 Y93.233
G0 X68.815 Y93.257
G0 X68.716 Y93.274
G0 X68.633 Y93.278
G0 X68.506 Y93.261
G0 X68.429 Y93.238
G0 X68.32 Y93.183
G0 F9000 X68.203 Y93.092
G0 X68.169 Y93.053
G0 X68.46 Y92.799
G1 F1500 E496.12365
G1 F900 Z2.51
G0 F9000 X65.734 Y119.851 Z2.51
;TIME_ELAPSED:751.875360
;LAYER:9
G0 X65.734 Y119.851 Z2.66
;TYPE:WALL-INNER
G1 F900 Z1.66
G1 F480 E497.71646
G1 F1500 X95.266 Y119.851 E498.45314
G1 X95.266 Y89.149 E499.219
G1 X65.734 Y89.149 E499.95568
G1 X65.734 Y118.186 E500.68001
G0 F1350 X65.734 Y119.851
G0 F9000 X66.159 Y119.426
;TYPE:WALL-OUTER
G1 F480 E500.72154
G1 F900 X94.841 Y119.426 E501.34758
G1 X94.841 Y89.574 E501.99916
G1 X66.159 Y89.574 E502.6252
G1 X66.159 Y117.524 E503.23527
G0 F810 X66.159 Y119.426
G0 F9000 X66.359 Y119.426
G0 X66.359 Y119.811
G0 X66.359 Y119.951
G0 X95.294 Y119.879
G0 X95.666 Y117.289
;TYPE:WALL-INNER
G1 F480 E503.27678
G1 F1500 X95.666 Y117.118 E503.28105
G1 X95.666 Y116.642 E503.29292
G1 X95.751 Y116.641 E503.29504
G1 X95.751 Y117.118 E503.29759
G1 X95.666 Y117.289 E503.29841
G0 F9000 X95.999 Y117.517
G1 F1500 X95.938 Y117.681 E503.30277
G1 X95.938 Y118.236 E503.31662
G1 X95.938 Y118.435 E503.32158
G1 X96.137 Y118.435 E503.32479
G1 X97.888 Y118.431 E503.36847
G1 X98.087 Y118.431 E503.37344
G1 X98.087 Y118.63 E503.37665
G1 X98.087 Y119.282 E503.39291
G1 X97.283 Y119.29 E503.41297
G1 X97.133 Y119.285 E503.41671
G1 X95.938 Y119.287 E503.44652
G1 X95.938 Y120.065 E503.46593
G1 X96.126 Y120.45 E503.47662
G1 X95.938 Y120.45 E503.47783
G1 X65.107 Y120.45 E504.24692
G1 X65.003 Y120.45 E504.24951
G1 X64.876 Y120.45 E504.25268
G1 X65.003 Y120.197 E504.25669
G1 X65.038 Y120.1 E504.25888
G1 X65.062 Y120.035 E504.26061
G1 X65.062 Y119.478 E504.2745
G1 X65.062 Y119.278 E504.27949
G1 X64.862 Y119.279 E504.28271
G1 X63.113 Y119.288 E504.32634
G1 X62.913 Y119.289 E504.33133
G1 X62.913 Y119.089 E504.33456
G1 X62.913 Y118.438 E504.3508
G1 X65.062 Y118.432 E504.4044
G1 X65.062 Y117.654 E504.42381
G1 X64.849 Y117.217 E504.43594
G1 X64.849 Y116.236 E504.46041
G1 X65.062 Y116.237 E504.46572
G1 X65.062 Y88.55 E505.15638
G1 X95.938 Y88.55 E505.92658
G1 X95.938 Y116.102 E506.61387
G0 F1350 X95.938 Y116.239
G0 X96.151 Y116.237
G0 X96.151 Y117.213
G0 X95.999 Y117.517
G0 F9000 X95.666 Y118.836
G1 F480 E506.6554
G1 F1500 X97.687 Y118.832 E506.70582
G1 X97.687 Y118.886 E506.70716
G1 X97.133 Y118.886 E506.72098
G1 X96.4 Y118.887 E506.73927
G0 F1350 X95.666 Y118.888
G0 X95.666 Y118.836
G0 F9000 X95.294 Y119.879
G0 X65.706 Y119.879
G0 X65.334 Y118.831
G1 F480 E506.75887
G1 F1500 X65.334 Y118.877 E506.76002
G1 X63.313 Y118.887 E506.81044
G1 X63.313 Y118.837 E506.81168
G1 X65.334 Y118.831 E506.81771
G0 F9000 X65.334 Y117.299
G1 F1500 X65.249 Y117.124 E506.82256
G1 X65.249 Y116.638 E506.83468
G1 X65.334 Y116.638 E506.8368
G1 X65.334 Y117.124 E506.83939
G1 X65.334 Y117.299 E506.83974
G0 F9000 X64.637 Y119.705
;TYPE:WALL-OUTER
G1 F900 X64.611 Y119.705 E506.84031
G1 X64.59 Y119.705 E506.84077
G1 X62.698 Y119.715 E506.88206
G1 X62.633 Y119.715 E506.88348
G1 X62.488 Y119.55 E506.88828
G1 X62.488 Y119.485 E506.8897
G1 X62.488 Y118.199 E506.91777
G1 X62.591 Y118.055 E506.92163
G1 X62.629 Y118.014 E506.92285
G1 X64.563 Y118.008 E506.96506
G1 X64.637 Y118.008 E506.96668
G1 X64.637 Y117.752 E506.97227
G1 X64.605 Y117.686 E506.97368
G1 X64.424 Y117.315 E506.98269
G1 X64.424 Y115.809 E507.01557
G1 X64.637 Y115.81 E507.02022
G1 X64.637 Y88.125 E507.62449
G1 X96.363 Y88.125 E508.31698
G1 X96.363 Y115.81 E508.92126
G1 X96.576 Y115.808 E508.92591
G1 X96.576 Y117.313 E508.95876
G1 X96.398 Y117.668 E508.96742
G1 X96.389 Y117.687 E508.96788
G1 X96.363 Y117.757 E508.96951
G1 X96.363 Y118.009 E508.97501
G1 X96.389 Y118.009
G1 X96.411 Y118.009 E508.97548
G1 X98.302 Y118.005 E509.01675
G1 X98.367 Y118.005 E509.01817
G1 X98.512 Y118.171 E509.02298
G1 X98.512 Y118.236 E509.0244
G1 X98.512 Y119.561 E509.05332
G1 X98.372 Y119.704 E509.05769
G1 X97.273 Y119.715 E509.08168
G1 X97.126 Y119.71 E509.08489
G1 X96.438 Y119.711 E509.09991
G1 X96.363 Y119.711 E509.10154
G1 X96.363 Y119.967 E509.10713
G1 X96.396 Y120.034 E509.10857
G1 X96.576 Y120.402 E509.11751
G1 X96.576 Y120.875 E509.12784
G1 X64.424 Y120.875 E509.82962
G1 X64.424 Y120.404 E509.8399
G1 X64.603 Y120.047 E509.84862
G1 X64.612 Y120.029 E509.84903
G1 X64.637 Y119.96 E509.85047
G1 X64.637 Y119.705 E509.85427
G0 F9000 X64.611 Y119.705
G0 X64.59 Y119.705
G0 X64.437 Y119.705
G0 X64.436 Y119.32
G0 X64.434 Y118.881
G1 F1500 E508.35427
G1 F900 Z2.66
G0 F9000 X64.434 Y118.881 Z2.66
G0 X68.429 Y116.915
;TYPE:WALL-INNER
G1 F900 Z1.66
G1 F480 E509.91663
G1 F1500 X68.394 Y116.868 E509.91809
G1 X68.374 Y116.819 E509.91941
G1 X68.368 Y116.768 E509.92069
G1 X68.371 Y116.73 E509.92165
G1 X68.413 Y116.64 E509.92412
G1 X68.437 Y116.615 E509.92499
G1 X68.497 Y116.579 E509.92673
G1 X68.545 Y116.567 E509.92797
G1 X68.592 Y116.567 E509.92914
G1 X68.679 Y116.598 E509.93144
G1 X68.714 Y116.625 E509.93255
G1 X68.747 Y116.67 E509.93394
G1 X68.765 Y116.712 E509.93508
G1 X68.773 Y116.768 E509.93649
G1 X68.753 Y116.856 E509.93874
G1 X68.73 Y116.894 E509.93985
G1 X68.699 Y116.926 E509.94096
G1 X68.648 Y116.956 E509.94244
G1 X68.592 Y116.97 E509.94388
G1 X68.545 Y116.97 E509.94505
G1 X68.464 Y116.94 E509.94718
G1 X68.429 Y116.915 E509.94825
G0 F9000 X68.182 Y117.263
;TYPE:WALL-OUTER
G1 F900 X68.125 Y117.213 E509.94991
G1 X68.072 Y117.153 E509.95165
G1 X68.026 Y117.084 E509.95346
G1 X67.99 Y117.01 E509.95526
G1 X67.964 Y116.934 E509.95701
G1 X67.947 Y116.851 E509.95886
G1 X67.942 Y116.768 E509.96068
G1 X67.947 Y116.686 E509.96247
G1 X67.964 Y116.603 E509.96432
G1 X68.026 Y116.453 E509.96786
G1 X68.072 Y116.384 E509.96967
G1 X68.125 Y116.324 E509.97142
G1 X68.182 Y116.274 E509.97307
G1 X68.26 Y116.221 E509.97513
G1 X68.331 Y116.187 E509.97685
G1 X68.403 Y116.162 E509.97851
G1 X68.489 Y116.145 E509.98043
G1 X68.571 Y116.14 E509.98222
G1 X68.652 Y116.145 E509.98399
G1 X68.736 Y116.162 E509.98586
G1 X68.885 Y116.224 E509.98939
G1 X68.957 Y116.272 E509.99127
G1 X69.016 Y116.323 E509.99298
G1 X69.067 Y116.382 E509.99468
G1 X69.115 Y116.454 E509.99657
G1 X69.152 Y116.53 E509.99841
G1 X69.177 Y116.603 E510.0001
G1 X69.194 Y116.687 E510.00197
G1 X69.198 Y116.742 E510.00317
G0 F810 X69.199 Y116.768
G0 X69.194 Y116.851
G0 X69.152 Y117.007
G0 X69.115 Y117.083
G0 X69.067 Y117.155
G0 X69.016 Y117.214
G0 X68.957 Y117.265
G0 X68.885 Y117.313
G0 X68.809 Y117.35
G0 X68.736 Y117.375
G0 X68.652 Y117.392
G0 X68.571 Y117.397
G0 X68.489 Y117.392
G0 X68.403 Y117.375
G0 X68.26 Y117.316
G0 X68.182 Y117.263
G0 F9000 X68.125 Y117.213
G0 X68.072 Y117.153
G0 X68.047 Y117.116
G0 X68.37 Y116.901
G1 F1500 E508.50317
G1 F900 Z2.66
G0 F9000 X91.609 Y116.891 Z2.66
;TYPE:WALL-INNER
G1 F900 Z1.66
G1 F480 E510.09661
G1 F1500 X91.574 Y116.845 E510.09806
G1 X91.571 Y116.834 E510.09834
G1 X91.555 Y116.789 E510.09953
G1 X91.551 Y116.75 E510.10051
G1 X91.558 Y116.721 E510.10125
G1 X91.573 Y116.658 E510.10287
G1 X91.589 Y116.641 E510.10345
G1 X91.64 Y116.588 E510.10529
G1 X91.676 Y116.568 E510.10631
G1 X91.704 Y116.563 E510.10702
G1 X91.758 Y116.552 E510.1084
G1 X91.812 Y116.566 E510.10979
G1 X91.847 Y116.575 E510.11069
G1 X91.891 Y116.609 E510.11208
G1 X91.921 Y116.647 E510.11327
G1 X91.944 Y116.706 E510.11483
G1 X91.945 Y116.726 E510.11532
G1 X91.947 Y116.757 E510.11605
G1 X91.937 Y116.811 E510.11738
G1 X91.929 Y116.828 E510.11783
G1 X91.915 Y116.857 E510.11858
G1 X91.87 Y116.909 E510.12024
G1 X91.857 Y116.917 E510.1206
G1 X91.841 Y116.928 E510.12105
G1 X91.792 Y116.943 E510.12229
G1 X91.78 Y116.947 E510.12259
G1 X91.741 Y116.946 E510.12352
G1 X91.714 Y116.944 E510.12417
G1 X91.642 Y116.916 E510.12604
G1 X91.609 Y116.891 E510.12706
G0 F9000 X91.257 Y117.134
;TYPE:WALL-OUTER
G1 F900 X91.206 Y117.059 E510.12904
G1 X91.175 Y116.995 E510.13059
G1 X91.145 Y116.904 E510.13269
G1 X91.131 Y116.836 E510.1342
G1 X91.125 Y116.75 E510.13608
G1 X91.131 Y116.664 E510.13796
G1 X91.176 Y116.503 E510.14161
G1 X91.207 Y116.439 E510.14316
G1 X91.269 Y116.353 E510.14548
G1 X91.388 Y116.242 E510.14903
G1 X91.513 Y116.172 E510.15216
G1 X91.644 Y116.136 E510.15512
G1 X91.749 Y116.125 E510.15743
G1 X91.836 Y116.131 E510.15933
G1 X91.995 Y116.175 E510.16293
G1 X92.059 Y116.206 E510.16448
G1 X92.134 Y116.257 E510.16646
G1 X92.192 Y116.308 E510.16815
G1 X92.243 Y116.366 E510.16984
G1 X92.294 Y116.441 E510.17182
G1 X92.324 Y116.503 E510.17332
G1 X92.355 Y116.596 E510.17546
G1 X92.369 Y116.664 E510.17697
G1 X92.373 Y116.773 E510.17935
G1 X92.359 Y116.879 E510.18169
G0 F810 X92.358 Y116.887
G0 X92.335 Y116.965
G0 X92.278 Y117.083
G0 X92.192 Y117.192
G0 X92.134 Y117.243
G0 X92.059 Y117.294
G0 X91.995 Y117.325
G0 X91.904 Y117.355
G0 X91.836 Y117.369
G0 X91.747 Y117.375
G0 X91.638 Y117.364
G0 X91.534 Y117.335
G0 X91.437 Y117.29
G0 X91.366 Y117.243
G0 X91.308 Y117.192
G0 X91.257 Y117.134
G0 F9000 X91.206 Y117.059
G0 X91.175 Y116.995
G0 X91.163 Y116.958
G0 X91.531 Y116.837
G1 F1500 E508.68169
G1 F900 Z2.66
G0 F9000 X91.609 Y92.791 Z2.66
;TYPE:WALL-INNER
G1 F900 Z1.66
G1 F480 E510.27483
G1 F1500 X91.575 Y92.746 E510.27623
G1 X91.565 Y92.712 E510.27712
G1 X91.556 Y92.68 E510.27795
G1 X91.558 Y92.631 E510.27917
G1 X91.56 Y92.6 E510.27995
G1 X91.564 Y92.589 E510.28024
G1 X91.585 Y92.543 E510.2815
G1 X91.602 Y92.524 E510.28213
G1 X91.63 Y92.491 E510.28321
G1 X91.67 Y92.47 E510.28434
G1 X91.728 Y92.454 E510.28584
G1 X91.769 Y92.454 E510.28686
G1 X91.815 Y92.466 E510.28805
G1 X91.847 Y92.475 E510.28888
G1 X91.891 Y92.509 E510.29027
G1 X91.921 Y92.547 E510.29146
G1 X91.943 Y92.602 E510.29291
G1 X91.946 Y92.631 E510.29362
G1 X91.949 Y92.65 E510.29408
G1 X91.939 Y92.694 E510.29516
G1 X91.925 Y92.747 E510.29646
G1 X91.9 Y92.781 E510.2975
G1 X91.873 Y92.802 E510.29834
G1 X91.851 Y92.819 E510.29901
G1 X91.793 Y92.838 E510.30048
G1 X91.764 Y92.848 E510.30121
G1 X91.738 Y92.846 E510.30183
G1 X91.714 Y92.844 E510.30241
G1 X91.642 Y92.816 E510.30429
G1 X91.609 Y92.791 E510.30531
G0 F9000 X91.366 Y93.143
;TYPE:WALL-OUTER
G1 F900 X91.308 Y93.092 E510.307
G1 X91.257 Y93.034 E510.30869
G1 X91.206 Y92.959 E510.31066
G1 X91.175 Y92.895 E510.31222
G1 X91.135 Y92.755 E510.3154
G1 X91.128 Y92.625 E510.31824
G1 X91.142 Y92.513 E510.3207
G1 X91.165 Y92.435 E510.32248
G1 X91.222 Y92.317 E510.32534
G1 X91.308 Y92.208 E510.32837
G1 X91.366 Y92.157 E510.33005
G1 X91.438 Y92.108 E510.33195
G1 X91.525 Y92.069 E510.33403
G1 X91.668 Y92.03 E510.33727
G1 X91.823 Y92.028 E510.34065
G1 X91.995 Y92.075 E510.34454
G1 X92.059 Y92.106 E510.3461
G1 X92.134 Y92.157 E510.34808
G1 X92.192 Y92.208 E510.34976
G1 X92.243 Y92.266 E510.35145
G1 X92.294 Y92.341 E510.35343
G1 X92.324 Y92.403 E510.35493
G1 X92.355 Y92.496 E510.35707
G1 X92.369 Y92.564 E510.35859
G1 X92.373 Y92.62 E510.35981
G0 F810 X92.375 Y92.65
G0 X92.369 Y92.736
G0 X92.325 Y92.895
G0 X92.294 Y92.959
G0 X92.243 Y93.034
G0 X92.196 Y93.087
G0 X92.109 Y93.16
G0 X92.044 Y93.2
G0 X91.936 Y93.244
G0 X91.829 Y93.27
G0 X91.748 Y93.275
G0 X91.638 Y93.264
G0 X91.534 Y93.235
G0 X91.437 Y93.19
G0 X91.366 Y93.143
G0 F9000 X91.308 Y93.092
G0 X91.257 Y93.034
G0 X91.231 Y92.996
G0 X91.551 Y92.778
G1 F1500 E508.85981
G1 F900 Z2.66
G0 F9000 X68.533 Y92.814 Z2.66
;TYPE:WALL-INNER
G1 F900 Z1.66
G1 F480 E510.45306
G1 F1500 X68.481 Y92.758 E510.45497
G1 X68.463 Y92.715 E510.45613
G1 X68.452 Y92.692 E510.45676
G1 X68.447 Y92.648 E510.45787
G1 X68.468 Y92.561 E510.4601
G1 X68.494 Y92.521 E510.46129
G1 X68.524 Y92.492 E510.46233
G1 X68.578 Y92.46 E510.4639
G1 X68.624 Y92.448 E510.46508
G1 X68.676 Y92.448 E510.46638
G1 X68.759 Y92.48 E510.4686
G1 X68.793 Y92.507 E510.46968
G1 X68.828 Y92.554 E510.47113
G1 X68.846 Y92.599 E510.47233
G1 X68.853 Y92.648 E510.47357
G1 X68.832 Y92.739 E510.47587
G1 X68.808 Y92.776 E510.47697
G1 X68.776 Y92.808 E510.4781
G1 X68.724 Y92.839 E510.47961
G1 X68.669 Y92.851 E510.48102
G1 X68.638 Y92.848 E510.48179
G0 F1350 X68.596 Y92.845
G0 X68.533 Y92.814
G0 F9000 X68.311 Y93.178
;TYPE:WALL-OUTER
G1 F480 E510.48459
G1 F900 X68.248 Y93.132 E510.48629
G1 X68.141 Y93.017 E510.48972
G1 X68.08 Y92.912 E510.49237
G1 X68.041 Y92.806 E510.49483
G1 X68.027 Y92.737 E510.49637
G1 X68.021 Y92.65 E510.49827
G1 X68.027 Y92.563 E510.50018
G1 X68.069 Y92.409 E510.50366
G1 X68.105 Y92.337 E510.50542
G1 X68.154 Y92.264 E510.50734
G1 X68.205 Y92.205 E510.50904
G1 X68.264 Y92.154 E510.51074
G1 X68.337 Y92.105 E510.51266
G1 X68.414 Y92.067 E510.51454
G1 X68.482 Y92.043 E510.51611
G1 X68.568 Y92.026 E510.51802
G1 X68.65 Y92.021 E510.51982
G1 X68.732 Y92.026 E510.52161
G1 X68.818 Y92.043 E510.52352
G1 X68.963 Y92.105 E510.52696
G1 X69.036 Y92.154 E510.52888
G1 X69.095 Y92.205 E510.53059
G1 X69.146 Y92.264 E510.53229
G1 X69.195 Y92.337 E510.53421
G1 X69.231 Y92.409 E510.53596
G1 X69.259 Y92.494 E510.53792
G1 X69.273 Y92.563 E510.53945
G1 X69.274 Y92.565 E510.5395
G0 F810 X69.279 Y92.65
G0 X69.273 Y92.737
G0 X69.231 Y92.891
G0 X69.195 Y92.963
G0 X69.146 Y93.036
G0 X69.095 Y93.095
G0 X69.036 Y93.146
G0 X68.963 Y93.195
G0 X68.886 Y93.233
G0 X68.816 Y93.257
G0 X68.709 Y93.275
G0 X68.626 Y93.277
G0 X68.511 Y93.263
G0 X68.437 Y93.242
G0 X68.311 Y93.178
G0 F9000 X68.248 Y93.132
G0 X68.165 Y93.043
G0 X68.448 Y92.782
G1 F1500 E509.0395
G1 F900 Z2.66
G0 F9000 X65.734 Y119.851 Z2.66
;TIME_ELAPSED:787.978270
;LAYER:10
G0 X65.734 Y119.851 Z2.81
;TYPE:WALL-INNER
G1 F900 Z1.81
G1 F480 E510.63288
G1 F1500 X95.266 Y119.851 E511.36956
G1 X95.266 Y89.149 E512.13542
G1 X65.734 Y89.149 E512.8721
G1 X65.734 Y118.186 E513.59643
G0 F1350 X65.734 Y119.851
G0 F9000 X66.159 Y119.426
;TYPE:WALL-OUTER
G1 F480 E513.63797
G1 F900 X94.841 Y119.426 E514.26401
G1 X94.841 Y89.574 E514.91559
G1 X66.159 Y89.574 E515.54163
G1 X66.159 Y117.524 E516.15169
G0 F810 X66.159 Y119.426
G0 F9000 X66.359 Y119.426
G0 X66.359 Y119.811
G0 X66.359 Y119.951
G0 X95.294 Y119.879
G0 X95.666 Y118.961
;TYPE:WALL-INNER
G1 F480 E516.19321
G1 F1500 X95.681 Y118.789 E516.19751
G1 X97.687 Y118.773 E516.24756
G1 X97.687 Y118.946 E516.25187
G1 X95.683 Y118.96 E516.27341
G1 X95.666 Y118.961
G0 F9000 X96.055 Y119.358
G1 F1500 X96.047 Y120.45 E516.30065
G1 X64.953 Y120.449 E517.07629
G1 X64.954 Y120.072 E517.08569
G1 X64.93 Y119.359 E517.10349
G1 X62.913 Y119.342 E517.15381
G1 X62.913 Y118.386 E517.17765
G1 X64.945 Y118.38 E517.22834
G1 X64.953 Y116.814 E517.26741
G1 X64.949 Y116.224 E517.28213
G1 X65.062 Y116.227 E517.28495
G1 X65.062 Y88.55 E517.97535
G1 X95.938 Y88.55 E518.74556
G1 X95.938 Y116.227 E519.43596
G1 X96.045 Y116.225 E519.43863
G1 X96.055 Y116.224 E519.43888
G1 X96.055 Y116.604 E519.44587
G1 X96.047 Y116.793 E519.45058
G1 X96.046 Y117.647 E519.47189
G1 X96.069 Y118.386 E519.49033
G1 X97.886 Y118.371 E519.53566
G1 X97.887 Y118.37 E519.53569
G1 X98.087 Y118.37 E519.54068
G1 X98.087 Y118.57 E519.54391
G1 X98.087 Y118.571 E519.54394
G1 X98.087 Y119.343 E519.5632
G1 X97.092 Y119.351 E519.58802
G0 F1350 X96.055 Y119.358
G0 F9000 X95.985 Y119.288
G0 X95.294 Y119.879
G0 X65.706 Y119.879
G0 X65.334 Y118.779
G1 F480 E519.61388
G1 F1500 X65.317 Y118.962 E519.61847
G1 X63.313 Y118.945 E519.66846
G1 X63.313 Y118.785 E519.67245
G1 X65.316 Y118.78 E519.69386
G1 X65.334 Y118.779
G0 F9000 X64.519 Y119.781
;TYPE:WALL-OUTER
G1 F900 X62.627 Y119.765 E519.73516
G1 X62.488 Y119.622 E519.73951
G1 X62.488 Y118.104 E519.77264
G1 X62.629 Y117.962 E519.77701
G1 X64.522 Y117.956 E519.81833
G1 X64.528 Y116.814 E519.84326
G1 X64.521 Y115.788 E519.86565
G1 X64.637 Y115.791 E519.86818
G1 X64.637 Y88.125 E520.47205
G1 X96.363 Y88.125 E521.16453
G1 X96.363 Y115.791 E521.7684
G1 X96.48 Y115.788 E521.77095
G1 X96.48 Y116.623 E521.78918
G1 X96.472 Y116.803 E521.79311
G1 X96.471 Y117.624 E521.81103
G1 X96.471 Y117.641 E521.8114
G1 X96.481 Y117.957 E521.8183
G1 X96.498 Y117.957 E521.81867
G1 X97.529 Y117.946 E521.84118
G1 X98.3 Y117.945 E521.858
G1 X98.37 Y117.945 E521.85953
G1 X98.512 Y118.101 E521.86414
G1 X98.512 Y118.171 E521.86566
G1 X98.512 Y119.615 E521.89718
G1 X98.369 Y119.766 E521.90172
G1 X96.477 Y119.78 E521.94302
G1 X96.472 Y120.425 E521.9571
G1 X96.476 Y120.698 E521.96306
G1 X96.477 Y120.699 E521.96309
G1 X96.478 Y120.875 E521.96693
G1 X96.302 Y120.875 E521.96941
G1 X96.301 Y120.875 E521.96944
G1 X65.329 Y120.875 E522.64546
G0 F810 X64.521 Y120.875
G0 X64.52 Y120.526
G0 X64.528 Y120.431
G0 X64.529 Y120.079
G0 X64.519 Y119.781
G0 F9000 X64.319 Y119.78
G0 X64.322 Y119.395
G0 X64.326 Y118.954
G1 F1500 E521.14546
G1 F900 Z2.81
G0 F9000 X64.326 Y118.954 Z2.81
G0 X68.429 Y116.915
;TYPE:WALL-INNER
G1 F900 Z1.81
G1 F480 E522.74934
G1 F1500 X68.394 Y116.868 E522.7508
G1 X68.374 Y116.819 E522.75212
G1 X68.368 Y116.768 E522.7534
G1 X68.371 Y116.73 E522.75435
G1 X68.413 Y116.64 E522.75683
G1 X68.437 Y116.615 E522.75769
G1 X68.497 Y116.579 E522.75944
G1 X68.545 Y116.567 E522.76067
G1 X68.592 Y116.567 E522.76185
G1 X68.679 Y116.598 E522.76415
G1 X68.714 Y116.625 E522.76525
G1 X68.747 Y116.67 E522.76664
G1 X68.765 Y116.712 E522.76778
G1 X68.773 Y116.768 E522.7692
G1 X68.753 Y116.856 E522.77145
G1 X68.73 Y116.894 E522.77255
G1 X68.699 Y116.926 E522.77367
G1 X68.648 Y116.956 E522.77514
G1 X68.592 Y116.97 E522.77658
G1 X68.545 Y116.97 E522.77775
G1 X68.464 Y116.94 E522.77988
G1 X68.429 Y116.915 E522.78096
G0 F9000 X68.182 Y117.263
;TYPE:WALL-OUTER
G1 F900 X68.125 Y117.213 E522.78261
G1 X68.072 Y117.153 E522.78436
G1 X68.026 Y117.084 E522.78617
G1 X67.99 Y117.01 E522.78797
G1 X67.964 Y116.934 E522.78972
G1 X67.947 Y116.851 E522.79157
G1 X67.942 Y116.768 E522.79338
G1 X67.947 Y116.686 E522.79518
G1 X67.964 Y116.603 E522.79703
G1 X68.026 Y116.453 E522.80057
G1 X68.072 Y116.384 E522.80238
G1 X68.125 Y116.324 E522.80413
G1 X68.182 Y116.274 E522.80578
G1 X68.26 Y116.221 E522.80784
G1 X68.331 Y116.187 E522.80956
G1 X68.403 Y116.162 E522.81122
G1 X68.489 Y116.145 E522.81313
G1 X68.571 Y116.14 E522.81493
G1 X68.652 Y116.145 E522.8167
G1 X68.736 Y116.162 E522.81857
G1 X68.885 Y116.224 E522.82209
G1 X68.957 Y116.272 E522.82398
G1 X69.016 Y116.323 E522.82568
G1 X69.067 Y116.382 E522.82738
G1 X69.115 Y116.454 E522.82927
G1 X69.152 Y116.53 E522.83112
G1 X69.177 Y116.603 E522.8328
G1 X69.194 Y116.687 E522.83467
G1 X69.198 Y116.742 E522.83588
G0 F810 X69.199 Y116.768
G0 X69.194 Y116.851
G0 X69.152 Y117.007
G0 X69.115 Y117.083
G0 X69.067 Y117.155
G0 X69.016 Y117.214
G0 X68.957 Y117.265
G0 X68.885 Y117.313
G0 X68.809 Y117.35
G0 X68.736 Y117.375
G0 X68.652 Y117.392
G0 X68.571 Y117.397
G0 X68.489 Y117.392
G0 X68.403 Y117.375
G0 X68.26 Y117.316
G0 X68.182 Y117.263
G0 F9000 X68.125 Y117.213
G0 X68.072 Y117.153
G0 X68.047 Y117.116
G0 X68.37 Y116.901
G1 F1500 E521.33588
G1 F900 Z2.81
G0 F9000 X91.591 Y116.87 Z2.81
;TYPE:WALL-INNER
G1 F900 Z1.81
G1 F480 E522.92932
G1 F1500 X91.583 Y116.857 E522.9297
G1 X91.57 Y116.836 E522.93032
G1 X91.565 Y116.818 E522.93078
G1 X91.553 Y116.778 E522.93183
G1 X91.553 Y116.756 E522.93237
G1 X91.552 Y116.734 E522.93292
G1 X91.557 Y116.715 E522.93341
G1 X91.573 Y116.659 E522.93487
G1 X91.616 Y116.605 E522.93659
G1 X91.662 Y116.577 E522.93793
G1 X91.677 Y116.568 E522.93837
G1 X91.73 Y116.557 E522.93972
G1 X91.755 Y116.551 E522.94036
G1 X91.78 Y116.557 E522.941
G1 X91.847 Y116.575 E522.94273
G1 X91.866 Y116.589 E522.94332
G1 X91.891 Y116.609 E522.94412
G1 X91.902 Y116.624 E522.94458
G1 X91.921 Y116.647 E522.94531
G1 X91.938 Y116.691 E522.94647
G1 X91.944 Y116.706 E522.94687
G1 X91.946 Y116.747 E522.94787
G1 X91.937 Y116.802 E522.94922
G1 X91.933 Y116.82 E522.94966
G1 X91.926 Y116.835 E522.95004
G1 X91.917 Y116.852 E522.9505
G1 X91.904 Y116.866 E522.95094
G1 X91.864 Y116.91 E522.95237
G1 X91.852 Y116.916 E522.95267
G1 X91.812 Y116.936 E522.95374
G1 X91.755 Y116.949 E522.95516
G1 X91.682 Y116.935 E522.95696
G1 X91.661 Y116.924 E522.95753
G1 X91.624 Y116.904 E522.95854
G1 X91.607 Y116.886 E522.95915
G1 X91.591 Y116.87 E522.95971
G0 F9000 X91.257 Y117.134
;TYPE:WALL-OUTER
G1 F900 X91.206 Y117.059 E522.96169
G1 X91.175 Y116.995 E522.96324
G1 X91.145 Y116.904 E522.96533
G1 X91.131 Y116.836 E522.96685
G1 X91.125 Y116.75 E522.96873
G1 X91.131 Y116.664 E522.97061
G1 X91.176 Y116.503 E522.97426
G1 X91.208 Y116.439 E522.97582
G1 X91.272 Y116.35 E522.97821
G1 X91.331 Y116.289 E522.98007
G1 X91.396 Y116.238 E522.98187
G1 X91.512 Y116.173 E522.98477
G1 X91.639 Y116.137 E522.98765
G1 X91.749 Y116.125 E522.99007
G1 X91.836 Y116.131 E522.99197
G1 X91.995 Y116.175 E522.99557
G1 X92.059 Y116.206 E522.99712
G1 X92.134 Y116.257 E522.9991
G1 X92.192 Y116.308 E523.00079
G1 X92.243 Y116.366 E523.00247
G1 X92.294 Y116.441 E523.00445
G1 X92.324 Y116.503 E523.00596
G1 X92.355 Y116.596 E523.0081
G1 X92.369 Y116.664 E523.00961
G1 X92.373 Y116.78 E523.01215
G1 X92.354 Y116.88 E523.01437
G0 F810 X92.34 Y116.955
G0 X92.275 Y117.087
G0 X92.176 Y117.205
G0 X92.088 Y117.274
G0 X91.959 Y117.337
G0 X91.831 Y117.37
G0 X91.746 Y117.375
G0 X91.642 Y117.365
G0 X91.531 Y117.334
G0 X91.437 Y117.29
G0 X91.366 Y117.243
G0 X91.308 Y117.192
G0 X91.257 Y117.134
G0 F9000 X91.206 Y117.059
G0 X91.175 Y116.995
G0 X91.163 Y116.958
G0 X91.531 Y116.837
G1 F1500 E521.51437
G1 F900 Z2.81
G0 F9000 X91.629 Y92.806 Z2.81
;TYPE:WALL-INNER
G1 F900 Z1.81
G1 F480 E523.10751
G1 F1500 X91.609 Y92.791 E523.10813
G1 X91.595 Y92.772 E523.10872
G1 X91.575 Y92.746 E523.10954
G1 X91.568 Y92.719 E523.11023
G1 X91.556 Y92.68 E523.11125
G1 X91.557 Y92.636 E523.11235
G1 X91.559 Y92.596 E523.11335
G1 X91.571 Y92.571 E523.11404
G1 X91.583 Y92.548 E523.11469
G1 X91.598 Y92.529 E523.11529
G1 X91.622 Y92.501 E523.11621
G1 X91.678 Y92.465 E523.11787
G1 X91.71 Y92.456 E523.1187
G1 X91.72 Y92.453 E523.11896
G1 X91.769 Y92.452 E523.12018
G1 X91.811 Y92.463 E523.12127
G1 X91.828 Y92.472 E523.12175
G1 X91.864 Y92.491 E523.12274
G1 X91.879 Y92.506 E523.12325
G1 X91.909 Y92.534 E523.12426
G1 X91.929 Y92.577 E523.1254
G1 X91.945 Y92.61 E523.12628
G1 X91.949 Y92.65 E523.12726
G1 X91.94 Y92.69 E523.12825
G1 X91.925 Y92.747 E523.12966
G1 X91.901 Y92.779 E523.13064
G1 X91.841 Y92.82 E523.1324
G1 X91.818 Y92.836 E523.13306
G1 X91.78 Y92.847 E523.13404
G1 X91.757 Y92.847 E523.1346
G1 X91.718 Y92.845 E523.13556
G1 X91.676 Y92.83 E523.13663
G1 X91.645 Y92.818 E523.13743
G1 X91.629 Y92.806 E523.13791
G0 F9000 X91.366 Y93.143
;TYPE:WALL-OUTER
G1 F900 X91.308 Y93.092 E523.1396
G1 X91.257 Y93.034 E523.14128
G1 X91.206 Y92.959 E523.14326
G1 X91.175 Y92.895 E523.14482
G1 X91.135 Y92.754 E523.14802
G1 X91.128 Y92.618 E523.15099
G1 X91.142 Y92.51 E523.15336
G1 X91.16 Y92.445 E523.15484
G1 X91.225 Y92.313 E523.15805
G1 X91.324 Y92.195 E523.16141
G1 X91.414 Y92.124 E523.16391
G1 X91.509 Y92.074 E523.16626
G1 X91.596 Y92.045 E523.16826
G1 X91.664 Y92.031 E523.16977
G1 X91.767 Y92.025 E523.17202
G1 X91.848 Y92.033 E523.1738
G1 X91.964 Y92.064 E523.17642
G1 X92.103 Y92.137 E523.17985
G1 X92.206 Y92.225 E523.18281
G1 X92.262 Y92.296 E523.18478
G1 X92.327 Y92.411 E523.18766
G1 X92.355 Y92.496 E523.18962
G1 X92.369 Y92.564 E523.19113
G1 X92.374 Y92.622 E523.1924
G0 F810 X92.375 Y92.65
G0 X92.369 Y92.736
G0 X92.325 Y92.895
G0 X92.294 Y92.959
G0 X92.243 Y93.034
G0 X92.196 Y93.087
G0 X92.104 Y93.162
G0 X91.989 Y93.227
G0 X91.904 Y93.255
G0 X91.836 Y93.269
G0 X91.747 Y93.275
G0 X91.642 Y93.265
G0 X91.531 Y93.234
G0 X91.437 Y93.19
G0 X91.366 Y93.143
G0 F9000 X91.308 Y93.092
G0 X91.257 Y93.034
G0 X91.231 Y92.996
G0 X91.551 Y92.778
G1 F1500 E521.6924
G1 F900 Z2.81
G0 F9000 X68.576 Y92.838 Z2.81
;TYPE:WALL-INNER
G1 F900 Z1.81
G1 F480 E523.28563
G1 F1500 X68.559 Y92.825 E523.28616
G1 X68.522 Y92.798 E523.28731
G1 X68.492 Y92.775 E523.28825
G1 X68.486 Y92.762 E523.28861
G1 X68.466 Y92.717 E523.28983
G1 X68.454 Y92.69 E523.29057
G1 X68.451 Y92.617 E523.29239
G1 X68.463 Y92.588 E523.29318
G1 X68.481 Y92.544 E523.29436
G1 X68.489 Y92.536 E523.29464
G1 X68.523 Y92.5 E523.29588
G1 X68.54 Y92.483 E523.29648
G1 X68.593 Y92.454 E523.29799
G1 X68.676 Y92.448 E523.30006
G1 X68.759 Y92.48 E523.30223
G1 X68.793 Y92.507 E523.3033
G1 X68.828 Y92.554 E523.30473
G1 X68.846 Y92.599 E523.30593
G1 X68.853 Y92.648 E523.30714
G1 X68.832 Y92.739 E523.30944
G1 X68.808 Y92.776 E523.31053
G1 X68.776 Y92.808 E523.31164
G1 X68.718 Y92.842 E523.31329
G1 X68.667 Y92.851 E523.31458
G1 X68.597 Y92.846 E523.31633
G1 X68.576 Y92.838 E523.31689
G0 F9000 X68.367 Y93.21
;TYPE:WALL-OUTER
G1 F900 X68.241 Y93.126 E523.3202
G1 X68.173 Y93.058 E523.3223
G1 X68.136 Y93.01 E523.32362
G1 X68.061 Y92.867 E523.32714
G1 X68.033 Y92.761 E523.32954
G1 X68.023 Y92.617 E523.33269
G1 X68.032 Y92.541 E523.33436
G1 X68.059 Y92.437 E523.3367
G1 X68.125 Y92.307 E523.33988
G1 X68.225 Y92.189 E523.34326
G1 X68.307 Y92.126 E523.34552
G1 X68.415 Y92.066 E523.34821
G1 X68.482 Y92.043 E523.34976
G1 X68.568 Y92.026 E523.35167
G1 X68.65 Y92.021 E523.35347
G1 X68.732 Y92.026 E523.35526
G1 X68.818 Y92.043 E523.35717
G1 X68.963 Y92.105 E523.36062
G1 X69.036 Y92.154 E523.36253
G1 X69.095 Y92.205 E523.36424
G1 X69.146 Y92.264 E523.36594
G1 X69.195 Y92.337 E523.36786
G1 X69.231 Y92.409 E523.36962
G1 X69.259 Y92.494 E523.37157
G1 X69.266 Y92.529 E523.37235
G0 F810 X69.273 Y92.563
G0 X69.279 Y92.65
G0 X69.273 Y92.737
G0 X69.231 Y92.891
G0 X69.195 Y92.963
G0 X69.146 Y93.036
G0 X69.095 Y93.095
G0 X69.036 Y93.146
G0 X68.963 Y93.195
G0 X68.886 Y93.233
G0 X68.814 Y93.258
G0 X68.704 Y93.275
G0 X68.619 Y93.277
G0 X68.516 Y93.264
G0 X68.441 Y93.243
G0 X68.367 Y93.21
G0 F9000 X68.241 Y93.126
G0 X68.207 Y93.092
G0 X68.479 Y92.82
G1 F1500 E521.87235
G1 F900 Z2.81
G0 F9000 X65.734 Y119.851 Z2.81
;TIME_ELAPSED:823.458881
;LAYER:11
G0 X65.734 Y119.851 Z2.96
;TYPE:WALL-INNER
G1 F900 Z1.96
G1 F480 E523.46514
G1 F1500 X95.266 Y119.851 E524.20182
G1 X95.266 Y89.149 E524.96768
G1 X65.734 Y89.149 E525.70436
G1 X65.734 Y118.186 E526.42869
G0 F1350 X65.734 Y119.851
G0 F9000 X66.159 Y119.426
;TYPE:WALL-OUTER
G1 F480 E526.47022
G1 F900 X94.841 Y119.426 E527.09626
G1 X94.841 Y89.574 E527.74784
G1 X66.159 Y89.574 E528.37388
G1 X66.159 Y117.524 E528.98395
G0 F810 X66.159 Y119.426
G0 F9000 X66.359 Y119.426
G0 X66.359 Y119.811
G0 X66.359 Y119.951
G0 X95.294 Y119.879
G0 X95.666 Y118.974
;TYPE:WALL-INNER
G1 F480 E529.02546
G1 F1500 X95.666 Y118.743 E529.03123
G1 X97.687 Y118.741 E529.08164
G1 X97.687 Y118.978 E529.08755
G1 X95.666 Y118.974 E529.11705
G0 F9000 X95.938 Y119.375
G1 F1500 X95.938 Y119.574 E529.12202
G1 X95.938 Y120.45 E529.14387
G1 X65.062 Y120.45 E529.91408
G1 X65.062 Y119.575 E529.9359
G1 X65.062 Y119.376 E529.94087
G1 X64.863 Y119.376 E529.94408
G1 X63.743 Y119.379 E529.97202
G1 X62.913 Y119.371 E529.99272
G1 X62.913 Y118.356 E530.01804
G1 X65.062 Y118.345 E530.07165
G1 X65.062 Y88.55 E530.81489
G1 X95.938 Y88.55 E531.58509
G1 X95.938 Y118.144 E532.32332
G1 X95.938 Y118.343 E532.32828
G1 X96.137 Y118.343 E532.33149
G1 X97.888 Y118.341 E532.37517
G1 X98.087 Y118.341 E532.38014
G1 X98.087 Y118.54 E532.38335
G1 X98.087 Y119.18 E532.39931
G1 X98.087 Y119.379 E532.40428
G1 X97.888 Y119.379 E532.40749
G1 X96.137 Y119.375 E532.45117
G1 X95.938 Y119.375 E532.45438
G0 F9000 X95.868 Y119.305
G0 X95.294 Y119.879
G0 X65.706 Y119.879
G0 X65.334 Y118.975
G1 F1500 X63.313 Y118.975 E532.50479
G1 X63.313 Y118.754 E532.51031
G1 X65.334 Y118.744 E532.5388
G1 X65.334 Y118.975 E532.54456
G0 F9000 X64.637 Y119.802
;TYPE:WALL-OUTER
G1 F900 X64.462 Y119.802 E532.54838
G1 X63.74 Y119.804 E532.56414
G1 X62.629 Y119.793 E532.58839
G1 X62.488 Y119.651 E532.59276
G1 X62.488 Y118.064 E532.6274
G1 X62.626 Y117.933 E532.63155
G1 X64.637 Y117.922 E532.67545
G1 X64.637 Y88.125 E533.32583
G1 X96.363 Y88.125 E534.01831
G1 X96.363 Y117.743 E534.66478
G1 X96.363 Y117.918 E534.6686
G1 X96.538 Y117.918 E534.67107
G1 X98.371 Y117.916 E534.71108
G1 X98.512 Y118.061 E534.71549
G1 X98.512 Y119.659 E534.75037
G1 X98.371 Y119.804 E534.75479
G1 X96.538 Y119.801 E534.7948
G1 X96.363 Y119.801 E534.79862
G1 X96.363 Y119.976 E534.80109
G1 X96.363 Y120.875 E534.82071
G1 X64.637 Y120.875 E535.51319
G1 X64.637 Y119.977 E535.53279
G1 X64.637 Y119.802 E535.53527
G0 F9000 X64.462 Y119.802
G0 X64.437 Y119.802
G0 X64.437 Y119.417
G0 X64.437 Y118.977
G1 F1500 E534.03527
G1 F900 Z2.96
G0 F9000 X64.437 Y118.977 Z2.96
G0 X68.429 Y116.915
;TYPE:WALL-INNER
G1 F900 Z1.96
G1 F480 E535.59763
G1 F1500 X68.394 Y116.868 E535.59909
G1 X68.374 Y116.819 E535.60041
G1 X68.368 Y116.768 E535.60169
G1 X68.371 Y116.73 E535.60264
G1 X68.413 Y116.64 E535.60512
G1 X68.437 Y116.615 E535.60598
G1 X68.497 Y116.579 E535.60773
G1 X68.545 Y116.567 E535.60896
G1 X68.592 Y116.567 E535.61014
G1 X68.679 Y116.598 E535.61244
G1 X68.714 Y116.625 E535.61354
G1 X68.747 Y116.67 E535.61493
G1 X68.765 Y116.712 E535.61607
G1 X68.773 Y116.768 E535.61749
G1 X68.753 Y116.856 E535.61974
G1 X68.73 Y116.894 E535.62084
G1 X68.699 Y116.926 E535.62196
G1 X68.648 Y116.956 E535.62343
G1 X68.592 Y116.97 E535.62487
G1 X68.545 Y116.97 E535.62604
G1 X68.464 Y116.94 E535.62817
G1 X68.429 Y116.915 E535.62925
G0 F9000 X68.182 Y117.263
;TYPE:WALL-OUTER
G1 F900 X68.125 Y117.213 E535.6309
G1 X68.072 Y117.153 E535.63265
G1 X68.026 Y117.084 E535.63446
G1 X67.99 Y117.01 E535.63626
G1 X67.964 Y116.934 E535.63801
G1 X67.947 Y116.851 E535.63986
G1 X67.942 Y116.768 E535.64167
G1 X67.947 Y116.686 E535.64347
G1 X67.964 Y116.603 E535.64532
G1 X68.026 Y116.453 E535.64886
G1 X68.072 Y116.384 E535.65067
G1 X68.125 Y116.324 E535.65242
G1 X68.182 Y116.274 E535.65407
G1 X68.26 Y116.221 E535.65613
G1 X68.331 Y116.187 E535.65785
G1 X68.403 Y116.162 E535.65951
G1 X68.489 Y116.145 E535.66142
G1 X68.571 Y116.14 E535.66322
G1 X68.652 Y116.145 E535.66499
G1 X68.736 Y116.162 E535.66686
G1 X68.885 Y116.224 E535.67038
G1 X68.957 Y116.272 E535.67227
G1 X69.016 Y116.323 E535.67397
G1 X69.067 Y116.382 E535.67567
G1 X69.115 Y116.454 E535.67756
G1 X69.152 Y116.53 E535.67941
G1 X69.177 Y116.603 E535.68109
G1 X69.194 Y116.687 E535.68296
G1 X69.198 Y116.742 E535.68417
G0 F810 X69.199 Y116.768
G0 X69.194 Y116.851
G0 X69.152 Y117.007
G0 X69.115 Y117.083
G0 X69.067 Y117.155
G0 X69.016 Y117.214
G0 X68.957 Y117.265
G0 X68.885 Y117.313
G0 X68.809 Y117.35
G0 X68.736 Y117.375
G0 X68.652 Y117.392
G0 X68.571 Y117.397
G0 X68.489 Y117.392
G0 X68.403 Y117.375
G0 X68.26 Y117.316
G0 X68.182 Y117.263
G0 F9000 X68.125 Y117.213
G0 X68.072 Y117.153
G0 X68.047 Y117.116
G0 X68.37 Y116.901
G1 F1500 E534.18417
G1 F900 Z2.96
G0 F9000 X91.591 Y116.87 Z2.96
;TYPE:WALL-INNER
G1 F900 Z1.96
G1 F480 E535.77761
G1 F1500 X91.575 Y116.841 E535.77844
G1 X91.567 Y116.827 E535.77884
G1 X91.563 Y116.813 E535.7792
G1 X91.553 Y116.778 E535.78011
G1 X91.552 Y116.734 E535.78121
G1 X91.573 Y116.66 E535.78313
G1 X91.592 Y116.636 E535.78389
G1 X91.619 Y116.603 E535.78495
G1 X91.658 Y116.579 E535.7861
G1 X91.674 Y116.569 E535.78657
G1 X91.692 Y116.566 E535.78702
G1 X91.737 Y116.557 E535.78817
G1 X91.762 Y116.552 E535.7888
G1 X91.778 Y116.556 E535.78922
G1 X91.847 Y116.575 E535.791
G1 X91.866 Y116.589 E535.79159
G1 X91.891 Y116.609 E535.79239
G1 X91.902 Y116.624 E535.79284
G1 X91.921 Y116.647 E535.79358
G1 X91.935 Y116.684 E535.79455
G1 X91.943 Y116.704 E535.79507
G1 X91.943 Y116.715 E535.7953
G1 X91.946 Y116.768 E535.7966
G1 X91.943 Y116.778 E535.79683
G1 X91.92 Y116.849 E535.79864
G1 X91.897 Y116.881 E535.7996
G1 X91.874 Y116.901 E535.80033
G1 X91.863 Y116.91 E535.80067
G1 X91.852 Y116.915 E535.80093
G1 X91.81 Y116.937 E535.80207
G1 X91.766 Y116.948 E535.80317
G1 X91.698 Y116.937 E535.80483
G1 X91.677 Y116.933 E535.80534
G1 X91.658 Y116.923 E535.80586
G1 X91.624 Y116.904 E535.80679
G1 X91.607 Y116.886 E535.8074
G1 X91.591 Y116.87 E535.80796
G0 F9000 X91.257 Y117.134
;TYPE:WALL-OUTER
G1 F900 X91.206 Y117.059 E535.80994
G1 X91.175 Y116.994 E535.81151
G1 X91.145 Y116.904 E535.81358
G1 X91.131 Y116.836 E535.8151
G1 X91.125 Y116.75 E535.81698
G1 X91.131 Y116.664 E535.81886
G1 X91.176 Y116.503 E535.82251
G1 X91.206 Y116.442 E535.82399
G1 X91.282 Y116.338 E535.8268
G1 X91.331 Y116.289 E535.82832
G1 X91.399 Y116.235 E535.83021
G1 X91.513 Y116.172 E535.83305
G1 X91.632 Y116.139 E535.83575
G1 X91.751 Y116.126 E535.83836
G1 X91.836 Y116.131 E535.84022
G1 X91.995 Y116.175 E535.84382
G1 X92.059 Y116.206 E535.84537
G1 X92.134 Y116.257 E535.84735
G1 X92.192 Y116.308 E535.84904
G1 X92.243 Y116.366 E535.85072
G1 X92.294 Y116.441 E535.8527
G1 X92.324 Y116.503 E535.85421
G1 X92.355 Y116.596 E535.85635
G1 X92.369 Y116.663 E535.85784
G1 X92.372 Y116.789 E535.86059
G1 X92.361 Y116.879 E535.86257
G1 X92.36 Y116.88 E535.8626
G0 F810 X92.309 Y117.026
G0 X92.27 Y117.093
G0 X92.214 Y117.166
G0 X92.167 Y117.213
G0 X92.097 Y117.267
G0 X91.958 Y117.338
G0 X91.831 Y117.37
G0 X91.752 Y117.374
G0 X91.642 Y117.365
G0 X91.529 Y117.333
G0 X91.437 Y117.29
G0 X91.366 Y117.243
G0 X91.308 Y117.192
G0 X91.257 Y117.134
G0 F9000 X91.206 Y117.059
G0 X91.175 Y116.994
G0 X91.163 Y116.958
G0 X91.531 Y116.836
G1 F1500 E534.3626
G1 F900 Z2.96
G0 F9000 X91.625 Y92.805 Z2.96
;TYPE:WALL-INNER
G1 F900 Z1.96
G1 F480 E535.95572
G1 F1500 X91.575 Y92.746 E535.95765
G1 X91.557 Y92.683 E535.95928
G1 X91.557 Y92.659 E535.95988
G1 X91.555 Y92.62 E535.96086
G1 X91.583 Y92.545 E535.96285
G1 X91.599 Y92.525 E535.96349
G1 X91.615 Y92.507 E535.96409
G1 X91.634 Y92.495 E535.96465
G1 X91.683 Y92.464 E535.9661
G1 X91.72 Y92.453 E535.96706
G1 X91.756 Y92.453 E535.96796
G1 X91.767 Y92.452 E535.96824
G1 X91.811 Y92.468 E535.9694
G1 X91.857 Y92.485 E535.97063
G1 X91.906 Y92.536 E535.97233
G1 X91.922 Y92.553 E535.97289
G1 X91.928 Y92.575 E535.97341
G1 X91.949 Y92.646 E535.97515
G1 X91.934 Y92.71 E535.97672
G1 X91.925 Y92.747 E535.97764
G1 X91.901 Y92.779 E535.97862
G1 X91.855 Y92.815 E535.98003
G1 X91.843 Y92.824 E535.98038
G1 X91.829 Y92.828 E535.98072
G1 X91.798 Y92.837 E535.9815
G1 X91.765 Y92.848 E535.98232
G1 X91.702 Y92.838 E535.98384
G1 X91.677 Y92.833 E535.98445
G1 X91.625 Y92.805 E535.98587
G0 F9000 X91.366 Y93.143
;TYPE:WALL-OUTER
G1 F900 X91.308 Y93.092 E535.98756
G1 X91.257 Y93.034 E535.98924
G1 X91.206 Y92.959 E535.99122
G1 X91.175 Y92.895 E535.99278
G1 X91.134 Y92.75 E535.99606
G1 X91.128 Y92.61 E535.99912
G1 X91.139 Y92.521 E536.00108
G1 X91.191 Y92.374 E536.00448
G1 X91.23 Y92.307 E536.00618
G1 X91.286 Y92.234 E536.00818
G1 X91.333 Y92.187 E536.00963
G1 X91.403 Y92.133 E536.01156
G1 X91.512 Y92.073 E536.01428
G1 X91.596 Y92.045 E536.01621
G1 X91.664 Y92.031 E536.01773
G1 X91.763 Y92.025 E536.01989
G1 X91.855 Y92.034 E536.02191
G1 X92.014 Y92.085 E536.02556
G1 X92.099 Y92.134 E536.0277
G1 X92.168 Y92.188 E536.02961
G1 X92.267 Y92.302 E536.0329
G1 X92.306 Y92.368 E536.03458
G1 X92.34 Y92.454 E536.0366
G1 X92.37 Y92.569 E536.03919
G1 X92.374 Y92.623 E536.04037
G0 F810 X92.375 Y92.65
G0 X92.369 Y92.736
G0 X92.325 Y92.895
G0 X92.294 Y92.959
G0 X92.243 Y93.034
G0 X92.196 Y93.087
G0 X92.098 Y93.167
G0 X92.032 Y93.206
G0 X91.946 Y93.24
G0 X91.831 Y93.27
G0 X91.753 Y93.274
G0 X91.642 Y93.265
G0 X91.529 Y93.233
G0 X91.437 Y93.19
G0 X91.366 Y93.143
G0 F9000 X91.308 Y93.092
G0 X91.257 Y93.034
G0 X91.231 Y92.996
G0 X91.551 Y92.778
G1 F1500 E534.54037
G1 F900 Z2.96
G0 F9000 X68.563 Y92.83 Z2.96
;TYPE:WALL-INNER
G1 F900 Z1.96
G1 F480 E536.13355
G1 F1500 X68.492 Y92.775 E536.1358
G1 X68.463 Y92.717 E536.13741
G1 X68.452 Y92.661 E536.13884
G1 X68.459 Y92.591 E536.14059
G1 X68.462 Y92.573 E536.14105
G1 X68.47 Y92.561 E536.14141
G1 X68.506 Y92.51 E536.14296
G1 X68.542 Y92.486 E536.14404
G1 X68.575 Y92.463 E536.14505
G1 X68.601 Y92.459 E536.1457
G1 X68.625 Y92.454 E536.14631
G1 X68.636 Y92.451 E536.1466
G1 X68.656 Y92.453 E536.1471
G1 X68.727 Y92.462 E536.14888
G1 X68.802 Y92.519 E536.15119
G1 X68.808 Y92.53 E536.15147
G1 X68.842 Y92.593 E536.15323
G1 X68.851 Y92.636 E536.15431
G1 X68.836 Y92.728 E536.1566
G1 X68.796 Y92.787 E536.15832
G1 X68.766 Y92.814 E536.15932
G1 X68.702 Y92.844 E536.16106
G1 X68.671 Y92.849 E536.16181
G1 X68.609 Y92.846 E536.16333
G1 X68.563 Y92.83 E536.16453
G0 F9000 X68.37 Y93.213
;TYPE:WALL-OUTER
G1 F900 X68.237 Y93.122 E536.16804
G1 X68.179 Y93.064 E536.16983
G1 X68.13 Y93 E536.17159
G1 X68.057 Y92.856 E536.17512
G1 X68.024 Y92.693 E536.17875
G1 X68.034 Y92.532 E536.18227
G1 X68.057 Y92.442 E536.1843
G1 X68.087 Y92.37 E536.186
G1 X68.126 Y92.305 E536.18765
G1 X68.183 Y92.231 E536.18969
G1 X68.23 Y92.184 E536.19114
G1 X68.365 Y92.09 E536.19473
G1 X68.454 Y92.054 E536.19683
G1 X68.607 Y92.024 E536.20023
G1 X68.768 Y92.034 E536.20375
G1 X68.858 Y92.057 E536.20578
G1 X68.93 Y92.087 E536.20748
G1 X68.994 Y92.125 E536.20911
G1 X69.065 Y92.18 E536.21107
G1 X69.119 Y92.234 E536.21273
G1 X69.169 Y92.298 E536.21451
G1 X69.243 Y92.444 E536.21808
G1 X69.264 Y92.526 E536.21993
G1 X69.265 Y92.529 E536.22
G0 F810 X69.276 Y92.606
G0 X69.277 Y92.693
G0 X69.246 Y92.846
G0 X69.212 Y92.932
G0 X69.122 Y93.063
G0 X69.066 Y93.119
G0 X69.002 Y93.169
G0 X68.921 Y93.215
G0 X68.815 Y93.257
G0 X68.691 Y93.276
G0 X68.523 Y93.266
G0 X68.37 Y93.213
G0 F9000 X68.237 Y93.122
G0 X68.21 Y93.095
G0 X68.483 Y92.824
G1 F1500 E534.72
G1 F900 Z2.96
G0 F9000 X65.734 Y119.851 Z2.96
;TIME_ELAPSED:858.798678
;LAYER:12
G0 X65.734 Y119.851 Z3.11
;TYPE:WALL-INNER
G1 F900 Z2.11
G1 F480 E536.31272
G1 F1500 X95.266 Y119.851 E537.0494
G1 X95.266 Y89.149 E537.81526
G1 X65.734 Y89.149 E538.55194
G1 X65.734 Y118.186 E539.27627
G0 F1350 X65.734 Y119.851
G0 F9000 X66.159 Y119.426
;TYPE:WALL-OUTER
G1 F480 E539.31781
G1 F900 X94.841 Y119.426 E539.94385
G1 X94.841 Y89.574 E540.59543
G1 X66.159 Y89.574 E541.22147
G1 X66.159 Y117.524 E541.83153
G0 F810 X66.159 Y119.426
G0 F9000 X66.359 Y119.426
G0 X66.359 Y119.811
G0 X66.359 Y119.951
G0 X95.294 Y119.879
G0 X95.666 Y118.983
;TYPE:WALL-INNER
G1 F480 E541.87305
G1 F1500 X95.666 Y118.736 E541.87921
G1 X97.687 Y118.736 E541.92962
G1 X97.687 Y118.984 E541.93581
G1 X95.666 Y118.983 E541.96708
G0 F9000 X95.938 Y119.383
G1 F1500 X95.938 Y119.582 E541.97204
G1 X95.938 Y120.45 E541.9937
G1 X65.062 Y120.45 E542.7639
G1 X65.062 Y119.384 E542.79049
G1 X62.913 Y119.384 E542.8441
G1 X62.913 Y118.351 E542.86987
G1 X65.062 Y118.347 E542.92347
G1 X65.062 Y88.55 E543.66676
G1 X95.938 Y88.55 E544.43697
G1 X95.942 Y118.336 E545.17998
G1 X98.087 Y118.336 E545.23349
G1 X98.087 Y119.185 E545.25467
G1 X98.087 Y119.384 E545.25963
G1 X97.888 Y119.384 E545.26284
G1 X96.137 Y119.383 E545.30652
G1 X95.938 Y119.383 E545.30974
G0 F9000 X95.868 Y119.313
G0 X95.294 Y119.879
G0 X65.706 Y119.879
G0 X65.334 Y118.984
G1 F1500 X63.313 Y118.984 E545.36015
G1 X63.313 Y118.75 E545.36599
G1 X65.334 Y118.746 E545.39574
G1 X65.334 Y118.984 E545.40168
G0 F9000 X64.637 Y119.809
;TYPE:WALL-OUTER
G1 F900 X62.628 Y119.809 E545.44553
G1 X62.488 Y119.666 E545.4499
G1 X62.488 Y118.062 E545.48491
G1 X62.626 Y117.927 E545.48912
G1 X64.637 Y117.923 E545.53302
G1 X64.637 Y88.125 E546.18342
G1 X96.363 Y88.125 E546.8759
G1 X96.367 Y117.911 E547.52604
G1 X98.37 Y117.911 E547.56976
G1 X98.512 Y118.06 E547.57425
G1 X98.512 Y119.666 E547.6093
G1 X98.371 Y119.809 E547.61369
G1 X96.538 Y119.808 E547.65369
G1 X96.363 Y119.808 E547.65751
G1 X96.363 Y119.983 E547.65999
G1 X96.363 Y120.875 E547.67946
G1 X65.473 Y120.875 E548.35369
G0 F810 X64.637 Y120.875
G0 X64.637 Y119.809
G0 F9000 X64.437 Y119.809
G0 X64.437 Y119.424
G0 X64.437 Y118.984
G1 F1500 E546.85369
G1 F900 Z3.11
G0 F9000 X64.437 Y118.984 Z3.11
G0 X68.429 Y116.915
;TYPE:WALL-INNER
G1 F900 Z2.11
G1 F480 E548.45757
G1 F1500 X68.394 Y116.868 E548.45903
G1 X68.374 Y116.819 E548.46035
G1 X68.368 Y116.768 E548.46163
G1 X68.371 Y116.73 E548.46258
G1 X68.413 Y116.64 E548.46506
G1 X68.437 Y116.615 E548.46592
G1 X68.497 Y116.579 E548.46767
G1 X68.545 Y116.567 E548.4689
G1 X68.592 Y116.567 E548.47008
G1 X68.679 Y116.598 E548.47238
G1 X68.714 Y116.625 E548.47348
G1 X68.747 Y116.67 E548.47487
G1 X68.765 Y116.712 E548.47601
G1 X68.773 Y116.768 E548.47743
G1 X68.753 Y116.856 E548.47968
G1 X68.73 Y116.894 E548.48078
G1 X68.699 Y116.926 E548.4819
G1 X68.648 Y116.956 E548.48337
G1 X68.592 Y116.97 E548.48481
G1 X68.545 Y116.97 E548.48598
G1 X68.464 Y116.94 E548.48811
G1 X68.429 Y116.915 E548.48919
G0 F9000 X68.182 Y117.263
;TYPE:WALL-OUTER
G1 F900 X68.125 Y117.213 E548.49084
G1 X68.072 Y117.153 E548.49259
G1 X68.026 Y117.084 E548.4944
G1 X67.99 Y117.01 E548.4962
G1 X67.964 Y116.934 E548.49795
G1 X67.947 Y116.851 E548.4998
G1 X67.942 Y116.768 E548.50161
G1 X67.947 Y116.686 E548.50341
G1 X67.964 Y116.603 E548.50526
G1 X68.026 Y116.453 E548.5088
G1 X68.072 Y116.384 E548.51061
G1 X68.125 Y116.324 E548.51236
G1 X68.182 Y116.274 E548.51401
G1 X68.26 Y116.221 E548.51607
G1 X68.331 Y116.187 E548.51779
G1 X68.403 Y116.162 E548.51945
G1 X68.489 Y116.145 E548.52136
G1 X68.571 Y116.14 E548.52316
G1 X68.652 Y116.145 E548.52493
G1 X68.736 Y116.162 E548.5268
G1 X68.885 Y116.224 E548.53032
G1 X68.957 Y116.272 E548.53221
G1 X69.016 Y116.323 E548.53391
G1 X69.067 Y116.382 E548.53561
G1 X69.115 Y116.454 E548.5375
G1 X69.152 Y116.53 E548.53935
G1 X69.177 Y116.603 E548.54103
G1 X69.194 Y116.687 E548.5429
G1 X69.198 Y116.742 E548.54411
G0 F810 X69.199 Y116.768
G0 X69.194 Y116.851
G0 X69.152 Y117.007
G0 X69.115 Y117.083
G0 X69.067 Y117.155
G0 X69.016 Y117.214
G0 X68.957 Y117.265
G0 X68.885 Y117.313
G0 X68.809 Y117.35
G0 X68.736 Y117.375
G0 X68.652 Y117.392
G0 X68.571 Y117.397
G0 X68.489 Y117.392
G0 X68.403 Y117.375
G0 X68.26 Y117.316
G0 X68.182 Y117.263
G0 F9000 X68.125 Y117.213
G0 X68.072 Y117.153
G0 X68.047 Y117.116
G0 X68.37 Y116.901
G1 F1500 E547.04411
G1 F900 Z3.11
G0 F9000 X91.608 Y116.884 Z3.11
;TYPE:WALL-INNER
G1 F900 Z2.11
G1 F480 E548.63755
G1 F1500 X91.583 Y116.856 E548.63849
G1 X91.564 Y116.811 E548.63971
G1 X91.554 Y116.763 E548.64093
G1 X91.568 Y116.675 E548.64315
G1 X91.573 Y116.666 E548.64341
G1 X91.595 Y116.628 E548.6445
G1 X91.604 Y116.614 E548.64492
G1 X91.626 Y116.594 E548.64566
G1 X91.638 Y116.589 E548.64599
G1 X91.688 Y116.567 E548.64735
G1 X91.716 Y116.555 E548.64811
G1 X91.744 Y116.555 E548.64881
G1 X91.774 Y116.555 E548.64955
G1 X91.806 Y116.565 E548.65039
G1 X91.84 Y116.577 E548.65129
G1 X91.856 Y116.589 E548.65179
G1 X91.901 Y116.623 E548.65316
G1 X91.915 Y116.645 E548.65379
G1 X91.927 Y116.664 E548.65433
G1 X91.938 Y116.702 E548.65528
G1 X91.945 Y116.726 E548.65588
G1 X91.933 Y116.817 E548.65807
G1 X91.931 Y116.827 E548.65828
G1 X91.914 Y116.86 E548.65919
G1 X91.898 Y116.878 E548.65977
G1 X91.877 Y116.901 E548.66052
G1 X91.843 Y116.923 E548.6615
G1 X91.793 Y116.941 E548.66278
G1 X91.756 Y116.944 E548.66365
G1 X91.744 Y116.946 E548.66391
G1 X91.71 Y116.941 E548.66474
G1 X91.683 Y116.936 E548.6654
G1 X91.643 Y116.912 E548.66651
G1 X91.622 Y116.9 E548.66709
G1 X91.608 Y116.884 E548.6676
G0 F9000 X91.288 Y117.168
;TYPE:WALL-OUTER
G1 F900 X91.228 Y117.091 E548.66974
G1 X91.193 Y117.029 E548.67129
G1 X91.162 Y116.953 E548.67308
G1 X91.139 Y116.867 E548.67502
G1 X91.129 Y116.793 E548.67665
G1 X91.128 Y116.708 E548.67851
G1 X91.16 Y116.551 E548.68201
G1 X91.191 Y116.474 E548.68382
G1 X91.258 Y116.365 E548.68661
G1 X91.308 Y116.308 E548.68827
G1 X91.366 Y116.257 E548.68995
G1 X91.437 Y116.21 E548.69181
G1 X91.592 Y116.146 E548.69547
G1 X91.664 Y116.131 E548.69708
G1 X91.788 Y116.127 E548.69978
G1 X91.871 Y116.139 E548.70161
G1 X92.032 Y116.193 E548.70532
G1 X92.161 Y116.281 E548.70873
G1 X92.218 Y116.338 E548.71049
G1 X92.265 Y116.399 E548.71217
G1 X92.306 Y116.469 E548.71394
G1 X92.338 Y116.546 E548.71576
G1 X92.369 Y116.668 E548.71851
G1 X92.372 Y116.794 E548.72126
G1 X92.363 Y116.837 E548.72222
G0 F810 X92.341 Y116.947
G0 X92.31 Y117.024
G0 X92.266 Y117.1
G0 X92.219 Y117.161
G0 X92.162 Y117.218
G0 X92.101 Y117.265
G0 X92.029 Y117.307
G0 X91.948 Y117.34
G0 X91.868 Y117.361
G0 X91.732 Y117.374
G0 X91.599 Y117.355
G0 X91.515 Y117.329
G0 X91.398 Y117.264
G0 X91.339 Y117.219
G0 X91.288 Y117.168
G0 F9000 X91.228 Y117.091
G0 X91.193 Y117.029
G0 X91.181 Y117
G0 X91.538 Y116.856
G1 F1500 E547.22222
G1 F900 Z3.11
G0 F9000 X91.622 Y92.8 Z3.11
;TYPE:WALL-INNER
G1 F900 Z2.11
G1 F480 E548.81525
G1 F1500 X91.594 Y92.767 E548.81633
G1 X91.578 Y92.749 E548.81693
G1 X91.57 Y92.721 E548.81765
G1 X91.553 Y92.667 E548.81907
G1 X91.552 Y92.634 E548.81989
G1 X91.579 Y92.547 E548.82216
G1 X91.59 Y92.532 E548.82263
G1 X91.609 Y92.509 E548.82337
G1 X91.643 Y92.483 E548.82444
G1 X91.661 Y92.478 E548.8249
G1 X91.724 Y92.457 E548.82656
G1 X91.74 Y92.451 E548.82699
G1 X91.752 Y92.453 E548.82729
G1 X91.816 Y92.468 E548.82893
G1 X91.847 Y92.475 E548.82972
G1 X91.863 Y92.487 E548.83021
G1 X91.891 Y92.509 E548.83108
G1 X91.921 Y92.547 E548.83226
G1 X91.944 Y92.606 E548.83381
G1 X91.945 Y92.622 E548.83415
G1 X91.949 Y92.65 E548.83483
G1 X91.93 Y92.728 E548.83676
G1 X91.925 Y92.747 E548.83723
G1 X91.902 Y92.777 E548.83816
G1 X91.887 Y92.789 E548.83858
G1 X91.854 Y92.815 E548.83958
G1 X91.846 Y92.822 E548.83983
G1 X91.779 Y92.844 E548.84153
G1 X91.749 Y92.844 E548.84223
G1 X91.732 Y92.845 E548.84261
G1 X91.669 Y92.828 E548.84419
G1 X91.645 Y92.814 E548.84483
G1 X91.622 Y92.8 E548.84548
G0 F9000 X91.339 Y93.119
;TYPE:WALL-OUTER
G1 F900 X91.282 Y93.062 E548.84724
G1 X91.229 Y92.993 E548.84914
G1 X91.194 Y92.933 E548.85066
G1 X91.158 Y92.844 E548.85275
G1 X91.131 Y92.732 E548.85527
G1 X91.125 Y92.65 E548.85706
G1 X91.131 Y92.564 E548.85895
G1 X91.176 Y92.403 E548.86259
G1 X91.206 Y92.341 E548.8641
G1 X91.257 Y92.266 E548.86608
G1 X91.308 Y92.208 E548.86776
G1 X91.366 Y92.157 E548.86945
G1 X91.437 Y92.11 E548.87131
G1 X91.52 Y92.071 E548.87331
G1 X91.671 Y92.03 E548.87672
G1 X91.752 Y92.025 E548.8785
G1 X91.828 Y92.029 E548.88016
G1 X91.995 Y92.075 E548.88394
G1 X92.059 Y92.106 E548.88549
G1 X92.134 Y92.157 E548.88747
G1 X92.192 Y92.208 E548.88915
G1 X92.243 Y92.266 E548.89084
G1 X92.294 Y92.341 E548.89282
G1 X92.324 Y92.403 E548.89432
G1 X92.355 Y92.496 E548.89646
G1 X92.369 Y92.564 E548.89798
G1 X92.375 Y92.65 E548.89986
G1 X92.374 Y92.657 E548.90001
G0 F810 X92.369 Y92.736
G0 X92.325 Y92.895
G0 X92.294 Y92.959
G0 X92.243 Y93.034
G0 X92.195 Y93.087
G0 X92.092 Y93.171
G0 X92.029 Y93.207
G0 X91.953 Y93.238
G0 X91.867 Y93.261
G0 X91.795 Y93.271
G0 X91.671 Y93.269
G0 X91.51 Y93.226
G0 X91.398 Y93.164
G0 X91.339 Y93.119
G0 F9000 X91.282 Y93.062
G0 X91.229 Y92.993
G0 X91.213 Y92.965
G0 X91.547 Y92.771
G1 F1500 E547.40001
G1 F900 Z3.11
G0 F9000 X68.518 Y92.802 Z3.11
;TYPE:WALL-INNER
G1 F900 Z2.11
G1 F480 E548.99324
G1 F1500 X68.48 Y92.759 E548.99467
G1 X68.461 Y92.72 E548.99575
G1 X68.449 Y92.658 E548.99733
G1 X68.45 Y92.648 E548.99758
G1 X68.462 Y92.587 E548.99913
G1 X68.464 Y92.576 E548.99941
G1 X68.485 Y92.535 E549.00056
G1 X68.524 Y92.493 E549.00199
G1 X68.559 Y92.471 E549.00302
G1 X68.612 Y92.453 E549.00442
G1 X68.651 Y92.449 E549.00539
G1 X68.73 Y92.464 E549.0074
G1 X68.754 Y92.482 E549.00813
G1 X68.8 Y92.516 E549.00956
G1 X68.828 Y92.556 E549.01077
G1 X68.846 Y92.604 E549.01205
G1 X68.852 Y92.658 E549.01339
G1 X68.839 Y92.718 E549.01491
G1 X68.821 Y92.746 E549.01572
G1 X68.793 Y92.791 E549.01702
G1 X68.768 Y92.812 E549.01784
G1 X68.729 Y92.83 E549.0189
G1 X68.696 Y92.846 E549.0198
G1 X68.651 Y92.846 E549.02089
G1 X68.609 Y92.846 E549.0219
G1 X68.597 Y92.845 E549.0222
G1 X68.539 Y92.814 E549.0238
G1 X68.518 Y92.802 E549.02437
G0 F9000 X68.299 Y93.169
;TYPE:WALL-OUTER
G1 F900 X68.232 Y93.118 E549.02621
G1 X68.183 Y93.069 E549.02772
G1 X68.125 Y92.994 E549.02979
G1 X68.089 Y92.931 E549.03137
G1 X68.057 Y92.854 E549.03319
G1 X68.036 Y92.775 E549.03498
G1 X68.024 Y92.687 E549.03692
G1 X68.024 Y92.604 E549.03873
G1 X68.055 Y92.451 E549.04213
G1 X68.086 Y92.375 E549.04393
G1 X68.131 Y92.298 E549.04587
G1 X68.178 Y92.237 E549.04755
G1 X68.236 Y92.179 E549.04934
G1 X68.3 Y92.13 E549.0511
G1 X68.374 Y92.087 E549.05297
G1 X68.443 Y92.059 E549.0546
G1 X68.527 Y92.036 E549.0565
G1 X68.613 Y92.024 E549.05839
G1 X68.693 Y92.024 E549.06014
G1 X68.851 Y92.054 E549.06365
G1 X68.925 Y92.085 E549.0654
G1 X68.994 Y92.125 E549.06714
G1 X69.068 Y92.182 E549.06918
G1 X69.116 Y92.23 E549.07066
G1 X69.174 Y92.305 E549.07273
G1 X69.21 Y92.367 E549.0743
G1 X69.242 Y92.443 E549.0761
G1 X69.264 Y92.525 E549.07795
G1 X69.272 Y92.583 E549.07923
G0 F810 X69.276 Y92.613
G0 X69.277 Y92.687
G0 X69.266 Y92.768
G0 X69.243 Y92.854
G0 X69.215 Y92.924
G0 X69.12 Y93.066
G0 X69.069 Y93.117
G0 X68.995 Y93.174
G0 X68.849 Y93.246
G0 X68.778 Y93.264
G0 X68.687 Y93.276
G0 X68.532 Y93.267
G0 X68.447 Y93.245
G0 X68.379 Y93.216
G0 X68.299 Y93.169
G0 F9000 X68.232 Y93.118
G0 X68.183 Y93.069
G0 X68.154 Y93.032
G0 X68.461 Y92.795
G1 F1500 E547.57923
G1 F900 Z3.11
G0 F9000 X65.734 Y119.851 Z3.11
;TIME_ELAPSED:894.148559
;LAYER:13
G0 X65.734 Y119.851 Z3.26
;TYPE:WALL-INNER
G1 F900 Z2.26
G1 F480 E549.17252
G1 F1500 X95.266 Y119.851 E549.9092
G1 X95.266 Y89.149 E550.67506
G1 X65.734 Y89.149 E551.41174
G1 X65.734 Y118.186 E552.13607
G0 F1350 X65.734 Y119.851
G0 F9000 X66.159 Y119.426
;TYPE:WALL-OUTER
G1 F480 E552.17761
G1 F900 X94.841 Y119.426 E552.80365
G1 X94.841 Y89.574 E553.45522
G1 X66.159 Y89.574 E554.08127
G1 X66.159 Y117.524 E554.69133
G0 F810 X66.159 Y119.426
G0 F9000 X66.359 Y119.426
G0 X66.359 Y119.811
G0 X66.359 Y119.951
G0 X95.294 Y119.879
G0 X95.666 Y118.965
;TYPE:WALL-INNER
G1 F480 E554.73284
G1 F1500 X95.666 Y118.756 E554.73806
G1 X97.687 Y118.754 E554.78847
G1 X97.687 Y118.965 E554.79374
G1 X95.666 Y118.965 E554.82021
G0 F9000 X95.978 Y119.365
G1 F1500 X95.977 Y120.45 E554.84727
G1 X65.023 Y120.45 E555.61942
G1 X65.022 Y119.369 E555.64639
G1 X62.913 Y119.365 E555.699
G1 X62.913 Y118.371 E555.72379
G1 X65.021 Y118.369 E555.77638
G1 X65.023 Y116.198 E555.83053
G1 X65.062 Y116.198 E555.83151
G1 X65.062 Y88.55 E556.52119
G1 X95.938 Y88.55 E557.29139
G1 X95.938 Y116.198 E557.98107
G1 X95.977 Y116.198 E557.98205
G1 X95.978 Y118.157 E558.03091
G1 X95.978 Y118.356 E558.03588
G1 X96.177 Y118.356 E558.03909
G1 X97.888 Y118.354 E558.08177
G1 X98.087 Y118.354 E558.08674
G1 X98.087 Y118.553 E558.08995
G1 X98.087 Y119.365 E558.1102
G1 X96.758 Y119.365 E558.14336
G0 F1350 X95.978 Y119.365
G0 F9000 X95.908 Y119.295
G0 X95.294 Y119.879
G0 X65.706 Y119.879
G0 X65.334 Y118.97
G1 F480 E558.16281
G1 F1500 X63.313 Y118.966 E558.21323
G1 X63.313 Y118.771 E558.21809
G1 X65.334 Y118.769 E558.24305
G1 X65.334 Y118.97 E558.24806
G0 F9000 X64.597 Y119.793
;TYPE:WALL-OUTER
G1 F900 X62.63 Y119.79 E558.29099
G1 X62.488 Y119.642 E558.29547
G1 X62.488 Y118.081 E558.32954
G1 X62.625 Y117.946 E558.33374
G1 X64.596 Y117.944 E558.37676
G1 X64.598 Y115.773 E558.42415
G1 X64.637 Y115.773 E558.425
G1 X64.637 Y88.125 E559.02847
G1 X96.363 Y88.125 E559.72095
G1 X96.363 Y115.773 E560.32442
G1 X96.402 Y115.773 E560.32528
G1 X96.403 Y117.931 E560.37238
G1 X98.369 Y117.929 E560.41529
G1 X98.512 Y118.085 E560.41991
G1 X98.512 Y119.63 E560.45363
G1 X98.368 Y119.79 E560.45833
G1 X96.403 Y119.79 E560.50122
G1 X96.402 Y120.875 E560.5249
G1 X65.418 Y120.875 E561.20119
G0 F810 X64.598 Y120.875
G0 X64.597 Y119.793
G0 F9000 X64.397 Y119.793
G0 X64.397 Y119.408
G0 X64.398 Y118.968
G1 F1500 E559.70119
G1 F900 Z3.26
G0 F9000 X64.398 Y118.968 Z3.26
G0 X68.429 Y116.915
;TYPE:WALL-INNER
G1 F900 Z2.26
G1 F480 E561.30507
G1 F1500 X68.394 Y116.868 E561.30653
G1 X68.374 Y116.819 E561.30785
G1 X68.368 Y116.768 E561.30913
G1 X68.371 Y116.73 E561.31008
G1 X68.413 Y116.64 E561.31256
G1 X68.437 Y116.615 E561.31342
G1 X68.497 Y116.579 E561.31517
G1 X68.545 Y116.567 E561.3164
G1 X68.592 Y116.567 E561.31757
G1 X68.679 Y116.598 E561.31988
G1 X68.714 Y116.625 E561.32098
G1 X68.747 Y116.67 E561.32237
G1 X68.765 Y116.712 E561.32351
G1 X68.773 Y116.768 E561.32492
G1 X68.753 Y116.856 E561.32718
G1 X68.73 Y116.894 E561.32828
G1 X68.699 Y116.926 E561.32939
G1 X68.648 Y116.956 E561.33087
G1 X68.592 Y116.97 E561.33231
G1 X68.545 Y116.97 E561.33348
G1 X68.464 Y116.94 E561.33561
G1 X68.429 Y116.915 E561.33669
G0 F9000 X68.182 Y117.263
;TYPE:WALL-OUTER
G1 F900 X68.125 Y117.213 E561.33834
G1 X68.072 Y117.153 E561.34009
G1 X68.026 Y117.084 E561.3419
G1 X67.99 Y117.01 E561.34369
G1 X67.964 Y116.934 E561.34545
G1 X67.947 Y116.851 E561.3473
G1 X67.942 Y116.768 E561.34911
G1 X67.947 Y116.686 E561.3509
G1 X67.964 Y116.603 E561.35275
G1 X68.026 Y116.453 E561.3563
G1 X68.072 Y116.384 E561.35811
G1 X68.125 Y116.324 E561.35985
G1 X68.182 Y116.274 E561.36151
G1 X68.26 Y116.221 E561.36357
G1 X68.331 Y116.187 E561.36529
G1 X68.403 Y116.162 E561.36695
G1 X68.489 Y116.145 E561.36886
G1 X68.571 Y116.14 E561.37066
G1 X68.652 Y116.145 E561.37243
G1 X68.736 Y116.162 E561.3743
G1 X68.885 Y116.224 E561.37782
G1 X68.957 Y116.272 E561.37971
G1 X69.016 Y116.323 E561.38141
G1 X69.067 Y116.382 E561.38311
G1 X69.115 Y116.454 E561.385
G1 X69.152 Y116.53 E561.38685
G1 X69.177 Y116.603 E561.38853
G1 X69.194 Y116.687 E561.3904
G1 X69.198 Y116.742 E561.39161
G0 F810 X69.199 Y116.768
G0 X69.194 Y116.851
G0 X69.152 Y117.007
G0 X69.115 Y117.083
G0 X69.067 Y117.155
G0 X69.016 Y117.214
G0 X68.957 Y117.265
G0 X68.885 Y117.313
G0 X68.809 Y117.35
G0 X68.736 Y117.375
G0 X68.652 Y117.392
G0 X68.571 Y117.397
G0 X68.489 Y117.392
G0 X68.403 Y117.375
G0 X68.26 Y117.316
G0 X68.182 Y117.263
G0 F9000 X68.125 Y117.213
G0 X68.072 Y117.153
G0 X68.047 Y117.116
G0 X68.37 Y116.901
G1 F1500 E559.89161
G1 F900 Z3.26
G0 F9000 X91.612 Y116.884 Z3.26
;TYPE:WALL-INNER
G1 F900 Z2.26
G1 F480 E561.48505
G1 F1500 X91.58 Y116.851 E561.4862
G1 X91.556 Y116.784 E561.48797
G1 X91.552 Y116.734 E561.48922
G1 X91.556 Y116.72 E561.48959
G1 X91.573 Y116.66 E561.49114
G1 X91.58 Y116.651 E561.49143
G1 X91.619 Y116.605 E561.49293
G1 X91.627 Y116.596 E561.49323
G1 X91.674 Y116.569 E561.49458
G1 X91.744 Y116.557 E561.49636
G1 X91.765 Y116.553 E561.49689
G1 X91.786 Y116.558 E561.49743
G1 X91.847 Y116.575 E561.49901
G1 X91.88 Y116.6 E561.50001
G1 X91.891 Y116.609 E561.50035
G1 X91.921 Y116.647 E561.50154
G1 X91.945 Y116.71 E561.50319
G1 X91.945 Y116.734 E561.50374
G1 X91.945 Y116.766 E561.5045
G1 X91.937 Y116.81 E561.50558
G1 X91.933 Y116.826 E561.50597
G1 X91.916 Y116.856 E561.5068
G1 X91.877 Y116.898 E561.50819
G1 X91.829 Y116.927 E561.50951
G1 X91.811 Y116.938 E561.50998
G1 X91.746 Y116.946 E561.51156
G1 X91.708 Y116.941 E561.51246
G1 X91.685 Y116.937 E561.51302
G1 X91.655 Y116.921 E561.51385
G1 X91.64 Y116.912 E561.51426
G1 X91.612 Y116.884 E561.51522
G0 F9000 X91.29 Y117.17
;TYPE:WALL-OUTER
G1 F900 X91.225 Y117.086 E561.51753
G1 X91.187 Y117.018 E561.51923
G1 X91.164 Y116.961 E561.52058
G1 X91.137 Y116.863 E561.52279
G1 X91.125 Y116.75 E561.52527
G1 X91.131 Y116.664 E561.52716
G1 X91.176 Y116.503 E561.53081
G1 X91.206 Y116.441 E561.53231
G1 X91.288 Y116.333 E561.53527
G1 X91.347 Y116.275 E561.53707
G1 X91.411 Y116.227 E561.53882
G1 X91.51 Y116.174 E561.54127
G1 X91.62 Y116.142 E561.54377
G1 X91.752 Y116.126 E561.54667
G1 X91.836 Y116.131 E561.54851
G1 X91.995 Y116.175 E561.55211
G1 X92.059 Y116.206 E561.55366
G1 X92.134 Y116.257 E561.55564
G1 X92.192 Y116.308 E561.55733
G1 X92.243 Y116.366 E561.55902
G1 X92.294 Y116.441 E561.561
G1 X92.324 Y116.503 E561.5625
G1 X92.355 Y116.596 E561.56464
G1 X92.369 Y116.663 E561.56613
G1 X92.371 Y116.803 E561.56919
G1 X92.364 Y116.837 E561.56995
G0 F810 X92.344 Y116.942
G0 X92.317 Y117.011
G0 X92.262 Y117.106
G0 X92.156 Y117.223
G0 X92.034 Y117.305
G0 X91.943 Y117.343
G0 X91.869 Y117.362
G0 X91.732 Y117.374
G0 X91.599 Y117.355
G0 X91.513 Y117.328
G0 X91.394 Y117.262
G0 X91.29 Y117.17
G0 F9000 X91.225 Y117.086
G0 X91.187 Y117.018
G0 X91.181 Y117.003
G0 X91.54 Y116.859
G1 F1500 E560.06995
G1 F900 Z3.26
G0 F9000 X91.641 Y92.813 Z3.26
;TYPE:WALL-INNER
G1 F900 Z2.26
G1 F480 E561.66291
G1 F1500 X91.612 Y92.784 E561.66393
G1 X91.58 Y92.751 E561.66508
G1 X91.563 Y92.71 E561.66619
G1 X91.558 Y92.684 E561.66685
G1 X91.551 Y92.65 E561.66771
G1 X91.574 Y92.558 E561.67008
G1 X91.585 Y92.54 E561.67061
G1 X91.591 Y92.53 E561.6709
G1 X91.616 Y92.504 E561.6718
G1 X91.626 Y92.494 E561.67215
G1 X91.684 Y92.464 E561.67378
G1 X91.703 Y92.46 E561.67426
G1 X91.721 Y92.455 E561.67473
G1 X91.739 Y92.455 E561.67518
G1 X91.773 Y92.455 E561.67602
G1 X91.786 Y92.458 E561.67636
G1 X91.847 Y92.475 E561.67794
G1 X91.882 Y92.502 E561.67901
G1 X91.891 Y92.509 E561.67928
G1 X91.921 Y92.547 E561.68045
G1 X91.928 Y92.566 E561.68094
G1 X91.944 Y92.606 E561.68197
G1 X91.949 Y92.65 E561.68306
G1 X91.925 Y92.747 E561.68548
G1 X91.913 Y92.764 E561.68599
G1 X91.901 Y92.78 E561.68648
G1 X91.873 Y92.802 E561.68734
G1 X91.861 Y92.812 E561.68771
G1 X91.846 Y92.819 E561.68811
G1 X91.797 Y92.841 E561.68941
G1 X91.739 Y92.845 E561.69078
G1 X91.716 Y92.842 E561.69133
G1 X91.685 Y92.837 E561.69209
G1 X91.658 Y92.823 E561.69283
G1 X91.641 Y92.813 E561.6933
G0 F9000 X91.394 Y93.162
;TYPE:WALL-OUTER
G1 F900 X91.278 Y93.057 E561.69671
G1 X91.228 Y92.991 E561.69852
G1 X91.193 Y92.929 E561.70007
G1 X91.158 Y92.844 E561.70208
G1 X91.13 Y92.729 E561.70466
G1 X91.125 Y92.65 E561.70639
G1 X91.131 Y92.564 E561.70827
G1 X91.176 Y92.403 E561.71192
G1 X91.206 Y92.341 E561.71342
G1 X91.257 Y92.266 E561.7154
G1 X91.308 Y92.208 E561.71709
G1 X91.366 Y92.157 E561.71877
G1 X91.437 Y92.11 E561.72063
G1 X91.526 Y92.069 E561.72277
G1 X91.603 Y92.044 E561.72454
G1 X91.687 Y92.03 E561.7264
G1 X91.832 Y92.03 E561.72956
G1 X91.995 Y92.075 E561.73325
G1 X92.059 Y92.106 E561.73481
G1 X92.134 Y92.157 E561.73679
G1 X92.192 Y92.208 E561.73847
G1 X92.243 Y92.266 E561.74016
G1 X92.294 Y92.341 E561.74214
G1 X92.324 Y92.403 E561.74364
G1 X92.355 Y92.496 E561.74578
G1 X92.369 Y92.564 E561.74729
G1 X92.373 Y92.618 E561.74848
G0 F810 X92.375 Y92.65
G0 X92.369 Y92.736
G0 X92.325 Y92.895
G0 X92.294 Y92.959
G0 X92.243 Y93.034
G0 X92.193 Y93.09
G0 X92.09 Y93.173
G0 X91.961 Y93.236
G0 X91.868 Y93.262
G0 X91.725 Y93.273
G0 X91.599 Y93.255
G0 X91.513 Y93.228
G0 X91.394 Y93.162
G0 F9000 X91.278 Y93.057
G0 X91.252 Y93.022
G0 X91.561 Y92.788
G1 F1500 E560.24848
G1 F900 Z3.26
G0 F9000 X68.546 Y92.821 Z3.26
;TYPE:WALL-INNER
G1 F900 Z2.26
G1 F480 E561.84107
G1 F1500 X68.52 Y92.796 E561.84197
G1 X68.484 Y92.762 E561.8432
G1 X68.458 Y92.708 E561.8447
G1 X68.447 Y92.648 E561.84622
G1 X68.468 Y92.561 E561.84845
G1 X68.494 Y92.521 E561.84964
G1 X68.524 Y92.492 E561.85069
G1 X68.578 Y92.46 E561.85225
G1 X68.624 Y92.448 E561.85344
G1 X68.676 Y92.448 E561.85473
G1 X68.688 Y92.452 E561.85505
G1 X68.759 Y92.48 E561.85689
G1 X68.793 Y92.507 E561.85797
G1 X68.828 Y92.554 E561.85941
G1 X68.846 Y92.599 E561.86062
G1 X68.853 Y92.648 E561.86186
G1 X68.832 Y92.739 E561.86416
G1 X68.808 Y92.776 E561.86526
G1 X68.776 Y92.808 E561.86639
G1 X68.724 Y92.839 E561.8679
G1 X68.666 Y92.849 E561.86937
G1 X68.647 Y92.847 E561.86984
G0 F1350 X68.589 Y92.843
G0 X68.546 Y92.821
G0 F9000 X68.296 Y93.167
;TYPE:WALL-OUTER
G1 F480 E561.87249
G1 F900 X68.191 Y93.077 E561.87551
G1 X68.121 Y92.987 E561.878
G1 X68.055 Y92.849 E561.88133
G1 X68.026 Y92.729 E561.88403
G1 X68.021 Y92.65 E561.88576
G1 X68.027 Y92.563 E561.88766
G1 X68.069 Y92.409 E561.89114
G1 X68.105 Y92.337 E561.8929
G1 X68.154 Y92.264 E561.89482
G1 X68.205 Y92.205 E561.89652
G1 X68.264 Y92.154 E561.89822
G1 X68.337 Y92.105 E561.90014
G1 X68.414 Y92.067 E561.90202
G1 X68.482 Y92.043 E561.90359
G1 X68.568 Y92.026 E561.90551
G1 X68.65 Y92.021 E561.9073
G1 X68.732 Y92.026 E561.90909
G1 X68.818 Y92.043 E561.91101
G1 X68.963 Y92.105 E561.91445
G1 X69.036 Y92.154 E561.91637
G1 X69.095 Y92.205 E561.91807
G1 X69.146 Y92.264 E561.91977
G1 X69.195 Y92.337 E561.92169
G1 X69.231 Y92.409 E561.92345
G1 X69.259 Y92.494 E561.9254
G1 X69.273 Y92.563 E561.92694
G1 X69.276 Y92.606 E561.92788
G0 F810 X69.279 Y92.65
G0 X69.273 Y92.737
G0 X69.231 Y92.891
G0 X69.195 Y92.963
G0 X69.146 Y93.036
G0 X69.095 Y93.095
G0 X69.036 Y93.146
G0 X68.963 Y93.195
G0 X68.886 Y93.233
G0 X68.819 Y93.256
G0 X68.684 Y93.276
G0 X68.53 Y93.267
G0 X68.46 Y93.249
G0 X68.382 Y93.217
G0 X68.296 Y93.167
G0 F9000 X68.191 Y93.077
G0 X68.153 Y93.029
G0 X68.457 Y92.793
G0 X68.561 Y92.827
G1 F1500 E560.42788
G1 F900 Z3.26
G0 F9000 X65.734 Y119.477 Z3.26
;TIME_ELAPSED:929.597666
;LAYER:14
G0 X65.734 Y119.477 Z3.41
;TYPE:WALL-INNER
G1 F900 Z2.41
G1 F480 E562.02075
G1 F1500 X65.734 Y119.851 E562.03008
G1 X95.266 Y119.851 E562.76676
G1 X95.266 Y119.482 E562.77597
G1 X95.266 Y119.321 E562.77998
G1 X95.266 Y118.44 E562.80196
G1 X95.266 Y118.399 E562.80298
G1 X95.266 Y118.237 E562.80702
G1 X95.266 Y89.149 E563.53263
G1 X65.734 Y89.149 E564.26931
G1 X65.734 Y117.812 E564.98431
G0 F1350 X65.734 Y118.225
G0 X65.734 Y118.412
G0 X65.734 Y118.46
G0 X65.734 Y119.282
G0 X65.734 Y119.321
G0 X65.734 Y119.477
G0 F9000 X66.159 Y119.426
;TYPE:WALL-OUTER
G1 F480 E565.02584
G1 F900 X94.841 Y119.426 E565.65188
G1 X94.841 Y89.574 E566.30346
G1 X66.159 Y89.574 E566.9295
G1 X66.159 Y117.524 E567.53957
G0 F810 X66.159 Y119.426
G0 F9000 X66.359 Y119.426
G0 X66.359 Y119.811
G0 X66.359 Y119.951
G0 X95.294 Y119.879
G0 X95.666 Y117.401
;TYPE:WALL-INNER
G1 F480 E567.58108
G1 F1500 X95.666 Y117.265 E567.58447
G1 X95.666 Y116.617 E567.60064
G1 X95.738 Y116.617 E567.60243
G1 X95.739 Y117.265 E567.60537
G1 X95.666 Y117.401 E567.60603
G0 F9000 X96.139 Y117.366
G1 F1500 X95.659 Y118.257 E567.63128
G1 X95.602 Y118.363 E567.63428
G1 X95.583 Y118.399 E567.63529
G1 X95.623 Y118.399 E567.63586
G1 X95.624 Y118.399 E567.63589
G1 X98.087 Y118.4 E567.69733
G1 X98.087 Y119.321 E567.7203
G1 X95.744 Y119.321 E567.77875
G1 X95.584 Y119.321 E567.78274
G1 X95.66 Y119.462 E567.78502
G1 X96.139 Y120.357 E567.81034
G1 X96.139 Y120.45 E567.81266
G1 X64.861 Y120.45 E568.5929
G1 X64.861 Y120.356 E568.59524
G1 X65.34 Y119.458 E568.62063
G1 X65.395 Y119.355 E568.62354
G1 X65.413 Y119.321 E568.6245
G1 X65.375 Y119.321 E568.62505
G1 X65.374 Y119.321 E568.62507
G1 X62.913 Y119.32 E568.68646
G1 X62.913 Y118.415 E568.70904
G1 X65.384 Y118.412 E568.77067
G1 X65.385 Y118.412 E568.7707
G1 X65.432 Y118.412 E568.77187
G1 X65.409 Y118.37 E568.77255
G1 X65.342 Y118.249 E568.776
G1 X64.862 Y117.381 E568.80074
G1 X64.862 Y116.219 E568.82973
G1 X65.062 Y116.218 E568.83472
G1 X65.062 Y88.55 E569.5249
G1 X95.938 Y88.55 E570.29511
G1 X95.938 Y115.9 E570.97735
G0 F1350 X95.938 Y116.218
G0 X96.138 Y116.219
G0 X96.139 Y117.366
G0 F9000 X95.666 Y118.799
G1 F480 E571.01889
G1 F1500 X97.687 Y118.8 E571.0693
G1 X97.687 Y118.921 E571.07232
G1 X95.666 Y118.921 E571.08767
G1 X95.666 Y118.799 E571.09072
G0 F9000 X95.294 Y119.879
G0 X65.706 Y119.879
G0 X65.334 Y118.812
G1 F1500 X65.334 Y118.921 E571.09343
G1 X63.313 Y118.92 E571.14385
G1 X63.313 Y118.814 E571.14649
G1 X65.334 Y118.812 E571.16001
G0 F9000 X65.334 Y117.408
G1 F1500 X65.262 Y117.277 E571.16374
G1 X65.262 Y116.617 E571.1802
G1 X65.334 Y116.617 E571.182
G1 X65.334 Y117.277 E571.18497
G1 X65.334 Y117.408 E571.18516
G0 F9000 X64.705 Y119.746
;TYPE:WALL-OUTER
G1 F900 X64.415 Y119.746 E571.19149
G1 X64.414 Y119.746 E571.19152
G1 X62.63 Y119.745 E571.23046
G1 X62.488 Y119.588 E571.23508
G1 X62.488 Y118.15 E571.26646
G1 X62.632 Y117.99 E571.27116
G1 X64.413 Y117.988 E571.31004
G1 X64.414 Y117.988 E571.31006
G1 X64.71 Y117.988 E571.31652
G1 X64.566 Y117.729 E571.3202
G1 X64.5 Y117.61 E571.32317
G1 X64.437 Y117.475 E571.32642
G1 X64.437 Y115.796 E571.36307
G1 X64.637 Y115.795 E571.36744
G1 X64.637 Y88.125 E571.97139
G1 X96.363 Y88.125 E572.66387
G1 X96.363 Y115.795 E573.26782
G1 X96.563 Y115.796 E573.27219
G1 X96.564 Y117.472 E573.30877
G1 X96.432 Y117.717 E573.31484
G1 X96.294 Y117.974 E573.32121
G1 X96.585 Y117.974 E573.32483
G1 X96.586 Y117.974 E573.32486
G1 X98.365 Y117.975 E573.36369
G1 X98.512 Y118.156 E573.36878
G1 X98.512 Y119.582 E573.3999
G1 X98.367 Y119.746 E573.40468
G1 X96.586 Y119.746 E573.44355
G1 X96.585 Y119.746 E573.44357
G1 X96.294 Y119.746 E573.44993
G1 X96.432 Y120.003 E573.45356
G1 X96.564 Y120.25 E573.45967
G1 X96.563 Y120.875 E573.47331
G1 X64.437 Y120.875 E574.17453
G1 X64.436 Y120.25 E574.18817
G1 X64.568 Y120.002 E574.1943
G1 X64.705 Y119.746 E574.19792
G0 F9000 X64.505 Y119.746
G0 X64.505 Y119.361
G0 X64.506 Y118.921
G1 F1500 E572.69792
G1 F900 Z3.41
G0 F9000 X64.506 Y118.921 Z3.41
G0 X68.429 Y116.915
;TYPE:WALL-INNER
G1 F900 Z2.41
G1 F480 E574.26028
G1 F1500 X68.394 Y116.868 E574.26175
G1 X68.374 Y116.819 E574.26307
G1 X68.368 Y116.768 E574.26435
G1 X68.371 Y116.73 E574.2653
G1 X68.413 Y116.64 E574.26778
G1 X68.437 Y116.615 E574.26864
G1 X68.497 Y116.579 E574.27039
G1 X68.545 Y116.567 E574.27162
G1 X68.592 Y116.567 E574.27279
G1 X68.679 Y116.598 E574.2751
G1 X68.714 Y116.625 E574.2762
G1 X68.747 Y116.67 E574.27759
G1 X68.765 Y116.712 E574.27873
G1 X68.773 Y116.768 E574.28014
G1 X68.753 Y116.856 E574.28239
G1 X68.73 Y116.894 E574.2835
G1 X68.699 Y116.926 E574.28461
G1 X68.648 Y116.956 E574.28609
G1 X68.592 Y116.97 E574.28753
G1 X68.545 Y116.97 E574.2887
G1 X68.464 Y116.94 E574.29083
G1 X68.429 Y116.915 E574.2919
G0 F9000 X68.182 Y117.263
;TYPE:WALL-OUTER
G1 F900 X68.125 Y117.213 E574.29356
G1 X68.072 Y117.153 E574.29531
G1 X68.026 Y117.084 E574.29712
G1 X67.99 Y117.01 E574.29891
G1 X67.964 Y116.934 E574.30067
G1 X67.947 Y116.851 E574.30251
G1 X67.942 Y116.768 E574.30433
G1 X67.947 Y116.686 E574.30612
G1 X67.964 Y116.603 E574.30797
G1 X68.026 Y116.453 E574.31151
G1 X68.072 Y116.384 E574.31332
G1 X68.125 Y116.324 E574.31507
G1 X68.182 Y116.274 E574.31673
G1 X68.26 Y116.221 E574.31879
G1 X68.331 Y116.187 E574.3205
G1 X68.403 Y116.162 E574.32217
G1 X68.489 Y116.145 E574.32408
G1 X68.571 Y116.14 E574.32587
G1 X68.652 Y116.145 E574.32765
G1 X68.736 Y116.162 E574.32952
G1 X68.885 Y116.224 E574.33304
G1 X68.957 Y116.272 E574.33493
G1 X69.016 Y116.323 E574.33663
G1 X69.067 Y116.382 E574.33833
G1 X69.115 Y116.454 E574.34022
G1 X69.152 Y116.53 E574.34207
G1 X69.177 Y116.603 E574.34375
G1 X69.194 Y116.687 E574.34562
G1 X69.198 Y116.742 E574.34682
G0 F810 X69.199 Y116.768
G0 X69.194 Y116.851
G0 X69.152 Y117.007
G0 X69.115 Y117.083
G0 X69.067 Y117.155
G0 X69.016 Y117.214
G0 X68.957 Y117.265
G0 X68.885 Y117.313
G0 X68.809 Y117.35
G0 X68.736 Y117.375
G0 X68.652 Y117.392
G0 X68.571 Y117.397
G0 X68.489 Y117.392
G0 X68.403 Y117.375
G0 X68.26 Y117.316
G0 X68.182 Y117.263
G0 F9000 X68.125 Y117.213
G0 X68.072 Y117.153
G0 X68.047 Y117.116
G0 X68.37 Y116.901
G1 F1500 E572.84682
G1 F900 Z3.41
G0 F9000 X91.584 Y116.853 Z3.41
;TYPE:WALL-INNER
G1 F900 Z2.41
G1 F480 E574.44027
G1 F1500 X91.57 Y116.836 E574.44082
G1 X91.566 Y116.822 E574.44118
G1 X91.553 Y116.778 E574.44233
G1 X91.552 Y116.734 E574.44342
G1 X91.564 Y116.698 E574.44437
G1 X91.582 Y116.644 E574.44579
G1 X91.603 Y116.622 E574.44655
G1 X91.624 Y116.6 E574.44731
G1 X91.669 Y116.57 E574.44866
G1 X91.707 Y116.558 E574.44965
G1 X91.723 Y116.557 E574.45005
G1 X91.752 Y116.554 E574.45078
G1 X91.763 Y116.552 E574.45106
G1 X91.847 Y116.575 E574.45323
G1 X91.865 Y116.589 E574.4538
G1 X91.891 Y116.609 E574.4546
G1 X91.921 Y116.647 E574.45579
G1 X91.939 Y116.694 E574.45703
G1 X91.945 Y116.71 E574.45744
G1 X91.945 Y116.734 E574.45802
G1 X91.945 Y116.765 E574.45874
G1 X91.937 Y116.809 E574.45981
G1 X91.934 Y116.821 E574.4601
G1 X91.904 Y116.865 E574.46138
G1 X91.886 Y116.891 E574.46212
G1 X91.861 Y116.905 E574.4628
G1 X91.816 Y116.931 E574.46404
G1 X91.794 Y116.944 E574.46464
G1 X91.758 Y116.948 E574.46553
G1 X91.687 Y116.934 E574.46727
G1 X91.667 Y116.93 E574.46775
G1 X91.64 Y116.914 E574.46852
G1 X91.623 Y116.903 E574.46899
G1 X91.612 Y116.889 E574.4694
G1 X91.584 Y116.853 E574.4705
G0 F9000 X91.257 Y117.134
;TYPE:WALL-OUTER
G1 F900 X91.206 Y117.059 E574.47248
G1 X91.175 Y116.995 E574.47403
G1 X91.145 Y116.904 E574.47612
G1 X91.131 Y116.836 E574.47764
G1 X91.125 Y116.75 E574.47952
G1 X91.131 Y116.664 E574.4814
G1 X91.176 Y116.503 E574.48505
G1 X91.208 Y116.437 E574.48665
G1 X91.246 Y116.381 E574.48813
G1 X91.35 Y116.272 E574.49142
G1 X91.452 Y116.203 E574.49411
G1 X91.509 Y116.174 E574.4955
G1 X91.618 Y116.141 E574.49799
G1 X91.751 Y116.126 E574.50091
G1 X91.836 Y116.131 E574.50277
G1 X91.995 Y116.175 E574.50637
G1 X92.059 Y116.206 E574.50792
G1 X92.134 Y116.257 E574.5099
G1 X92.192 Y116.308 E574.51159
G1 X92.243 Y116.366 E574.51327
G1 X92.294 Y116.441 E574.51525
G1 X92.324 Y116.503 E574.51676
G1 X92.355 Y116.596 E574.5189
G1 X92.369 Y116.663 E574.52039
G1 X92.371 Y116.803 E574.52345
G1 X92.356 Y116.879 E574.52514
G0 F810 X92.344 Y116.94
G0 X92.317 Y117.011
G0 X92.225 Y117.154
G0 X92.153 Y117.226
G0 X91.991 Y117.326
G0 X91.904 Y117.355
G0 X91.836 Y117.369
G0 X91.751 Y117.374
G0 X91.657 Y117.367
G0 X91.517 Y117.329
G0 X91.438 Y117.291
G0 X91.366 Y117.243
G0 X91.308 Y117.192
G0 X91.257 Y117.134
G0 F9000 X91.206 Y117.059
G0 X91.175 Y116.995
G0 X91.163 Y116.958
G0 X91.531 Y116.837
G1 F1500 E573.02514
G1 F900 Z3.41
G0 F9000 X91.623 Y92.803 Z3.41
;TYPE:WALL-INNER
G1 F900 Z2.41
G1 F480 E574.61825
G1 F1500 X91.612 Y92.789 E574.6187
G1 X91.584 Y92.753 E574.61983
G1 X91.57 Y92.736 E574.62038
G1 X91.566 Y92.707 E574.62111
G1 X91.56 Y92.673 E574.62198
G1 X91.552 Y92.632 E574.62302
G1 X91.574 Y92.558 E574.62494
G1 X91.585 Y92.54 E574.62547
G1 X91.591 Y92.53 E574.62576
G1 X91.61 Y92.511 E574.62643
G1 X91.628 Y92.493 E574.62707
G1 X91.649 Y92.481 E574.62767
G1 X91.676 Y92.466 E574.62844
G1 X91.696 Y92.463 E574.62894
G1 X91.726 Y92.458 E574.6297
G1 X91.762 Y92.452 E574.63061
G1 X91.846 Y92.475 E574.63279
G1 X91.861 Y92.486 E574.63324
G1 X91.891 Y92.509 E574.63416
G1 X91.921 Y92.547 E574.63535
G1 X91.938 Y92.591 E574.63648
G1 X91.944 Y92.606 E574.63687
G1 X91.949 Y92.646 E574.63785
G1 X91.931 Y92.722 E574.63971
G1 X91.925 Y92.747 E574.64031
G1 X91.906 Y92.772 E574.64108
G1 X91.891 Y92.791 E574.64168
G1 X91.868 Y92.808 E574.64238
G1 X91.845 Y92.826 E574.6431
G1 X91.806 Y92.839 E574.64409
G1 X91.79 Y92.845 E574.6445
G1 X91.758 Y92.848 E574.64529
G1 X91.686 Y92.834 E574.64705
G1 X91.667 Y92.83 E574.64751
G1 X91.639 Y92.813 E574.64831
G1 X91.623 Y92.803 E574.64874
G0 F9000 X91.366 Y93.143
;TYPE:WALL-OUTER
G1 F900 X91.308 Y93.092 E574.65042
G1 X91.257 Y93.034 E574.65211
G1 X91.206 Y92.959 E574.65409
G1 X91.175 Y92.895 E574.65564
G1 X91.148 Y92.814 E574.65751
G1 X91.126 Y92.646 E574.6612
G1 X91.131 Y92.564 E574.663
G1 X91.176 Y92.403 E574.66665
G1 X91.206 Y92.341 E574.66815
G1 X91.257 Y92.266 E574.67013
G1 X91.308 Y92.208 E574.67181
G1 X91.366 Y92.157 E574.6735
G1 X91.44 Y92.107 E574.67545
G1 X91.518 Y92.071 E574.67732
G1 X91.598 Y92.045 E574.67916
G1 X91.683 Y92.031 E574.68104
G1 X91.769 Y92.026 E574.68292
G1 X91.831 Y92.03 E574.68428
G1 X91.995 Y92.075 E574.68799
G1 X92.059 Y92.106 E574.68954
G1 X92.134 Y92.157 E574.69152
G1 X92.192 Y92.208 E574.69321
G1 X92.243 Y92.266 E574.69489
G1 X92.294 Y92.341 E574.69687
G1 X92.324 Y92.403 E574.69838
G1 X92.355 Y92.496 E574.70052
G1 X92.369 Y92.564 E574.70203
G1 X92.374 Y92.622 E574.7033
G0 F810 X92.375 Y92.65
G0 X92.369 Y92.736
G0 X92.325 Y92.895
G0 X92.294 Y92.959
G0 X92.243 Y93.034
G0 X92.192 Y93.092
G0 X92.134 Y93.143
G0 X92.059 Y93.194
G0 X91.995 Y93.225
G0 X91.904 Y93.255
G0 X91.836 Y93.269
G0 X91.752 Y93.274
G0 X91.657 Y93.267
G0 X91.517 Y93.229
G0 X91.438 Y93.191
G0 X91.366 Y93.143
G0 F9000 X91.308 Y93.092
G0 X91.257 Y93.034
G0 X91.231 Y92.996
G0 X91.551 Y92.778
G1 F1500 E573.2033
G1 F900 Z3.41
G0 F9000 X68.541 Y92.82 Z3.41
;TYPE:WALL-INNER
G1 F900 Z2.41
G1 F480 E574.79655
G1 F1500 X68.507 Y92.793 E574.79763
G1 X68.472 Y92.746 E574.79909
G1 X68.453 Y92.699 E574.80036
G1 X68.447 Y92.648 E574.80164
G1 X68.468 Y92.561 E574.80387
G1 X68.494 Y92.521 E574.80506
G1 X68.524 Y92.492 E574.8061
G1 X68.578 Y92.46 E574.80767
G1 X68.624 Y92.448 E574.80885
G1 X68.676 Y92.448 E574.81015
G1 X68.759 Y92.48 E574.81237
G1 X68.793 Y92.507 E574.81345
G1 X68.828 Y92.554 E574.81492
G1 X68.846 Y92.599 E574.81612
G1 X68.853 Y92.648 E574.81736
G1 X68.832 Y92.739 E574.81966
G1 X68.808 Y92.776 E574.82076
G1 X68.776 Y92.808 E574.82189
G1 X68.722 Y92.84 E574.82346
G1 X68.676 Y92.852 E574.82464
G1 X68.624 Y92.852 E574.82594
G1 X68.541 Y92.82 E574.82814
G0 F9000 X68.337 Y93.195
;TYPE:WALL-OUTER
G1 F900 X68.264 Y93.146 E574.83006
G1 X68.205 Y93.095 E574.83176
G1 X68.154 Y93.036 E574.83346
G1 X68.105 Y92.963 E574.83538
G1 X68.069 Y92.891 E574.83714
G1 X68.041 Y92.806 E574.83909
G1 X68.027 Y92.737 E574.84063
G1 X68.021 Y92.65 E574.84253
G1 X68.027 Y92.563 E574.84444
G1 X68.069 Y92.409 E574.84792
G1 X68.105 Y92.337 E574.84968
G1 X68.154 Y92.264 E574.8516
G1 X68.205 Y92.205 E574.8533
G1 X68.264 Y92.154 E574.855
G1 X68.337 Y92.105 E574.85692
G1 X68.414 Y92.067 E574.85879
G1 X68.482 Y92.043 E574.86037
G1 X68.568 Y92.026 E574.86228
G1 X68.65 Y92.021 E574.86407
G1 X68.732 Y92.026 E574.86587
G1 X68.818 Y92.043 E574.86778
G1 X68.963 Y92.105 E574.87122
G1 X69.036 Y92.154 E574.87314
G1 X69.095 Y92.205 E574.87484
G1 X69.146 Y92.264 E574.87655
G1 X69.195 Y92.337 E574.87847
G1 X69.231 Y92.409 E574.88022
G1 X69.259 Y92.494 E574.88218
G1 X69.269 Y92.54 E574.8832
G0 F810 X69.273 Y92.563
G0 X69.279 Y92.65
G0 X69.273 Y92.737
G0 X69.231 Y92.891
G0 X69.195 Y92.963
G0 X69.146 Y93.036
G0 X69.095 Y93.095
G0 X69.036 Y93.146
G0 X68.963 Y93.195
G0 X68.886 Y93.233
G0 X68.818 Y93.257
G0 X68.732 Y93.274
G0 X68.65 Y93.279
G0 X68.568 Y93.274
G0 X68.482 Y93.257
G0 X68.337 Y93.195
G0 F9000 X68.264 Y93.146
G0 X68.205 Y93.095
G0 X68.182 Y93.068
G0 X68.477 Y92.814
G0 X68.479 Y92.749
G1 F1500 E573.3832
G1 F900 Z3.41
G0 F9000 X65.734 Y119.851 Z3.41
;TIME_ELAPSED:965.868069
;LAYER:15
G0 X65.734 Y119.851 Z3.56
;TYPE:WALL-INNER
G1 F900 Z2.56
G1 F480 E574.9765
G1 F1500 X95.266 Y119.851 E575.71317
G1 X95.266 Y89.149 E576.47904
G1 X65.734 Y89.149 E577.21572
G1 X65.734 Y118.186 E577.94005
G0 F1350 X65.734 Y119.851
G0 F9000 X66.159 Y119.426
;TYPE:WALL-OUTER
G1 F480 E577.98158
G1 F900 X94.841 Y119.426 E578.60762
G1 X94.841 Y89.574 E579.2592
G1 X66.159 Y89.574 E579.88524
G1 X66.159 Y117.524 E580.49531
G0 F810 X66.159 Y119.426
G0 F9000 X66.359 Y119.426
G0 X66.359 Y119.811
G0 X66.359 Y119.951
G0 X95.294 Y119.879
G0 X95.666 Y117.115
;TYPE:WALL-INNER
G1 F480 E580.53682
G1 F1500 X95.666 Y116.958 E580.54074
G1 X95.666 Y116.645 E580.54854
G1 X95.751 Y116.645 E580.54876
G1 X95.751 Y116.958 E580.55043
G1 X95.666 Y117.115 E580.55125
G0 F9000 X96.027 Y117.289
G1 F1500 X96.004 Y117.373 E580.55342
G1 X95.938 Y117.505 E580.5571
G1 X95.938 Y118.472 E580.58122
G1 X98.087 Y118.473 E580.63483
G1 X98.087 Y119.247 E580.65414
G1 X95.938 Y119.248 E580.70774
G1 X95.938 Y120.145 E580.73012
G1 X95.974 Y120.328 E580.73477
G1 X96.039 Y120.45 E580.73822
G1 X95.974 Y120.45
G1 X95.938 Y120.45
G1 X65.062 Y120.45 E581.50843
G1 X64.948 Y120.45 E581.51127
G1 X65.062 Y120.217 E581.51487
G1 X65.062 Y119.432 E581.53445
G1 X65.062 Y119.232 E581.53944
G1 X64.862 Y119.233 E581.54266
G1 X63.113 Y119.244 E581.58629
G1 X62.913 Y119.245 E581.59128
G1 X62.913 Y119.045 E581.5945
G1 X62.913 Y118.474 E581.60875
G1 X65.062 Y118.472 E581.66235
G1 X65.062 Y117.564 E581.685
G1 X65.014 Y117.381 E581.68972
G1 X64.849 Y117.076 E581.69837
G1 X64.849 Y116.246 E581.71908
G1 X65.062 Y116.246 E581.72439
G1 X65.062 Y88.55 E582.41527
G1 X95.938 Y88.55 E583.18548
G1 X95.938 Y115.868 E583.86693
G0 F1350 X95.938 Y116.245
G0 X96.151 Y116.245
G0 X96.151 Y117.059
G0 X96.027 Y117.289
G0 F9000 X95.935 Y117.252
G0 X95.294 Y119.879
G0 X65.706 Y119.879
G0 X65.334 Y117.131
G1 F480 E583.90846
G1 F1500 X65.249 Y116.975 E583.91289
G1 X65.249 Y116.646 E583.9211
G1 X65.334 Y116.646 E583.9213
G1 X65.334 Y116.975 E583.92304
G1 X65.334 Y117.131 E583.92334
G0 F9000 X64.637 Y119.66
;TYPE:WALL-OUTER
G1 F900 X64.462 Y119.66 E583.92716
G1 X64.461 Y119.661 E583.92719
G1 X62.69 Y119.672 E583.96584
G1 X62.637 Y119.672 E583.967
G1 X62.488 Y119.479 E583.97232
G1 X62.488 Y119.426 E583.97348
G1 X62.488 Y118.246 E583.99923
G1 X62.638 Y118.049 E584.00464
G1 X64.637 Y118.047 E584.04827
G1 X64.637 Y117.619 E584.05761
G1 X64.616 Y117.539 E584.05942
G1 X64.482 Y117.293 E584.06553
G1 X64.424 Y117.17 E584.0685
G1 X64.424 Y115.821 E584.09795
G1 X64.637 Y115.821 E584.10259
G1 X64.637 Y88.125 E584.70711
G1 X96.363 Y88.125 E585.3996
G1 X96.363 Y115.82 E586.00409
G1 X96.576 Y115.82 E586.00874
G1 X96.576 Y117.168 E586.03817
G1 X96.424 Y117.448 E586.04512
G1 X96.403 Y117.525 E586.04686
G1 X96.363 Y117.605 E586.04881
G1 X96.363 Y118.047 E586.05846
G1 X98.363 Y118.048 E586.10212
G1 X98.512 Y118.242 E586.10745
G1 X98.512 Y119.482 E586.13452
G1 X98.364 Y119.672 E586.13978
G1 X96.363 Y119.673 E586.18345
G1 X96.363 Y120.103 E586.19284
G1 X96.379 Y120.184 E586.19464
G1 X96.566 Y120.533 E586.20328
G1 X96.576 Y120.553 E586.20377
G1 X96.576 Y120.875 E586.2108
G1 X96.553 Y120.875 E586.21128
G1 X64.447 Y120.875 E586.91206
G1 X64.424 Y120.875 E586.91256
G1 X64.424 Y120.553 E586.91959
G1 X64.434 Y120.533 E586.92006
G1 X64.537 Y120.343 E586.92478
G1 X64.559 Y120.273 E586.92638
G1 X64.637 Y120.117 E586.93019
G1 X64.637 Y119.836 E586.93632
G1 X64.637 Y119.835 E586.93634
G1 X64.637 Y119.66 E586.93882
G0 F9000 X64.462 Y119.66
G0 X64.461 Y119.661
G0 X64.437 Y119.661
G0 X64.435 Y119.276
G0 X64.432 Y118.873
G1 F1500 E585.43882
G1 F900 Z3.56
G0 F9000 X64.432 Y118.873 Z3.56
G0 X68.429 Y116.915
;TYPE:WALL-INNER
G1 F900 Z2.56
G1 F480 E587.00118
G1 F1500 X68.394 Y116.868 E587.00264
G1 X68.374 Y116.819 E587.00396
G1 X68.368 Y116.768 E587.00524
G1 X68.371 Y116.73 E587.00619
G1 X68.413 Y116.64 E587.00867
G1 X68.437 Y116.615 E587.00953
G1 X68.497 Y116.579 E587.01128
G1 X68.545 Y116.567 E587.01251
G1 X68.592 Y116.567 E587.01369
G1 X68.679 Y116.598 E587.01599
G1 X68.714 Y116.625 E587.01709
G1 X68.747 Y116.67 E587.01848
G1 X68.765 Y116.712 E587.01962
G1 X68.773 Y116.768 E587.02104
G1 X68.753 Y116.856 E587.02329
G1 X68.73 Y116.894 E587.02439
G1 X68.699 Y116.926 E587.02551
G1 X68.648 Y116.956 E587.02698
G1 X68.592 Y116.97 E587.02842
G1 X68.545 Y116.97 E587.02959
G1 X68.464 Y116.94 E587.03172
G1 X68.429 Y116.915 E587.0328
G0 F9000 X68.182 Y117.263
;TYPE:WALL-OUTER
G1 F900 X68.125 Y117.213 E587.03445
G1 X68.072 Y117.153 E587.0362
G1 X68.026 Y117.084 E587.03801
G1 X67.99 Y117.01 E587.03981
G1 X67.964 Y116.934 E587.04156
G1 X67.947 Y116.851 E587.04341
G1 X67.942 Y116.768 E587.04522
G1 X67.947 Y116.686 E587.04702
G1 X67.964 Y116.603 E587.04887
G1 X68.026 Y116.453 E587.05241
G1 X68.072 Y116.384 E587.05422
G1 X68.125 Y116.324 E587.05597
G1 X68.182 Y116.274 E587.05762
G1 X68.26 Y116.221 E587.05968
G1 X68.331 Y116.187 E587.0614
G1 X68.403 Y116.162 E587.06306
G1 X68.489 Y116.145 E587.06497
G1 X68.571 Y116.14 E587.06677
G1 X68.652 Y116.145 E587.06854
G1 X68.736 Y116.162 E587.07041
G1 X68.885 Y116.224 E587.07393
G1 X68.957 Y116.272 E587.07582
G1 X69.016 Y116.323 E587.07752
G1 X69.067 Y116.382 E587.07923
G1 X69.115 Y116.454 E587.08111
G1 X69.152 Y116.53 E587.08296
G1 X69.177 Y116.603 E587.08464
G1 X69.194 Y116.687 E587.08651
G1 X69.198 Y116.742 E587.08772
G0 F810 X69.199 Y116.768
G0 X69.194 Y116.851
G0 X69.152 Y117.007
G0 X69.115 Y117.083
G0 X69.067 Y117.155
G0 X69.016 Y117.214
G0 X68.957 Y117.265
G0 X68.885 Y117.313
G0 X68.809 Y117.35
G0 X68.736 Y117.375
G0 X68.652 Y117.392
G0 X68.571 Y117.397
G0 X68.489 Y117.392
G0 X68.403 Y117.375
G0 X68.26 Y117.316
G0 X68.182 Y117.263
G0 F9000 X68.125 Y117.213
G0 X68.072 Y117.153
G0 X68.047 Y117.116
G0 X68.37 Y116.901
G1 F1500 E585.58772
G1 F900 Z3.56
G0 F9000 X91.584 Y116.853 Z3.56
;TYPE:WALL-INNER
G1 F900 Z2.56
G1 F480 E587.18116
G1 F1500 X91.57 Y116.836 E587.18171
G1 X91.566 Y116.822 E587.18207
G1 X91.553 Y116.778 E587.18322
G1 X91.552 Y116.734 E587.18432
G1 X91.573 Y116.66 E587.18624
G1 X91.588 Y116.642 E587.18682
G1 X91.611 Y116.614 E587.18772
G1 X91.624 Y116.598 E587.18824
G1 X91.665 Y116.571 E587.18946
G1 X91.697 Y116.561 E587.1903
G1 X91.712 Y116.56 E587.19067
G1 X91.744 Y116.556 E587.19148
G1 X91.765 Y116.553 E587.19201
G1 X91.847 Y116.575 E587.19413
G1 X91.865 Y116.589 E587.19469
G1 X91.891 Y116.609 E587.19549
G1 X91.921 Y116.647 E587.19669
G1 X91.939 Y116.694 E587.19792
G1 X91.945 Y116.71 E587.19834
G1 X91.945 Y116.734 E587.19889
G1 X91.945 Y116.771 E587.1998
G1 X91.941 Y116.784 E587.20011
G1 X91.914 Y116.862 E587.2021
G1 X91.891 Y116.891 E587.20301
G1 X91.863 Y116.912 E587.20386
G1 X91.845 Y116.926 E587.20441
G1 X91.827 Y116.932 E587.20486
G1 X91.79 Y116.945 E587.20581
G1 X91.754 Y116.948 E587.20669
G1 X91.681 Y116.932 E587.20849
G1 X91.664 Y116.928 E587.20891
G1 X91.641 Y116.914 E587.20957
G1 X91.623 Y116.903 E587.21005
G1 X91.612 Y116.889 E587.21047
G1 X91.584 Y116.853 E587.21157
G0 F9000 X91.257 Y117.134
;TYPE:WALL-OUTER
G1 F900 X91.206 Y117.059 E587.21355
G1 X91.175 Y116.995 E587.2151
G1 X91.145 Y116.904 E587.21719
G1 X91.131 Y116.836 E587.21871
G1 X91.125 Y116.75 E587.22059
G1 X91.131 Y116.664 E587.22247
G1 X91.176 Y116.503 E587.22612
G1 X91.206 Y116.441 E587.22762
G1 X91.29 Y116.329 E587.23068
G1 X91.357 Y116.266 E587.23269
G1 X91.449 Y116.203 E587.23512
G1 X91.506 Y116.175 E587.23651
G1 X91.61 Y116.143 E587.23888
G1 X91.751 Y116.126 E587.24198
G1 X91.836 Y116.131 E587.24384
G1 X91.995 Y116.175 E587.24744
G1 X92.059 Y116.206 E587.24899
G1 X92.134 Y116.257 E587.25097
G1 X92.192 Y116.308 E587.25266
G1 X92.243 Y116.366 E587.25435
G1 X92.294 Y116.441 E587.25632
G1 X92.324 Y116.503 E587.25783
G1 X92.355 Y116.596 E587.25997
G1 X92.369 Y116.663 E587.26146
G1 X92.371 Y116.809 E587.26465
G1 X92.356 Y116.88 E587.26623
G0 F810 X92.346 Y116.931
G0 X92.29 Y117.064
G0 X92.243 Y117.134
G0 X92.192 Y117.192
G0 X92.134 Y117.243
G0 X92.059 Y117.294
G0 X91.995 Y117.325
G0 X91.904 Y117.355
G0 X91.836 Y117.369
G0 X91.75 Y117.374
G0 X91.661 Y117.368
G0 X91.515 Y117.328
G0 X91.438 Y117.291
G0 X91.366 Y117.243
G0 X91.308 Y117.192
G0 X91.257 Y117.134
G0 F9000 X91.206 Y117.059
G0 X91.175 Y116.995
G0 X91.163 Y116.958
G0 X91.531 Y116.837
G1 F1500 E585.76623
G1 F900 Z3.56
G0 F9000 X91.623 Y92.803 Z3.56
;TYPE:WALL-INNER
G1 F900 Z2.56
G1 F480 E587.35937
G1 F1500 X91.612 Y92.789 E587.35982
G1 X91.584 Y92.753 E587.36095
G1 X91.57 Y92.736 E587.3615
G1 X91.562 Y92.7 E587.36242
G1 X91.555 Y92.675 E587.36307
G1 X91.555 Y92.643 E587.36387
G1 X91.556 Y92.62 E587.36444
G1 X91.579 Y92.547 E587.36635
G1 X91.609 Y92.509 E587.36756
G1 X91.648 Y92.479 E587.36879
G1 X91.701 Y92.459 E587.3702
G1 X91.744 Y92.454 E587.37128
G1 X91.761 Y92.452 E587.37171
G1 X91.847 Y92.475 E587.37393
G1 X91.865 Y92.489 E587.37447
G1 X91.891 Y92.509 E587.37527
G1 X91.921 Y92.547 E587.37646
G1 X91.938 Y92.591 E587.3776
G1 X91.944 Y92.606 E587.37799
G1 X91.946 Y92.63 E587.37858
G1 X91.949 Y92.65 E587.37907
G1 X91.934 Y92.713 E587.38061
G1 X91.925 Y92.747 E587.38145
G1 X91.891 Y92.791 E587.38283
G1 X91.845 Y92.826 E587.38426
G1 X91.83 Y92.831 E587.38463
G1 X91.79 Y92.845 E587.38567
G1 X91.754 Y92.848 E587.38656
G1 X91.677 Y92.831 E587.38846
G1 X91.664 Y92.828 E587.38876
G1 X91.641 Y92.814 E587.38942
G1 X91.623 Y92.803 E587.38991
G0 F9000 X91.366 Y93.143
;TYPE:WALL-OUTER
G1 F900 X91.308 Y93.092 E587.39159
G1 X91.257 Y93.034 E587.39328
G1 X91.206 Y92.959 E587.39526
G1 X91.175 Y92.895 E587.39681
G1 X91.147 Y92.809 E587.39878
G1 X91.13 Y92.712 E587.40093
G1 X91.131 Y92.564 E587.40416
G1 X91.176 Y92.403 E587.40781
G1 X91.206 Y92.341 E587.40932
G1 X91.257 Y92.266 E587.4113
G1 X91.308 Y92.208 E587.41298
G1 X91.366 Y92.157 E587.41467
G1 X91.44 Y92.107 E587.41662
G1 X91.516 Y92.072 E587.41844
G1 X91.594 Y92.047 E587.42023
G1 X91.682 Y92.031 E587.42218
G1 X91.765 Y92.025 E587.424
G1 X91.832 Y92.03 E587.42547
G1 X91.995 Y92.075 E587.42916
G1 X92.059 Y92.106 E587.43071
G1 X92.134 Y92.157 E587.43269
G1 X92.192 Y92.208 E587.43437
G1 X92.243 Y92.266 E587.43606
G1 X92.294 Y92.341 E587.43804
G1 X92.324 Y92.403 E587.43954
G1 X92.355 Y92.496 E587.44168
G1 X92.369 Y92.564 E587.4432
G1 X92.374 Y92.622 E587.44447
G0 F810 X92.375 Y92.65
G0 X92.369 Y92.736
G0 X92.325 Y92.895
G0 X92.294 Y92.959
G0 X92.243 Y93.034
G0 X92.192 Y93.092
G0 X92.134 Y93.143
G0 X92.059 Y93.194
G0 X91.995 Y93.225
G0 X91.904 Y93.255
G0 X91.836 Y93.269
G0 X91.751 Y93.274
G0 X91.661 Y93.268
G0 X91.515 Y93.228
G0 X91.438 Y93.191
G0 X91.366 Y93.143
G0 F9000 X91.308 Y93.092
G0 X91.257 Y93.034
G0 X91.231 Y92.996
G0 X91.551 Y92.778
G1 F1500 E585.94447
G1 F900 Z3.56
G0 F9000 X68.541 Y92.82 Z3.56
;TYPE:WALL-INNER
G1 F900 Z2.56
G1 F480 E587.53772
G1 F1500 X68.507 Y92.793 E587.5388
G1 X68.472 Y92.746 E587.54026
G1 X68.453 Y92.699 E587.54153
G1 X68.447 Y92.648 E587.54281
G1 X68.468 Y92.561 E587.54504
G1 X68.494 Y92.521 E587.54623
G1 X68.524 Y92.492 E587.54727
G1 X68.578 Y92.46 E587.54884
G1 X68.624 Y92.448 E587.55002
G1 X68.676 Y92.448 E587.55132
G1 X68.759 Y92.48 E587.55354
G1 X68.793 Y92.507 E587.55462
G1 X68.828 Y92.554 E587.55608
G1 X68.846 Y92.599 E587.55729
G1 X68.853 Y92.648 E587.55853
G1 X68.832 Y92.739 E587.56083
G1 X68.808 Y92.776 E587.56193
G1 X68.776 Y92.808 E587.56306
G1 X68.722 Y92.84 E587.56463
G1 X68.676 Y92.852 E587.56581
G1 X68.624 Y92.852 E587.56711
G1 X68.541 Y92.82 E587.56931
G0 F9000 X68.337 Y93.195
;TYPE:WALL-OUTER
G1 F900 X68.264 Y93.146 E587.57123
G1 X68.205 Y93.095 E587.57293
G1 X68.154 Y93.036 E587.57463
G1 X68.105 Y92.963 E587.57655
G1 X68.069 Y92.891 E587.57831
G1 X68.041 Y92.806 E587.58026
G1 X68.027 Y92.737 E587.5818
G1 X68.021 Y92.65 E587.5837
G1 X68.027 Y92.563 E587.5856
G1 X68.069 Y92.409 E587.58909
G1 X68.105 Y92.337 E587.59084
G1 X68.154 Y92.264 E587.59276
G1 X68.205 Y92.205 E587.59447
G1 X68.264 Y92.154 E587.59617
G1 X68.337 Y92.105 E587.59809
G1 X68.414 Y92.067 E587.59996
G1 X68.482 Y92.043 E587.60154
G1 X68.568 Y92.026 E587.60345
G1 X68.65 Y92.021 E587.60524
G1 X68.732 Y92.026 E587.60704
G1 X68.818 Y92.043 E587.60895
G1 X68.963 Y92.105 E587.61239
G1 X69.036 Y92.154 E587.61431
G1 X69.095 Y92.205 E587.61601
G1 X69.146 Y92.264 E587.61771
G1 X69.195 Y92.337 E587.61963
G1 X69.231 Y92.409 E587.62139
G1 X69.259 Y92.494 E587.62334
G1 X69.269 Y92.54 E587.62437
G0 F810 X69.273 Y92.563
G0 X69.279 Y92.65
G0 X69.273 Y92.737
G0 X69.231 Y92.891
G0 X69.195 Y92.963
G0 X69.146 Y93.036
G0 X69.095 Y93.095
G0 X69.036 Y93.146
G0 X68.963 Y93.195
G0 X68.886 Y93.233
G0 X68.818 Y93.257
G0 X68.732 Y93.274
G0 X68.65 Y93.279
G0 X68.568 Y93.274
G0 X68.482 Y93.257
G0 X68.337 Y93.195
G0 F9000 X68.264 Y93.146
G0 X68.205 Y93.095
G0 X68.182 Y93.068
G0 X68.477 Y92.814
G0 X68.479 Y92.749
G1 F1500 E586.12437
G1 F900 Z3.56
G0 F9000 X65.734 Y119.851 Z3.56
;TIME_ELAPSED:1001.389448
;LAYER:16
G0 X65.734 Y119.851 Z3.71
;TYPE:WALL-INNER
G1 F900 Z2.71
G1 F480 E587.71766
G1 F1500 X95.266 Y119.851 E588.45434
G1 X95.266 Y89.149 E589.22021
G1 X65.734 Y89.149 E589.95688
G1 X65.734 Y118.186 E590.68122
G0 F1350 X65.734 Y119.851
G0 F9000 X66.159 Y119.426
;TYPE:WALL-OUTER
G1 F480 E590.72275
G1 F900 X94.841 Y119.426 E591.34879
G1 X94.841 Y89.574 E592.00037
G1 X66.159 Y89.574 E592.62641
G1 X66.159 Y117.524 E593.23647
G0 F810 X66.159 Y119.426
G0 F9000 X66.359 Y119.426
G0 X66.359 Y119.811
G0 X65.334 Y116.858
;TYPE:WALL-INNER
G1 F480 E593.27799
G1 F1500 X65.262 Y116.717 E593.28194
G1 X65.249 Y116.692 E593.28264
G1 X65.249 Y116.679 E593.28296
G1 X65.334 Y116.679 E593.28318
G1 X65.334 Y116.692
G1 X65.334 Y116.858 E593.28376
G0 F9000 X65.017 Y117.117
G1 F1500 X64.849 Y116.788 E593.29298
G1 X64.849 Y116.279 E593.30567
G1 X65.062 Y116.279 E593.31099
G1 X65.062 Y88.55 E594.00269
G1 X95.938 Y88.55 E594.77289
G1 X95.938 Y116.275 E595.4645
G1 X96.151 Y116.276 E595.46981
G1 X96.151 Y116.783 E595.48246
G1 X96.061 Y116.949 E595.48717
G1 X96.042 Y117.019 E595.48898
G1 X95.938 Y117.23 E595.49485
G1 X95.938 Y118.101 E595.51657
G1 X96.125 Y118.59 E595.52963
G1 X98.087 Y118.601 E595.57858
G1 X98.087 Y119.127 E595.5917
G1 X96.13 Y119.127 E595.64051
G1 X95.938 Y119.618 E595.65367
G1 X95.942 Y120.25 E595.66943
G1 X95.943 Y120.45 E595.67442
G1 X95.743 Y120.45 E595.67764
G1 X65.062 Y120.45 E596.44299
G1 X65.062 Y119.657 E596.46277
G1 X64.91 Y119.129 E596.47647
G1 X62.913 Y119.127 E596.52629
G1 X62.913 Y118.606 E596.53928
G1 X64.718 Y118.591 E596.58431
G0 F1350 X64.868 Y118.59
G0 X65.062 Y118.107
G0 X65.062 Y117.284
G0 X65.017 Y117.117
G0 F9000 X65.334 Y118.503
G1 F480 E596.62585
G1 F1500 X65.334 Y118.775 E596.63263
G1 X65.334 Y119.156 E596.64213
G1 X65.224 Y118.775 E596.64375
G1 X65.334 Y118.503 E596.64509
G0 F9000 X65.706 Y89.121
G0 X95.294 Y89.121
G0 X95.666 Y118.51
G1 F1500 X95.803 Y118.867 E596.65463
G1 X95.666 Y119.216 E596.66398
G1 X95.666 Y118.867 E596.66534
G1 X95.666 Y118.51 E596.66673
G0 F9000 X95.666 Y116.876
G1 F1500 X95.666 Y116.799 E596.66866
G1 X95.666 Y116.674 E596.67177
G1 X95.687 Y116.674
G1 X95.751 Y116.674 E596.672
G1 X95.734 Y116.707
G1 X95.687 Y116.799 E596.67213
G1 X95.666 Y116.876 E596.67222
G1 F1500 E595.17222
G0 F9000 X95.294 Y119.879
G0 X65.706 Y119.879
G0 X65.7 Y119.354
G0 X64.591 Y119.029
G0 X64.59 Y119.554
;TYPE:WALL-OUTER
G1 F480 E596.73459
G1 F900 X62.64 Y119.552 E596.77715
G1 X62.488 Y119.335 E596.78293
G1 X62.488 Y118.39 E596.80356
G1 X62.512 Y118.344 E596.80469
G1 X62.637 Y118.183 E596.80914
G1 X64.58 Y118.167 E596.85155
G1 X64.637 Y118.025 E596.85489
G1 X64.637 Y117.341 E596.86982
G1 X64.618 Y117.271 E596.8714
G1 X64.424 Y116.891 E596.88072
G1 X64.424 Y115.854 E596.90335
G1 X64.637 Y115.854 E596.908
G1 X64.637 Y88.125 E597.51324
G1 X96.363 Y88.125 E598.20572
G1 X96.363 Y115.852 E598.81092
G1 X96.576 Y115.853 E598.81557
G1 X96.576 Y116.891 E598.83822
G1 X96.459 Y117.107 E598.84359
G1 X96.443 Y117.167 E598.84494
G1 X96.363 Y117.329 E598.84888
G1 X96.363 Y118.023 E598.86403
G1 X96.418 Y118.167 E598.8674
G1 X98.362 Y118.178 E598.90983
G1 X98.461 Y118.306 E598.91336
G1 X98.512 Y118.39 E598.91551
G1 X98.512 Y119.333 E598.93609
G1 X98.489 Y119.375 E598.93713
G1 X98.361 Y119.552 E598.9419
G1 X96.518 Y119.552 E598.98213
G1 X96.42 Y119.552 E598.98427
G1 X96.363 Y119.697 E598.98767
G1 X96.363 Y119.795 E598.98981
G1 X96.367 Y120.433 E599.00373
G1 X96.459 Y120.608 E599.00805
G1 X96.576 Y120.832 E599.01356
G1 X96.576 Y120.875 E599.0145
G1 X96.323 Y120.875 E599.01796
G1 X64.669 Y120.875 E599.70887
G1 X64.424 Y120.875 E599.71422
G1 X64.424 Y120.83 E599.7152
G1 X64.532 Y120.61 E599.71857
G1 X64.637 Y120.398 E599.72374
G1 X64.637 Y119.862 E599.73544
G0 F810 X64.637 Y119.717
G0 X64.59 Y119.554
G0 F9000 X64.39 Y119.554
G0 X64.39 Y119.169
G0 X64.392 Y118.994
G1 F1500 E598.23544
G1 F900 Z3.71
G0 F9000 X64.393 Y118.994 Z3.71
G0 X68.429 Y116.915
;TYPE:WALL-INNER
G1 F900 Z2.71
G1 F480 E599.80465
G1 F1500 X68.394 Y116.868 E599.80612
G1 X68.374 Y116.819 E599.80744
G1 X68.368 Y116.768 E599.80872
G1 X68.371 Y116.73 E599.80967
G1 X68.413 Y116.64 E599.81214
G1 X68.437 Y116.615 E599.81301
G1 X68.497 Y116.579 E599.81475
G1 X68.545 Y116.567 E599.81599
G1 X68.592 Y116.567 E599.81716
G1 X68.679 Y116.598 E599.81947
G1 X68.714 Y116.625 E599.82057
G1 X68.747 Y116.67 E599.82196
G1 X68.765 Y116.712 E599.8231
G1 X68.773 Y116.768 E599.82451
G1 X68.753 Y116.856 E599.82676
G1 X68.73 Y116.894 E599.82787
G1 X68.699 Y116.926 E599.82898
G1 X68.648 Y116.956 E599.83046
G1 X68.592 Y116.97 E599.8319
G1 X68.545 Y116.97 E599.83307
G1 X68.464 Y116.94 E599.8352
G1 X68.429 Y116.915 E599.83627
G0 F9000 X68.182 Y117.263
;TYPE:WALL-OUTER
G1 F900 X68.125 Y117.213 E599.83793
G1 X68.072 Y117.153 E599.83967
G1 X68.026 Y117.084 E599.84148
G1 X67.99 Y117.01 E599.84328
G1 X67.964 Y116.934 E599.84503
G1 X67.947 Y116.851 E599.84688
G1 X67.942 Y116.768 E599.8487
G1 X67.947 Y116.686 E599.85049
G1 X67.964 Y116.603 E599.85234
G1 X68.026 Y116.453 E599.85588
G1 X68.072 Y116.384 E599.85769
G1 X68.125 Y116.324 E599.85944
G1 X68.182 Y116.274 E599.8611
G1 X68.26 Y116.221 E599.86315
G1 X68.331 Y116.187 E599.86487
G1 X68.403 Y116.162 E599.86654
G1 X68.489 Y116.145 E599.86845
G1 X68.571 Y116.14 E599.87024
G1 X68.652 Y116.145 E599.87201
G1 X68.736 Y116.162 E599.87388
G1 X68.885 Y116.224 E599.87741
G1 X68.957 Y116.272 E599.8793
G1 X69.016 Y116.323 E599.881
G1 X69.067 Y116.382 E599.8827
G1 X69.115 Y116.454 E599.88459
G1 X69.152 Y116.53 E599.88643
G1 X69.177 Y116.603 E599.88812
G1 X69.194 Y116.687 E599.88999
G1 X69.198 Y116.742 E599.89119
G0 F810 X69.199 Y116.768
G0 X69.194 Y116.851
G0 X69.152 Y117.007
G0 X69.115 Y117.083
G0 X69.067 Y117.155
G0 X69.016 Y117.214
G0 X68.957 Y117.265
G0 X68.885 Y117.313
G0 X68.809 Y117.35
G0 X68.736 Y117.375
G0 X68.652 Y117.392
G0 X68.571 Y117.397
G0 X68.489 Y117.392
G0 X68.403 Y117.375
G0 X68.26 Y117.316
G0 X68.182 Y117.263
G0 F9000 X68.125 Y117.213
G0 X68.072 Y117.153
G0 X68.047 Y117.116
G0 X68.37 Y116.901
G1 F1500 E598.39119
G1 F900 Z3.71
G0 F9000 X91.584 Y116.853 Z3.71
;TYPE:WALL-INNER
G1 F900 Z2.71
G1 F480 E599.98464
G1 F1500 X91.57 Y116.836 E599.98519
G1 X91.565 Y116.818 E599.98565
G1 X91.553 Y116.778 E599.98669
G1 X91.553 Y116.759 E599.98717
G1 X91.552 Y116.734 E599.98779
G1 X91.577 Y116.65 E599.98998
G1 X91.607 Y116.613 E599.99117
G1 X91.664 Y116.571 E599.99293
G1 X91.695 Y116.56 E599.99375
G1 X91.729 Y116.559 E599.9946
G1 X91.776 Y116.556 E599.99578
G1 X91.847 Y116.575 E599.99761
G1 X91.865 Y116.589 E599.99818
G1 X91.891 Y116.609 E599.99898
G1 X91.921 Y116.647 E600.00017
G1 X91.938 Y116.691 E600.00133
G1 X91.944 Y116.706 E600.00173
G1 X91.947 Y116.733 E600.00239
G1 X91.949 Y116.75 E600.00281
G1 X91.93 Y116.828 E600.00475
G1 X91.925 Y116.847 E600.00522
G1 X91.891 Y116.891 E600.00659
G1 X91.845 Y116.926 E600.00801
G1 X91.825 Y116.933 E600.00852
G1 X91.79 Y116.945 E600.00941
G1 X91.749 Y116.949 E600.01042
G1 X91.692 Y116.937 E600.01182
G1 X91.669 Y116.931 E600.01238
G1 X91.641 Y116.914 E600.01318
G1 X91.623 Y116.903 E600.01368
G1 X91.612 Y116.889 E600.01409
G1 X91.584 Y116.853 E600.0152
G0 F9000 X91.257 Y117.134
;TYPE:WALL-OUTER
G1 F900 X91.206 Y117.059 E600.01718
G1 X91.175 Y116.995 E600.01873
G1 X91.145 Y116.904 E600.02082
G1 X91.131 Y116.836 E600.02234
G1 X91.125 Y116.75 E600.02422
G1 X91.131 Y116.664 E600.0261
G1 X91.176 Y116.503 E600.02975
G1 X91.206 Y116.441 E600.03125
G1 X91.251 Y116.375 E600.03299
G1 X91.303 Y116.315 E600.03473
G1 X91.358 Y116.265 E600.03635
G1 X91.447 Y116.204 E600.03871
G1 X91.51 Y116.173 E600.04024
G1 X91.596 Y116.146 E600.04221
G1 X91.676 Y116.13 E600.04399
G1 X91.836 Y116.131 E600.04748
G1 X91.995 Y116.175 E600.05108
G1 X92.059 Y116.206 E600.05263
G1 X92.134 Y116.257 E600.05461
G1 X92.192 Y116.308 E600.0563
G1 X92.243 Y116.366 E600.05798
G1 X92.294 Y116.441 E600.05996
G1 X92.324 Y116.503 E600.06147
G1 X92.355 Y116.596 E600.06361
G1 X92.369 Y116.664 E600.06512
G1 X92.375 Y116.75 E600.067
G1 X92.369 Y116.836 E600.06888
G1 X92.356 Y116.88 E600.06989
G0 F810 X92.325 Y116.995
G0 X92.294 Y117.059
G0 X92.243 Y117.134
G0 X92.192 Y117.192
G0 X92.134 Y117.243
G0 X92.059 Y117.294
G0 X91.995 Y117.325
G0 X91.904 Y117.355
G0 X91.836 Y117.369
G0 X91.75 Y117.374
G0 X91.66 Y117.369
G0 X91.517 Y117.329
G0 X91.438 Y117.291
G0 X91.366 Y117.243
G0 X91.308 Y117.192
G0 X91.257 Y117.134
G0 F9000 X91.206 Y117.059
G0 X91.175 Y116.995
G0 X91.163 Y116.958
G0 X91.531 Y116.837
G1 F1500 E598.56989
G1 F900 Z3.71
G0 F9000 X91.623 Y92.803 Z3.71
;TYPE:WALL-INNER
G1 F900 Z2.71
G1 F480 E600.16302
G1 F1500 X91.612 Y92.789 E600.16347
G1 X91.584 Y92.753 E600.16461
G1 X91.57 Y92.736 E600.16516
G1 X91.562 Y92.7 E600.16608
G1 X91.554 Y92.671 E600.16683
G1 X91.554 Y92.655 E600.16722
G1 X91.553 Y92.63 E600.16785
G1 X91.579 Y92.547 E600.17002
G1 X91.609 Y92.509 E600.17123
G1 X91.653 Y92.476 E600.1726
G1 X91.704 Y92.458 E600.17395
G1 X91.748 Y92.454 E600.17505
G1 X91.76 Y92.452 E600.17535
G1 X91.847 Y92.475 E600.1776
G1 X91.865 Y92.489 E600.17814
G1 X91.891 Y92.509 E600.17894
G1 X91.921 Y92.547 E600.18013
G1 X91.938 Y92.591 E600.18127
G1 X91.944 Y92.606 E600.18166
G1 X91.945 Y92.621 E600.18203
G1 X91.949 Y92.645 E600.18262
G1 X91.932 Y92.719 E600.18443
G1 X91.925 Y92.747 E600.18513
G1 X91.891 Y92.791 E600.18651
G1 X91.845 Y92.826 E600.18793
G1 X91.833 Y92.83 E600.18823
G1 X91.79 Y92.845 E600.18934
G1 X91.749 Y92.849 E600.19036
G1 X91.669 Y92.831 E600.19234
G1 X91.641 Y92.814 E600.19314
G1 X91.623 Y92.803 E600.19363
G0 F9000 X91.366 Y93.143
;TYPE:WALL-OUTER
G1 F900 X91.308 Y93.092 E600.19531
G1 X91.257 Y93.034 E600.197
G1 X91.206 Y92.959 E600.19898
G1 X91.175 Y92.895 E600.20053
G1 X91.147 Y92.809 E600.2025
G1 X91.131 Y92.72 E600.20448
G1 X91.126 Y92.649 E600.20603
G1 X91.131 Y92.564 E600.20789
G1 X91.176 Y92.403 E600.21154
G1 X91.206 Y92.341 E600.21304
G1 X91.257 Y92.266 E600.21502
G1 X91.308 Y92.208 E600.21671
G1 X91.366 Y92.157 E600.21839
G1 X91.44 Y92.107 E600.22034
G1 X91.511 Y92.074 E600.22205
G1 X91.594 Y92.046 E600.22396
G1 X91.678 Y92.031 E600.22583
G1 X91.759 Y92.026 E600.2276
G1 X91.835 Y92.031 E600.22926
G1 X91.995 Y92.075 E600.23288
G1 X92.059 Y92.106 E600.23443
G1 X92.134 Y92.157 E600.23641
G1 X92.192 Y92.208 E600.2381
G1 X92.243 Y92.266 E600.23978
G1 X92.294 Y92.341 E600.24176
G1 X92.324 Y92.403 E600.24327
G1 X92.355 Y92.496 E600.24541
G1 X92.369 Y92.564 E600.24692
G1 X92.374 Y92.622 E600.24819
G0 F810 X92.375 Y92.65
G0 X92.369 Y92.736
G0 X92.325 Y92.895
G0 X92.294 Y92.959
G0 X92.243 Y93.034
G0 X92.192 Y93.092
G0 X92.134 Y93.143
G0 X92.059 Y93.194
G0 X91.995 Y93.225
G0 X91.904 Y93.255
G0 X91.836 Y93.269
G0 X91.75 Y93.274
G0 X91.66 Y93.269
G0 X91.517 Y93.229
G0 X91.438 Y93.191
G0 X91.366 Y93.143
G0 F9000 X91.308 Y93.092
G0 X91.257 Y93.034
G0 X91.231 Y92.996
G0 X91.551 Y92.778
G1 F1500 E598.74819
G1 F900 Z3.71
G0 F9000 X68.541 Y92.82 Z3.71
;TYPE:WALL-INNER
G1 F900 Z2.71
G1 F480 E600.34144
G1 F1500 X68.507 Y92.793 E600.34252
G1 X68.472 Y92.746 E600.34399
G1 X68.453 Y92.699 E600.34525
G1 X68.447 Y92.648 E600.34653
G1 X68.468 Y92.561 E600.34876
G1 X68.494 Y92.521 E600.34995
G1 X68.524 Y92.492 E600.351
G1 X68.578 Y92.46 E600.35256
G1 X68.624 Y92.448 E600.35375
G1 X68.676 Y92.448 E600.35504
G1 X68.759 Y92.48 E600.35726
G1 X68.793 Y92.507 E600.35835
G1 X68.828 Y92.554 E600.35981
G1 X68.846 Y92.599 E600.36102
G1 X68.853 Y92.648 E600.36225
G1 X68.832 Y92.739 E600.36456
G1 X68.808 Y92.776 E600.36566
G1 X68.776 Y92.808 E600.36678
G1 X68.722 Y92.84 E600.36835
G1 X68.676 Y92.852 E600.36954
G1 X68.624 Y92.852 E600.37083
G1 X68.541 Y92.82 E600.37303
G0 F9000 X68.337 Y93.195
;TYPE:WALL-OUTER
G1 F900 X68.264 Y93.146 E600.37495
G1 X68.205 Y93.095 E600.37665
G1 X68.154 Y93.036 E600.37836
G1 X68.105 Y92.963 E600.38027
G1 X68.069 Y92.891 E600.38203
G1 X68.041 Y92.806 E600.38398
G1 X68.027 Y92.737 E600.38552
G1 X68.021 Y92.65 E600.38743
G1 X68.027 Y92.563 E600.38933
G1 X68.069 Y92.409 E600.39281
G1 X68.105 Y92.337 E600.39457
G1 X68.154 Y92.264 E600.39649
G1 X68.205 Y92.205 E600.39819
G1 X68.264 Y92.154 E600.39989
G1 X68.337 Y92.105 E600.40181
G1 X68.414 Y92.067 E600.40369
G1 X68.482 Y92.043 E600.40526
G1 X68.568 Y92.026 E600.40717
G1 X68.65 Y92.021 E600.40897
G1 X68.732 Y92.026 E600.41076
G1 X68.818 Y92.043 E600.41267
G1 X68.963 Y92.105 E600.41612
G1 X69.036 Y92.154 E600.41803
G1 X69.095 Y92.205 E600.41974
G1 X69.146 Y92.264 E600.42144
G1 X69.195 Y92.337 E600.42336
G1 X69.231 Y92.409 E600.42512
G1 X69.259 Y92.494 E600.42707
G1 X69.269 Y92.54 E600.4281
G0 F810 X69.273 Y92.563
G0 X69.279 Y92.65
G0 X69.273 Y92.737
G0 X69.231 Y92.891
G0 X69.195 Y92.963
G0 X69.146 Y93.036
G0 X69.095 Y93.095
G0 X69.036 Y93.146
G0 X68.963 Y93.195
G0 X68.886 Y93.233
G0 X68.818 Y93.257
G0 X68.732 Y93.274
G0 X68.65 Y93.279
G0 X68.568 Y93.274
G0 X68.482 Y93.257
G0 X68.337 Y93.195
G0 F9000 X68.264 Y93.146
G0 X68.205 Y93.095
G0 X68.182 Y93.068
G0 X68.477 Y92.814
G0 X68.479 Y92.749
G1 F1500 E598.9281
G1 F900 Z3.71
G0 F9000 X65.734 Y119.851 Z3.71
;TIME_ELAPSED:1038.295265
;LAYER:17
G0 X65.734 Y119.851 Z3.86
;TYPE:WALL-INNER
G1 F900 Z2.86
G1 F480 E600.52139
G1 F1500 X95.266 Y119.851 E601.25807
G1 X95.266 Y89.149 E602.02393
G1 X65.734 Y89.149 E602.76061
G1 X65.734 Y118.186 E603.48494
G0 F1350 X65.734 Y119.851
G0 F9000 X66.159 Y119.426
;TYPE:WALL-OUTER
G1 F480 E603.52647
G1 F900 X94.841 Y119.426 E604.15251
G1 X94.841 Y89.574 E604.80409
G1 X66.159 Y89.574 E605.43013
G1 X66.159 Y117.524 E606.0402
G0 F810 X66.159 Y119.426
G0 F9000 X66.359 Y119.426
G0 X66.359 Y119.811
G0 X65.062 Y119.732
;TYPE:WALL-INNER
G1 F480 E606.08171
G1 F1500 X65.062 Y118.968 E606.10077
G1 X62.934 Y118.949 E606.15386
G1 X62.925 Y118.92 E606.15461
G1 X62.93 Y118.761 E606.15858
G1 X65.062 Y118.756 E606.1852
G1 X65.062 Y117.979 E606.20458
G1 X65.023 Y117.933 E606.20609
G1 X65.062 Y117.858 E606.20819
G1 X65.062 Y117.004 E606.2295
G1 X65.018 Y116.847 E606.23356
G1 X64.849 Y116.512 E606.24292
G1 X64.849 Y116.32 E606.24771
G1 X65.062 Y116.32 E606.25213
G1 X65.062 Y88.55 E606.94486
G1 X95.938 Y88.55 E607.71506
G1 X95.938 Y116.316 E608.40769
G1 X96.083 Y116.316 E608.4113
G1 X96.1 Y116.316 E608.41173
G1 X96.151 Y116.317 E608.413
G1 X96.151 Y116.506 E608.41771
G1 X96.099 Y116.603 E608.41975
G1 X96.083 Y116.655 E608.42073
G1 X95.938 Y116.953 E608.429
G1 X95.938 Y117.805 E608.45025
G1 X95.98 Y117.933 E608.45361
G1 X95.938 Y117.983 E608.45524
G1 X95.938 Y118.753 E608.47445
G1 X98.064 Y118.769 E608.52748
G1 X98.071 Y118.791 E608.52806
G1 X98.063 Y118.959 E608.53225
G1 X95.938 Y118.964 E608.55882
G1 X95.938 Y119.732 E608.57798
G1 X95.983 Y119.788 E608.57977
G1 X95.938 Y119.89 E608.58255
G1 X95.938 Y120.45 E608.59652
G1 X65.99 Y120.45 E609.34357
G0 F1350 X65.062 Y120.45
G0 X65.062 Y119.941
G0 X65.021 Y119.782
G0 X65.062 Y119.732
G0 F9000 X64.637 Y119.389
;TYPE:WALL-OUTER
G1 F480 E609.38511
G1 F900 X64.516 Y119.388 E609.38775
G1 X62.641 Y119.371 E609.42868
G1 X62.619 Y119.34 E609.42951
G1 X62.583 Y119.262 E609.43138
G1 X62.5 Y118.981 E609.43778
G1 X62.502 Y118.721 E609.44345
G1 X62.551 Y118.533 E609.44769
G1 X62.652 Y118.337 E609.45251
G1 X64.513 Y118.333 E609.49313
G1 X64.637 Y118.332 E609.49583
G1 X64.637 Y118.136 E609.50011
G1 X64.513 Y117.991 E609.50355
G1 X64.637 Y117.754 E609.50939
G1 X64.637 Y117.062 E609.52449
G1 X64.62 Y117.001 E609.52587
G1 X64.424 Y116.613 E609.53536
G1 X64.424 Y115.895 E609.55103
G1 X64.637 Y115.895 E609.55568
G1 X64.637 Y88.125 E610.16182
G1 X96.363 Y88.125 E610.8543
G1 X96.363 Y115.893 E611.46039
G1 X96.576 Y115.894 E611.46504
G1 X96.576 Y116.613 E611.48073
G1 X96.494 Y116.766 E611.48452
G1 X96.481 Y116.809 E611.4855
G1 X96.363 Y117.051 E611.49138
G1 X96.363 Y117.737 E611.50635
G1 X96.387 Y117.81 E611.50803
G1 X96.488 Y117.992 E611.51257
G1 X96.363 Y118.139 E611.51679
G1 X96.363 Y118.331 E611.52098
G1 X96.485 Y118.331 E611.52259
G1 X98.357 Y118.346 E611.56345
G1 X98.4 Y118.418 E611.56528
G1 X98.499 Y118.736 E611.57255
G1 X98.485 Y119.053 E611.57948
G1 X98.403 Y119.296 E611.58507
G1 X98.352 Y119.383 E611.58727
G1 X96.487 Y119.387 E611.62798
G1 X96.363 Y119.388 E611.63069
G1 X96.363 Y119.581 E611.6349
G1 X96.487 Y119.734 E611.63847
G1 X96.426 Y119.836 E611.64107
G1 X96.363 Y119.979 E611.64448
G1 X96.363 Y120.693 E611.66006
G1 X96.457 Y120.875 E611.66453
G1 X96.363 Y120.875
G1 X64.637 Y120.875 E612.35702
G1 X64.541 Y120.875 E612.35911
G1 X64.637 Y120.681 E612.36169
G1 X64.637 Y119.995 E612.37666
G1 X64.617 Y119.917 E612.37842
G1 X64.512 Y119.735 E612.383
G1 X64.637 Y119.581 E612.3866
G1 X64.637 Y119.389 E612.3908
G0 F9000 X64.516 Y119.388
G0 X64.437 Y119.388
G0 X64.44 Y119.003
G1 F1500 E610.8908
G1 F900 Z3.86
G0 F9000 X68.429 Y116.915 Z3.86
;TYPE:WALL-INNER
G1 F900 Z2.86
G1 F480 E612.45316
G1 F1500 X68.394 Y116.868 E612.45462
G1 X68.374 Y116.819 E612.45594
G1 X68.368 Y116.768 E612.45722
G1 X68.371 Y116.73 E612.45817
G1 X68.413 Y116.64 E612.46065
G1 X68.437 Y116.615 E612.46151
G1 X68.497 Y116.579 E612.46326
G1 X68.545 Y116.567 E612.46449
G1 X68.592 Y116.567 E612.46567
G1 X68.679 Y116.598 E612.46797
G1 X68.714 Y116.625 E612.46907
G1 X68.747 Y116.67 E612.47046
G1 X68.765 Y116.712 E612.4716
G1 X68.773 Y116.768 E612.47302
G1 X68.753 Y116.856 E612.47527
G1 X68.73 Y116.894 E612.47638
G1 X68.699 Y116.926 E612.47749
G1 X68.648 Y116.956 E612.47896
G1 X68.592 Y116.97 E612.4804
G1 X68.545 Y116.97 E612.48157
G1 X68.464 Y116.94 E612.4837
G1 X68.429 Y116.915 E612.48478
G0 F9000 X68.182 Y117.263
;TYPE:WALL-OUTER
G1 F900 X68.125 Y117.213 E612.48643
G1 X68.072 Y117.153 E612.48818
G1 X68.026 Y117.084 E612.48999
G1 X67.99 Y117.01 E612.49179
G1 X67.964 Y116.934 E612.49354
G1 X67.947 Y116.851 E612.49539
G1 X67.942 Y116.768 E612.4972
G1 X67.947 Y116.686 E612.499
G1 X67.964 Y116.603 E612.50085
G1 X68.026 Y116.453 E612.50439
G1 X68.072 Y116.384 E612.5062
G1 X68.125 Y116.324 E612.50795
G1 X68.182 Y116.274 E612.5096
G1 X68.26 Y116.221 E612.51166
G1 X68.331 Y116.187 E612.51338
G1 X68.403 Y116.162 E612.51504
G1 X68.489 Y116.145 E612.51695
G1 X68.571 Y116.14 E612.51875
G1 X68.652 Y116.145 E612.52052
G1 X68.736 Y116.162 E612.52239
G1 X68.885 Y116.224 E612.52591
G1 X68.957 Y116.272 E612.5278
G1 X69.016 Y116.323 E612.5295
G1 X69.067 Y116.382 E612.53121
G1 X69.115 Y116.454 E612.53309
G1 X69.152 Y116.53 E612.53494
G1 X69.177 Y116.603 E612.53662
G1 X69.194 Y116.687 E612.53849
G1 X69.198 Y116.742 E612.5397
G0 F810 X69.199 Y116.768
G0 X69.194 Y116.851
G0 X69.152 Y117.007
G0 X69.115 Y117.083
G0 X69.067 Y117.155
G0 X69.016 Y117.214
G0 X68.957 Y117.265
G0 X68.885 Y117.313
G0 X68.809 Y117.35
G0 X68.736 Y117.375
G0 X68.652 Y117.392
G0 X68.571 Y117.397
G0 X68.489 Y117.392
G0 X68.403 Y117.375
G0 X68.26 Y117.316
G0 X68.182 Y117.263
G0 F9000 X68.125 Y117.213
G0 X68.072 Y117.153
G0 X68.047 Y117.116
G0 X68.37 Y116.901
G1 F1500 E611.0397
G1 F900 Z3.86
G0 F9000 X91.584 Y116.853 Z3.86
;TYPE:WALL-INNER
G1 F900 Z2.86
G1 F480 E612.63314
G1 F1500 X91.57 Y116.836 E612.63369
G1 X91.565 Y116.818 E612.63416
G1 X91.553 Y116.778 E612.6352
G1 X91.553 Y116.759 E612.63567
G1 X91.552 Y116.734 E612.6363
G1 X91.573 Y116.66 E612.63822
G1 X91.588 Y116.642 E612.6388
G1 X91.626 Y116.596 E612.64029
G1 X91.668 Y116.569 E612.64153
G1 X91.689 Y116.564 E612.64207
G1 X91.729 Y116.553 E612.64311
G1 X91.764 Y116.552 E612.64398
G1 X91.847 Y116.575 E612.64613
G1 X91.865 Y116.589 E612.6467
G1 X91.891 Y116.609 E612.6475
G1 X91.921 Y116.647 E612.64869
G1 X91.938 Y116.691 E612.64985
G1 X91.944 Y116.706 E612.65024
G1 X91.947 Y116.733 E612.65091
G1 X91.949 Y116.75 E612.65133
G1 X91.93 Y116.828 E612.65327
G1 X91.925 Y116.847 E612.65374
G1 X91.891 Y116.891 E612.65509
G1 X91.866 Y116.91 E612.65586
G1 X91.845 Y116.926 E612.65649
G1 X91.79 Y116.945 E612.65792
G1 X91.764 Y116.947 E612.65856
G1 X91.745 Y116.949 E612.65902
G1 X91.666 Y116.929 E612.661
G1 X91.642 Y116.915 E612.66168
G1 X91.623 Y116.903 E612.6622
G1 X91.612 Y116.889 E612.66262
G1 X91.584 Y116.853 E612.66372
G0 F9000 X91.257 Y117.134
;TYPE:WALL-OUTER
G1 F900 X91.206 Y117.059 E612.6657
G1 X91.175 Y116.995 E612.66726
G1 X91.145 Y116.904 E612.66935
G1 X91.131 Y116.836 E612.67086
G1 X91.125 Y116.75 E612.67275
G1 X91.131 Y116.664 E612.67463
G1 X91.176 Y116.503 E612.67828
G1 X91.209 Y116.436 E612.67991
G1 X91.304 Y116.313 E612.6833
G1 X91.365 Y116.259 E612.68508
G1 X91.441 Y116.207 E612.68709
G1 X91.51 Y116.173 E612.68877
G1 X91.595 Y116.146 E612.69071
G1 X91.669 Y116.131 E612.69236
G1 X91.75 Y116.126 E612.69413
G1 X91.836 Y116.131 E612.69601
G1 X91.995 Y116.175 E612.69961
G1 X92.059 Y116.206 E612.70116
G1 X92.134 Y116.257 E612.70314
G1 X92.192 Y116.308 E612.70483
G1 X92.243 Y116.366 E612.70652
G1 X92.294 Y116.441 E612.7085
G1 X92.324 Y116.503 E612.71
G1 X92.355 Y116.596 E612.71214
G1 X92.369 Y116.664 E612.71365
G1 X92.375 Y116.75 E612.71554
G1 X92.369 Y116.836 E612.71742
G1 X92.356 Y116.88 E612.71842
G0 F810 X92.325 Y116.995
G0 X92.294 Y117.059
G0 X92.243 Y117.134
G0 X92.192 Y117.192
G0 X92.134 Y117.243
G0 X92.059 Y117.294
G0 X91.995 Y117.325
G0 X91.904 Y117.355
G0 X91.836 Y117.369
G0 X91.749 Y117.375
G0 X91.664 Y117.37
G0 X91.514 Y117.328
G0 X91.438 Y117.291
G0 X91.366 Y117.243
G0 X91.308 Y117.192
G0 X91.257 Y117.134
G0 F9000 X91.206 Y117.059
G0 X91.175 Y116.995
G0 X91.163 Y116.958
G0 X91.531 Y116.837
G1 F1500 E611.21842
G1 F900 Z3.86
G0 F9000 X91.623 Y92.803 Z3.86
;TYPE:WALL-INNER
G1 F900 Z2.86
G1 F480 E612.81156
G1 F1500 X91.588 Y92.76 E612.81294
G1 X91.571 Y92.74 E612.8136
G1 X91.563 Y92.709 E612.81439
G1 X91.555 Y92.68 E612.81514
G1 X91.555 Y92.644 E612.81604
G1 X91.556 Y92.619 E612.81667
G1 X91.579 Y92.547 E612.81855
G1 X91.609 Y92.509 E612.81976
G1 X91.655 Y92.476 E612.82117
G1 X91.697 Y92.459 E612.8223
G1 X91.73 Y92.458 E612.82313
G1 X91.775 Y92.456 E612.82425
G1 X91.847 Y92.475 E612.82611
G1 X91.865 Y92.489 E612.82665
G1 X91.891 Y92.509 E612.82746
G1 X91.921 Y92.547 E612.82865
G1 X91.939 Y92.595 E612.82988
G1 X91.944 Y92.606 E612.83015
G1 X91.947 Y92.635 E612.83086
G1 X91.949 Y92.65 E612.83122
G1 X91.934 Y92.713 E612.83278
G1 X91.925 Y92.746 E612.8336
G1 X91.891 Y92.791 E612.83499
G1 X91.845 Y92.826 E612.83641
G1 X91.827 Y92.832 E612.83687
G1 X91.79 Y92.845 E612.83781
G1 X91.745 Y92.849 E612.83892
G1 X91.68 Y92.833 E612.84054
G1 X91.666 Y92.829 E612.84087
G1 X91.642 Y92.815 E612.84155
G1 X91.623 Y92.803 E612.84208
G0 F9000 X91.366 Y93.143
;TYPE:WALL-OUTER
G1 F900 X91.308 Y93.092 E612.84376
G1 X91.257 Y93.034 E612.84545
G1 X91.206 Y92.959 E612.84743
G1 X91.175 Y92.895 E612.84898
G1 X91.147 Y92.809 E612.85095
G1 X91.13 Y92.723 E612.85287
G1 X91.131 Y92.564 E612.85634
G1 X91.176 Y92.403 E612.85999
G1 X91.206 Y92.341 E612.86149
G1 X91.257 Y92.266 E612.86347
G1 X91.308 Y92.208 E612.86516
G1 X91.366 Y92.157 E612.86684
G1 X91.438 Y92.109 E612.86873
G1 X91.512 Y92.073 E612.87053
G1 X91.589 Y92.048 E612.87229
G1 X91.676 Y92.03 E612.87423
G1 X91.835 Y92.031 E612.8777
G1 X91.995 Y92.075 E612.88133
G1 X92.059 Y92.106 E612.88288
G1 X92.134 Y92.157 E612.88486
G1 X92.192 Y92.208 E612.88654
G1 X92.243 Y92.266 E612.88823
G1 X92.294 Y92.341 E612.89021
G1 X92.324 Y92.403 E612.89171
G1 X92.355 Y92.496 E612.89385
G1 X92.369 Y92.564 E612.89537
G1 X92.374 Y92.623 E612.89666
G0 F810 X92.375 Y92.65
G0 X92.37 Y92.731
G0 X92.325 Y92.895
G0 X92.294 Y92.959
G0 X92.243 Y93.034
G0 X92.192 Y93.092
G0 X92.134 Y93.143
G0 X92.059 Y93.194
G0 X91.995 Y93.225
G0 X91.904 Y93.255
G0 X91.836 Y93.269
G0 X91.749 Y93.275
G0 X91.664 Y93.27
G0 X91.514 Y93.228
G0 X91.438 Y93.191
G0 X91.366 Y93.143
G0 F9000 X91.308 Y93.092
G0 X91.257 Y93.034
G0 X91.231 Y92.996
G0 X91.551 Y92.778
G1 F1500 E611.39666
G1 F900 Z3.86
G0 F9000 X68.541 Y92.82 Z3.86
;TYPE:WALL-INNER
G1 F900 Z2.86
G1 F480 E612.98991
G1 F1500 X68.507 Y92.793 E612.99099
G1 X68.472 Y92.746 E612.99245
G1 X68.453 Y92.699 E612.99372
G1 X68.447 Y92.648 E612.995
G1 X68.468 Y92.561 E612.99723
G1 X68.494 Y92.521 E612.99842
G1 X68.524 Y92.492 E612.99946
G1 X68.578 Y92.46 E613.00103
G1 X68.624 Y92.448 E613.00221
G1 X68.676 Y92.448 E613.00351
G1 X68.759 Y92.48 E613.00573
G1 X68.793 Y92.507 E613.00681
G1 X68.828 Y92.554 E613.00827
G1 X68.846 Y92.599 E613.00948
G1 X68.853 Y92.648 E613.01072
G1 X68.832 Y92.739 E613.01302
G1 X68.808 Y92.776 E613.01412
G1 X68.776 Y92.808 E613.01525
G1 X68.722 Y92.84 E613.01682
G1 X68.676 Y92.852 E613.018
G1 X68.624 Y92.852 E613.0193
G1 X68.541 Y92.82 E613.0215
G0 F9000 X68.337 Y93.195
;TYPE:WALL-OUTER
G1 F900 X68.264 Y93.146 E613.02342
G1 X68.205 Y93.095 E613.02512
G1 X68.154 Y93.036 E613.02682
G1 X68.105 Y92.963 E613.02874
G1 X68.069 Y92.891 E613.0305
G1 X68.041 Y92.806 E613.03245
G1 X68.027 Y92.737 E613.03399
G1 X68.021 Y92.65 E613.03589
G1 X68.027 Y92.563 E613.03779
G1 X68.069 Y92.409 E613.04128
G1 X68.105 Y92.337 E613.04304
G1 X68.154 Y92.264 E613.04495
G1 X68.205 Y92.205 E613.04666
G1 X68.264 Y92.154 E613.04836
G1 X68.337 Y92.105 E613.05028
G1 X68.414 Y92.067 E613.05215
G1 X68.482 Y92.043 E613.05373
G1 X68.568 Y92.026 E613.05564
G1 X68.65 Y92.021 E613.05743
G1 X68.732 Y92.026 E613.05923
G1 X68.818 Y92.043 E613.06114
G1 X68.963 Y92.105 E613.06458
G1 X69.036 Y92.154 E613.0665
G1 X69.095 Y92.205 E613.0682
G1 X69.146 Y92.264 E613.06991
G1 X69.195 Y92.337 E613.07182
G1 X69.231 Y92.409 E613.07358
G1 X69.259 Y92.494 E613.07553
G1 X69.269 Y92.54 E613.07656
G0 F810 X69.273 Y92.563
G0 X69.279 Y92.65
G0 X69.273 Y92.737
G0 X69.231 Y92.891
G0 X69.195 Y92.963
G0 X69.146 Y93.036
G0 X69.095 Y93.095
G0 X69.036 Y93.146
G0 X68.963 Y93.195
G0 X68.886 Y93.233
G0 X68.818 Y93.257
G0 X68.732 Y93.274
G0 X68.65 Y93.279
G0 X68.568 Y93.274
G0 X68.482 Y93.257
G0 X68.337 Y93.195
G0 F9000 X68.264 Y93.146
G0 X68.205 Y93.095
G0 X68.182 Y93.068
G0 X68.477 Y92.814
G0 X68.479 Y92.749
G1 F1500 E611.57656
G1 F900 Z3.86
G0 F9000 X65.734 Y119.851 Z3.86
;TIME_ELAPSED:1072.331663
;LAYER:18
G0 X65.734 Y119.851 Z4.01
;TYPE:WALL-INNER
G1 F900 Z3.01
G1 F480 E613.16985
G1 F1500 X95.266 Y119.851 E613.90653
G1 X95.266 Y89.149 E614.6724
G1 X65.734 Y89.149 E615.40908
G1 X65.734 Y118.186 E616.13341
G0 F1350 X65.734 Y119.851
G0 F9000 X66.159 Y119.426
;TYPE:WALL-OUTER
G1 F480 E616.17494
G1 F900 X94.841 Y119.426 E616.80098
G1 X94.841 Y89.574 E617.45256
G1 X66.159 Y89.574 E618.0786
G1 X66.159 Y117.524 E618.68866
G0 F810 X66.159 Y119.426
G0 F9000 X66.359 Y119.426
G0 X66.359 Y119.811
G0 X64.964 Y119.947
;TYPE:WALL-INNER
G1 F480 E618.73018
G1 F1500 X65.062 Y119.83 E618.73399
G1 X65.062 Y119.051 E618.75342
G1 X64.9 Y118.868 E618.75952
G1 X64.942 Y118.825 E618.76101
G1 X65.062 Y118.602 E618.76733
G1 X65.062 Y117.879 E618.78537
G1 X64.964 Y117.766 E618.7891
G1 X65.062 Y117.588 E618.79417
G1 X65.062 Y116.735 E618.81544
G1 X65.025 Y116.585 E618.8193
G1 X64.943 Y116.422 E618.82385
G1 X64.913 Y116.362 E618.82552
G1 X65.025 Y116.362 E618.82631
G1 X65.062 Y116.362
G1 X65.062 Y88.55 E619.52008
G1 X95.938 Y88.55 E620.29029
G1 X95.938 Y116.358 E620.98396
G1 X96.093 Y116.359 E620.98783
G1 X96.064 Y116.419
G1 X95.938 Y116.675 E620.99248
G1 X95.938 Y117.515 E621.01344
G1 X95.99 Y117.689 E621.01797
G1 X96.036 Y117.772 E621.02033
G1 X95.938 Y117.888 E621.02412
G1 X95.938 Y118.592 E621.04168
G1 X96.053 Y118.82 E621.04805
G1 X96.099 Y118.867 E621.04969
G1 X95.939 Y119.05 E621.05576
G1 X95.938 Y119.828 E621.07517
G1 X96.038 Y119.949 E621.07908
G1 X95.938 Y120.171 E621.08515
G1 X95.938 Y120.45 E621.09211
G1 X66.206 Y120.45 E621.83378
G0 F1350 X65.062 Y120.45
G0 X65.062 Y120.211
G0 X65.018 Y120.056
G0 X64.964 Y119.947
G0 F9000 X64.637 Y119.676
;TYPE:WALL-OUTER
G1 F480 E621.87532
G1 F900 X64.637 Y119.212 E621.88544
G1 X64.523 Y119.083 E621.8892
G1 X64.112 Y119.075 E621.89817
G1 X62.766 Y119.074 E621.92755
G1 X62.673 Y119.074 E621.92958
G1 X62.661 Y119.027 E621.93064
G1 X62.661 Y119.024 E621.93071
G1 X62.649 Y118.899 E621.93345
G1 X62.655 Y118.806 E621.93548
G1 X62.662 Y118.708 E621.93763
G1 X62.67 Y118.682 E621.93822
G1 X62.674 Y118.682 E621.93831
G1 X63.979 Y118.647 E621.9668
G1 X64.441 Y118.651 E621.97689
G1 X64.518 Y118.651 E621.97857
G1 X64.596 Y118.571 E621.98101
G1 X64.637 Y118.495 E621.98289
G1 X64.637 Y118.418 E621.98457
G1 X64.637 Y118.038 E621.99287
G1 X64.451 Y117.825 E621.99904
G1 X64.56 Y117.631 E622.0039
G1 X64.57 Y117.599 E622.00463
G1 X64.637 Y117.478 E622.00765
G1 X64.637 Y116.786 E622.02275
G1 X64.624 Y116.733 E622.02394
G1 X64.424 Y116.335 E622.03366
G1 X64.424 Y115.937 E622.04235
G1 X64.637 Y115.937 E622.047
G1 X64.637 Y88.125 E622.65405
G1 X96.363 Y88.125 E623.34653
G1 X96.363 Y115.935 E623.95354
G1 X96.576 Y115.936 E623.95819
G1 X96.576 Y116.338 E623.96696
G1 X96.363 Y116.773 E623.97754
G1 X96.363 Y117.453 E623.99238
G1 X96.384 Y117.524 E623.994
G1 X96.549 Y117.822 E624.00143
G1 X96.363 Y118.043 E624.00773
G1 X96.363 Y118.491 E624.01751
G1 X96.403 Y118.57 E624.01945
G1 X96.479 Y118.648 E624.02182
G1 X96.887 Y118.662 E624.03073
G1 X98.225 Y118.663 E624.05994
G1 X98.327 Y118.663 E624.06216
G1 X98.339 Y118.708 E624.06318
G1 X98.345 Y118.769 E624.06452
G1 X98.35 Y118.821 E624.06566
G1 X98.343 Y118.923 E624.06789
G1 X98.335 Y119.028 E624.07019
G1 X98.324 Y119.073 E624.0712
G1 X98.272 Y119.074 E624.07234
G1 X97.876 Y119.082 E624.08098
G1 X97.02 Y119.072 E624.09967
G1 X96.464 Y119.094 E624.11181
G1 X96.364 Y119.209 E624.11514
G1 X96.363 Y119.676 E624.12533
G1 X96.547 Y119.899 E624.13164
G1 X96.458 Y120.053 E624.13552
G1 X96.363 Y120.263 E624.14055
G1 X96.363 Y120.875 E624.15391
G1 X65.23 Y120.875 E624.83345
G0 F810 X64.637 Y120.875
G0 X64.637 Y120.27
G0 X64.62 Y120.21
G0 X64.541 Y120.051
G0 X64.452 Y119.897
G0 X64.637 Y119.676
G0 F9000 X64.637 Y119.476
G0 X65.022 Y119.476
G0 X65.334 Y119.476
G1 F1500 E623.33345
G1 F900 Z4.01
G0 F9000 X65.334 Y119.476 Z4.01
G0 X68.429 Y116.915
;TYPE:WALL-INNER
G1 F900 Z3.01
G1 F480 E624.93733
G1 F1500 X68.394 Y116.868 E624.93879
G1 X68.374 Y116.819 E624.94011
G1 X68.368 Y116.768 E624.94139
G1 X68.371 Y116.73 E624.94234
G1 X68.413 Y116.64 E624.94482
G1 X68.437 Y116.615 E624.94569
G1 X68.497 Y116.579 E624.94743
G1 X68.545 Y116.567 E624.94866
G1 X68.592 Y116.567 E624.94984
G1 X68.679 Y116.598 E624.95214
G1 X68.714 Y116.625 E624.95324
G1 X68.747 Y116.67 E624.95464
G1 X68.765 Y116.712 E624.95578
G1 X68.773 Y116.768 E624.95719
G1 X68.753 Y116.856 E624.95944
G1 X68.73 Y116.894 E624.96055
G1 X68.699 Y116.926 E624.96166
G1 X68.648 Y116.956 E624.96313
G1 X68.592 Y116.97 E624.96457
G1 X68.545 Y116.97 E624.96575
G1 X68.464 Y116.94 E624.96788
G1 X68.429 Y116.915 E624.96895
G0 F9000 X68.182 Y117.263
;TYPE:WALL-OUTER
G1 F900 X68.125 Y117.213 E624.9706
G1 X68.072 Y117.153 E624.97235
G1 X68.026 Y117.084 E624.97416
G1 X67.99 Y117.01 E624.97596
G1 X67.964 Y116.934 E624.97771
G1 X67.947 Y116.851 E624.97956
G1 X67.942 Y116.768 E624.98137
G1 X67.947 Y116.686 E624.98317
G1 X67.964 Y116.603 E624.98502
G1 X68.026 Y116.453 E624.98856
G1 X68.072 Y116.384 E624.99037
G1 X68.125 Y116.324 E624.99212
G1 X68.182 Y116.274 E624.99377
G1 X68.26 Y116.221 E624.99583
G1 X68.331 Y116.187 E624.99755
G1 X68.403 Y116.162 E624.99921
G1 X68.489 Y116.145 E625.00113
G1 X68.571 Y116.14 E625.00292
G1 X68.652 Y116.145 E625.00469
G1 X68.736 Y116.162 E625.00656
G1 X68.885 Y116.224 E625.01008
G1 X68.957 Y116.272 E625.01197
G1 X69.016 Y116.323 E625.01367
G1 X69.067 Y116.382 E625.01538
G1 X69.115 Y116.454 E625.01726
G1 X69.152 Y116.53 E625.01911
G1 X69.177 Y116.603 E625.02079
G1 X69.194 Y116.687 E625.02266
G1 X69.198 Y116.742 E625.02387
G0 F810 X69.199 Y116.768
G0 X69.194 Y116.851
G0 X69.152 Y117.007
G0 X69.115 Y117.083
G0 X69.067 Y117.155
G0 X69.016 Y117.214
G0 X68.957 Y117.265
G0 X68.885 Y117.313
G0 X68.809 Y117.35
G0 X68.736 Y117.375
G0 X68.652 Y117.392
G0 X68.571 Y117.397
G0 X68.489 Y117.392
G0 X68.403 Y117.375
G0 X68.26 Y117.316
G0 X68.182 Y117.263
G0 F9000 X68.125 Y117.213
G0 X68.072 Y117.153
G0 X68.047 Y117.116
G0 X68.37 Y116.901
G1 F1500 E623.52387
G1 F900 Z4.01
G0 F9000 X91.592 Y116.872 Z4.01
;TYPE:WALL-INNER
G1 F900 Z3.01
G1 F480 E625.11731
G1 F1500 X91.582 Y116.855 E625.1178
G1 X91.57 Y116.836 E625.11837
G1 X91.565 Y116.818 E625.11883
G1 X91.553 Y116.778 E625.11987
G1 X91.553 Y116.759 E625.12035
G1 X91.552 Y116.734 E625.12097
G1 X91.573 Y116.659 E625.12291
G1 X91.587 Y116.642 E625.12346
G1 X91.625 Y116.596 E625.12495
G1 X91.659 Y116.573 E625.12598
G1 X91.698 Y116.564 E625.12697
G1 X91.75 Y116.551 E625.12831
G1 X91.847 Y116.575 E625.1308
G1 X91.864 Y116.588 E625.13134
G1 X91.891 Y116.609 E625.13219
G1 X91.904 Y116.625 E625.1327
G1 X91.921 Y116.647 E625.13339
G1 X91.938 Y116.691 E625.13455
G1 X91.944 Y116.706 E625.13494
G1 X91.947 Y116.733 E625.13561
G1 X91.949 Y116.75 E625.13602
G1 X91.93 Y116.828 E625.13797
G1 X91.925 Y116.847 E625.13844
G1 X91.891 Y116.891 E625.1398
G1 X91.865 Y116.911 E625.1406
G1 X91.845 Y116.926 E625.14119
G1 X91.79 Y116.945 E625.14261
G1 X91.75 Y116.949 E625.14359
G1 X91.666 Y116.93 E625.14563
G1 X91.634 Y116.91 E625.14656
G1 X91.622 Y116.902 E625.14687
G1 X91.61 Y116.89 E625.14729
G1 X91.592 Y116.872 E625.14791
G0 F9000 X91.257 Y117.134
;TYPE:WALL-OUTER
G1 F900 X91.206 Y117.059 E625.14989
G1 X91.175 Y116.995 E625.15144
G1 X91.145 Y116.904 E625.15353
G1 X91.131 Y116.836 E625.15505
G1 X91.125 Y116.75 E625.15693
G1 X91.131 Y116.664 E625.15881
G1 X91.176 Y116.503 E625.16246
G1 X91.208 Y116.437 E625.16406
G1 X91.306 Y116.31 E625.16756
G1 X91.364 Y116.259 E625.16925
G1 X91.443 Y116.206 E625.17133
G1 X91.507 Y116.174 E625.17289
G1 X91.665 Y116.131 E625.17646
G1 X91.75 Y116.125 E625.17832
G1 X91.836 Y116.131 E625.1802
G1 X91.995 Y116.175 E625.18381
G1 X92.059 Y116.206 E625.18536
G1 X92.134 Y116.257 E625.18734
G1 X92.192 Y116.308 E625.18902
G1 X92.243 Y116.366 E625.19071
G1 X92.294 Y116.441 E625.19269
G1 X92.324 Y116.503 E625.19419
G1 X92.355 Y116.596 E625.19633
G1 X92.369 Y116.664 E625.19785
G1 X92.375 Y116.75 E625.19973
G1 X92.369 Y116.836 E625.20161
G1 X92.357 Y116.879 E625.20258
G0 F810 X92.325 Y116.995
G0 X92.294 Y117.059
G0 X92.243 Y117.134
G0 X92.192 Y117.192
G0 X92.134 Y117.243
G0 X92.059 Y117.294
G0 X91.995 Y117.325
G0 X91.904 Y117.355
G0 X91.836 Y117.369
G0 X91.75 Y117.375
G0 X91.664 Y117.369
G0 X91.516 Y117.329
G0 X91.44 Y117.292
G0 X91.365 Y117.242
G0 X91.307 Y117.191
G0 X91.257 Y117.134
G0 F9000 X91.206 Y117.059
G0 X91.175 Y116.995
G0 X91.163 Y116.958
G0 X91.531 Y116.837
G1 F1500 E623.70258
G1 F900 Z4.01
G0 F9000 X91.618 Y92.799 Z4.01
;TYPE:WALL-INNER
G1 F900 Z3.01
G1 F480 E625.29575
G1 F1500 X91.609 Y92.787 E625.29612
G1 X91.579 Y92.748 E625.29735
G1 X91.57 Y92.736 E625.29772
G1 X91.564 Y92.711 E625.29836
G1 X91.553 Y92.674 E625.29932
G1 X91.553 Y92.66 E625.29967
G1 X91.552 Y92.634 E625.30032
G1 X91.579 Y92.547 E625.3026
G1 X91.609 Y92.509 E625.3038
G1 X91.659 Y92.473 E625.30534
G1 X91.684 Y92.466 E625.30599
G1 X91.734 Y92.452 E625.30728
G1 X91.75 Y92.452 E625.30768
G1 X91.762 Y92.452 E625.30798
G1 X91.847 Y92.475 E625.31018
G1 X91.86 Y92.485 E625.31056
G1 X91.891 Y92.509 E625.31151
G1 X91.921 Y92.547 E625.3127
G1 X91.938 Y92.591 E625.31385
G1 X91.944 Y92.606 E625.31423
G1 X91.946 Y92.629 E625.31479
G1 X91.949 Y92.65 E625.31531
G1 X91.93 Y92.728 E625.31724
G1 X91.925 Y92.747 E625.31771
G1 X91.891 Y92.791 E625.31908
G1 X91.845 Y92.826 E625.32051
G1 X91.79 Y92.845 E625.32193
G1 X91.774 Y92.846 E625.32228
G1 X91.75 Y92.849 E625.32287
G1 X91.677 Y92.833 E625.32468
G1 X91.666 Y92.83 E625.32494
G1 X91.633 Y92.809 E625.3259
G1 X91.618 Y92.799 E625.32631
G0 F9000 X91.308 Y93.092
;TYPE:WALL-OUTER
G1 F900 X91.257 Y93.034 E625.328
G1 X91.206 Y92.959 E625.32998
G1 X91.175 Y92.895 E625.33153
G1 X91.145 Y92.804 E625.33362
G1 X91.131 Y92.735 E625.33516
G1 X91.125 Y92.65 E625.33702
G1 X91.131 Y92.564 E625.3389
G1 X91.176 Y92.403 E625.34255
G1 X91.206 Y92.341 E625.34405
G1 X91.257 Y92.266 E625.34603
G1 X91.308 Y92.208 E625.34771
G1 X91.366 Y92.157 E625.3494
G1 X91.442 Y92.106 E625.3514
G1 X91.506 Y92.074 E625.35296
G1 X91.666 Y92.031 E625.35658
G1 X91.751 Y92.025 E625.35844
G1 X91.836 Y92.031 E625.3603
G1 X91.995 Y92.075 E625.3639
G1 X92.059 Y92.106 E625.36545
G1 X92.134 Y92.157 E625.36743
G1 X92.192 Y92.208 E625.36911
G1 X92.243 Y92.266 E625.3708
G1 X92.294 Y92.341 E625.37278
G1 X92.324 Y92.403 E625.37428
G1 X92.355 Y92.496 E625.37642
G1 X92.369 Y92.564 E625.37794
G1 X92.375 Y92.65 E625.37982
G1 X92.371 Y92.699 E625.38089
G0 F810 X92.369 Y92.736
G0 X92.325 Y92.895
G0 X92.294 Y92.959
G0 X92.243 Y93.034
G0 X92.192 Y93.092
G0 X92.134 Y93.143
G0 X92.059 Y93.194
G0 X91.995 Y93.225
G0 X91.904 Y93.255
G0 X91.836 Y93.269
G0 X91.75 Y93.275
G0 X91.664 Y93.269
G0 X91.516 Y93.229
G0 X91.44 Y93.192
G0 X91.365 Y93.142
G0 X91.308 Y93.092
G0 F9000 X91.257 Y93.034
G0 X91.206 Y92.959
G0 X91.192 Y92.93
G0 X91.54 Y92.763
G1 F1500 E623.88089
G1 F900 Z4.01
G0 F9000 X68.541 Y92.82 Z4.01
;TYPE:WALL-INNER
G1 F900 Z3.01
G1 F480 E625.47414
G1 F1500 X68.507 Y92.793 E625.47522
G1 X68.472 Y92.746 E625.47669
G1 X68.453 Y92.699 E625.47795
G1 X68.447 Y92.648 E625.47923
G1 X68.468 Y92.561 E625.48146
G1 X68.494 Y92.521 E625.48265
G1 X68.524 Y92.492 E625.48369
G1 X68.578 Y92.46 E625.48526
G1 X68.624 Y92.448 E625.48645
G1 X68.676 Y92.448 E625.48774
G1 X68.759 Y92.48 E625.48996
G1 X68.793 Y92.507 E625.49105
G1 X68.828 Y92.554 E625.49251
G1 X68.846 Y92.599 E625.49372
G1 X68.853 Y92.648 E625.49495
G1 X68.832 Y92.739 E625.49726
G1 X68.808 Y92.776 E625.49836
G1 X68.776 Y92.808 E625.49948
G1 X68.722 Y92.84 E625.50105
G1 X68.676 Y92.852 E625.50224
G1 X68.624 Y92.852 E625.50353
G1 X68.541 Y92.82 E625.50573
G0 F9000 X68.337 Y93.195
;TYPE:WALL-OUTER
G1 F900 X68.264 Y93.146 E625.50765
G1 X68.205 Y93.095 E625.50935
G1 X68.154 Y93.036 E625.51106
G1 X68.105 Y92.963 E625.51297
G1 X68.069 Y92.891 E625.51473
G1 X68.041 Y92.806 E625.51668
G1 X68.027 Y92.737 E625.51822
G1 X68.021 Y92.65 E625.52012
G1 X68.027 Y92.563 E625.52203
G1 X68.069 Y92.409 E625.52551
G1 X68.105 Y92.337 E625.52727
G1 X68.154 Y92.264 E625.52919
G1 X68.205 Y92.205 E625.53089
G1 X68.264 Y92.154 E625.53259
G1 X68.337 Y92.105 E625.53451
G1 X68.414 Y92.067 E625.53639
G1 X68.482 Y92.043 E625.53796
G1 X68.568 Y92.026 E625.53987
G1 X68.65 Y92.021 E625.54167
G1 X68.732 Y92.026 E625.54346
G1 X68.818 Y92.043 E625.54537
G1 X68.963 Y92.105 E625.54882
G1 X69.036 Y92.154 E625.55073
G1 X69.095 Y92.205 E625.55244
G1 X69.146 Y92.264 E625.55414
G1 X69.195 Y92.337 E625.55606
G1 X69.231 Y92.409 E625.55781
G1 X69.259 Y92.494 E625.55977
G1 X69.269 Y92.54 E625.5608
G0 F810 X69.273 Y92.563
G0 X69.279 Y92.65
G0 X69.273 Y92.737
G0 X69.231 Y92.891
G0 X69.195 Y92.963
G0 X69.146 Y93.036
G0 X69.095 Y93.095
G0 X69.036 Y93.146
G0 X68.963 Y93.195
G0 X68.886 Y93.233
G0 X68.818 Y93.257
G0 X68.732 Y93.274
G0 X68.65 Y93.279
G0 X68.568 Y93.274
G0 X68.482 Y93.257
G0 X68.337 Y93.195
G0 F9000 X68.264 Y93.146
G0 X68.205 Y93.095
G0 X68.182 Y93.068
G0 X68.477 Y92.814
G0 X68.479 Y92.749
G1 F1500 E624.0608
G1 F900 Z4.01
G0 F9000 X65.734 Y119.851 Z4.01
;TIME_ELAPSED:1105.806993
;LAYER:19
G0 X65.734 Y119.851 Z4.16
;TYPE:WALL-INNER
G1 F900 Z3.16
G1 F480 E625.65409
G1 F1500 X95.266 Y119.851 E626.39077
G1 X95.266 Y89.149 E627.15663
G1 X65.734 Y89.149 E627.89331
G1 X65.734 Y118.186 E628.61764
G0 F1350 X65.734 Y119.851
G0 F9000 X66.159 Y119.426
;TYPE:WALL-OUTER
G1 F480 E628.65917
G1 F900 X94.841 Y119.426 E629.28521
G1 X94.841 Y89.574 E629.93679
G1 X66.159 Y89.574 E630.56283
G1 X66.159 Y117.524 E631.1729
G0 F810 X66.159 Y119.426
G0 F9000 X66.359 Y119.426
G0 X66.359 Y119.811
G0 X65.056 Y120.45
;TYPE:WALL-INNER
G1 F480 E631.21441
G1 F1500 X65.056 Y120.411 E631.21539
G1 X64.906 Y120.111 E631.22375
G1 X64.925 Y120.088 E631.2245
G1 X65.062 Y119.925 E631.22981
G1 X65.065 Y118.662 E631.26131
G1 X65.058 Y117.766 E631.28367
G1 X64.903 Y117.601 E631.28931
G1 X65.063 Y117.305 E631.29771
G1 X65.057 Y116.427 E631.31961
G1 X65.062 Y116.427 E631.31973
G1 X65.062 Y88.55 E632.01513
G1 X95.938 Y88.55 E632.78533
G1 X95.938 Y117.215 E633.50038
G1 X95.978 Y117.389 E633.50484
G1 X96.097 Y117.606 E633.51101
G1 X95.938 Y117.795 E633.51717
G1 X95.938 Y119.925 E633.57031
G1 X96.078 Y120.091 E633.57572
G1 X96.097 Y120.114 E633.57647
G1 X95.939 Y120.45 E633.58573
G1 X95.909 Y120.45 E633.58648
G1 X66.721 Y120.45 E634.31457
G0 F1350 X65.087 Y120.45
G0 X65.056 Y120.45
G0 F9000 X64.632 Y120.514
;TYPE:WALL-OUTER
G1 F480 E634.35611
G1 F900 X64.509 Y120.268 E634.36211
G1 X64.424 Y120.12 E634.36584
G1 X64.424 Y120.023 E634.36795
G1 X64.637 Y119.77 E634.37517
G1 X64.637 Y119.305 E634.38532
G1 X64.535 Y119.188 E634.38871
G1 X64.579 Y119.149 E634.38999
G1 X64.637 Y119.06 E634.39231
G1 X64.637 Y118.645 E634.40137
G1 X64.534 Y118.543 E634.40453
G1 X64.583 Y118.493 E634.40606
G1 X64.592 Y118.473 E634.40654
G1 X64.638 Y118.441 E634.40776
G1 X64.634 Y117.935 E634.41881
G1 X64.471 Y117.761 E634.42401
G1 X64.424 Y117.7 E634.42569
G1 X64.424 Y117.595 E634.42799
G1 X64.637 Y117.199 E634.4378
G1 X64.633 Y116.478 E634.45354
G1 X64.444 Y116.097 E634.46282
G1 X64.424 Y116.057 E634.4638
G1 X64.424 Y115.999 E634.46506
G1 X64.637 Y116 E634.46814
G1 X64.637 Y88.125 E635.07657
G1 X96.363 Y88.125 E635.76905
G1 X96.363 Y115.992 E636.37731
G1 X96.363 Y116.007 E636.37763
G1 X96.576 Y115.992 E636.38066
G1 X96.576 Y116.007
G1 X96.576 Y116.059 E636.38179
G1 X96.556 Y116.1
G1 X96.363 Y116.496 E636.39141
G1 X96.363 Y117.167 E636.40605
G1 X96.379 Y117.237 E636.40762
G1 X96.576 Y117.597 E636.41658
G1 X96.576 Y117.697 E636.41876
G1 X96.363 Y117.95 E636.42598
G1 X96.363 Y118.397 E636.43574
G1 X96.398 Y118.471 E636.43752
G1 X96.467 Y118.542 E636.43968
G1 X96.363 Y118.645 E636.44288
G1 X96.363 Y119.075 E636.45226
G1 X96.471 Y119.182 E636.45558
G1 X96.363 Y119.305 E636.45915
G1 X96.363 Y119.77 E636.4693
G1 X96.576 Y120.023 E636.47652
G1 X96.576 Y120.12 E636.47864
G1 X96.483 Y120.291 E636.48289
G1 X96.363 Y120.547 E636.48906
G1 X96.363 Y120.875 E636.49622
G1 X66.177 Y120.875 E637.15509
G0 F810 X64.636 Y120.875
G0 X64.632 Y120.514
G0 F9000 X64.543 Y120.336
G0 X64.887 Y120.164
G0 X65.437 Y120.062
G0 X65.574 Y119.805
;TIME_ELAPSED:1133.453308
;LAYER:20
G0 X65.574 Y119.805 Z3.31
;TYPE:WALL-INNER
G1 F480 E637.1966
G1 F1500 X65.574 Y120.004 E637.20157
G1 X65.773 Y120.004 E637.20478
G1 X95.425 Y120.003 E637.94445
G1 X95.425 Y88.997 E638.7179
G1 X65.773 Y88.996 E639.45757
G1 X65.574 Y88.996 E639.46253
G1 X65.574 Y89.195 E639.46575
G1 X65.574 Y119.805 E640.22932
G0 F9000 X65.999 Y119.579
;TYPE:WALL-OUTER
G1 F900 X66.174 Y119.579 E640.23314
G1 X95 Y119.578 E640.86232
G1 X95 Y89.422 E641.52053
G1 X66.174 Y89.421 E642.14972
G1 X65.999 Y89.421 E642.15354
G1 X65.999 Y89.596 E642.15601
G1 X65.999 Y119.404 E642.80663
G1 X65.999 Y119.579 E642.8091
G0 F9000 X66.174 Y119.579
G0 X66.199 Y119.579
G0 X66.199 Y119.964
G0 X64.935 Y120.45
;TYPE:WALL-INNER
G1 F1500 X64.849 Y120.271 E642.81405
G1 X64.987 Y120.107 E642.8194
G1 X65.062 Y120.018 E642.8223
G1 X65.062 Y117.691 E642.88035
G1 X64.849 Y117.447 E642.88843
G1 X64.849 Y117.426 E642.88895
G1 X65.062 Y117.028 E642.90021
G1 X65.062 Y88.55 E643.6106
G1 X95.938 Y88.55 E644.38081
G1 X95.938 Y116.924 E645.0886
G1 X95.971 Y117.095 E645.09294
G1 X96.151 Y117.428 E645.10239
G1 X96.151 Y117.449 E645.10291
G1 X95.938 Y117.702 E645.11116
G1 X95.938 Y118.407 E645.12875
G1 X95.958 Y118.448 E645.12988
G1 X95.938 Y118.468 E645.13059
G1 X95.938 Y120.018 E645.16925
G1 X96.01 Y120.104 E645.17205
G1 X96.151 Y120.271 E645.1775
G1 X96.151 Y120.293 E645.17805
G1 X96.072 Y120.45 E645.18244
G1 X95.853 Y120.45 E645.18664
G1 X65.15 Y120.45 E645.95253
G1 X64.935 Y120.45 E645.95667
G0 F9000 X64.636 Y120.803
;TYPE:WALL-OUTER
G1 F900 X64.477 Y120.485 E645.96443
G1 X64.424 Y120.393 E645.96675
G1 X64.424 Y120.116 E645.97279
G1 X64.637 Y119.863 E645.98001
G1 X64.637 Y119.398 E645.99016
G1 X64.489 Y119.23 E645.99505
G1 X64.57 Y119.157 E645.99743
G1 X64.586 Y119.125 E645.99821
G1 X64.637 Y119.075 E645.99977
G1 X64.637 Y118.645 E646.00915
G1 X64.489 Y118.498 E646.01371
G1 X64.556 Y118.428 E646.01582
G1 X64.637 Y118.325 E646.01868
G1 X64.637 Y117.85 E646.02905
G1 X64.424 Y117.606 E646.03612
G1 X64.424 Y117.318 E646.0424
G1 X64.637 Y116.921 E646.05224
G1 X64.636 Y116.21 E646.06776
G1 X64.579 Y116.095 E646.07056
G1 X64.565 Y116.067 E646.07124
G1 X64.637 Y116.067 E646.0714
G1 X64.637 Y88.125 E646.68129
G1 X96.363 Y88.125 E647.37377
G1 X96.363 Y116.074 E647.98382
G1 X96.435 Y116.069 E647.98539
G1 X96.42 Y116.101
G1 X96.363 Y116.217 E647.98776
G1 X96.363 Y116.883 E648.0023
G1 X96.376 Y116.95 E648.00379
G1 X96.576 Y117.319 E648.01295
G1 X96.576 Y117.604 E648.01917
G1 X96.363 Y117.857 E648.02639
G1 X96.363 Y118.307 E648.03621
G1 X96.397 Y118.375 E648.03787
G1 X96.512 Y118.497 E648.04153
G1 X96.363 Y118.645 E648.04612
G1 X96.363 Y119.075 E648.0555
G1 X96.515 Y119.226 E648.06018
G1 X96.363 Y119.399 E648.0652
G1 X96.363 Y119.863 E648.07533
G1 X96.576 Y120.116 E648.08255
G1 X96.576 Y120.395 E648.08864
G1 X96.363 Y120.818 E648.09898
G1 X96.363 Y120.875 E648.10022
G1 X66.466 Y120.875 E648.75278
G0 F810 X64.636 Y120.875
G0 X64.636 Y120.803
G0 F9000 X64.547 Y120.624
G0 X64.891 Y120.452
G0 X65.289 Y120.05
G0 X65.406 Y120.112
;TIME_ELAPSED:1160.966757
;LAYER:21
G0 X65.406 Y120.112 Z3.46
;TYPE:WALL-INNER
G1 F480 E648.7943
G1 F1500 X65.406 Y120.165 E648.79562
G1 X95.593 Y120.164 E649.54864
G1 X95.593 Y120.112 E649.54993
G1 X95.593 Y119.334 E649.56934
G1 X95.593 Y119.29 E649.57044
G1 X95.593 Y119.252 E649.57139
G1 X95.593 Y118.468 E649.59094
G1 X95.593 Y118.417 E649.59222
G1 X95.593 Y118.307 E649.59496
G1 X95.593 Y117.608 E649.6124
G1 X95.593 Y117.535 E649.61422
G1 X95.593 Y116.861 E649.63103
G1 X95.593 Y116.763 E649.63347
G1 X95.593 Y88.836 E650.33012
G1 X65.406 Y88.835 E651.08313
G1 X65.406 Y116.75 E651.77948
G1 X65.406 Y116.859 E651.7822
G1 X65.406 Y117.529 E651.79891
G1 X65.406 Y117.603 E651.80076
G1 X65.406 Y118.382 E651.82019
G1 X65.406 Y118.43 E651.82138
G1 X65.406 Y118.447 E651.82181
G0 F1350 X65.406 Y118.468
G0 X65.406 Y119.251
G0 X65.406 Y119.288
G0 X65.406 Y119.331
G0 X65.406 Y120.112
G0 F9000 X65.831 Y119.74
;TYPE:WALL-OUTER
G1 F480 E651.86334
G1 F900 X66.006 Y119.74 E651.86716
G1 X95.168 Y119.739 E652.50368
G1 X95.168 Y89.261 E653.16892
G1 X66.006 Y89.26 E653.80544
G1 X65.831 Y89.26 E653.80926
G1 X65.831 Y89.435 E653.81173
G1 X65.831 Y119.565 E654.46938
G1 X65.831 Y119.74 E654.47185
G0 F9000 X66.006 Y119.74
G0 X66.031 Y119.74
G0 X66.031 Y120.125
G0 X65.062 Y120.112
;TYPE:WALL-INNER
G1 F1500 X65.062 Y119.331 E654.48865
G1 X65.025 Y119.288 E654.48995
G1 X65.062 Y119.251 E654.49116
G1 X65.062 Y118.468 E654.508
G1 X65.023 Y118.43 E654.50926
G1 X65.062 Y118.382 E654.51069
G1 X65.062 Y117.603 E654.52744
G1 X65.014 Y117.547 E654.52916
G1 X64.849 Y117.354 E654.5355
G1 X64.849 Y117.148 E654.54063
G1 X65.011 Y116.846 E654.54918
G1 X65.062 Y116.75 E654.55171
G1 X65.062 Y88.835 E655.15207
G1 X65.062 Y88.55 E655.15918
G1 X65.406 Y88.55 E655.16776
G1 X95.593 Y88.55 E655.70657
G1 X95.938 Y88.55 E655.71518
G1 X95.938 Y88.835 E655.72229
G1 X95.942 Y116.763 E656.32816
G1 X95.988 Y116.849 E656.33045
G1 X96.151 Y117.149 E656.33896
G1 X96.151 Y117.356 E656.34413
G1 X95.985 Y117.553 E656.35055
G1 X95.938 Y117.608 E656.35224
G1 X95.938 Y118.307 E656.36732
G1 X95.99 Y118.417 E656.37016
G1 X95.938 Y118.468 E656.37187
G1 X95.938 Y119.252 E656.38878
G1 X95.976 Y119.29 E656.39003
G1 X95.938 Y119.334 E656.39137
G1 X95.938 Y120.112 E656.40816
G1 X96.151 Y120.364 E656.41639
G1 X96.151 Y120.45 E656.41853
G1 X95.938 Y120.45 E656.42096
G1 X95.593 Y120.45 E656.42956
G1 X65.406 Y120.45 E656.96838
G1 X65.062 Y120.45 E656.97696
G1 X64.849 Y120.45 E656.98227
G1 X64.849 Y120.364 E656.98281
G1 X65.062 Y120.112 E656.98814
G0 F9000 X64.637 Y119.956
;TYPE:WALL-OUTER
G1 F900 X64.637 Y119.491 E656.99829
G1 X64.445 Y119.272 E657.00465
G1 X64.553 Y119.172 E657.00786
G1 X64.57 Y119.142 E657.00861
G1 X64.637 Y119.075 E657.01068
G1 X64.637 Y118.645 E657.02007
G1 X64.444 Y118.453 E657.02601
G1 X64.539 Y118.352 E657.02904
G1 X64.637 Y118.231 E657.03244
G1 X64.637 Y117.76 E657.04272
G1 X64.424 Y117.511 E657.04987
G1 X64.424 Y117.04 E657.06015
G1 X64.637 Y116.643 E657.06998
G1 X64.637 Y88.125 E657.69244
G1 X96.363 Y88.125 E658.38493
G1 X96.367 Y116.655 E659.00765
G1 X96.576 Y117.041 E659.01723
G1 X96.576 Y117.512 E659.02751
G1 X96.363 Y117.764 E659.03471
G1 X96.363 Y118.212 E659.04449
G1 X96.394 Y118.278 E659.04608
G1 X96.556 Y118.453 E659.05129
G1 X96.363 Y118.645 E659.05723
G1 X96.363 Y119.075 E659.06662
G1 X96.558 Y119.269 E659.07262
G1 X96.363 Y119.493 E659.0791
G1 X96.363 Y119.956 E659.08921
G1 X96.576 Y120.208 E659.09641
G1 X96.576 Y120.67 E659.10649
G1 X96.472 Y120.875 E659.11151
G1 X65.41 Y120.875 E659.7895
G0 F810 X64.529 Y120.875
G0 X64.424 Y120.67
G0 X64.424 Y120.208
G0 X64.637 Y119.956
G0 F9000 X64.637 Y119.756
G0 X65.022 Y119.756
G0 X65.291 Y120.205
;TIME_ELAPSED:1188.685531
;LAYER:22
G0 X65.291 Y120.205 Z3.61
;TYPE:WALL-INNER
G1 F480 E659.83102
G1 F1500 X65.291 Y120.276 E659.83279
G1 X95.709 Y120.276 E660.59157
G1 X95.709 Y120.205 E660.59334
G1 X95.709 Y119.431 E660.61265
G1 X95.709 Y119.334 E660.61506
G1 X95.709 Y119.252 E660.61711
G1 X95.709 Y118.468 E660.63667
G1 X95.709 Y118.388 E660.63866
G1 X95.709 Y118.211 E660.64308
G1 X95.709 Y117.515 E660.66044
G1 X95.709 Y117.284 E660.6662
G1 X95.709 Y116.809 E660.67805
G1 X95.709 Y116.476 E660.68636
G1 X95.709 Y88.724 E661.37863
G1 X65.291 Y88.724 E662.13741
G1 X65.291 Y116.472 E662.82959
G1 X65.291 Y116.81 E662.83802
G1 X65.291 Y117.281 E662.84977
G1 X65.291 Y117.51 E662.85548
G1 X65.291 Y118.288 E662.87489
G1 X65.291 Y118.387 E662.87736
G1 X65.291 Y118.468 E662.87938
G1 X65.291 Y118.54 E662.88118
G0 F1350 X65.291 Y119.253
G0 X65.291 Y119.333
G0 X65.291 Y119.425
G0 X65.291 Y120.205
G0 F9000 X65.716 Y119.851
;TYPE:WALL-OUTER
G1 F480 E662.92271
G1 F900 X95.284 Y119.851 E663.56809
G1 X95.284 Y89.149 E664.23822
G1 X65.716 Y89.149 E664.8836
G1 X65.716 Y117.949 E665.51222
G0 F810 X65.716 Y119.851
G0 F9000 X65.916 Y119.851
G0 X65.916 Y120.236
G0 X65.062 Y120.205
;TYPE:WALL-INNER
G1 F480 E665.55373
G1 F1500 X65.062 Y119.425 E665.5649
G1 X64.981 Y119.333 E665.56714
G1 X65.062 Y119.253 E665.56925
G1 X65.062 Y118.468 E665.58049
G1 X64.981 Y118.387 E665.58261
G1 X65.062 Y118.288 E665.58493
G1 X65.062 Y117.51 E665.59607
G1 X64.913 Y117.336 E665.60065
G1 X64.849 Y117.262 E665.60309
G1 X64.849 Y116.87 E665.61286
G1 X64.903 Y116.77 E665.6157
G1 X65.062 Y116.472 E665.62238
G1 X65.062 Y88.724 E666.01965
G1 X65.062 Y88.55 E666.02322
G1 X65.291 Y88.55 E666.02773
G1 X95.709 Y88.55 E666.35862
G1 X95.938 Y88.55 E666.36313
G1 X95.938 Y88.723 E666.36623
G1 X95.94 Y116.476 E666.76531
G1 X96.097 Y116.769 E666.77191
G1 X96.151 Y116.868 E666.77472
G1 X96.151 Y117.264 E666.7846
G1 X96.087 Y117.339 E666.78706
G1 X95.938 Y117.515 E666.79166
G1 X95.938 Y118.211 E666.80162
G1 X96.019 Y118.388 E666.805
G1 X95.938 Y118.468 E666.80699
G1 X95.938 Y119.252 E666.81822
G1 X96.021 Y119.334 E666.82039
G1 X95.938 Y119.431 E666.82272
G1 X95.938 Y120.205 E666.8338
G1 X96.146 Y120.45 E666.84182
G1 X95.938 Y120.45 E666.84284
G1 X95.709 Y120.45 E666.84656
G1 X65.291 Y120.45 E667.17746
G1 X65.062 Y120.45 E667.18197
G1 X64.854 Y120.45 E667.18715
G1 X65.062 Y120.205 E667.191
G0 F9000 X64.637 Y120.049
;TYPE:WALL-OUTER
G1 F900 X64.637 Y119.584 E667.20115
G1 X64.424 Y119.34 E667.20822
G1 X64.424 Y119.291 E667.20929
G1 X64.54 Y119.185 E667.21272
G1 X64.555 Y119.156 E667.21343
G1 X64.637 Y119.075 E667.21595
G1 X64.637 Y118.645 E667.22533
G1 X64.424 Y118.433 E667.23189
G1 X64.424 Y118.383 E667.23298
G1 X64.523 Y118.277 E667.23615
G1 X64.637 Y118.137 E667.24009
G1 X64.637 Y117.667 E667.25035
G1 X64.424 Y117.419 E667.25748
G1 X64.424 Y116.762 E667.27182
G1 X64.637 Y116.365 E667.28166
G1 X64.637 Y88.125 E667.89805
G1 X96.363 Y88.125 E668.59053
G1 X96.365 Y116.369 E669.20702
G1 X96.576 Y116.762 E669.21675
G1 X96.576 Y117.42 E669.23111
G1 X96.363 Y117.671 E669.2383
G1 X96.363 Y118.119 E669.24808
G1 X96.42 Y118.244 E669.25108
G1 X96.447 Y118.242 E669.25167
G1 X96.576 Y118.382 E669.25582
G1 X96.576 Y118.433 E669.25694
G1 X96.363 Y118.645 E669.26349
G1 X96.363 Y119.075 E669.27288
G1 X96.576 Y119.287 E669.27944
G1 X96.576 Y119.34 E669.2806
G1 X96.363 Y119.588 E669.28773
G1 X96.363 Y120.049 E669.29779
G1 X96.576 Y120.3 E669.30498
G1 X96.574 Y120.875 E669.31753
G1 X65.422 Y120.875 E669.99748
G0 F810 X64.424 Y120.875
G0 X64.424 Y120.3
G0 X64.637 Y120.049
G0 F9000 X64.637 Y119.849
G0 X65.022 Y119.849
G0 X65.291 Y119.518
;TIME_ELAPSED:1216.534826
;LAYER:23
G0 X65.291 Y119.518 Z3.76
;TYPE:WALL-INNER
G1 F480 E670.039
G1 F1500 X65.291 Y120.276 E670.05791
G1 X95.709 Y120.276 E670.81669
G1 X95.709 Y119.527 E670.83537
G1 X95.709 Y119.378 E670.83909
G1 X95.709 Y119.252 E670.84223
G1 X95.709 Y118.468 E670.86179
G1 X95.709 Y118.351 E670.86471
G1 X95.709 Y118.331 E670.86521
G1 X95.709 Y118.123 E670.87039
G1 X95.709 Y117.421 E670.88791
G1 X95.709 Y117.191 E670.89364
G1 X95.709 Y116.767 E670.90422
G1 X95.709 Y88.724 E671.60376
G1 X65.291 Y88.724 E672.36254
G1 X65.291 Y116.759 E673.06187
G1 X65.291 Y117.189 E673.0726
G1 X65.291 Y117.418 E673.07831
G1 X65.291 Y117.853 E673.08916
G0 F1350 X65.291 Y118.193
G0 X65.291 Y118.345
G0 X65.291 Y118.468
G0 X65.291 Y119.251
G0 X65.291 Y119.376
G0 X65.291 Y119.518
G0 F9000 X65.716 Y119.851
;TYPE:WALL-OUTER
G1 F480 E673.13069
G1 F900 X95.284 Y119.851 E673.77607
G1 X95.284 Y89.149 E674.44621
G1 X65.716 Y89.149 E675.09159
G1 X65.716 Y117.949 E675.7202
G0 F810 X65.716 Y119.851
G0 F9000 X65.916 Y119.851
G0 X65.916 Y120.236
G0 X64.934 Y120.45
;TYPE:WALL-INNER
G1 F480 E675.76172
G1 F1500 X65.062 Y120.299 E675.76665
G1 X65.062 Y120.276 E675.76711
G1 X65.062 Y119.518 E675.77796
G1 X64.938 Y119.376 E675.78162
G1 X65.062 Y119.251 E675.78507
G1 X65.062 Y118.468 E675.79628
G1 X64.938 Y118.345 E675.7997
G1 X65.062 Y118.193 E675.80349
G1 X65.062 Y117.418 E675.81458
G1 X64.913 Y117.244 E675.81915
G1 X64.849 Y117.17 E675.8216
G1 X64.849 Y116.759 E675.83185
G1 X65.062 Y116.759 E675.83716
G1 X65.062 Y88.724 E676.23853
G1 X65.062 Y88.55 E676.24211
G1 X65.291 Y88.55 E676.24661
G1 X95.709 Y88.55 E676.57751
G1 X95.938 Y88.55 E676.58202
G1 X95.938 Y88.724 E676.58515
G1 X95.938 Y116.767 E676.98664
G1 X96.151 Y116.764 E676.99195
G1 X96.151 Y117.171 E677.00211
G1 X96.087 Y117.246 E677.00457
G1 X95.938 Y117.421 E677.00915
G1 X95.938 Y118.123 E677.0192
G1 X96.037 Y118.331 E677.02333
G1 X96.056 Y118.351 E677.02379
G1 X95.938 Y118.468 E677.02703
G1 X95.938 Y119.252 E677.03825
G1 X96.065 Y119.378 E677.04177
G1 X95.938 Y119.527 E677.04558
G1 X95.938 Y120.276 E677.0563
G1 X95.938 Y120.299 E677.05675
G1 X96.066 Y120.45 E677.06169
G1 X95.938 Y120.45 E677.06188
G1 X95.709 Y120.45 E677.06626
G1 X65.291 Y120.45 E677.39715
G1 X65.062 Y120.45 E677.40127
G1 X64.934 Y120.45 E677.40146
G0 F9000 X64.637 Y120.142
;TYPE:WALL-OUTER
G1 F900 X64.637 Y119.677 E677.41161
G1 X64.424 Y119.433 E677.41868
G1 X64.424 Y119.291 E677.42178
G1 X64.524 Y119.199 E677.42474
G1 X64.539 Y119.173 E677.4254
G1 X64.637 Y119.075 E677.42842
G1 X64.637 Y118.645 E677.43781
G1 X64.424 Y118.433 E677.44437
G1 X64.424 Y118.291 E677.44747
G1 X64.507 Y118.202 E677.45012
G1 X64.637 Y118.042 E677.45462
G1 X64.637 Y117.575 E677.46482
G1 X64.424 Y117.327 E677.47195
G1 X64.424 Y116.484 E677.49035
G1 X64.505 Y116.334 E677.49407
G1 X64.637 Y116.334 E677.49695
G1 X64.637 Y88.125 E678.11267
G1 X96.363 Y88.125 E678.80515
G1 X96.363 Y116.336 E679.42091
G1 X96.495 Y116.334 E679.42379
G1 X96.576 Y116.483 E679.4275
G1 X96.576 Y117.328 E679.44594
G1 X96.363 Y117.578 E679.45311
G1 X96.363 Y118.027 E679.46291
G1 X96.393 Y118.09 E679.46443
G1 X96.576 Y118.289 E679.47033
G1 X96.576 Y118.433 E679.47348
G1 X96.363 Y118.645 E679.48004
G1 X96.363 Y119.075 E679.48942
G1 X96.576 Y119.287 E679.49598
G1 X96.576 Y119.432 E679.49915
G1 X96.363 Y119.683 E679.50633
G1 X96.363 Y120.142 E679.51635
G1 X96.576 Y120.392 E679.52352
G1 X96.576 Y120.875 E679.53406
G1 X65.515 Y120.875 E680.21203
G0 F810 X64.424 Y120.875
G0 X64.424 Y120.392
G0 X64.637 Y120.142
G0 F9000 X64.637 Y119.942
G0 X65.022 Y119.942
G0 X65.45 Y119.611
;TIME_ELAPSED:1244.511628
;LAYER:24
G0 X65.45 Y119.611 Z3.91
;TYPE:WALL-INNER
G1 F480 E680.25354
G1 F1500 X65.449 Y120.124 E680.26634
G1 X95.55 Y120.123 E681.01721
G1 X95.55 Y119.622 E681.02971
G1 X95.55 Y119.607 E681.03008
G1 X95.55 Y119.265 E681.03862
G1 X95.55 Y119.252 E681.03894
G1 X95.55 Y118.468 E681.0585
G1 X95.55 Y118.455 E681.05882
G1 X95.55 Y118.032 E681.06937
G1 X95.55 Y117.994 E681.07032
G1 X95.55 Y117.327 E681.08696
G1 X95.55 Y116.885 E681.09798
G1 X95.55 Y88.877 E681.79665
G1 X65.45 Y88.877 E682.54749
G1 X65.45 Y116.886 E683.24618
G1 X65.45 Y117.325 E683.25713
G1 X65.45 Y117.946 E683.27262
G0 F1350 X65.45 Y118.106
G0 X65.45 Y118.12
G0 X65.45 Y118.455
G0 X65.45 Y118.468
G0 X65.45 Y119.252
G0 X65.45 Y119.265
G0 X65.45 Y119.597
G0 X65.45 Y119.611
G0 F9000 X65.874 Y119.699
;TYPE:WALL-OUTER
G1 F480 E683.31416
G1 F900 X66.049 Y119.699 E683.31798
G1 X95.125 Y119.698 E683.95262
G1 X95.125 Y89.302 E684.61607
G1 X65.875 Y89.302 E685.25451
G1 X65.874 Y119.524 E685.91416
G1 X65.874 Y119.699 E685.91664
G0 F9000 X66.049 Y119.699
G0 X66.074 Y119.699
G0 X66.074 Y120.084
G0 X65.012 Y120.45
;TYPE:WALL-INNER
G1 F1500 X65.062 Y120.392 E685.91855
G1 X65.062 Y120.124 E685.92523
G1 X65.062 Y119.611 E685.93766
G1 X65.053 Y119.601 E685.93799
G1 X64.894 Y119.418 E685.94404
G1 X65.053 Y119.261 E685.94961
G1 X65.062 Y119.252 E685.94992
G1 X65.062 Y118.468 E685.96894
G1 X65.053 Y118.459 E685.96926
G1 X64.895 Y118.302 E685.97481
G1 X65.053 Y118.116 E685.9809
G1 X65.062 Y118.106 E685.98123
G1 X65.062 Y117.325 E686.00018
G1 X64.849 Y117.077 E686.00833
G1 X64.849 Y116.883 E686.01317
G1 X65.062 Y116.886 E686.01616
G1 X65.062 Y88.877 E686.69559
G1 X65.062 Y88.55 E686.70375
G1 X65.45 Y88.55 E686.71342
G1 X95.55 Y88.55 E687.32878
G1 X95.938 Y88.55 E687.33846
G1 X95.938 Y88.877 E687.34662
G1 X95.938 Y116.885 E688.02602
G1 X96.151 Y116.882 E688.03133
G1 X96.151 Y117.079 E688.03392
G1 X95.938 Y117.327 E688.04207
G1 X95.938 Y117.994 E688.05825
G1 X95.948 Y118.03 E688.05917
G1 X95.996 Y118.192 E688.06339
G1 X96.024 Y118.223 E688.06443
G1 X96.072 Y118.335 E688.06747
G1 X95.947 Y118.459 E688.07186
G1 X95.938 Y118.468 E688.07217
G1 X95.938 Y119.252 E688.09119
G1 X95.947 Y119.261 E688.0915
G1 X96.108 Y119.421 E688.09717
G1 X95.947 Y119.611 E688.10338
G1 X95.938 Y119.622 E688.10373
G1 X95.938 Y120.123 E688.11588
G1 X95.938 Y120.392 E688.12259
G1 X95.988 Y120.45 E688.1245
G1 X95.938 Y120.45
G1 X95.55 Y120.45 E688.13207
G1 X65.449 Y120.45 E688.74651
G1 X65.062 Y120.45 E688.75405
G1 X65.012 Y120.45
G0 F9000 X64.637 Y120.235
;TYPE:WALL-OUTER
G1 F900 X64.637 Y119.77 E688.7642
G1 X64.424 Y119.525 E688.77128
G1 X64.424 Y119.291 E688.77639
G1 X64.509 Y119.213 E688.77891
G1 X64.522 Y119.189 E688.77951
G1 X64.637 Y119.075 E688.78304
G1 X64.637 Y118.645 E688.79243
G1 X64.424 Y118.433 E688.79899
G1 X64.424 Y118.199 E688.80409
G1 X64.637 Y117.949 E688.81126
G1 X64.637 Y117.482 E688.82145
G1 X64.424 Y117.234 E688.82859
G1 X64.424 Y116.452 E688.84566
G1 X64.637 Y116.455 E688.85031
G1 X64.637 Y88.125 E689.46867
G1 X96.363 Y88.125 E690.16115
G1 X96.363 Y116.454 E690.77948
G1 X96.576 Y116.451 E690.78413
G1 X96.576 Y117.236 E690.80127
G1 X96.363 Y117.484 E690.8084
G1 X96.363 Y117.933 E690.8182
G1 X96.376 Y117.977 E690.81921
G1 X96.387 Y117.989 E690.81956
G1 X96.416 Y118.057 E690.82117
G1 X96.445 Y118.053 E690.82181
G1 X96.576 Y118.198 E690.82608
G1 X96.576 Y118.433 E690.83121
G1 X96.363 Y118.645 E690.83777
G1 X96.363 Y119.075 E690.84715
G1 X96.576 Y119.287 E690.85371
G1 X96.576 Y119.524 E690.85889
G1 X96.363 Y119.777 E690.8661
G1 X96.363 Y120.235 E690.8761
G1 X96.576 Y120.484 E690.88325
G1 X96.576 Y120.875 E690.89179
G1 X65.608 Y120.875 E691.56773
G0 F810 X64.424 Y120.875
G0 X64.424 Y120.484
G0 X64.637 Y120.235
G0 F9000 X64.637 Y120.035
G0 X65.022 Y120.035
G0 X65.611 Y119.77
;TIME_ELAPSED:1272.352732
;LAYER:25
G0 X65.611 Y119.77 Z4.06
;TYPE:WALL-INNER
G1 F480 E691.60924
G1 F1500 X65.611 Y119.969 E691.6142
G1 X65.81 Y119.969 E691.61742
G1 X95.388 Y119.968 E692.35524
G1 X95.388 Y89.032 E693.12694
G1 X65.612 Y89.032 E693.86971
G1 X65.611 Y118.105 E694.59494
G0 F1350 X65.611 Y119.77
G0 F9000 X66.036 Y119.544
;TYPE:WALL-OUTER
G1 F480 E694.63647
G1 F900 X66.211 Y119.544 E694.64029
G1 X94.963 Y119.543 E695.26786
G1 X94.963 Y89.457 E695.92455
G1 X66.037 Y89.457 E696.55591
G1 X66.036 Y119.369 E697.2088
G1 X66.036 Y119.544 E697.21127
G0 F9000 X66.211 Y119.544
G0 X66.236 Y119.544
G0 X66.236 Y119.929
G0 X65.062 Y120.45
;TYPE:WALL-INNER
G1 F1500 X65.062 Y119.707 E697.22981
G1 X64.851 Y119.461 E697.23789
G1 X65.062 Y119.252 E697.2453
G1 X65.062 Y118.468 E697.26486
G1 X64.851 Y118.258 E697.27228
G1 X65.062 Y118.012 E697.28037
G1 X65.062 Y117.233 E697.2998
G1 X64.946 Y117.098 E697.30424
G1 X64.861 Y116.999 E697.30749
G1 X65.062 Y116.998 E697.30946
G1 X65.062 Y88.55 E698.0191
G1 X95.938 Y88.55 E698.78931
G1 X95.938 Y116.998 E699.49895
G1 X96.139 Y116.999 E699.50396
G1 X96.056 Y117.097 E699.50413
G1 X95.937 Y117.236 E699.50634
G1 X95.943 Y117.993 E699.52522
G1 X96.059 Y118.166 E699.53042
G1 X96.145 Y118.262 E699.53363
G1 X95.938 Y118.468 E699.54092
G1 X95.938 Y119.252 E699.56047
G1 X96.151 Y119.464 E699.56797
G1 X95.936 Y119.72 E699.57631
G1 X95.942 Y120.249 E699.58951
G1 X95.944 Y120.45 E699.59452
G1 X95.743 Y120.45 E699.59776
G1 X65.062 Y120.45 E700.3631
G0 F9000 X64.637 Y120.328
;TYPE:WALL-OUTER
G1 F900 X64.637 Y119.864 E700.37322
G1 X64.424 Y119.616 E700.38036
G1 X64.424 Y119.291 E700.38745
G1 X64.492 Y119.227 E700.38949
G1 X64.504 Y119.207 E700.39
G1 X64.637 Y119.075 E700.39409
G1 X64.637 Y118.645 E700.40348
G1 X64.424 Y118.433 E700.41004
G1 X64.424 Y118.104 E700.41722
G1 X64.637 Y117.855 E700.42437
G1 X64.637 Y117.39 E700.43452
G1 X64.424 Y117.142 E700.44165
G1 X64.424 Y116.576 E700.45401
G1 X64.637 Y116.575 E700.45866
G1 X64.637 Y88.125 E701.07963
G1 X96.363 Y88.125 E701.77212
G1 X96.363 Y116.575 E702.39309
G1 X96.576 Y116.576 E702.39774
G1 X96.576 Y117.142 E702.4101
G1 X96.363 Y117.391 E702.41725
G1 X96.367 Y117.863 E702.42755
G1 X96.395 Y117.905 E702.42865
G1 X96.576 Y118.106 E702.43456
G1 X96.576 Y118.433 E702.4417
G1 X96.363 Y118.645 E702.44825
G1 X96.363 Y119.075 E702.45764
G1 X96.576 Y119.287 E702.4642
G1 X96.576 Y119.617 E702.4714
G1 X96.363 Y119.872 E702.47865
G1 X96.368 Y120.339 E702.48885
G1 X96.539 Y120.535 E702.49453
G1 X96.576 Y120.577 E702.49575
G1 X96.576 Y120.875 E702.50225
G1 X96.519 Y120.875 E702.50341
G1 X64.48 Y120.875 E703.20273
G1 X64.424 Y120.875 E703.20395
G1 X64.424 Y120.577 E703.21045
G1 X64.46 Y120.535 E703.21158
G1 X64.637 Y120.328 E703.21752
G0 F9000 X64.637 Y120.128
G0 X65.022 Y120.128
G0 X65.329 Y120.251
G0 X65.734 Y119.851
;TIME_ELAPSED:1300.074833
;LAYER:26
G0 X65.734 Y119.851 Z4.21
;TYPE:WALL-INNER
G1 F1500 X95.266 Y119.851 E703.9542
G1 X95.266 Y89.149 E704.72007
G1 X65.734 Y89.149 E705.45675
G1 X65.734 Y118.186 E706.18108
G0 F1350 X65.734 Y119.851
G0 F9000 X66.159 Y119.426
;TYPE:WALL-OUTER
G1 F480 E706.22261
G1 F900 X94.841 Y119.426 E706.84865
G1 X94.841 Y89.574 E707.50023
G1 X66.159 Y89.574 E708.12627
G1 X66.159 Y117.524 E708.73633
G0 F810 X66.159 Y119.426
G0 F9000 X66.359 Y119.426
G0 X66.359 Y119.811
G0 X65.062 Y120.45
;TYPE:WALL-INNER
G1 F480 E708.77785
G1 F1500 X65.057 Y119.792 E708.79426
G1 X64.849 Y119.551 E708.80221
G1 X64.849 Y119.463 E708.8044
G1 X65.062 Y119.252 E708.81188
G1 X65.062 Y118.468 E708.83144
G1 X64.849 Y118.256 E708.83893
G1 X64.849 Y118.168 E708.84113
G1 X65.062 Y117.917 E708.84934
G1 X65.062 Y88.55 E709.5819
G1 X95.938 Y88.55 E710.35211
G1 X95.938 Y117.129 E711.06501
G1 X95.948 Y117.13 E711.06526
G1 X95.937 Y117.142 E711.06538
G1 X95.945 Y118.254 E711.09312
G1 X96.144 Y118.263 E711.09809
G1 X96.049 Y118.357 E711.09829
G1 X95.938 Y118.468 E711.0999
G1 X95.938 Y119.252 E711.11945
G1 X96.151 Y119.464 E711.12695
G1 X96.151 Y119.556 E711.12924
G1 X95.937 Y119.814 E711.13761
G1 X95.94 Y120.25 E711.14848
G1 X95.941 Y120.45 E711.15347
G1 X95.741 Y120.45 E711.1567
G1 X65.062 Y120.45 E711.92199
G0 F9000 X64.637 Y120.421
;TYPE:WALL-OUTER
G1 F900 X64.633 Y119.951 E711.93225
G1 X64.424 Y119.708 E711.93924
G1 X64.424 Y119.291 E711.94834
G1 X64.48 Y119.24 E711.95
G1 X64.49 Y119.221 E711.95046
G1 X64.637 Y119.075 E711.95499
G1 X64.637 Y118.645 E711.96437
G1 X64.424 Y118.433 E711.97093
G1 X64.424 Y118.012 E711.98012
G1 X64.637 Y117.761 E711.98731
G1 X64.637 Y117.297 E711.99743
G1 X64.45 Y117.079 E712.0037
G1 X64.424 Y117.049 E712.00457
G1 X64.424 Y116.736 E712.0114
G1 X64.464 Y116.736 E712.01223
G1 X64.637 Y116.735 E712.01601
G1 X64.637 Y88.125 E712.64048
G1 X96.363 Y88.125 E713.33296
G1 X96.363 Y116.729 E713.9573
G1 X96.534 Y116.74 E713.96104
G1 X96.576 Y116.742 E713.96196
G1 X96.576 Y117.05 E713.96868
G1 X96.549 Y117.081 E713.96953
G1 X96.363 Y117.298 E713.97577
G1 X96.367 Y117.848 E713.98777
G1 X96.432 Y117.851 E713.98919
G1 X96.576 Y118.012 E713.99391
G1 X96.576 Y118.433 E714.0031
G1 X96.363 Y118.645 E714.00966
G1 X96.363 Y119.075 E714.01904
G1 X96.576 Y119.287 E714.0256
G1 X96.576 Y119.709 E714.03481
G1 X96.363 Y119.966 E714.0421
G1 X96.366 Y120.429 E714.0522
G1 X96.472 Y120.55 E714.05571
G1 X96.576 Y120.669 E714.05916
G1 X96.576 Y120.875 E714.06366
G1 X96.418 Y120.875 E714.06647
G1 X64.58 Y120.875 E714.76139
G1 X64.424 Y120.875 E714.7648
G1 X64.424 Y120.669 E714.76929
G1 X64.525 Y120.551 E714.77205
G1 X64.637 Y120.421 E714.77579
G0 F9000 X64.636 Y120.221
G0 X65.021 Y120.218
G0 X65.461 Y120.05
G0 X65.734 Y119.851
;TIME_ELAPSED:1327.593252
;LAYER:27
G0 X65.734 Y119.851 Z4.36
;TYPE:WALL-INNER
G1 F1500 X95.266 Y119.851 E715.51247
G1 X95.266 Y89.149 E716.27834
G1 X65.734 Y89.149 E717.01502
G1 X65.734 Y118.186 E717.73935
G0 F1350 X65.734 Y119.851
G0 F9000 X66.159 Y119.426
;TYPE:WALL-OUTER
G1 F480 E717.78088
G1 F900 X94.841 Y119.426 E718.40692
G1 X94.841 Y89.574 E719.0585
G1 X66.159 Y89.574 E719.68454
G1 X66.159 Y117.524 E720.29461
G0 F810 X66.159 Y119.426
G0 F9000 X66.359 Y119.426
G0 X66.359 Y119.811
G0 X65.334 Y118.174
;TYPE:WALL-INNER
G1 F480 E720.33612
G1 F1500 X65.308 Y118.149 E720.33702
G1 X65.334 Y118.118 E720.33803
G1 X65.334 Y118.149
G1 X65.334 Y118.174
G0 F9000 X65.062 Y118.468
G1 F1500 X64.849 Y118.256 E720.34553
G1 X64.849 Y118.074 E720.35007
G1 X65.062 Y117.82 E720.35833
G1 X65.062 Y88.55 E721.08848
G1 X95.938 Y88.55 E721.85868
G1 X95.94 Y118.159 E722.59728
G1 X95.952 Y118.159 E722.59758
G1 X96.151 Y118.169 E722.60255
G1 X96.151 Y118.256 E722.60472
G1 X96.094 Y118.313
G1 X95.938 Y118.468 E722.60819
G1 X95.938 Y119.252 E722.62775
G1 X96.151 Y119.464 E722.63525
G1 X96.151 Y119.649 E722.63986
G1 X95.938 Y119.908 E722.64823
G1 X95.938 Y120.45 E722.66175
G1 X65.062 Y120.45 E723.43195
G1 X65.058 Y119.968 E723.44398
G0 F1350 X65.058 Y119.888
G0 X64.849 Y119.643
G0 X64.849 Y119.464
G0 X65.062 Y119.252
G0 X65.062 Y118.468
G0 F9000 X65.334 Y119.546
G1 F480 E723.48551
G1 F1500 X65.334 Y119.568 E723.48606
G1 X65.334 Y119.595 E723.48673
G1 X65.311 Y119.568 E723.48691
G1 X65.334 Y119.546 E723.48709
G0 F9000 X65.706 Y89.121
G0 X95.294 Y89.121
G0 X95.666 Y119.546
G1 F1500 X95.695 Y119.574 E723.4881
G1 X95.666 Y119.609 E723.48923
G1 X95.666 Y119.574
G1 X95.666 Y119.546
G1 F1500 E721.98923
G0 F9000 X95.294 Y119.879
G0 X65.132 Y120.38
G0 X64.637 Y120.791
;TYPE:WALL-OUTER
G1 F480 E723.55159
G1 F900 X64.424 Y120.797 E723.55624
G1 X64.424 Y120.762 E723.55701
G1 X64.458 Y120.722
G1 X64.499 Y120.674
G1 X64.637 Y120.514 E723.56103
G1 X64.634 Y120.046 E723.57125
G1 X64.424 Y119.801 E723.57829
G1 X64.424 Y119.287 E723.58951
G1 X64.637 Y119.075 E723.59607
G1 X64.637 Y118.645 E723.60545
G1 X64.424 Y118.433 E723.61201
G1 X64.424 Y117.919 E723.62323
G1 X64.637 Y117.665 E723.63047
G1 X64.637 Y117.205 E723.64051
G1 X64.49 Y117.034 E723.64543
G1 X64.424 Y116.957 E723.64764
G1 X64.424 Y116.904 E723.6488
G1 X64.637 Y116.907 E723.6514
G1 X64.637 Y88.125 E724.27962
G1 X96.363 Y88.125 E724.97211
G1 X96.363 Y116.901 E725.6002
G1 X96.363 Y116.918 E725.60057
G1 X96.515 Y116.901 E725.60258
G1 X96.576 Y116.908 E725.60392
G1 X96.576 Y116.957 E725.60499
G1 X96.505 Y117.039 E725.60571
G1 X96.363 Y117.205 E725.60963
G1 X96.364 Y117.753 E725.62159
G1 X96.43 Y117.756 E725.62303
G1 X96.576 Y117.92 E725.62782
G1 X96.576 Y118.433 E725.63902
G1 X96.363 Y118.645 E725.64558
G1 X96.363 Y119.075 E725.65497
G1 X96.576 Y119.287 E725.66152
G1 X96.576 Y119.801 E725.67274
G1 X96.363 Y120.06 E725.68006
G1 X96.364 Y120.52 E725.6901
G1 X96.495 Y120.67 E725.69445
G1 X96.538 Y120.719 E725.69587
G1 X96.576 Y120.762 E725.69713
G1 X96.576 Y120.787 E725.69767
G1 X96.363 Y120.786 E725.70039
G1 X96.363 Y120.875 E725.70064
G1 X64.637 Y120.875 E726.39294
G1 X64.637 Y120.791 E726.39307
G0 F9000 X64.437 Y120.796
G0 X65.022 Y120.408
G0 X65.462 Y120.05
G0 X65.734 Y119.851
;TIME_ELAPSED:1357.561576
;LAYER:28
G0 X65.734 Y119.851 Z4.51
;TYPE:WALL-INNER
G1 F1500 X95.266 Y119.851 E727.12974
G1 X95.266 Y89.149 E727.89561
G1 X65.734 Y89.149 E728.63229
G1 X65.734 Y118.186 E729.35662
G0 F1350 X65.734 Y119.851
G0 F9000 X66.159 Y119.426
;TYPE:WALL-OUTER
G1 F480 E729.39815
G1 F900 X94.841 Y119.426 E730.02419
G1 X94.841 Y89.574 E730.67577
G1 X66.159 Y89.574 E731.30181
G1 X66.159 Y117.524 E731.91188
G0 F810 X66.159 Y119.426
G0 F9000 X66.359 Y119.426
G0 X66.359 Y119.811
G0 X65.334 Y118.174
;TYPE:WALL-INNER
G1 F480 E731.95339
G1 F1500 X65.265 Y118.106 E731.95581
G1 X65.334 Y118.024 E731.95848
G1 X65.334 Y118.106 E731.95851
G1 X65.334 Y118.174
G0 F9000 X65.062 Y118.468
G1 F1500 X64.849 Y118.256 E731.96601
G1 X64.849 Y117.981 E731.97287
G1 X65.062 Y117.725 E731.98117
G1 X65.062 Y88.55 E732.70895
G1 X95.938 Y88.55 E733.47915
G1 X95.939 Y117.748 E734.2075
G1 X96.151 Y117.989 E734.21551
G1 X96.151 Y118.256 E734.22217
G1 X95.938 Y118.468 E734.22966
G1 X95.938 Y119.252 E734.24922
G1 X96.151 Y119.464 E734.25672
G1 X96.151 Y119.744 E734.2637
G1 X95.938 Y120.011 E734.27222
G1 X95.938 Y120.45 E734.28317
G1 X65.062 Y120.45 E735.05338
G1 X65.061 Y119.984 E735.065
G1 X65.049 Y119.971 E735.06544
G0 F1350 X64.849 Y119.736
G0 X64.849 Y119.464
G0 X65.062 Y119.252
G0 X65.062 Y118.468
G0 F9000 X65.334 Y119.546
G1 F480 E735.10698
G1 F1500 X65.334 Y119.611 E735.1086
G1 X65.334 Y119.688 E735.11052
G1 X65.268 Y119.611 E735.11113
G1 X65.334 Y119.546 E735.11177
G0 F9000 X65.706 Y89.121
G0 X95.294 Y89.121
G0 X95.666 Y119.546
G1 F1500 X95.739 Y119.619 E735.11434
G1 X95.666 Y119.711 E735.11727
G1 X95.666 Y119.619 E735.11734
G1 X95.666 Y119.546
G0 F9000 X95.666 Y118.174
G1 F1500 X95.666 Y118.113 E735.11886
G1 X95.666 Y118.043 E735.1206
G1 X95.728 Y118.113 E735.12117
G1 X95.666 Y118.174 E735.12176
G1 F1500 E733.62176
G0 F9000 X95.294 Y119.879
G0 X65.706 Y119.879
G0 X65.036 Y119.801
G0 X64.636 Y120.141
;TYPE:WALL-OUTER
G1 F480 E735.18412
G1 F900 X64.424 Y119.893 E735.19124
G1 X64.424 Y119.287 E735.20447
G1 X64.637 Y119.075 E735.21103
G1 X64.637 Y118.645 E735.22041
G1 X64.424 Y118.433 E735.22697
G1 X64.424 Y117.827 E735.2402
G1 X64.637 Y117.571 E735.24747
G1 X64.637 Y88.125 E735.89018
G1 X96.363 Y88.125 E736.58267
G1 X96.364 Y117.588 E737.22575
G1 X96.576 Y117.829 E737.23276
G1 X96.576 Y118.433 E737.24594
G1 X96.363 Y118.645 E737.2525
G1 X96.363 Y119.075 E737.26189
G1 X96.576 Y119.287 E737.26845
G1 X96.576 Y119.894 E737.2817
G1 X96.363 Y120.16 E737.28913
G1 X96.363 Y120.875 E737.30474
G1 X65.805 Y120.875 E737.97173
G0 F810 X64.637 Y120.875
G0 X64.636 Y120.141
G0 F9000 X64.506 Y119.989
G0 X64.798 Y119.739
G0 X65.252 Y119.628
G0 X65.734 Y119.851
;TIME_ELAPSED:1387.635647
;LAYER:29
G0 X65.734 Y119.851 Z4.66
;TYPE:WALL-INNER
G1 F480 E738.01324
G1 F1500 X95.266 Y119.851 E738.74992
G1 X95.266 Y89.149 E739.51579
G1 X65.734 Y89.149 E740.25247
G1 X65.734 Y118.186 E740.9768
G0 F1350 X65.734 Y119.851
G0 F9000 X66.159 Y119.426
;TYPE:WALL-OUTER
G1 F480 E741.01833
G1 F900 X94.841 Y119.426 E741.64437
G1 X94.841 Y89.574 E742.29595
G1 X66.159 Y89.574 E742.92199
G1 X66.159 Y117.524 E743.53205
G0 F810 X66.159 Y119.426
G0 F9000 X66.359 Y119.426
G0 X66.359 Y119.811
G0 X66.359 Y119.951
G0 X95.294 Y119.879
G0 X95.666 Y118.174
;TYPE:WALL-INNER
G1 F480 E743.57357
G1 F1500 X95.666 Y118.09 E743.57567
G1 X95.666 Y118.044 E743.57681
G1 X95.666 Y117.946 E743.57926
G1 X95.751 Y118.044 E743.58011
G1 X95.751 Y118.09 E743.58035
G1 X95.666 Y118.174 E743.58123
G0 F9000 X95.938 Y118.468
G1 F1500 X95.938 Y119.252 E743.60078
G1 X96.151 Y119.464 E743.60828
G1 X96.151 Y119.831 E743.61744
G1 X95.938 Y120.086 E743.62572
G1 X95.938 Y120.45 E743.6348
G1 X65.062 Y120.45 E744.40501
G1 X65.062 Y120.08 E744.41424
G1 X64.849 Y119.829 E744.42245
G1 X64.849 Y119.464 E744.43156
G1 X65.062 Y119.252 E744.43905
G1 X65.062 Y118.468 E744.45861
G1 X64.849 Y118.256 E744.46611
G1 X64.849 Y117.889 E744.47526
G1 X65.062 Y117.634 E744.48355
G1 X65.062 Y88.55 E745.20905
G1 X95.938 Y88.55 E745.97926
G1 X95.938 Y116.97 E746.6882
G0 F1350 X95.938 Y117.65
G0 X96.151 Y117.894
G0 X96.151 Y118.256
G0 X95.938 Y118.468
G0 F9000 X95.666 Y119.546
G1 F480 E746.72973
G1 F1500 X95.751 Y119.63 E746.73271
G1 X95.751 Y119.686 E746.73411
G1 X95.666 Y119.788 E746.73742
G1 X95.666 Y119.686 E746.7375
G1 X95.666 Y119.63
G1 X95.666 Y119.546 E746.7375
G0 F9000 X95.294 Y119.879
G0 X65.706 Y119.879
G0 X65.334 Y119.546
G1 F1500 X65.334 Y119.63 E746.7396
G1 X65.334 Y119.682 E746.74089
G1 X65.334 Y119.782 E746.74339
G1 X65.249 Y119.682 E746.74424
G1 X65.249 Y119.63 E746.74452
G1 X65.334 Y119.546 E746.74539
G0 F9000 X65.334 Y118.174
G1 F1500 X65.249 Y118.09 E746.74837
G1 X65.249 Y118.034 E746.74977
G1 X65.334 Y117.932 E746.75308
G1 X65.334 Y118.034 E746.75317
G1 X65.334 Y118.09
G1 X65.334 Y118.174 E746.75317
G0 F9000 X64.637 Y120.236
;TYPE:WALL-OUTER
G1 F900 X64.424 Y119.985 E746.76035
G1 X64.424 Y119.287 E746.77559
G1 X64.637 Y119.075 E746.78215
G1 X64.637 Y118.645 E746.79153
G1 X64.424 Y118.433 E746.79809
G1 X64.424 Y117.735 E746.81333
G1 X64.637 Y117.48 E746.82058
G1 X64.637 Y88.125 E747.46131
G1 X96.363 Y88.125 E748.15379
G1 X96.363 Y117.491 E748.79476
G1 X96.576 Y117.735 E748.80183
G1 X96.576 Y118.433 E748.81707
G1 X96.363 Y118.645 E748.82363
G1 X96.363 Y119.075 E748.83301
G1 X96.576 Y119.287 E748.83957
G1 X96.576 Y119.985 E748.85481
G1 X96.363 Y120.24 E748.86206
G1 X96.363 Y120.875 E748.87592
G1 X65.9 Y120.875 E749.54083
G0 F810 X64.637 Y120.875
G0 X64.637 Y120.236
G0 F9000 X64.508 Y120.084
G0 X64.802 Y119.836
G0 X65.244 Y119.677
G0 X65.573 Y119.807
;TIME_ELAPSED:1416.568419
;LAYER:30
G0 X65.573 Y119.807 Z4.81
;TYPE:WALL-INNER
G1 F480 E749.58235
G1 F1500 X65.573 Y120.006 E749.58731
G1 X65.772 Y120.006 E749.59052
G1 X95.426 Y120.005 E750.33025
G1 X95.426 Y88.995 E751.10379
G1 X65.772 Y88.994 E751.84352
G1 X65.573 Y88.994 E751.84848
G1 X65.573 Y89.193 E751.85169
G1 X65.573 Y119.807 E752.61536
G0 F9000 X65.998 Y119.581
;TYPE:WALL-OUTER
G1 F900 X66.173 Y119.581 E752.61918
G1 X95.001 Y119.58 E753.24841
G1 X95.001 Y89.42 E753.90671
G1 X66.173 Y89.419 E754.53594
G1 X65.998 Y89.419 E754.53976
G1 X65.998 Y89.594 E754.54223
G1 X65.998 Y119.406 E755.19293
G1 X65.998 Y119.581 E755.19541
G0 F9000 X66.173 Y119.581
G0 X66.198 Y119.581
G0 X66.198 Y119.966
G0 X64.849 Y119.613
;TYPE:WALL-INNER
G1 F1500 X64.849 Y119.464 E755.19912
G1 X64.88 Y119.433 E755.20022
G1 X65.062 Y119.252 E755.20662
G1 X65.062 Y118.468 E755.22618
G1 X64.967 Y118.374 E755.22951
G1 X64.849 Y118.257 E755.23366
G1 X64.849 Y118.23 E755.23433
G1 X65.062 Y118.277 E755.23609
G1 X65.062 Y118.23
G1 X65.062 Y88.55 E755.97646
G1 X95.938 Y88.55 E756.74667
G1 X95.938 Y118.158 E757.48524
G1 X96.151 Y118.156 E757.49056
G1 X96.151 Y118.256 E757.49305
G1 X96.094 Y118.313
G1 X95.938 Y118.468 E757.49776
G1 X95.938 Y119.252 E757.51731
G1 X96.094 Y119.407 E757.5228
G1 X96.151 Y119.464 E757.52481
G1 X96.151 Y119.564 E757.52731
G1 X96.151 Y119.581 E757.52773
G1 X95.938 Y119.564 E757.53105
G1 X95.938 Y119.581
G1 X95.938 Y120.45 E757.55272
G1 X65.062 Y120.45 E758.32293
G1 X65.062 Y119.613 E758.34381
G1 X64.849 Y119.613 E758.34739
G0 F9000 X64.637 Y120.038
;TYPE:WALL-OUTER
G1 F900 X64.491 Y120.038 E758.35058
G1 X64.424 Y120.01 E758.35216
G1 X64.424 Y119.287 E758.36794
G1 X64.637 Y119.075 E758.3745
G1 X64.637 Y118.645 E758.38389
G1 X64.424 Y118.433 E758.39045
G1 X64.424 Y117.747 E758.40542
G1 X64.425 Y117.7 E758.40645
G1 X64.637 Y117.747 E758.40944
G1 X64.637 Y117.7
G1 X64.637 Y88.125 E759.05497
G1 X96.363 Y88.125 E759.74746
G1 X96.363 Y117.729 E760.39362
G1 X96.576 Y117.727 E760.39827
G1 X96.576 Y118.433 E760.41368
G1 X96.363 Y118.645 E760.42024
G1 X96.363 Y119.075 E760.42963
G1 X96.576 Y119.287 E760.43618
G1 X96.576 Y120.024 E760.45227
G1 X96.575 Y120.041 E760.45264
G1 X96.363 Y120.024 E760.45566
G1 X96.363 Y120.041
G1 X96.363 Y120.875 E760.47387
G1 X65.702 Y120.875 E761.1431
G0 F810 X64.637 Y120.875
G0 X64.637 Y120.038
G0 F9000 X64.491 Y120.038
G0 X64.441 Y120.017
G0 X64.809 Y119.659
G0 X65.339 Y119.541
G0 X65.411 Y120.162
;TIME_ELAPSED:1444.288058
;LAYER:31
G0 X65.411 Y120.162 Z4.96
;TYPE:WALL-INNER
G1 F480 E761.18462
G1 F1500 X95.588 Y120.161 E761.93739
G1 X95.588 Y88.839 E762.71872
G1 X65.411 Y88.838 E763.47148
G1 X65.411 Y118.316 E764.20682
G1 X65.411 Y118.468 E764.21061
G1 X65.411 Y118.497 E764.21133
G0 F1350 X65.411 Y120.162
G0 F9000 X65.836 Y119.737
;TYPE:WALL-OUTER
G1 F480 E764.25287
G1 F900 X66.011 Y119.737 E764.25668
G1 X95.163 Y119.736 E764.89298
G1 X95.163 Y89.264 E765.5581
G1 X66.011 Y89.263 E766.1944
G1 X65.836 Y89.263 E766.19821
G1 X65.836 Y89.438 E766.20069
G1 X65.836 Y119.562 E766.8582
G1 X65.836 Y119.737 E766.86067
G0 F9000 X66.011 Y119.737
G0 X66.036 Y119.737
G0 X66.036 Y120.122
G0 X65.062 Y120.162
;TYPE:WALL-INNER
G1 F1500 X65.062 Y118.468 E766.89764
G1 X64.986 Y118.393 E766.9003
G1 X64.971 Y118.378 E766.90083
G1 X64.99 Y118.365
G1 X65.062 Y118.316 E766.90203
G1 X65.062 Y88.838 E767.54522
G1 X65.062 Y88.55 E767.5524
G1 X65.411 Y88.55 E767.56111
G1 X95.588 Y88.55 E768.1054
G1 X95.938 Y88.55 E768.11413
G1 X95.938 Y88.839 E768.12134
G1 X95.938 Y120.161 E768.80672
G1 X95.938 Y120.45 E768.81393
G1 X95.588 Y120.45 E768.82266
G1 X65.411 Y120.45 E769.36695
G1 X65.062 Y120.45 E769.37566
G1 X65.062 Y120.268 E769.3802
G0 F1350 X65.062 Y120.162
G0 F9000 X64.637 Y119.48
;TYPE:WALL-OUTER
G1 F480 E769.38284
G1 F900 X64.517 Y119.526 E769.38565
G1 X64.424 Y119.562 E769.38782
G1 X64.424 Y119.48 E769.38822
G1 X64.424 Y119.287 E769.39104
G1 X64.433 Y119.278
G1 X64.637 Y119.075 E769.39732
G1 X64.637 Y118.645 E769.4067
G1 X64.476 Y118.485 E769.41166
G1 X64.424 Y118.433 E769.41326
G1 X64.424 Y118.209 E769.41815
G1 X64.463 Y118.209
G1 X64.524 Y118.168 E769.41976
G1 X64.637 Y118.091 E769.42274
G1 X64.637 Y88.125 E770.07681
G1 X96.363 Y88.125 E770.76929
G1 X96.363 Y118.184 E771.42539
G1 X96.576 Y118.184 E771.43004
G1 X96.576 Y118.433 E771.43506
G1 X96.363 Y118.645 E771.44162
G1 X96.363 Y119.075 E771.451
G1 X96.576 Y119.287 E771.45756
G1 X96.576 Y119.52 E771.46265
G1 X96.363 Y119.56 E771.46738
G1 X96.363 Y120.875 E771.49608
G1 X64.637 Y120.875 E772.18857
G1 X64.637 Y119.562 E772.21722
G1 X64.637 Y119.48 E772.21744
G0 F9000 X64.517 Y119.526
G0 X64.45 Y119.552
G0 X65.249 Y120.319
;TIME_ELAPSED:1471.846818
;LAYER:32
G0 X65.249 Y120.319 Z5.11
;TYPE:WALL-INNER
G1 F1500 X95.75 Y120.318 E772.9783
G1 X95.75 Y88.682 E773.76746
G1 X65.249 Y88.681 E774.52831
G1 X65.249 Y118.654 E775.27599
G0 F1350 X65.249 Y120.319
G0 F9000 X65.674 Y119.894
;TYPE:WALL-OUTER
G1 F480 E775.31752
G1 F900 X65.849 Y119.894 E775.32134
G1 X95.325 Y119.893 E775.96471
G1 X95.325 Y89.107 E776.63668
G1 X65.849 Y89.106 E777.28005
G1 X65.674 Y89.106 E777.28387
G1 X65.674 Y89.281 E777.28634
G1 X65.674 Y119.719 E777.95071
G1 X65.674 Y119.894 E777.95318
G0 F9000 X65.849 Y119.894
G0 X65.874 Y119.894
G0 X65.874 Y120.279
G0 X65.062 Y120.45
;TYPE:WALL-INNER
G1 F1500 X65.062 Y120.319 E777.95567
G1 X65.062 Y88.681 E778.32555
G1 X65.062 Y88.55 E778.32882
G1 X65.249 Y88.55 E778.3322
G1 X95.75 Y88.55 E778.58295
G1 X95.938 Y88.55 E778.58636
G1 X95.938 Y88.682 E778.58837
G1 X95.938 Y120.318 E778.9602
G1 X95.938 Y120.45 E778.96271
G1 X95.75 Y120.45 E778.96612
G1 X65.249 Y120.45 E779.21687
G1 X65.062 Y120.45 E779.22026
G0 F9000 X64.637 Y120.875
;TYPE:WALL-OUTER
G1 F900 X64.637 Y88.125 E779.93509
G1 X96.363 Y88.125 E780.62757
G1 X96.363 Y120.875 E781.3424
G1 X66.539 Y120.875 E781.99337
G0 F810 X64.637 Y120.875
G0 F9000 X64.637 Y120.675
G0 X65.022 Y120.49
;TIME_ELAPSED:1499.243041
G1 F1500 E780.49337
M107
; -- END GCODE --
; -- end of END GCODE --
M82 ;absolute extrusion mode
M104 S0
;End of Gcode
;SETTING_3 {"global_quality": "[general]\\nversion = 4\\nname = Low Quality #2\\
;SETTING_3 ndefinition = robor2\\n\\n[metadata]\\nquality_type = low\\nsetting_v
;SETTING_3 ersion = 4\\ntype = quality_changes\\n\\n[values]\\nadhesion_type = s
;SETTING_3 kirt\\n\\n", "extruder_quality": ["[general]\\nversion = 4\\nname = L
;SETTING_3 ow Quality #2\\ndefinition = robor2\\n\\n[metadata]\\nquality_type = 
;SETTING_3 low\\nposition = 0\\nsetting_version = 4\\ntype = quality_changes\\n\
;SETTING_3 \n[values]\\ninfill_sparse_density = 30\\n\\n"]}
