;FLAVOR:Marlin
;TIME:1882
;Filament used: 0.83858m
;Layer height: 0.15
;Generated with Cura_SteamEngine 3.4.1
M190 S70
M104 S220
M109 S220
M82 ;absolute extrusion mode
G92 E0 ;zero the extruded length
G1 X190 Y0 F7000 ;move to priming position
G1 Z2 ;raise bed
G1 F200 E10 ;extrude 10 mm of feed stock
G1 Z15 ;raise bed after priming
G92 E0 ;zero the extruded length again
G1 F7000;
G92 E0
G1 F1500 E-1.5
;LAYER_COUNT:66
;LAYER:0
M107
M204 S500
G0 F9000 X102.829 Y83.237 Z0.31
;TYPE:SKIRT
G1 F480 E0.06236
G1 F900 X103.16 Y82.844 E0.1021
G1 X103.548 Y82.508 E0.14179
G1 X103.983 Y82.236 E0.18146
G1 X104.456 Y82.035 E0.2212
G1 X104.953 Y81.909 E0.26085
G1 X105.509 Y81.862 E0.304
G1 X143.491 Y81.863 E3.24114
G1 X144.003 Y81.903 E3.28085
G1 X144.502 Y82.022 E3.32052
G1 X144.977 Y82.217 E3.36023
G1 X145.416 Y82.483 E3.39992
G1 X145.809 Y82.814 E3.43966
G1 X146.145 Y83.202 E3.47935
G1 X146.417 Y83.637 E3.51902
G1 X146.618 Y84.11 E3.55876
G1 X146.744 Y84.608 E3.59849
G1 X146.791 Y85.163 E3.64156
G1 X146.791 Y119.838 E6.32297
G1 X146.751 Y120.35 E6.36268
G1 X146.632 Y120.849 E6.40235
G1 X146.437 Y121.324 E6.44206
G1 X146.171 Y121.763 E6.48175
G1 X145.84 Y122.156 E6.52149
G1 X145.452 Y122.492 E6.56118
G1 X145.017 Y122.764 E6.60085
G1 X144.544 Y122.965 E6.64059
G1 X144.047 Y123.091 E6.68024
G1 X143.491 Y123.138 E6.72339
G1 X105.509 Y123.138 E9.66053
G1 X104.997 Y123.098 E9.70025
G1 X104.498 Y122.979 E9.73992
G1 X104.023 Y122.784 E9.77962
G1 X103.584 Y122.518 E9.81932
G1 X103.191 Y122.187 E9.85905
G1 X102.855 Y121.799 E9.89874
G1 X102.583 Y121.364 E9.93841
G1 X102.382 Y120.891 E9.97816
G1 X102.256 Y120.394 E10.0178
G1 X102.209 Y119.838 E10.06095
G1 X102.209 Y85.162 E12.74244
G1 X102.249 Y84.65 E12.78215
G1 X102.368 Y84.151 E12.82182
G1 X102.555 Y83.697 E12.85979
G0 F810 X102.563 Y83.676
G0 X102.829 Y83.237
G1 F1500 E11.35979
G1 F900 Z1.31
G0 F9000 X115.54 Y103.478 Z1.31
;TYPE:WALL-INNER
G1 F900 Z0.31
G1 F480 E12.96361
G1 F900 X115.541 Y105.445 E13.11571
G1 X115.735 Y106.177 E13.17427
G1 X115.805 Y106.504 E13.20013
G1 X116.037 Y106.943 E13.23853
G1 X116.491 Y107.526 E13.29567
G1 X117.029 Y107.978 E13.35001
G1 X117.357 Y108.173 E13.37952
G1 X122.788 Y110.966 E13.85178
G1 X123.378 Y111.199 E13.90083
G1 X123.829 Y111.3 E13.93657
G1 X124.182 Y111.338 E13.96402
G1 X124.2 Y111.338 E13.96542
G1 X124.677 Y111.362 E14.00235
G1 X125.002 Y111.317 E14.02772
G1 X125.535 Y111.218 E14.06964
G1 X125.777 Y111.146 E14.08917
G1 X126.221 Y110.962 E14.12633
G1 X131.631 Y108.182 E14.59669
G1 X132.217 Y107.798 E14.65087
G1 X132.531 Y107.471 E14.68593
G1 X132.668 Y107.342 E14.70048
G1 X132.849 Y107.115 E14.72293
G1 X133.192 Y106.533 E14.77517
G1 X133.321 Y106.196 E14.80307
G1 X133.415 Y105.763 E14.83734
G1 X133.46 Y105.285 E14.87446
G1 X133.46 Y99.742 E15.3031
G1 X133.44 Y99.392 E15.33021
G1 X133.326 Y98.907 E15.36874
G1 X133.326 Y87.625 E16.24117
G1 X115.473 Y87.625 E17.62174
G1 X115.473 Y103.009 E18.81139
G0 F810 X115.473 Y103.478
G0 X115.54 Y103.478
G0 F9000 X116.073 Y102.878
G1 F480 E18.85283
G1 F900 X116.14 Y102.878 E18.85801
G1 X116.141 Y105.367 E19.05049
G1 X116.322 Y106.052 E19.10528
G1 X116.374 Y106.297 E19.12465
G1 X116.543 Y106.616 E19.15256
G1 X116.925 Y107.107 E19.20067
G1 X117.378 Y107.487 E19.24639
G1 X117.648 Y107.648 E19.2707
G1 X123.036 Y110.419 E19.73923
G1 X123.555 Y110.624 E19.78238
G1 X123.927 Y110.707 E19.81185
G1 X124.229 Y110.74 E19.83534
G1 X124.65 Y110.76 E19.86794
G1 X124.906 Y110.725 E19.88792
G1 X125.394 Y110.634 E19.92631
G1 X125.576 Y110.58 E19.94099
G1 X125.969 Y110.417 E19.97389
G1 X131.328 Y107.663 E20.43982
G1 X131.831 Y107.333 E20.48634
G1 X132.111 Y107.042 E20.51757
G1 X132.226 Y106.934 E20.52977
G1 X132.354 Y106.774 E20.54561
G1 X132.649 Y106.272 E20.59064
G1 X132.744 Y106.024 E20.61117
G1 X132.821 Y105.671 E20.63911
G1 X132.86 Y105.257 E20.67127
G1 X132.86 Y99.759 E21.09643
G1 X132.844 Y99.478 E21.11819
G1 X132.726 Y98.976 E21.15807
G1 X132.726 Y88.225 E21.98944
G1 X116.073 Y88.225 E23.27722
G1 X116.073 Y102.342 E24.36888
G0 F810 X116.073 Y102.878
G0 F9000 X116.685 Y102.266
;TYPE:WALL-OUTER
G1 F480 E24.41033
G1 F900 X116.752 Y102.266 E24.41486
G1 X116.753 Y105.287 E24.61928
G1 X116.914 Y105.895 E24.66183
G1 X116.955 Y106.086 E24.67505
G1 X117.059 Y106.283 E24.69012
G1 X117.368 Y106.68 E24.72416
G1 X117.734 Y106.987 E24.75649
G1 X117.945 Y107.113 E24.77312
G1 X123.289 Y109.861 E25.17972
G1 X123.735 Y110.037 E25.21216
G1 X124.028 Y110.102 E25.23247
G1 X124.277 Y110.13 E25.24942
G1 X124.623 Y110.146 E25.27286
G1 X124.809 Y110.121 E25.28556
G1 X125.25 Y110.038 E25.31592
G1 X125.371 Y110.002 E25.32446
G1 X125.712 Y109.861 E25.34943
G1 X131.02 Y107.133 E25.75325
G1 X131.438 Y106.859 E25.78706
G1 X131.684 Y106.603 E25.81109
G1 X131.776 Y106.517 E25.81961
G1 X131.849 Y106.426 E25.8275
G1 X132.096 Y106.006 E25.86047
G1 X132.156 Y105.849 E25.87184
G1 X132.215 Y105.577 E25.89068
G1 X132.248 Y105.228 E25.9144
G1 X132.248 Y99.776 E26.2833
G1 X132.236 Y99.566 E26.29753
G1 X132.127 Y99.101 E26.32985
G1 X132.114 Y99.072 E26.332
G1 X132.114 Y88.837 E27.02453
G1 X116.685 Y88.837 E28.06852
G1 X116.685 Y101.653 E28.93569
G0 F810 X116.685 Y102.266
G0 F9000 X116.752 Y102.266
G0 X116.752 Y102.399
G0 X115.973 Y102.399
G0 X106.924 Y118.423
;TYPE:WALL-INNER
G1 F480 E28.97717
G1 F900 X106.924 Y86.577 E31.43982
G1 X142.076 Y86.577 E34.15811
G1 X142.076 Y118.423 E36.62076
G1 X107.46 Y118.423 E39.29761
G0 F810 X106.924 Y118.423
G0 F9000 X106.324 Y119.023
G1 F480 E39.33906
G1 F900 X106.324 Y85.977 E41.8945
G1 X142.676 Y85.977 E44.70559
G1 X142.676 Y119.023 E47.26103
G1 X106.86 Y119.023 E50.03068
G0 F810 X106.324 Y119.023
G0 F9000 X105.712 Y119.635
;TYPE:WALL-OUTER
G1 F480 E50.07212
G1 F900 X105.712 Y85.365 E52.39096
G1 X143.288 Y85.365 E54.93348
G1 X143.288 Y119.635 E57.25231
G1 X106.325 Y119.635 E59.75336
G0 F810 X105.712 Y119.635
G0 F9000 X105.712 Y119.435
G0 X106.289 Y119.058
G0 X107.514 Y117.833
;TYPE:SKIN
G1 F480 E59.79484
G1 F900 X107.514 Y87.167 E62.16624
G1 X114.883 Y87.167 E62.73608
G1 X114.883 Y104.068 E64.04303
G1 X114.95 Y104.068 E64.04821
G1 X114.951 Y105.522 E64.16065
G1 X115.161 Y106.314 E64.22401
G1 X115.245 Y106.707 E64.25509
G1 X115.54 Y107.265 E64.3039
G1 X116.064 Y107.937 E64.36979
G1 X116.686 Y108.46 E64.43264
G1 X117.071 Y108.69 E64.46732
G1 X122.544 Y111.504 E64.94321
G1 X123.205 Y111.765 E64.99816
G1 X123.733 Y111.883 E65.04
G1 X124.136 Y111.926 E65.07134
G1 X124.703 Y111.954 E65.11524
G1 X125.096 Y111.899 E65.14593
G1 X125.673 Y111.792 E65.19131
G1 X125.974 Y111.703 E65.21558
G1 X126.469 Y111.497 E65.25704
G1 X131.928 Y108.693 E65.73162
G1 X132.597 Y108.254 E65.79349
G1 X132.936 Y107.9 E65.8314
G1 X133.103 Y107.743 E65.84912
G1 X133.336 Y107.451 E65.87801
G1 X133.725 Y106.79 E65.93732
G1 X133.888 Y106.365 E65.97252
G1 X133.999 Y105.854 E66.01296
G1 X134.05 Y105.313 E66.05498
G1 X134.05 Y99.725 E66.4871
G1 X134.026 Y99.307 E66.51947
G1 X133.916 Y98.84 E66.55657
G1 X133.916 Y87.167 E67.45924
G1 X141.486 Y87.167 E68.04463
G1 X141.486 Y117.833 E70.41603
G1 X108.05 Y117.833 E73.00163
G0 F810 X107.514 Y117.833
G0 F9000 X108.218 Y117.552
G1 F480 E73.04308
G1 F900 X107.793 Y117.127 E73.08955
G0 F9000 X107.793 Y116.278
G1 F900 X109.066 Y117.552 E73.22883
G0 F9000 X109.915 Y117.552
G1 F900 X107.793 Y115.43 E73.46089
G0 F9000 X107.793 Y114.581
G1 F900 X110.764 Y117.552 E73.7858
G0 F9000 X111.612 Y117.552
G1 F900 X107.793 Y113.733 E74.20345
G0 F9000 X107.793 Y112.884
G1 F900 X112.461 Y117.552 E74.71395
G0 F9000 X113.309 Y117.552
G1 F900 X107.793 Y112.036 E75.31718
G0 F9000 X107.793 Y111.187
G1 F900 X114.158 Y117.552 E76.01326
G0 F9000 X115.006 Y117.552
G1 F900 X107.793 Y110.339 E76.80208
G0 F9000 X107.793 Y109.49
G1 F900 X115.855 Y117.552 E77.68375
G0 F9000 X116.703 Y117.552
G1 F900 X107.793 Y108.642 E78.65816
G0 F9000 X107.793 Y107.793
G1 F900 X117.552 Y117.552 E79.72541
G0 F9000 X118.4 Y117.552
G1 F900 X107.793 Y106.944 E80.88545
G0 F9000 X107.793 Y106.096
G1 F900 X119.249 Y117.552 E82.13829
G0 F9000 X120.097 Y117.552
G1 F900 X107.793 Y105.247 E83.48392
G0 F9000 X107.793 Y104.399
G1 F900 X120.946 Y117.552 E84.92235
G0 F9000 X121.794 Y117.552
G1 F900 X107.793 Y103.55 E86.45356
G0 F9000 X107.793 Y102.702
G1 F900 X122.643 Y117.552 E88.07757
G0 F9000 X123.491 Y117.552
G1 F900 X107.793 Y101.853 E89.79437
G0 F9000 X107.793 Y101.005
G1 F900 X124.34 Y117.552 E91.60397
G0 F9000 X125.189 Y117.552
G1 F900 X107.793 Y100.156 E93.50641
G0 F9000 X107.793 Y99.308
G1 F900 X114.894 Y106.409 E94.28298
G0 F9000 X114.67 Y105.336
G1 F900 X107.793 Y98.459 E95.03506
G0 F9000 X107.793 Y97.611
G1 F900 X114.67 Y104.487 E95.78708
G0 F9000 X114.602 Y103.571
G1 F900 X107.793 Y96.762 E96.53171
G0 F9000 X107.793 Y95.914
G1 F900 X114.602 Y102.722 E97.2763
G0 F9000 X114.602 Y101.874
G1 F900 X107.793 Y95.065 E98.02094
G0 F9000 X107.793 Y94.217
G1 F900 X114.602 Y101.025 E98.76552
G0 F9000 X114.602 Y100.177
G1 F900 X107.793 Y93.368 E99.51016
G0 F9000 X107.793 Y92.519
G1 F900 X114.602 Y99.328 E100.2548
G0 F9000 X114.602 Y98.48
G1 F900 X107.793 Y91.671 E100.99943
G0 F9000 X107.793 Y90.822
G1 F900 X114.602 Y97.631 E101.74407
G0 F9000 X114.602 Y96.783
G1 F900 X107.793 Y89.974 E102.48871
G0 F9000 X107.793 Y89.125
G1 F900 X114.602 Y95.934 E103.23335
G0 F9000 X114.602 Y95.086
G1 F900 X107.793 Y88.277 E103.97799
G0 F9000 X107.811 Y87.447
G1 F900 X114.602 Y94.237 E104.7206
G0 F9000 X114.602 Y93.389
G1 F900 X108.66 Y87.447 E105.37042
G0 F9000 X109.508 Y87.447
G1 F900 X114.602 Y92.54 E105.92745
G0 F9000 X114.602 Y91.691
G1 F900 X110.357 Y87.447 E106.39164
G0 F9000 X111.205 Y87.447
G1 F900 X114.602 Y90.843 E106.76308
G0 F9000 X114.602 Y89.994
G1 F900 X112.054 Y87.447 E107.04168
G0 F9000 X112.903 Y87.447
G1 F900 X114.602 Y89.146 E107.22748
G0 F9000 X114.602 Y88.297
G1 F900 X113.751 Y87.447 E107.32049
G0 F9000 X134.195 Y87.526
G1 F900 X141.205 Y94.536 E108.08711
G0 F9000 X141.205 Y93.688
G1 F900 X134.964 Y87.447 E108.76963
G0 F9000 X135.813 Y87.447
G1 F900 X141.205 Y92.839 E109.35931
G0 F9000 X141.205 Y91.991
G1 F900 X136.661 Y87.447 E109.85624
G0 F9000 X137.51 Y87.447
G1 F900 X141.205 Y91.142 E110.26033
G0 F9000 X141.205 Y90.294
G1 F900 X138.358 Y87.447 E110.57168
G0 F9000 X139.207 Y87.447
G1 F900 X141.205 Y89.445 E110.79018
G0 F9000 X141.205 Y88.596
G1 F900 X140.055 Y87.447 E110.91589
G0 F9000 X140.904 Y87.447
G1 F900 X141.205 Y87.748 E110.94881
G0 F9000 X134.195 Y88.374
G1 F900 X141.205 Y95.385 E111.71549
G0 F9000 X141.205 Y96.233
G1 F900 X134.195 Y89.223 E112.48211
G0 F9000 X134.195 Y90.071
G1 F900 X141.205 Y97.082 E113.24878
G0 F9000 X141.205 Y97.93
G1 F900 X134.195 Y90.92 E114.0154
G0 F9000 X134.195 Y91.769
G1 F900 X141.205 Y98.779 E114.78202
G0 F9000 X141.205 Y99.627
G1 F900 X134.195 Y92.617 E115.54864
G0 F9000 X134.195 Y93.466
G1 F900 X141.205 Y100.476 E116.31526
G0 F9000 X141.205 Y101.324
G1 F900 X134.195 Y94.314 E117.08188
G0 F9000 X134.195 Y95.163
G1 F900 X141.205 Y102.173 E117.8485
G0 F9000 X141.205 Y103.021
G1 F900 X134.195 Y96.011 E118.61512
G0 F9000 X134.195 Y96.86
G1 F900 X141.205 Y103.87 E119.38174
G0 F9000 X141.205 Y104.718
G1 F900 X134.195 Y97.708 E120.14836
G0 F9000 X134.195 Y98.557
G1 F900 X141.205 Y105.567 E120.91498
G0 F9000 X141.205 Y106.416
G1 F900 X134.318 Y99.528 E121.6682
G0 F9000 X134.329 Y100.387
G1 F900 X141.205 Y107.264 E122.42022
G0 F9000 X141.205 Y108.113
G1 F900 X134.329 Y101.236 E123.17224
G0 F9000 X134.329 Y102.085
G1 F900 X141.205 Y108.961 E123.92421
G0 F9000 X141.205 Y109.81
G1 F900 X134.329 Y102.933 E124.67623
G0 F9000 X134.329 Y103.782
G1 F900 X141.205 Y110.658 E125.42819
G0 F9000 X141.205 Y111.507
G1 F900 X134.329 Y104.63 E126.18021
G0 F9000 X134.315 Y105.465
G1 F900 X141.205 Y112.355 E126.93371
G0 F9000 X141.205 Y113.204
G1 F900 X134.207 Y106.206 E127.69902
G0 F9000 X134 Y106.848
G1 F900 X141.205 Y114.052 E128.48691
G0 F9000 X141.205 Y114.901
G1 F900 X133.694 Y107.39 E129.30832
G0 F9000 X133.343 Y107.887
G1 F900 X141.205 Y115.749 E130.16811
G0 F9000 X141.205 Y116.598
G1 F900 X132.924 Y108.316 E131.07378
G0 F9000 X132.446 Y108.687
G1 F900 X141.205 Y117.446 E132.03167
G0 F9000 X140.462 Y117.552
G1 F900 X131.922 Y109.011 E132.96567
G0 F9000 X131.361 Y109.299
G1 F900 X139.613 Y117.552 E133.86817
G0 F9000 X138.765 Y117.552
G1 F900 X130.8 Y109.587 E134.73923
G0 F9000 X130.239 Y109.875
G1 F900 X137.916 Y117.552 E135.57879
G0 F9000 X137.068 Y117.552
G1 F900 X129.679 Y110.162 E136.38692
G0 F9000 X129.118 Y110.45
G1 F900 X136.219 Y117.552 E137.16354
G0 F9000 X135.371 Y117.552
G1 F900 X128.557 Y110.738 E137.90873
G0 F9000 X127.996 Y111.026
G1 F900 X134.522 Y117.552 E138.62242
G0 F9000 X133.674 Y117.552
G1 F900 X127.436 Y111.314 E139.30461
G0 F9000 X126.875 Y111.601
G1 F900 X132.825 Y117.552 E139.95536
G0 F9000 X131.977 Y117.552
G1 F900 X126.297 Y111.872 E140.57653
G0 F9000 X125.655 Y112.079
G1 F900 X131.128 Y117.552 E141.17506
G0 F9000 X130.28 Y117.552
G1 F900 X124.932 Y112.204 E141.75993
G0 F9000 X124.08 Y112.201
G1 F900 X129.431 Y117.552 E142.34512
G0 F9000 X128.583 Y117.552
G1 F900 X123.026 Y111.995 E142.95283
G0 F9000 X121.427 Y111.245
M104 S215
G1 F900 X127.734 Y117.552 E143.64257
G0 F9000 X126.886 Y117.552
G1 F900 X119.681 Y110.347 E144.43052
G0 F9000 X117.934 Y109.449
G1 F900 X126.037 Y117.552 E145.31667
G0 F9000 X116.51 Y106.637
G0 X116.337 Y106.31
G0 X116.148 Y105.551
G0 X116.014 Y103.004
;TIME_ELAPSED:141.194096
;LAYER:1
M140 S70
M106 S63.8
G0 X116.014 Y103.004 Z0.46
;TYPE:WALL-INNER
G1 F1200 X116.016 Y105.409 E145.37666
G1 X116.144 Y105.896 E145.38922
G1 X116.187 Y106.135 E145.39528
G1 X116.289 Y106.419 E145.40281
G1 X116.47 Y106.729 E145.41176
G1 X116.654 Y106.976 E145.41945
G1 X116.856 Y107.218 E145.42731
G1 X117.305 Y107.591 E145.44187
G1 X117.56 Y107.745 E145.4493
G1 X122.987 Y110.535 E145.60152
G1 X123.551 Y110.754 E145.61661
G1 X123.849 Y110.82 E145.62423
G1 X124.309 Y110.872 E145.63577
G1 X124.637 Y110.886 E145.64396
G1 X125.012 Y110.839 E145.65339
G1 X125.378 Y110.77 E145.66268
G1 X125.635 Y110.692 E145.66938
G1 X126.024 Y110.53 E145.67989
G1 X131.385 Y107.777 E145.83023
G1 X131.753 Y107.544 E145.84109
G1 X131.932 Y107.41 E145.84667
G1 X132.122 Y107.212 E145.85351
G1 X132.296 Y107.048 E145.85948
G1 X132.471 Y106.827 E145.86651
G1 X132.679 Y106.461 E145.87701
G1 X132.756 Y106.359 E145.8802
G1 X132.867 Y106.071 E145.8879
G1 X132.944 Y105.701 E145.89733
G1 X132.986 Y105.263 E145.9083
G1 X132.986 Y99.753 E146.04575
G1 X132.968 Y99.461 E146.05305
G1 X132.852 Y98.966 E146.06573
G1 X132.852 Y88.099 E146.33681
G1 X115.947 Y88.099 E146.75851
G1 X115.947 Y101.406 E147.09045
G0 F1080 X115.947 Y103.004
G0 X116.014 Y103.004
G0 F9000 X116.347 Y102.604
G1 F480 E147.13198
G1 F1200 X116.414 Y102.604 E147.13366
G1 X116.416 Y105.357 E147.20233
G1 X116.533 Y105.801 E147.21378
G1 X116.575 Y106.031 E147.21961
G1 X116.653 Y106.249 E147.22539
G1 X116.804 Y106.508 E147.23287
G1 X116.968 Y106.728 E147.23971
G1 X117.14 Y106.934 E147.24641
G1 X117.537 Y107.264 E147.25929
G1 X117.755 Y107.395 E147.26563
G1 X123.151 Y110.17 E147.41699
G1 X123.667 Y110.37 E147.4308
G1 X123.915 Y110.425 E147.43713
G1 X124.34 Y110.473 E147.4478
G1 X124.621 Y110.485 E147.45482
G1 X124.95 Y110.444 E147.46309
G1 X125.282 Y110.381 E147.47152
G1 X125.5 Y110.315 E147.4772
G1 X125.855 Y110.167 E147.48679
G1 X131.186 Y107.429 E147.63629
G1 X131.526 Y107.214 E147.64632
G1 X131.667 Y107.109 E147.65071
G1 X131.842 Y106.927 E147.65701
G1 X132 Y106.777 E147.66244
G1 X132.139 Y106.602 E147.66802
G1 X132.345 Y106.241 E147.67839
G1 X132.402 Y106.164 E147.68078
G1 X132.482 Y105.957 E147.68631
G1 X132.548 Y105.641 E147.69436
G1 X132.586 Y105.244 E147.70431
G1 X132.586 Y99.765 E147.84099
G1 X132.571 Y99.519 E147.84713
G1 X132.452 Y99.01 E147.86017
G1 X132.452 Y88.499 E148.12237
G1 X116.347 Y88.499 E148.52411
G1 X116.347 Y100.939 E148.83443
G0 F1080 X116.347 Y102.604
G0 F9000 X116.772 Y102.179
;TYPE:WALL-OUTER
G1 F480 E148.87596
G1 F900 X116.839 Y102.179 E148.87743
G1 X116.841 Y105.302 E148.94559
G1 X116.948 Y105.709 E148.95478
G1 X116.987 Y105.92 E148.95946
G1 X117.04 Y106.069 E148.96291
G1 X117.159 Y106.273 E148.96807
G1 X117.302 Y106.464 E148.97328
G1 X117.442 Y106.632 E148.97805
G1 X117.784 Y106.916 E148.98775
G1 X117.962 Y107.023 E148.99228
G1 X123.326 Y109.782 E149.12394
G1 X123.79 Y109.962 E149.13481
G1 X123.985 Y110.005 E149.13917
G1 X124.373 Y110.049 E149.14769
G1 X124.604 Y110.059 E149.15274
G1 X124.884 Y110.024 E149.15889
G1 X125.181 Y109.968 E149.16549
G1 X125.356 Y109.915 E149.16948
G1 X125.676 Y109.781 E149.17706
G1 X130.975 Y107.059 E149.30708
G1 X131.285 Y106.864 E149.31508
G1 X131.385 Y106.789 E149.31781
G1 X131.549 Y106.619 E149.32296
G1 X131.686 Y106.489 E149.32708
G1 X131.786 Y106.363 E149.33059
G1 X131.987 Y106.011 E149.33944
G1 X132.026 Y105.958 E149.34088
G1 X132.073 Y105.836 E149.34373
G1 X132.127 Y105.577 E149.34951
G1 X132.161 Y105.224 E149.35725
G1 X132.161 Y99.778 E149.47612
G1 X132.149 Y99.579 E149.48047
G1 X132.055 Y99.162 E149.4898
G1 X132.027 Y99.096 E149.49136
G1 X132.027 Y88.924 E149.71339
G1 X116.772 Y88.924 E150.04636
G1 X116.772 Y100.277 E150.29416
G0 F810 X116.772 Y102.179
G0 F9000 X116.839 Y102.179
G0 X116.839 Y102.312
G0 X116.247 Y102.312
G0 X106.45 Y118.897
;TYPE:WALL-INNER
G1 F480 E150.33567
G1 F1200 X106.45 Y86.103 E151.15372
G1 X142.55 Y86.103 E152.05424
G1 X142.55 Y118.897 E152.87229
G1 X108.115 Y118.897 E153.73128
G0 F1080 X106.45 Y118.897
G0 F9000 X106.05 Y119.297
G1 F480 E153.77281
G1 F1200 X106.05 Y85.703 E154.61082
G1 X142.95 Y85.703 E155.53129
G1 X142.95 Y119.297 E156.3693
G1 X107.715 Y119.297 E157.24824
G0 F1080 X106.05 Y119.297
G0 F9000 X105.625 Y119.722
;TYPE:WALL-OUTER
G1 F480 E157.28977
G1 F900 X105.625 Y85.278 E158.04158
G1 X143.375 Y85.278 E158.86555
G1 X143.375 Y119.722 E159.61735
G1 X107.527 Y119.722 E160.39981
G0 F810 X105.625 Y119.722
G0 F9000 X105.625 Y119.522
G0 X106.01 Y119.337
G0 X106.84 Y118.507
;TYPE:SKIN
G1 F480 E160.44132
G1 F1650 X106.84 Y86.493 E161.23991
G1 X142.16 Y86.493 E162.12097
G1 X142.16 Y118.507 E162.91957
G1 X108.505 Y118.507 E163.75909
G0 F1485 X106.84 Y118.507
G0 F9000 X116.579 Y107.495
G1 F480 E163.80063
G1 F1650 X117.078 Y107.909 E163.8168
G1 X117.369 Y108.086 E163.8253
G1 X122.827 Y110.892 E163.97839
G1 X123.438 Y111.128 E163.99473
G1 X123.785 Y111.206 E164.0036
G1 X124.278 Y111.262 E164.01598
G1 X124.653 Y111.278 E164.02534
G1 X125.072 Y111.225 E164.03587
G1 X125.472 Y111.15 E164.04603
G1 X125.767 Y111.059 E164.05373
G1 X126.188 Y110.885 E164.06509
G1 X131.578 Y108.116 E164.21625
G1 X131.975 Y107.865 E164.22797
G1 X132.191 Y107.703 E164.2347
G1 X132.396 Y107.49 E164.24208
G1 X132.584 Y107.313 E164.24852
G1 X132.795 Y107.045 E164.25702
G1 X133.004 Y106.679 E164.26754
G1 X133.101 Y106.55 E164.27156
G1 X133.242 Y106.182 E164.2814
G1 X133.33 Y105.76 E164.29215
G1 X133.376 Y105.282 E164.30413
G1 X133.376 Y99.741 E164.44235
G1 X133.356 Y99.404 E164.45077
G1 X133.242 Y98.919 E164.4632
G1 X133.242 Y87.709 E164.74283
G1 X115.557 Y87.709 E165.18399
G1 X115.557 Y103.394 E165.57525
G1 X115.624 Y103.394 E165.57692
G1 X115.626 Y105.46 E165.62846
G1 X115.763 Y105.98 E165.64187
G1 X115.778 Y106.06 E165.6439
G0 F1485 X115.809 Y106.236
G0 X115.934 Y106.585
G0 X116.144 Y106.945
G0 X116.348 Y107.218
G0 X116.579 Y107.495
G0 F9000 X107.019 Y87.01
G1 F480 E165.68544
G1 F1650 X107.357 Y86.672 E165.69736
G0 F9000 X107.922 Y86.672
G1 F1650 X107.019 Y87.575 E165.72922
G0 F9000 X107.019 Y88.141
G1 F1650 X108.488 Y86.672 E165.78104
G0 F9000 X109.054 Y86.672
G1 F1650 X107.019 Y88.707 E165.85283
G0 F9000 X107.019 Y89.272
G1 F1650 X109.619 Y86.672 E165.94455
G0 F9000 X110.185 Y86.672
G1 F1650 X107.019 Y89.838 E166.05624
G0 F9000 X107.019 Y90.404
G1 F1650 X110.751 Y86.672 E166.1879
G0 F9000 X111.316 Y86.672
G1 F1650 X107.019 Y90.969 E166.33948
G0 F9000 X107.019 Y91.535
G1 F1650 X111.882 Y86.672 E166.51104
G0 F9000 X112.448 Y86.672
G1 F1650 X107.019 Y92.101 E166.70256
G0 F9000 X107.019 Y92.667
G1 F1650 X113.014 Y86.672 E166.91405
G0 F9000 X113.579 Y86.672
G1 F1650 X107.019 Y93.232 E167.14547
G0 F9000 X107.019 Y93.798
G1 F1650 X114.145 Y86.672 E167.39686
G0 F9000 X114.711 Y86.672
G1 F1650 X107.019 Y94.364 E167.66822
G0 F9000 X107.019 Y94.929
G1 F1650 X115.276 Y86.672 E167.95951
G0 F9000 X115.842 Y86.672
G1 F1650 X107.019 Y95.495 E168.27076
G0 F9000 X107.019 Y96.061
G1 F1650 X115.375 Y87.705 E168.56554
G0 F9000 X115.551 Y87.529
G1 F1650 X116.408 Y86.672 E168.59578
G0 F9000 X116.973 Y86.672
G1 F1650 X116.117 Y87.529 E168.62599
G0 F9000 X116.683 Y87.529
G1 F1650 X117.539 Y86.672 E168.65621
G0 F9000 X118.105 Y86.672
G1 F1650 X117.248 Y87.529 E168.68644
G0 F9000 X117.814 Y87.529
G1 F1650 X118.67 Y86.672 E168.71666
G0 F9000 X119.236 Y86.672
G1 F1650 X118.38 Y87.529 E168.74687
G0 F9000 X118.945 Y87.529
G1 F1650 X119.802 Y86.672 E168.7771
G0 F9000 X120.367 Y86.672
G1 F1650 X119.511 Y87.529 E168.80732
G0 F9000 X120.077 Y87.529
G1 F1650 X120.933 Y86.672 E168.83753
G0 F9000 X121.499 Y86.672
G1 F1650 X120.643 Y87.529 E168.86775
G0 F9000 X121.208 Y87.529
G1 F1650 X122.065 Y86.672 E168.89798
G0 F9000 X122.63 Y86.672
G1 F1650 X121.774 Y87.529 E168.9282
G0 F9000 X122.34 Y87.529
G1 F1650 X123.196 Y86.672 E168.95841
G0 F9000 X123.762 Y86.672
G1 F1650 X122.905 Y87.529 E168.98865
G0 F9000 X123.471 Y87.529
G1 F1650 X124.327 Y86.672 E169.01886
G0 F9000 X124.893 Y86.672
G1 F1650 X124.037 Y87.529 E169.04908
G0 F9000 X124.602 Y87.529
G1 F1650 X125.459 Y86.672 E169.07931
G0 F9000 X126.024 Y86.672
G1 F1650 X125.168 Y87.529 E169.10953
G0 F9000 X125.734 Y87.529
G1 F1650 X126.59 Y86.672 E169.13974
G0 F9000 X127.156 Y86.672
G1 F1650 X126.299 Y87.529 E169.16997
G0 F9000 X126.865 Y87.529
G1 F1650 X127.721 Y86.672 E169.20019
G0 F9000 X128.287 Y86.672
G1 F1650 X127.431 Y87.529 E169.2304
G0 F9000 X127.996 Y87.529
G1 F1650 X128.853 Y86.672 E169.26064
G0 F9000 X129.418 Y86.672
G1 F1650 X128.562 Y87.529 E169.29085
G0 F9000 X129.128 Y87.529
G1 F1650 X129.984 Y86.672 E169.32107
G0 F9000 X130.55 Y86.672
G1 F1650 X129.693 Y87.529 E169.3513
G0 F9000 X130.259 Y87.529
G1 F1650 X131.115 Y86.672 E169.38152
G0 F9000 X131.681 Y86.672
G1 F1650 X130.825 Y87.529 E169.41173
G0 F9000 X131.391 Y87.529
G1 F1650 X132.247 Y86.672 E169.44195
G0 F9000 X132.813 Y86.672
G1 F1650 X131.956 Y87.529 E169.47218
G0 F9000 X132.522 Y87.529
G1 F1650 X133.378 Y86.672 E169.5024
G0 F9000 X133.944 Y86.672
G1 F1650 X133.088 Y87.529 E169.53261
G0 F9000 X133.421 Y87.761
G1 F1650 X134.51 Y86.672 E169.57103
G0 F9000 X135.075 Y86.672
G1 F1650 X133.421 Y88.327 E169.6294
G0 F9000 X133.421 Y88.893
G1 F1650 X135.641 Y86.672 E169.70773
G0 F9000 X136.207 Y86.672
G1 F1650 X133.421 Y89.458 E169.80601
G0 F9000 X133.421 Y90.024
G1 F1650 X136.772 Y86.672 E169.92425
G0 F9000 X137.338 Y86.672
G1 F1650 X133.421 Y90.59 E170.06245
G0 F9000 X133.421 Y91.155
G1 F1650 X137.904 Y86.672 E170.2206
G0 F9000 X138.469 Y86.672
G1 F1650 X133.421 Y91.721 E170.3987
G0 F9000 X133.421 Y92.287
G1 F1650 X139.035 Y86.672 E170.59676
G0 F9000 X139.601 Y86.672
G1 F1650 X133.421 Y92.853 E170.8148
G0 F9000 X133.421 Y93.418
G1 F1650 X140.166 Y86.672 E171.05276
G0 F9000 X140.732 Y86.672
G1 F1650 X133.421 Y93.984 E171.3107
G0 F9000 X133.421 Y94.55
G1 F1650 X141.298 Y86.672 E171.5886
G0 F9000 X141.864 Y86.672
G1 F1650 X133.421 Y95.115 E171.88644
G0 F9000 X133.421 Y95.681
G1 F1650 X141.979 Y87.123 E172.18835
G0 F9000 X141.979 Y87.689
G1 F1650 X133.421 Y96.247 E172.49026
G0 F9000 X133.421 Y96.812
G1 F1650 X141.979 Y88.254 E172.79216
G0 F9000 X141.979 Y88.82
G1 F1650 X133.421 Y97.378 E173.09407
G0 F9000 X133.421 Y97.944
G1 F1650 X141.979 Y89.386 E173.39598
G0 F9000 X141.979 Y89.951
G1 F1650 X133.421 Y98.509 E173.69788
G0 F9000 X133.455 Y99.04
G1 F1650 X141.979 Y90.517 E173.99857
G0 F9000 X141.979 Y91.083
G1 F1650 X133.543 Y99.518 E174.29616
G0 F9000 X133.555 Y100.072
G1 F1650 X141.979 Y91.648 E174.59334
G0 F9000 X141.979 Y92.214
G1 F1650 X133.555 Y100.638 E174.89052
G0 F9000 X133.555 Y101.203
G1 F1650 X141.979 Y92.78 E175.18768
G0 F9000 X141.979 Y93.345
G1 F1650 X133.555 Y101.769 E175.48486
G0 F9000 X133.555 Y102.335
G1 F1650 X141.979 Y93.911 E175.78204
G0 F9000 X141.979 Y94.477
G1 F1650 X133.555 Y102.901 E176.07922
G0 F9000 X133.555 Y103.466
G1 F1650 X141.979 Y95.042 E176.3764
G0 F9000 X141.979 Y95.608
G1 F1650 X133.555 Y104.032 E176.67358
G0 F9000 X133.555 Y104.598
G1 F1650 X141.979 Y96.174 E176.97076
G0 F9000 X141.979 Y96.739
G1 F1650 X133.555 Y105.163 E177.26793
G0 F9000 X133.508 Y105.776
G1 F1650 X141.979 Y97.305 E177.56677
G0 F9000 X141.979 Y97.871
G1 F1650 X133.289 Y106.56 E177.87332
G0 F9000 X131.484 Y108.366
G1 F1650 X121.524 Y118.326 E178.22468
G0 F9000 X122.089 Y118.326
G1 F1650 X141.979 Y98.437 E178.92634
G0 F9000 X141.979 Y99.002
G1 F1650 X122.655 Y118.326 E179.60805
G0 F9000 X123.221 Y118.326
G1 F1650 X141.979 Y99.568 E180.26978
G0 F9000 X141.979 Y100.134
G1 F1650 X123.786 Y118.326 E180.91157
G0 F9000 X124.352 Y118.326
G1 F1650 X141.979 Y100.699 E181.53341
G0 F9000 X141.979 Y101.265
G1 F1650 X124.918 Y118.326 E182.13529
G0 F9000 X125.483 Y118.326
G1 F1650 X141.979 Y101.831 E182.71721
G0 F9000 X141.979 Y102.396
G1 F1650 X126.049 Y118.326 E183.27918
G0 F9000 X126.615 Y118.326
G1 F1650 X141.979 Y102.962 E183.82119
G0 F9000 X141.979 Y103.528
G1 F1650 X127.18 Y118.326 E184.34325
G0 F9000 X127.746 Y118.326
G1 F1650 X141.979 Y104.093 E184.84536
G0 F9000 X141.979 Y104.659
G1 F1650 X128.312 Y118.326 E185.3275
G0 F9000 X128.877 Y118.326
G1 F1650 X141.979 Y105.225 E185.78969
G0 F9000 X141.979 Y105.79
G1 F1650 X129.443 Y118.326 E186.23193
G0 F9000 X130.009 Y118.326
G1 F1650 X141.979 Y106.356 E186.6542
G0 F9000 X141.979 Y106.922
G1 F1650 X130.575 Y118.326 E187.05651
G0 F9000 X131.14 Y118.326
G1 F1650 X141.979 Y107.488 E187.43887
G0 F9000 X141.979 Y108.053
G1 F1650 X131.706 Y118.326 E187.80127
G0 F9000 X132.272 Y118.326
G1 F1650 X141.979 Y108.619 E188.14371
G0 F9000 X141.979 Y109.185
G1 F1650 X132.837 Y118.326 E188.46621
G0 F9000 X133.403 Y118.326
G1 F1650 X141.979 Y109.75 E188.76875
G0 F9000 X141.979 Y110.316
G1 F1650 X133.969 Y118.326 E189.05132
G0 F9000 X134.534 Y118.326
G1 F1650 X141.979 Y110.882 E189.31395
G0 F9000 X141.979 Y111.447
G1 F1650 X135.1 Y118.326 E189.55662
G0 F9000 X135.666 Y118.326
G1 F1650 X141.979 Y112.013 E189.77933
G0 F9000 X141.979 Y112.579
G1 F1650 X136.231 Y118.326 E189.98209
G0 F9000 X136.797 Y118.326
G1 F1650 X141.979 Y113.144 E190.1649
G0 F9000 X141.979 Y113.71
G1 F1650 X137.363 Y118.326 E190.32774
G0 F9000 X137.928 Y118.326
G1 F1650 X141.979 Y114.276 E190.47063
G0 F9000 X141.979 Y114.841
G1 F1650 X138.494 Y118.326 E190.59357
G0 F9000 X139.06 Y118.326
G1 F1650 X141.979 Y115.407 E190.69655
G0 F9000 X141.979 Y115.973
G1 F1650 X139.626 Y118.326 E190.77956
G0 F9000 X140.191 Y118.326
G1 F1650 X141.979 Y116.538 E190.84263
G0 F9000 X141.979 Y117.104
G1 F1650 X140.757 Y118.326 E190.88574
G0 F9000 X141.651 Y117.998
G1 F1650 X141.933 Y118.281 E190.8989
G0 F9000 X141.888 Y118.326
G0 X130.321 Y108.963
G1 F1650 X120.958 Y118.326 E191.2292
G0 F9000 X120.392 Y118.326
G1 F1650 X129.158 Y109.561 E191.53843
G0 F9000 X127.995 Y110.158
G1 F1650 X119.827 Y118.326 E191.82658
G0 F9000 X119.261 Y118.326
G1 F1650 X126.832 Y110.755 E192.09367
G0 F9000 X125.779 Y111.242
G1 F1650 X118.695 Y118.326 E192.34357
G0 F9000 X118.129 Y118.326
G1 F1650 X125.046 Y111.409 E192.58759
G0 F9000 X124.441 Y111.449
G1 F1650 X117.564 Y118.326 E192.83019
G0 F9000 X116.998 Y118.326
G1 F1650 X123.922 Y111.402 E193.07446
G0 F9000 X123.445 Y111.313
G1 F1650 X116.432 Y118.326 E193.32186
G0 F9000 X115.867 Y118.326
G1 F1650 X123.03 Y111.163 E193.57455
G0 F9000 X122.633 Y110.994
G1 F1650 X115.301 Y118.326 E193.83321
G0 F9000 X114.735 Y118.326
G1 F1650 X122.259 Y110.802 E194.09864
G0 F9000 X121.886 Y110.61
G1 F1650 X114.17 Y118.326 E194.37084
G0 F9000 X113.604 Y118.326
G1 F1650 X121.512 Y110.418 E194.64982
G0 F9000 X121.138 Y110.226
G1 F1650 X113.038 Y118.326 E194.93557
G0 F9000 X112.473 Y118.326
G1 F1650 X120.765 Y110.034 E195.22809
G0 F9000 X120.392 Y109.841
G1 F1650 X111.907 Y118.326 E195.52742
G0 F9000 X111.341 Y118.326
G1 F1650 X120.017 Y109.65 E195.83349
G0 F9000 X119.644 Y109.458
G1 F1650 X110.776 Y118.326 E196.14633
G0 F9000 X110.21 Y118.326
G1 F1650 X119.271 Y109.265 E196.46599
G0 F9000 X118.897 Y109.074
G1 F1650 X109.644 Y118.326 E196.79239
G0 F9000 X109.078 Y118.326
G1 F1650 X118.523 Y108.881 E197.12559
G0 F9000 X118.15 Y108.689
G1 F1650 X108.513 Y118.326 E197.46556
G0 F9000 X107.947 Y118.326
G1 F1650 X117.776 Y108.497 E197.81231
G0 F9000 X117.403 Y108.305
G1 F1650 X107.381 Y118.326 E198.16584
G0 F9000 X107.019 Y118.122
G1 F1650 X117.043 Y108.098 E198.51946
G0 F9000 X116.726 Y107.85
G1 F1650 X107.019 Y117.557 E198.86191
G0 F9000 X107.019 Y116.991
G1 F1650 X116.421 Y107.589 E199.19359
G0 F9000 X116.167 Y107.278
G1 F1650 X107.019 Y116.425 E199.51629
G0 F9000 X107.019 Y115.86
G1 F1650 X115.934 Y106.945 E199.83079
G0 F9000 X115.738 Y106.575
G1 F1650 X107.019 Y115.294 E200.13838
G0 F9000 X107.019 Y114.728
G1 F1650 X115.607 Y106.14 E200.44134
G0 F9000 X115.497 Y105.685
G1 F1650 X107.019 Y114.163 E200.74043
G0 F9000 X107.019 Y113.597
G1 F1650 X115.444 Y105.172 E201.03764
G0 F9000 X115.444 Y104.607
G1 F1650 X107.019 Y113.031 E201.33484
G0 F9000 X107.019 Y112.466
G1 F1650 X115.443 Y104.042 E201.63202
G0 F9000 X115.375 Y103.544
G1 F1650 X107.019 Y111.9 E201.9268
G0 F9000 X107.019 Y111.334
G1 F1650 X115.375 Y102.978 E202.22158
G0 F9000 X115.375 Y102.413
G1 F1650 X107.019 Y110.768 E202.51634
G0 F9000 X107.019 Y110.203
G1 F1650 X115.375 Y101.847 E202.81112
G0 F9000 X115.375 Y101.281
G1 F1650 X107.019 Y109.637 E203.1059
G0 F9000 X107.019 Y109.071
G1 F1650 X115.375 Y100.716 E203.40066
G0 F9000 X115.375 Y100.15
G1 F1650 X107.019 Y108.506 E203.69544
G0 F9000 X107.019 Y107.94
G1 F1650 X115.375 Y99.584 E203.99022
G0 F9000 X115.375 Y99.018
G1 F1650 X107.019 Y107.374 E204.28501
G0 F9000 X107.019 Y106.809
G1 F1650 X115.375 Y98.453 E204.57979
G0 F9000 X115.375 Y97.887
G1 F1650 X107.019 Y106.243 E204.87457
G0 F9000 X107.019 Y105.677
G1 F1650 X115.375 Y97.321 E205.16935
G0 F9000 X115.375 Y96.756
G1 F1650 X107.019 Y105.112 E205.46413
G0 F9000 X107.019 Y104.546
G1 F1650 X115.375 Y96.19 E205.75891
G0 F9000 X115.375 Y95.624
G1 F1650 X107.019 Y103.98 E206.05369
G0 F9000 X107.019 Y103.415
G1 F1650 X115.375 Y95.059 E206.34847
G0 F9000 X115.375 Y94.493
G1 F1650 X107.019 Y102.849 E206.64325
G0 F9000 X107.019 Y102.283
G1 F1650 X115.375 Y93.927 E206.93803
G0 F9000 X115.375 Y93.362
G1 F1650 X107.019 Y101.718 E207.23281
G0 F9000 X107.019 Y101.152
G1 F1650 X115.375 Y92.796 E207.52759
G0 F9000 X115.375 Y92.23
G1 F1650 X107.019 Y100.586 E207.82237
G0 F9000 X107.019 Y100.02
G1 F1650 X115.375 Y91.665 E208.11713
G0 F9000 X115.375 Y91.099
G1 F1650 X107.019 Y99.455 E208.41191
G0 F9000 X107.019 Y98.889
G1 F1650 X115.375 Y90.533 E208.70669
G0 F9000 X115.375 Y89.968
G1 F1650 X107.019 Y98.323 E209.00146
G0 F9000 X107.019 Y97.758
G1 F1650 X115.375 Y89.402 E209.29624
G0 F9000 X115.375 Y88.836
G1 F1650 X107.019 Y97.192 E209.59102
G0 F9000 X107.019 Y96.626
G1 F1650 X115.375 Y88.27 E209.8858
G0 F9000 X116.014 Y103.004
;TIME_ELAPSED:267.938203
;LAYER:2
M106 S127.5
G0 X116.014 Y103.004 Z0.61
;TYPE:WALL-INNER
G1 F1500 X116.017 Y105.435 E209.94644
G1 X116.096 Y105.735 E209.95418
G1 X116.151 Y106.044 E209.96201
G1 X116.27 Y106.382 E209.97095
G1 X116.503 Y106.781 E209.98247
G1 X116.861 Y107.225 E209.9967
G1 X117.305 Y107.59 E210.01104
G1 X117.533 Y107.729 E210.0177
G1 X122.99 Y110.537 E210.17079
G1 X123.582 Y110.762 E210.18659
G1 X123.792 Y110.809 E210.19196
G1 X124.399 Y110.877 E210.20719
G1 X124.593 Y110.884 E210.21203
G1 X124.796 Y110.873 E210.21711
G1 X125.315 Y110.788 E210.23022
G1 X125.65 Y110.688 E210.23895
G1 X126.026 Y110.529 E210.24913
G1 X131.371 Y107.782 E210.39904
G1 X131.606 Y107.644 E210.40584
G1 X131.91 Y107.428 E210.41514
G1 X132.275 Y107.075 E210.42781
G1 X132.482 Y106.814 E210.43612
G1 X132.683 Y106.457 E210.44634
G1 X132.767 Y106.344 E210.44985
G1 X132.871 Y106.081 E210.4569
G1 X132.938 Y105.724 E210.46596
G1 X132.942 Y105.707 E210.4664
G1 X132.986 Y105.265 E210.47748
G1 X132.986 Y99.753 E210.61498
G1 X132.968 Y99.468 E210.6221
G1 X132.862 Y98.979 E210.63458
G1 X132.852 Y98.933 E210.63576
G1 X132.852 Y88.099 E210.90601
G1 X115.947 Y88.099 E211.32771
G1 X115.947 Y101.406 E211.65965
G0 F1350 X115.947 Y103.004
G0 X116.014 Y103.004
G0 F9000 X116.347 Y102.604
G1 F480 E211.70119
G1 F1500 X116.414 Y102.604 E211.70286
G1 X116.417 Y105.383 E211.77218
G1 X116.487 Y105.648 E211.77902
G1 X116.539 Y105.942 E211.78646
G1 X116.635 Y106.213 E211.79364
G1 X116.833 Y106.553 E211.80345
G1 X117.147 Y106.942 E211.81592
G1 X117.537 Y107.263 E211.82852
G1 X117.729 Y107.38 E211.83413
G1 X123.153 Y110.171 E211.98629
G1 X123.697 Y110.378 E212.00081
G1 X123.858 Y110.414 E212.00493
G1 X124.429 Y110.478 E212.01926
G1 X124.589 Y110.484 E212.02326
G1 X124.752 Y110.475 E212.02733
G1 X125.225 Y110.397 E212.03929
G1 X125.514 Y110.311 E212.04681
G1 X125.856 Y110.166 E212.05607
G1 X131.178 Y107.432 E212.20533
G1 X131.388 Y107.308 E212.21141
G1 X131.654 Y107.119 E212.21955
G1 X131.978 Y106.806 E212.23079
G1 X132.149 Y106.59 E212.23766
G1 X132.347 Y106.239 E212.24771
G1 X132.414 Y106.148 E212.25053
G1 X132.485 Y105.969 E212.25533
G1 X132.546 Y105.65 E212.26344
G1 X132.586 Y105.245 E212.27359
G1 X132.586 Y99.765 E212.41029
G1 X132.571 Y99.522 E212.41636
G1 X132.473 Y99.064 E212.42804
G1 X132.452 Y99.015 E212.42937
G1 X132.452 Y88.499 E212.6917
G1 X116.347 Y88.499 E213.09344
G1 X116.347 Y100.939 E213.40375
G0 F1350 X116.347 Y102.604
G0 F9000 X116.772 Y102.179
;TYPE:WALL-OUTER
G1 F480 E213.44529
G1 F900 X116.839 Y102.179 E213.44675
G1 X116.842 Y105.328 E213.51548
G1 X116.901 Y105.553 E213.52056
G1 X116.951 Y105.833 E213.52677
G1 X117.022 Y106.033 E213.5314
G1 X117.184 Y106.311 E213.53842
G1 X117.451 Y106.641 E213.54769
G1 X117.784 Y106.916 E213.55712
G1 X117.937 Y107.009 E213.56102
G1 X123.326 Y109.782 E213.69331
G1 X123.819 Y109.97 E213.70482
G1 X123.928 Y109.994 E213.70726
G1 X124.461 Y110.054 E213.71897
G1 X124.585 Y110.059 E213.72168
G1 X124.705 Y110.052 E213.7243
G1 X125.129 Y109.982 E213.73368
G1 X125.37 Y109.91 E213.73917
G1 X125.676 Y109.781 E213.74642
G1 X130.973 Y107.059 E213.87641
G1 X131.157 Y106.951 E213.88106
G1 X131.382 Y106.791 E213.88709
G1 X131.662 Y106.52 E213.8956
G1 X131.795 Y106.352 E213.90027
G1 X131.989 Y106.009 E213.90887
G1 X132.039 Y105.941 E213.91072
G1 X132.075 Y105.85 E213.91285
G1 X132.125 Y105.589 E213.91865
G1 X132.161 Y105.224 E213.92666
G1 X132.161 Y99.778 E214.04553
G1 X132.149 Y99.58 E214.04986
G1 X132.066 Y99.193 E214.0585
G1 X132.027 Y99.101 E214.06068
G1 X132.027 Y88.924 E214.28281
G1 X116.772 Y88.924 E214.61578
G1 X116.772 Y100.277 E214.86358
G0 F810 X116.772 Y102.179
G0 F9000 X116.839 Y102.179
G0 X116.839 Y102.312
G0 X116.247 Y102.312
G0 X106.45 Y118.897
;TYPE:WALL-INNER
G1 F480 E214.9051
G1 F1500 X106.45 Y86.103 E215.72315
G1 X142.55 Y86.103 E216.62367
G1 X142.55 Y118.897 E217.44172
G1 X108.115 Y118.897 E218.3007
G0 F1350 X106.45 Y118.897
G0 F9000 X106.05 Y119.297
G1 F480 E218.34223
G1 F1500 X106.05 Y85.703 E219.18024
G1 X142.95 Y85.703 E220.10071
G1 X142.95 Y119.297 E220.93872
G1 X107.715 Y119.297 E221.81766
G0 F1350 X106.05 Y119.297
G0 F9000 X105.625 Y119.722
;TYPE:WALL-OUTER
G1 F480 E221.85919
G1 F900 X105.625 Y85.278 E222.611
G1 X143.375 Y85.278 E223.43497
G1 X143.375 Y119.722 E224.18678
G1 X107.527 Y119.722 E224.96923
G0 F810 X105.625 Y119.722
G0 F9000 X105.625 Y119.522
G0 X106.01 Y119.337
G0 X106.84 Y118.507
;TYPE:SKIN
G1 F480 E225.01075
G1 F2400 X106.84 Y86.493 E225.80934
G1 X142.16 Y86.493 E226.6904
G1 X142.16 Y118.507 E227.48899
G1 X108.505 Y118.507 E228.32852
G0 F2160 X106.84 Y118.507
G0 F9000 X116.582 Y107.5
G1 F480 E228.37005
G1 F2400 X117.078 Y107.908 E228.38607
G1 X117.342 Y108.07 E228.3938
G1 X122.831 Y110.894 E228.54778
G1 X123.469 Y111.136 E228.5648
G1 X123.727 Y111.195 E228.57141
G1 X124.37 Y111.267 E228.58755
G1 X124.597 Y111.274 E228.59321
G1 X124.839 Y111.261 E228.59926
G1 X125.403 Y111.169 E228.61351
G1 X125.782 Y111.055 E228.62338
G1 X126.192 Y110.882 E228.63448
G1 X131.558 Y108.124 E228.78499
G1 X131.818 Y107.972 E228.7925
G1 X132.16 Y107.729 E228.80296
G1 X132.565 Y107.338 E228.81701
G1 X132.807 Y107.032 E228.82674
G1 X133.009 Y106.672 E228.83704
G1 X133.11 Y106.535 E228.84128
G1 X133.247 Y106.19 E228.85054
G1 X133.328 Y105.763 E228.86138
G1 X133.376 Y105.284 E228.87339
G1 X133.376 Y99.741 E229.01166
G1 X133.356 Y99.414 E229.01983
G1 X133.242 Y98.891 E229.03319
G1 X133.242 Y87.709 E229.31212
G1 X115.557 Y87.709 E229.75328
G1 X115.557 Y103.394 E230.14454
G1 X115.624 Y103.394 E230.14621
G1 X115.627 Y105.486 E230.1984
G1 X115.715 Y105.819 E230.20699
G1 X115.761 Y106.073 E230.21343
G0 F2160 X115.773 Y106.144
G0 X115.915 Y106.546
G0 X116.181 Y107.003
G0 X116.582 Y107.5
G0 F9000 X107.578 Y118.326
G1 F480 E230.25496
G1 F2400 X107.019 Y117.767 E230.27468
G0 F9000 X107.019 Y117.201
G1 F2400 X108.144 Y118.326 E230.31437
G0 F9000 X108.709 Y118.326
G1 F2400 X107.019 Y116.635 E230.37401
G0 F9000 X107.019 Y116.07
G1 F2400 X109.275 Y118.326 E230.45359
G0 F9000 X109.841 Y118.326
G1 F2400 X107.019 Y115.504 E230.55315
G0 F9000 X107.019 Y114.938
G1 F2400 X110.406 Y118.326 E230.67265
G0 F9000 X110.972 Y118.326
G1 F2400 X107.019 Y114.373 E230.8121
G0 F9000 X107.019 Y113.807
G1 F2400 X111.538 Y118.326 E230.97152
G0 F9000 X112.104 Y118.326
G1 F2400 X107.019 Y113.241 E231.15091
G0 F9000 X107.019 Y112.676
G1 F2400 X112.669 Y118.326 E231.35023
G0 F9000 X113.235 Y118.326
G1 F2400 X107.019 Y112.11 E231.56951
G0 F9000 X107.019 Y111.544
G1 F2400 X113.801 Y118.326 E231.80877
G0 F9000 X114.366 Y118.326
G1 F2400 X107.019 Y110.978 E232.06797
G0 F9000 X107.019 Y110.413
G1 F2400 X114.932 Y118.326 E232.34712
G0 F9000 X115.498 Y118.326
G1 F2400 X107.019 Y109.847 E232.64624
G0 F9000 X107.019 Y109.281
G1 F2400 X116.063 Y118.326 E232.96531
G0 F9000 X116.629 Y118.326
G1 F2400 X107.019 Y108.716 E233.30433
G0 F9000 X107.019 Y108.15
G1 F2400 X117.195 Y118.326 E233.66332
G0 F9000 X117.76 Y118.326
G1 F2400 X107.019 Y107.584 E234.04225
G0 F9000 X107.019 Y107.019
G1 F2400 X118.326 Y118.326 E234.44114
G0 F9000 X118.892 Y118.326
G1 F2400 X107.019 Y106.453 E234.85999
G0 F9000 X107.019 Y105.887
G1 F2400 X119.457 Y118.326 E235.29879
G0 F9000 X120.023 Y118.326
G1 F2400 X107.019 Y105.322 E235.75754
G0 F9000 X107.019 Y104.756
G1 F2400 X120.589 Y118.326 E236.23626
G0 F9000 X121.154 Y118.326
G1 F2400 X107.019 Y104.19 E236.73493
G0 F9000 X107.019 Y103.625
G1 F2400 X121.72 Y118.326 E237.25355
G0 F9000 X122.286 Y118.326
G1 F2400 X107.019 Y103.059 E237.79213
G0 F9000 X107.019 Y102.493
G1 F2400 X122.852 Y118.326 E238.35068
G0 F9000 X123.417 Y118.326
G1 F2400 X107.019 Y101.928 E238.92917
G0 F9000 X107.019 Y101.362
G1 F2400 X123.983 Y118.326 E239.52762
G0 F9000 X124.549 Y118.326
G1 F2400 X107.019 Y100.796 E240.14604
G0 F9000 X107.019 Y100.23
G1 F2400 X125.114 Y118.326 E240.7844
G0 F9000 X125.68 Y118.326
G1 F2400 X107.019 Y99.665 E241.44272
G0 F9000 X107.019 Y99.099
G1 F2400 X126.246 Y118.326 E242.121
G0 F9000 X126.811 Y118.326
G1 F2400 X107.019 Y98.533 E242.81924
G0 F9000 X107.019 Y97.968
G1 F2400 X115.858 Y106.807 E243.13106
G0 F9000 X115.552 Y105.935
G1 F2400 X107.019 Y97.402 E243.43208
G0 F9000 X107.019 Y96.836
G1 F2400 X115.446 Y105.264 E243.72939
G0 F9000 X115.445 Y104.697
G1 F2400 X107.019 Y96.271 E244.02664
G0 F9000 X107.019 Y95.705
G1 F2400 X115.445 Y104.131 E244.32388
G0 F9000 X115.376 Y103.497
G1 F2400 X107.019 Y95.139 E244.61872
G0 F9000 X107.019 Y94.574
G1 F2400 X115.376 Y102.931 E244.91353
G0 F9000 X115.376 Y102.365
G1 F2400 X107.019 Y94.008 E245.20835
G0 F9000 X107.019 Y93.442
G1 F2400 X115.376 Y101.8 E245.50318
G0 F9000 X115.376 Y101.234
G1 F2400 X107.019 Y92.877 E245.798
G0 F9000 X107.019 Y92.311
G1 F2400 X115.376 Y100.668 E246.09281
G0 F9000 X115.376 Y100.102
G1 F2400 X107.019 Y91.745 E246.38763
G0 F9000 X107.019 Y91.18
G1 F2400 X115.376 Y99.537 E246.68245
G0 F9000 X115.376 Y98.971
G1 F2400 X107.019 Y90.614 E246.97726
G0 F9000 X107.019 Y90.048
G1 F2400 X115.376 Y98.405 E247.27208
G0 F9000 X115.376 Y97.84
G1 F2400 X107.019 Y89.482 E247.56691
G0 F9000 X107.019 Y88.917
G1 F2400 X115.376 Y97.274 E247.86173
G0 F9000 X115.376 Y96.708
G1 F2400 X107.019 Y88.351 E248.15654
G0 F9000 X107.019 Y87.785
G1 F2400 X115.376 Y96.143 E248.45138
G0 F9000 X115.376 Y95.577
G1 F2400 X107.019 Y87.22 E248.74619
G0 F9000 X107.038 Y86.673
G1 F2400 X115.376 Y95.011 E249.04034
G0 F9000 X115.376 Y94.446
G1 F2400 X107.603 Y86.673 E249.31455
G0 F9000 X108.169 Y86.673
G1 F2400 X115.376 Y93.88 E249.5688
G0 F9000 X115.376 Y93.314
G1 F2400 X108.735 Y86.673 E249.80308
G0 F9000 X109.301 Y86.673
G1 F2400 X115.376 Y92.749 E250.01741
G0 F9000 X115.376 Y92.183
G1 F2400 X109.866 Y86.673 E250.21179
G0 F9000 X110.432 Y86.673
G1 F2400 X115.376 Y91.617 E250.3862
G0 F9000 X115.376 Y91.052
G1 F2400 X110.998 Y86.673 E250.54066
G0 F9000 X111.563 Y86.673
G1 F2400 X115.376 Y90.486 E250.67518
G0 F9000 X115.376 Y89.92
G1 F2400 X112.129 Y86.673 E250.78972
G0 F9000 X112.695 Y86.673
G1 F2400 X115.376 Y89.354 E250.8843
G0 F9000 X115.376 Y88.789
G1 F2400 X113.26 Y86.673 E250.95895
G0 F9000 X113.826 Y86.673
G1 F2400 X115.376 Y88.223 E251.01363
G0 F9000 X115.376 Y87.657
G1 F2400 X114.392 Y86.673 E251.04834
G0 F9000 X114.957 Y86.673
G1 F2400 X115.812 Y87.528 E251.07851
G0 F9000 X116.378 Y87.528
G1 F2400 X115.523 Y86.673 E251.10867
G0 F9000 X116.089 Y86.673
G1 F2400 X116.944 Y87.528 E251.13883
G0 F9000 X117.509 Y87.528
G1 F2400 X116.654 Y86.673 E251.16899
G0 F9000 X117.22 Y86.673
G1 F2400 X118.075 Y87.528 E251.19916
G0 F9000 X118.641 Y87.528
G1 F2400 X117.786 Y86.673 E251.22932
G0 F9000 X118.351 Y86.673
G1 F2400 X119.206 Y87.528 E251.25948
G0 F9000 X119.772 Y87.528
G1 F2400 X118.917 Y86.673 E251.28964
G0 F9000 X119.483 Y86.673
G1 F2400 X120.338 Y87.528 E251.31981
G0 F9000 X120.903 Y87.528
G1 F2400 X120.049 Y86.673 E251.34995
G0 F9000 X120.614 Y86.673
G1 F2400 X121.469 Y87.528 E251.38011
G0 F9000 X122.035 Y87.528
G1 F2400 X121.18 Y86.673 E251.41028
G0 F9000 X121.746 Y86.673
G1 F2400 X122.601 Y87.528 E251.44044
G0 F9000 X123.166 Y87.528
G1 F2400 X122.311 Y86.673 E251.4706
G0 F9000 X122.877 Y86.673
G1 F2400 X123.732 Y87.528 E251.50076
G0 F9000 X124.298 Y87.528
G1 F2400 X123.443 Y86.673 E251.53093
G0 F9000 X124.008 Y86.673
G1 F2400 X124.863 Y87.528 E251.56109
G0 F9000 X125.429 Y87.528
G1 F2400 X124.574 Y86.673 E251.59125
G0 F9000 X125.14 Y86.673
G1 F2400 X125.995 Y87.528 E251.62141
G0 F9000 X126.56 Y87.528
G1 F2400 X125.705 Y86.673 E251.65157
G0 F9000 X126.271 Y86.673
G1 F2400 X127.126 Y87.528 E251.68174
G0 F9000 X127.692 Y87.528
G1 F2400 X126.837 Y86.673 E251.7119
G0 F9000 X127.402 Y86.673
G1 F2400 X128.257 Y87.528 E251.74206
G0 F9000 X128.823 Y87.528
G1 F2400 X127.968 Y86.673 E251.77222
G0 F9000 X128.534 Y86.673
G1 F2400 X129.389 Y87.528 E251.80239
G0 F9000 X129.954 Y87.528
G1 F2400 X129.1 Y86.673 E251.83253
G0 F9000 X129.665 Y86.673
G1 F2400 X130.52 Y87.528 E251.86269
G0 F9000 X131.086 Y87.528
G1 F2400 X130.231 Y86.673 E251.89286
G0 F9000 X130.797 Y86.673
G1 F2400 X131.651 Y87.528 E251.923
G0 F9000 X132.217 Y87.528
G1 F2400 X131.362 Y86.673 E251.95316
G0 F9000 X131.928 Y86.673
G1 F2400 X132.783 Y87.528 E251.98333
G0 F9000 X133.349 Y87.528
G1 F2400 X132.494 Y86.673 E252.01349
G0 F9000 X133.059 Y86.673
G1 F2400 X141.979 Y95.593 E252.32817
G0 F9000 X141.979 Y96.158
G1 F2400 X133.421 Y87.6 E252.63007
G0 F9000 X133.421 Y88.166
G1 F2400 X141.979 Y96.724 E252.93198
G0 F9000 X141.979 Y97.29
G1 F2400 X133.421 Y88.732 E253.23389
G0 F9000 X133.421 Y89.297
G1 F2400 X141.979 Y97.855 E253.53579
G0 F9000 X141.979 Y98.421
G1 F2400 X133.421 Y89.863 E253.8377
G0 F9000 X133.421 Y90.429
G1 F2400 X141.979 Y98.987 E254.13961
G0 F9000 X141.979 Y99.552
G1 F2400 X133.421 Y90.994 E254.44151
G0 F9000 X133.421 Y91.56
G1 F2400 X141.979 Y100.118 E254.74342
G0 F9000 X141.979 Y100.684
G1 F2400 X133.421 Y92.126 E255.04532
G0 F9000 X133.421 Y92.691
G1 F2400 X141.979 Y101.249 E255.34723
G0 F9000 X141.979 Y101.815
G1 F2400 X133.421 Y93.257 E255.64914
G0 F9000 X133.421 Y93.823
G1 F2400 X141.979 Y102.381 E255.95104
G0 F9000 X141.979 Y102.946
G1 F2400 X133.421 Y94.388 E256.25295
G0 F9000 X133.421 Y94.954
G1 F2400 X141.979 Y103.512 E256.55486
G0 F9000 X141.979 Y104.078
G1 F2400 X133.421 Y95.52 E256.85676
G0 F9000 X133.421 Y96.085
G1 F2400 X141.979 Y104.644 E257.15869
G0 F9000 X141.979 Y105.209
G1 F2400 X133.421 Y96.651 E257.4606
G0 F9000 X133.421 Y97.217
G1 F2400 X141.979 Y105.775 E257.7625
G0 F9000 X141.979 Y106.341
G1 F2400 X133.421 Y97.782 E258.06443
G0 F9000 X133.421 Y98.348
G1 F2400 X141.979 Y106.906 E258.36633
G0 F9000 X141.979 Y107.472
G1 F2400 X133.432 Y98.925 E258.66785
G0 F9000 X133.547 Y99.605
G1 F2400 X141.979 Y108.038 E258.96533
G0 F9000 X141.979 Y108.603
G1 F2400 X133.555 Y100.18 E259.26249
G0 F9000 X133.555 Y100.745
G1 F2400 X141.979 Y109.169 E259.55967
G0 F9000 X141.979 Y109.735
G1 F2400 X133.555 Y101.311 E259.85685
G0 F9000 X133.555 Y101.877
G1 F2400 X141.979 Y110.3 E260.15401
G0 F9000 X141.979 Y110.866
G1 F2400 X133.555 Y102.442 E260.45119
G0 F9000 X133.555 Y103.008
G1 F2400 X141.979 Y111.432 E260.74837
G0 F9000 X141.979 Y111.997
G1 F2400 X133.555 Y103.574 E261.04553
G0 F9000 X133.555 Y104.139
G1 F2400 X141.979 Y112.563 E261.34271
G0 F9000 X141.979 Y113.129
G1 F2400 X133.555 Y104.705 E261.63989
G0 F9000 X133.555 Y105.271
G1 F2400 X141.979 Y113.694 E261.93705
G0 F9000 X141.979 Y114.26
G1 F2400 X133.505 Y105.786 E262.236
G0 F9000 X133.411 Y106.259
G1 F2400 X141.979 Y114.826 E262.53824
G0 F9000 X141.979 Y115.392
G1 F2400 X133.242 Y106.655 E262.84646
G0 F9000 X133.027 Y107.005
G1 F2400 X141.979 Y115.957 E263.16227
G0 F9000 X141.979 Y116.523
G1 F2400 X132.793 Y107.338 E263.48631
G0 F9000 X132.521 Y107.63
G1 F2400 X141.979 Y117.089 E263.81998
G0 F9000 X141.979 Y117.654
G1 F2400 X132.226 Y107.902 E264.16403
G0 F9000 X131.895 Y108.136
G1 F2400 X141.979 Y118.22 E264.51977
G0 F9000 X141.519 Y118.326
G1 F2400 X131.532 Y108.339 E264.87209
G0 F9000 X131.159 Y108.531
G1 F2400 X140.953 Y118.326 E265.21761
G0 F9000 X140.388 Y118.326
G1 F2400 X130.785 Y108.723 E265.55639
G0 F9000 X130.411 Y108.915
G1 F2400 X139.822 Y118.326 E265.88838
G0 F9000 X139.256 Y118.326
G1 F2400 X130.037 Y109.107 E266.21361
G0 F9000 X129.664 Y109.299
G1 F2400 X138.691 Y118.326 E266.53206
G0 F9000 X138.125 Y118.326
G1 F2400 X129.29 Y109.491 E266.84374
G0 F9000 X128.916 Y109.683
G1 F2400 X137.559 Y118.326 E267.14865
G0 F9000 X136.994 Y118.326
G1 F2400 X128.543 Y109.875 E267.44678
G0 F9000 X128.169 Y110.067
G1 F2400 X136.428 Y118.326 E267.73814
G0 F9000 X135.862 Y118.326
G1 F2400 X127.796 Y110.259 E268.0227
G0 F9000 X127.422 Y110.451
G1 F2400 X135.297 Y118.326 E268.30052
G0 F9000 X134.731 Y118.326
G1 F2400 X127.048 Y110.643 E268.57155
G0 F9000 X126.674 Y110.835
G1 F2400 X134.165 Y118.326 E268.83582
G0 F9000 X133.6 Y118.326
G1 F2400 X126.301 Y111.027 E269.09331
G0 F9000 X125.906 Y111.198
G1 F2400 X133.034 Y118.326 E269.34477
G0 F9000 X132.468 Y118.326
G1 F2400 X125.477 Y111.335 E269.5914
G0 F9000 X124.994 Y111.418
G1 F2400 X131.902 Y118.326 E269.8351
G0 F9000 X131.337 Y118.326
G1 F2400 X124.461 Y111.45 E270.07766
G0 F9000 X123.832 Y111.386
G1 F2400 X130.771 Y118.326 E270.32247
G0 F9000 X130.205 Y118.326
G1 F2400 X123.049 Y111.169 E270.57494
G0 F9000 X121.964 Y110.65
G1 F2400 X129.64 Y118.326 E270.84573
G0 F9000 X129.074 Y118.326
G1 F2400 X120.798 Y110.05 E271.13769
G0 F9000 X119.633 Y109.45
G1 F2400 X128.508 Y118.326 E271.4508
G0 F9000 X127.943 Y118.326
G1 F2400 X118.467 Y108.851 E271.78507
G0 F9000 X117.302 Y108.251
G1 F2400 X127.377 Y118.326 E272.14049
G0 F9000 X141.979 Y95.027
G1 F2400 X133.625 Y86.673 E272.4352
G0 F9000 X134.191 Y86.673
G1 F2400 X141.979 Y94.461 E272.70995
G0 F9000 X141.979 Y93.896
G1 F2400 X134.756 Y86.673 E272.96476
G0 F9000 X135.322 Y86.673
G1 F2400 X141.979 Y93.33 E273.1996
G0 F9000 X141.979 Y92.764
G1 F2400 X135.888 Y86.673 E273.41448
G0 F9000 X136.453 Y86.673
G1 F2400 X141.979 Y92.198 E273.6094
G0 F9000 X141.979 Y91.633
G1 F2400 X137.019 Y86.673 E273.78438
G0 F9000 X137.585 Y86.673
G1 F2400 X141.979 Y91.067 E273.93939
G0 F9000 X141.979 Y90.501
G1 F2400 X138.15 Y86.673 E274.07445
G0 F9000 X138.716 Y86.673
G1 F2400 X141.979 Y89.936 E274.18956
G0 F9000 X141.979 Y89.37
G1 F2400 X139.282 Y86.673 E274.28471
G0 F9000 X139.848 Y86.673
G1 F2400 X141.979 Y88.804 E274.35988
G0 F9000 X141.979 Y88.239
G1 F2400 X140.413 Y86.673 E274.41513
G0 F9000 X140.979 Y86.673
G1 F2400 X141.979 Y87.673 E274.45041
G0 F9000 X141.979 Y87.107
G1 F2400 X141.545 Y86.673 E274.46572
G0 F9000 X116.319 Y88.471
G0 X116.013 Y103.004
;TIME_ELAPSED:372.284035
;LAYER:3
M106 S191.3
G0 X116.013 Y103.004 Z0.76
;TYPE:WALL-INNER
G1 F1500 X116.014 Y105.247 E274.52167
G1 X116.027 Y105.468 E274.52719
G1 X116.115 Y105.959 E274.53963
G1 X116.253 Y106.346 E274.54988
G1 X116.537 Y106.834 E274.56397
G1 X116.888 Y107.251 E274.57756
G1 X117.318 Y107.599 E274.59136
G1 X117.629 Y107.782 E274.60036
G1 X122.992 Y110.537 E274.75077
G1 X123.659 Y110.788 E274.76854
G1 X124.527 Y110.886 E274.79033
G1 X124.799 Y110.875 E274.79712
G1 X125.263 Y110.803 E274.80884
G1 X125.664 Y110.682 E274.81928
G1 X126.026 Y110.529 E274.82909
G1 X131.371 Y107.782 E274.979
G1 X131.663 Y107.61 E274.98745
G1 X131.912 Y107.425 E274.99519
G1 X132.248 Y107.11 E275.00668
G1 X132.496 Y106.791 E275.01676
G1 X132.684 Y106.457 E275.02632
G1 X132.768 Y106.343 E275.02985
G1 X132.873 Y106.102 E275.03641
G1 X132.936 Y105.725 E275.04594
G1 X132.939 Y105.713 E275.04625
G1 X132.986 Y105.267 E275.05744
G1 X132.986 Y99.752 E275.19501
G1 X132.969 Y99.474 E275.20196
G1 X132.869 Y98.981 E275.21451
G1 X132.852 Y98.941 E275.21559
G1 X132.852 Y88.099 E275.48605
G1 X115.947 Y88.099 E275.90774
G1 X115.947 Y101.405 E276.23966
G0 F1350 X115.947 Y103.004
G0 X116.013 Y103.004
G0 F9000 X116.347 Y102.604
G1 F480 E276.2812
G1 F1500 X116.413 Y102.604 E276.28284
G1 X116.414 Y105.235 E276.34847
G1 X116.425 Y105.421 E276.35312
G1 X116.503 Y105.856 E276.36415
G1 X116.617 Y106.177 E276.37264
G1 X116.865 Y106.603 E276.38494
G1 X117.169 Y106.964 E276.39671
G1 X117.546 Y107.269 E276.40881
G1 X117.822 Y107.431 E276.41679
G1 X123.154 Y110.171 E276.56633
G1 X123.753 Y110.396 E276.58229
G1 X124.541 Y110.485 E276.60208
G1 X124.76 Y110.476 E276.60754
G1 X125.174 Y110.412 E276.61799
G1 X125.528 Y110.305 E276.62722
G1 X125.856 Y110.166 E276.6361
G1 X131.178 Y107.431 E276.78537
G1 X131.442 Y107.276 E276.793
G1 X131.655 Y107.118 E276.79962
G1 X131.951 Y106.84 E276.80975
G1 X132.162 Y106.569 E276.81832
G1 X132.347 Y106.239 E276.82775
G1 X132.42 Y106.141 E276.8308
G1 X132.487 Y105.987 E276.83499
G1 X132.543 Y105.659 E276.84329
G1 X132.586 Y105.246 E276.85365
G1 X132.586 Y99.765 E276.99037
G1 X132.571 Y99.526 E276.99635
G1 X132.485 Y99.1 E277.00719
G1 X132.452 Y99.022 E277.0093
G1 X132.452 Y88.499 E277.2718
G1 X116.347 Y88.499 E277.67354
G1 X116.347 Y100.939 E277.98386
G0 F1350 X116.347 Y102.604
G0 F9000 X116.772 Y102.179
;TYPE:WALL-OUTER
G1 F480 E278.02539
G1 F900 X116.838 Y102.179 E278.02683
G1 X116.839 Y105.222 E278.09325
G1 X116.848 Y105.371 E278.09651
G1 X116.915 Y105.747 E278.10484
G1 X117.004 Y105.997 E278.11064
G1 X117.214 Y106.357 E278.11973
G1 X117.468 Y106.659 E278.12835
G1 X117.789 Y106.919 E278.13736
G1 X118.027 Y107.059 E278.14339
G1 X123.326 Y109.782 E278.27343
G1 X123.853 Y109.98 E278.28572
G1 X124.556 Y110.059 E278.30116
G1 X124.718 Y110.052 E278.3047
G1 X125.08 Y109.996 E278.31269
G1 X125.384 Y109.905 E278.31962
G1 X125.676 Y109.781 E278.32654
G1 X130.973 Y107.059 E278.45653
G1 X131.207 Y106.921 E278.46246
G1 X131.382 Y106.791 E278.46722
G1 X131.636 Y106.553 E278.47482
G1 X131.807 Y106.333 E278.4809
G1 X131.989 Y106.009 E278.48901
G1 X132.05 Y105.927 E278.49124
G1 X132.077 Y105.865 E278.49272
G1 X132.122 Y105.601 E278.49856
G1 X132.161 Y105.224 E278.50684
G1 X132.161 Y99.778 E278.62571
G1 X132.149 Y99.581 E278.63001
G1 X132.077 Y99.226 E278.63792
G1 X132.027 Y99.108 E278.64072
G1 X132.027 Y88.924 E278.863
G1 X116.772 Y88.924 E279.19597
G1 X116.772 Y100.277 E279.44377
G0 F810 X116.772 Y102.179
G0 F9000 X116.838 Y102.179
G0 X116.838 Y102.313
G0 X116.247 Y102.313
G0 X106.45 Y118.897
;TYPE:WALL-INNER
G1 F480 E279.48529
G1 F1500 X106.45 Y86.103 E280.30334
G1 X142.55 Y86.103 E281.20386
G1 X142.55 Y118.897 E282.02191
G1 X108.115 Y118.897 E282.88089
G0 F1350 X106.45 Y118.897
G0 F9000 X106.05 Y119.297
G1 F480 E282.92242
G1 F1500 X106.05 Y85.703 E283.76043
G1 X142.95 Y85.703 E284.6809
G1 X142.95 Y119.297 E285.51891
G1 X107.715 Y119.297 E286.39785
G0 F1350 X106.05 Y119.297
G0 F9000 X105.625 Y119.722
;TYPE:WALL-OUTER
G1 F480 E286.43938
G1 F900 X105.625 Y85.278 E287.19119
G1 X143.375 Y85.278 E288.01516
G1 X143.375 Y119.722 E288.76697
G1 X107.527 Y119.722 E289.54942
G0 F810 X105.625 Y119.722
G0 F9000 X105.625 Y119.522
G0 X106.01 Y119.337
G0 X106.84 Y118.507
;TYPE:SKIN
G1 F480 E289.59094
G1 F2400 X106.84 Y86.493 E290.38953
G1 X142.16 Y86.493 E291.27059
G1 X142.16 Y118.507 E292.06918
G1 X108.505 Y118.507 E292.90871
G0 F2160 X106.84 Y118.507
G0 F9000 X116.613 Y107.53
G1 F480 E292.95024
G1 F2400 X117.096 Y107.921 E292.96574
G1 X117.441 Y108.124 E292.97573
G1 X122.834 Y110.894 E293.12697
G1 X123.567 Y111.17 E293.14651
G1 X124.513 Y111.276 E293.17025
G1 X124.836 Y111.263 E293.17831
G1 X125.349 Y111.184 E293.19126
G1 X125.797 Y111.049 E293.20293
G1 X126.191 Y110.882 E293.21361
G1 X131.56 Y108.124 E293.36418
G1 X131.879 Y107.936 E293.37341
G1 X132.162 Y107.725 E293.38222
G1 X132.537 Y107.373 E293.39505
G1 X132.822 Y107.007 E293.40662
G1 X133.01 Y106.672 E293.4162
G1 X133.108 Y106.54 E293.4203
G1 X133.249 Y106.215 E293.42914
G1 X133.325 Y105.766 E293.4405
G1 X133.376 Y105.288 E293.45249
G1 X133.376 Y99.74 E293.59089
G1 X133.357 Y99.423 E293.59881
G1 X133.242 Y98.862 E293.61309
G1 X133.242 Y87.709 E293.89131
G1 X115.557 Y87.709 E294.33246
G1 X115.557 Y103.394 E294.72372
G1 X115.623 Y103.394 E294.72537
G1 X115.624 Y105.259 E294.77189
G1 X115.639 Y105.514 E294.77827
G1 X115.737 Y106.06 E294.7921
G1 X115.758 Y106.118 E294.79364
G0 F2160 X115.898 Y106.511
G0 X116.217 Y107.06
G0 X116.613 Y107.53
G0 F9000 X107.019 Y87.01
G1 F480 E294.83518
G1 F2400 X107.357 Y86.672 E294.8471
G0 F9000 X107.922 Y86.672
G1 F2400 X107.019 Y87.575 E294.87896
G0 F9000 X107.019 Y88.141
G1 F2400 X108.488 Y86.672 E294.93078
G0 F9000 X109.054 Y86.672
G1 F2400 X107.019 Y88.707 E295.00257
G0 F9000 X107.019 Y89.272
G1 F2400 X109.619 Y86.672 E295.09429
G0 F9000 X110.185 Y86.672
G1 F2400 X107.019 Y89.838 E295.20598
G0 F9000 X107.019 Y90.404
G1 F2400 X110.751 Y86.672 E295.33764
G0 F9000 X111.316 Y86.672
G1 F2400 X107.019 Y90.969 E295.48922
G0 F9000 X107.019 Y91.535
G1 F2400 X111.882 Y86.672 E295.66078
G0 F9000 X112.448 Y86.672
G1 F2400 X107.019 Y92.101 E295.8523
G0 F9000 X107.019 Y92.667
G1 F2400 X113.014 Y86.672 E296.06379
G0 F9000 X113.579 Y86.672
G1 F2400 X107.019 Y93.232 E296.29521
G0 F9000 X107.019 Y93.798
G1 F2400 X114.145 Y86.672 E296.5466
G0 F9000 X114.711 Y86.672
G1 F2400 X107.019 Y94.364 E296.81796
G0 F9000 X107.019 Y94.929
G1 F2400 X115.276 Y86.672 E297.10925
G0 F9000 X115.842 Y86.672
G1 F2400 X107.019 Y95.495 E297.4205
G0 F9000 X107.019 Y96.061
G1 F2400 X115.375 Y87.705 E297.71528
G0 F9000 X115.551 Y87.529
G1 F2400 X116.408 Y86.672 E297.74552
G0 F9000 X116.973 Y86.672
G1 F2400 X116.117 Y87.529 E297.77573
G0 F9000 X116.683 Y87.529
G1 F2400 X117.539 Y86.672 E297.80595
G0 F9000 X118.105 Y86.672
G1 F2400 X117.248 Y87.529 E297.83618
G0 F9000 X117.814 Y87.529
G1 F2400 X118.67 Y86.672 E297.86639
G0 F9000 X119.236 Y86.672
G1 F2400 X118.38 Y87.529 E297.89661
G0 F9000 X118.945 Y87.529
G1 F2400 X119.802 Y86.672 E297.92684
G0 F9000 X120.367 Y86.672
G1 F2400 X119.511 Y87.529 E297.95706
G0 F9000 X120.077 Y87.529
G1 F2400 X120.933 Y86.672 E297.98727
G0 F9000 X121.499 Y86.672
G1 F2400 X120.643 Y87.529 E298.01749
G0 F9000 X121.208 Y87.529
G1 F2400 X122.065 Y86.672 E298.04772
G0 F9000 X122.63 Y86.672
G1 F2400 X121.774 Y87.529 E298.07794
G0 F9000 X122.34 Y87.529
G1 F2400 X123.196 Y86.672 E298.10815
G0 F9000 X123.762 Y86.672
G1 F2400 X122.905 Y87.529 E298.13839
G0 F9000 X123.471 Y87.529
G1 F2400 X124.327 Y86.672 E298.1686
G0 F9000 X124.893 Y86.672
G1 F2400 X124.037 Y87.529 E298.19882
G0 F9000 X124.602 Y87.529
G1 F2400 X125.459 Y86.672 E298.22905
G0 F9000 X126.024 Y86.672
G1 F2400 X125.168 Y87.529 E298.25926
G0 F9000 X125.734 Y87.529
G1 F2400 X126.59 Y86.672 E298.28948
G0 F9000 X127.156 Y86.672
G1 F2400 X126.299 Y87.529 E298.31971
G0 F9000 X126.865 Y87.529
G1 F2400 X127.721 Y86.672 E298.34993
G0 F9000 X128.287 Y86.672
G1 F2400 X127.431 Y87.529 E298.38014
G0 F9000 X127.996 Y87.529
G1 F2400 X128.853 Y86.672 E298.41038
G0 F9000 X129.418 Y86.672
G1 F2400 X128.562 Y87.529 E298.44059
G0 F9000 X129.128 Y87.529
G1 F2400 X129.984 Y86.672 E298.47081
G0 F9000 X130.55 Y86.672
G1 F2400 X129.693 Y87.529 E298.50104
G0 F9000 X130.259 Y87.529
G1 F2400 X131.115 Y86.672 E298.53126
G0 F9000 X131.681 Y86.672
G1 F2400 X130.825 Y87.529 E298.56147
G0 F9000 X131.391 Y87.529
G1 F2400 X132.247 Y86.672 E298.59169
G0 F9000 X132.813 Y86.672
G1 F2400 X131.956 Y87.529 E298.62192
G0 F9000 X132.522 Y87.529
G1 F2400 X133.378 Y86.672 E298.65214
G0 F9000 X133.944 Y86.672
G1 F2400 X133.088 Y87.529 E298.68235
G0 F9000 X133.421 Y87.761
G1 F2400 X134.51 Y86.672 E298.72077
G0 F9000 X135.075 Y86.672
G1 F2400 X133.421 Y88.326 E298.77912
G0 F9000 X133.421 Y88.892
G1 F2400 X135.641 Y86.672 E298.85743
G0 F9000 X136.207 Y86.672
G1 F2400 X133.421 Y89.458 E298.95572
G0 F9000 X133.421 Y90.023
G1 F2400 X136.772 Y86.672 E299.07393
G0 F9000 X137.338 Y86.672
G1 F2400 X133.421 Y90.589 E299.21212
G0 F9000 X133.421 Y91.155
G1 F2400 X137.904 Y86.672 E299.37027
G0 F9000 X138.469 Y86.672
G1 F2400 X133.421 Y91.72 E299.54835
G0 F9000 X133.421 Y92.286
G1 F2400 X139.035 Y86.672 E299.7464
G0 F9000 X139.601 Y86.672
G1 F2400 X133.421 Y92.852 E299.96441
G0 F9000 X133.421 Y93.417
G1 F2400 X140.166 Y86.672 E300.20236
G0 F9000 X140.732 Y86.672
G1 F2400 X133.421 Y93.983 E300.46028
G0 F9000 X133.421 Y94.549
G1 F2400 X141.298 Y86.672 E300.73816
G0 F9000 X141.864 Y86.672
G1 F2400 X133.421 Y95.115 E301.03601
G0 F9000 X133.421 Y95.68
G1 F2400 X141.979 Y87.123 E301.3379
G0 F9000 X141.979 Y87.689
G1 F2400 X133.421 Y96.246 E301.63979
G0 F9000 X133.421 Y96.812
G1 F2400 X141.979 Y88.254 E301.94169
G0 F9000 X141.979 Y88.82
G1 F2400 X133.421 Y97.377 E302.24358
G0 F9000 X133.421 Y97.943
G1 F2400 X141.979 Y89.386 E302.54547
G0 F9000 X141.979 Y89.951
G1 F2400 X133.421 Y98.509 E302.84738
G0 F9000 X133.461 Y99.035
G1 F2400 X141.979 Y90.517 E303.14787
G0 F9000 X141.979 Y91.083
G1 F2400 X133.542 Y99.519 E303.44549
G0 F9000 X133.555 Y100.072
G1 F2400 X141.979 Y91.648 E303.74267
G0 F9000 X141.979 Y92.214
G1 F2400 X133.555 Y100.638 E304.03985
G0 F9000 X133.555 Y101.203
G1 F2400 X141.979 Y92.78 E304.33701
G0 F9000 X141.979 Y93.345
G1 F2400 X133.555 Y101.769 E304.63419
G0 F9000 X133.555 Y102.335
G1 F2400 X141.979 Y93.911 E304.93137
G0 F9000 X141.979 Y94.477
G1 F2400 X133.555 Y102.901 E305.22855
G0 F9000 X133.555 Y103.466
G1 F2400 X141.979 Y95.042 E305.52573
G0 F9000 X141.979 Y95.608
G1 F2400 X133.555 Y104.032 E305.82291
G0 F9000 X133.555 Y104.598
G1 F2400 X141.979 Y96.174 E306.12009
G0 F9000 X141.979 Y96.739
G1 F2400 X133.555 Y105.163 E306.41727
G0 F9000 X133.503 Y105.781
G1 F2400 X141.979 Y97.305 E306.71628
G0 F9000 X141.979 Y97.871
G1 F2400 X133.299 Y106.551 E307.02249
G0 F9000 X131.487 Y108.363
G1 F2400 X121.524 Y118.326 E307.37396
G0 F9000 X122.089 Y118.326
G1 F2400 X141.979 Y98.437 E308.07562
G0 F9000 X141.979 Y99.002
G1 F2400 X122.655 Y118.326 E308.75733
G0 F9000 X123.221 Y118.326
G1 F2400 X141.979 Y99.568 E309.41907
G0 F9000 X141.979 Y100.134
G1 F2400 X123.786 Y118.326 E310.06086
G0 F9000 X124.352 Y118.326
G1 F2400 X141.979 Y100.699 E310.6827
G0 F9000 X141.979 Y101.265
G1 F2400 X124.918 Y118.326 E311.28457
G0 F9000 X125.483 Y118.326
G1 F2400 X141.979 Y101.831 E311.86649
G0 F9000 X141.979 Y102.396
G1 F2400 X126.049 Y118.326 E312.42847
G0 F9000 X126.615 Y118.326
G1 F2400 X141.979 Y102.962 E312.97047
G0 F9000 X141.979 Y103.528
G1 F2400 X127.18 Y118.326 E313.49253
G0 F9000 X127.746 Y118.326
G1 F2400 X141.979 Y104.093 E313.99464
G0 F9000 X141.979 Y104.659
G1 F2400 X128.312 Y118.326 E314.47678
G0 F9000 X128.877 Y118.326
G1 F2400 X141.979 Y105.225 E314.93897
G0 F9000 X141.979 Y105.79
G1 F2400 X129.443 Y118.326 E315.38121
G0 F9000 X130.009 Y118.326
G1 F2400 X141.979 Y106.356 E315.80348
G0 F9000 X141.979 Y106.922
G1 F2400 X130.575 Y118.326 E316.20579
G0 F9000 X131.14 Y118.326
G1 F2400 X141.979 Y107.488 E316.58815
G0 F9000 X141.979 Y108.053
G1 F2400 X131.706 Y118.326 E316.95055
G0 F9000 X132.272 Y118.326
G1 F2400 X141.979 Y108.619 E317.293
G0 F9000 X141.979 Y109.185
G1 F2400 X132.837 Y118.326 E317.61549
G0 F9000 X133.403 Y118.326
G1 F2400 X141.979 Y109.75 E317.91803
G0 F9000 X141.979 Y110.316
G1 F2400 X133.969 Y118.326 E318.2006
G0 F9000 X134.534 Y118.326
G1 F2400 X141.979 Y110.882 E318.46323
G0 F9000 X141.979 Y111.447
G1 F2400 X135.1 Y118.326 E318.7059
G0 F9000 X135.666 Y118.326
G1 F2400 X141.979 Y112.013 E318.92861
G0 F9000 X141.979 Y112.579
G1 F2400 X136.231 Y118.326 E319.13137
G0 F9000 X136.797 Y118.326
G1 F2400 X141.979 Y113.144 E319.31418
G0 F9000 X141.979 Y113.71
G1 F2400 X137.363 Y118.326 E319.47702
G0 F9000 X137.928 Y118.326
G1 F2400 X141.979 Y114.276 E319.61991
G0 F9000 X141.979 Y114.841
G1 F2400 X138.494 Y118.326 E319.74286
G0 F9000 X139.06 Y118.326
G1 F2400 X141.979 Y115.407 E319.84583
G0 F9000 X141.979 Y115.973
G1 F2400 X139.626 Y118.326 E319.92884
G0 F9000 X140.191 Y118.326
G1 F2400 X141.979 Y116.538 E319.99192
G0 F9000 X141.979 Y117.104
G1 F2400 X140.757 Y118.326 E320.03503
G0 F9000 X141.651 Y117.998
G1 F2400 X141.933 Y118.281 E320.04818
G0 F9000 X141.888 Y118.326
G0 X130.324 Y108.96
G1 F2400 X120.958 Y118.326 E320.37859
G0 F9000 X120.392 Y118.326
G1 F2400 X129.161 Y109.557 E320.68794
G0 F9000 X127.999 Y110.154
G1 F2400 X119.827 Y118.326 E320.97623
G0 F9000 X119.261 Y118.326
G1 F2400 X126.835 Y110.752 E321.24342
G0 F9000 X125.78 Y111.241
G1 F2400 X118.695 Y118.326 E321.49337
G0 F9000 X118.129 Y118.326
G1 F2400 X125.044 Y111.412 E321.73729
G0 F9000 X124.442 Y111.448
G1 F2400 X117.564 Y118.326 E321.97993
G0 F9000 X116.998 Y118.326
G1 F2400 X123.933 Y111.391 E322.22459
G0 F9000 X123.443 Y111.315
G1 F2400 X116.432 Y118.326 E322.47192
G0 F9000 X115.867 Y118.326
G1 F2400 X123.033 Y111.16 E322.72472
G0 F9000 X122.634 Y110.993
G1 F2400 X115.301 Y118.326 E322.98341
G0 F9000 X114.735 Y118.326
G1 F2400 X122.26 Y110.801 E323.24887
G0 F9000 X121.886 Y110.609
G1 F2400 X114.17 Y118.326 E323.52109
G0 F9000 X113.604 Y118.326
G1 F2400 X121.513 Y110.417 E323.80011
G0 F9000 X121.139 Y110.225
G1 F2400 X113.038 Y118.326 E324.08589
G0 F9000 X112.473 Y118.326
G1 F2400 X120.766 Y110.033 E324.37845
G0 F9000 X120.392 Y109.841
G1 F2400 X111.907 Y118.326 E324.67778
G0 F9000 X111.341 Y118.326
G1 F2400 X120.018 Y109.649 E324.98388
G0 F9000 X119.644 Y109.458
G1 F2400 X110.776 Y118.326 E325.29673
G0 F9000 X110.21 Y118.326
G1 F2400 X119.271 Y109.265 E325.61638
G0 F9000 X118.897 Y109.074
G1 F2400 X109.644 Y118.326 E325.94278
G0 F9000 X109.078 Y118.326
G1 F2400 X118.523 Y108.881 E326.27598
G0 F9000 X118.149 Y108.69
G1 F2400 X108.513 Y118.326 E326.61592
G0 F9000 X107.947 Y118.326
G1 F2400 X117.776 Y108.497 E326.96266
G0 F9000 X117.402 Y108.306
G1 F2400 X107.381 Y118.326 E327.31616
G0 F9000 X107.019 Y118.122
G1 F2400 X117.043 Y108.098 E327.66979
G0 F9000 X116.725 Y107.851
G1 F2400 X107.019 Y117.557 E328.01219
G0 F9000 X107.019 Y116.991
G1 F2400 X116.424 Y107.587 E328.34396
G0 F9000 X116.165 Y107.28
G1 F2400 X107.019 Y116.425 E328.66659
G0 F9000 X107.019 Y115.86
G1 F2400 X115.938 Y106.941 E328.98124
G0 F9000 X115.731 Y106.582
G1 F2400 X107.019 Y115.294 E329.28857
G0 F9000 X107.019 Y114.728
G1 F2400 X115.582 Y106.165 E329.59066
G0 F9000 X115.487 Y105.695
G1 F2400 X107.019 Y114.163 E329.88939
G0 F9000 X107.019 Y113.597
G1 F2400 X115.442 Y105.175 E330.18652
G0 F9000 X115.442 Y104.609
G1 F2400 X107.019 Y113.031 E330.48364
G0 F9000 X107.019 Y112.466
G1 F2400 X115.442 Y104.043 E330.78079
G0 F9000 X115.375 Y103.544
G1 F2400 X107.019 Y111.9 E331.07557
G0 F9000 X107.019 Y111.334
G1 F2400 X115.375 Y102.978 E331.37035
G0 F9000 X115.375 Y102.413
G1 F2400 X107.019 Y110.768 E331.66511
G0 F9000 X107.019 Y110.203
G1 F2400 X115.375 Y101.847 E331.95989
G0 F9000 X115.375 Y101.281
G1 F2400 X107.019 Y109.637 E332.25467
G0 F9000 X107.019 Y109.071
G1 F2400 X115.375 Y100.716 E332.54943
G0 F9000 X115.375 Y100.15
G1 F2400 X107.019 Y108.506 E332.84421
G0 F9000 X107.019 Y107.94
G1 F2400 X115.375 Y99.584 E333.13899
G0 F9000 X115.375 Y99.018
G1 F2400 X107.019 Y107.374 E333.43377
G0 F9000 X107.019 Y106.809
G1 F2400 X115.375 Y98.453 E333.72856
G0 F9000 X115.375 Y97.887
G1 F2400 X107.019 Y106.243 E334.02334
G0 F9000 X107.019 Y105.677
G1 F2400 X115.375 Y97.321 E334.31812
G0 F9000 X115.375 Y96.756
G1 F2400 X107.019 Y105.112 E334.6129
G0 F9000 X107.019 Y104.546
G1 F2400 X115.375 Y96.19 E334.90768
G0 F9000 X115.375 Y95.624
G1 F2400 X107.019 Y103.98 E335.20246
G0 F9000 X107.019 Y103.415
G1 F2400 X115.375 Y95.059 E335.49724
G0 F9000 X115.375 Y94.493
G1 F2400 X107.019 Y102.849 E335.79202
G0 F9000 X107.019 Y102.283
G1 F2400 X115.375 Y93.927 E336.0868
G0 F9000 X115.375 Y93.362
G1 F2400 X107.019 Y101.718 E336.38158
G0 F9000 X107.019 Y101.152
G1 F2400 X115.375 Y92.796 E336.67636
G0 F9000 X115.375 Y92.23
G1 F2400 X107.019 Y100.586 E336.97114
G0 F9000 X107.019 Y100.02
G1 F2400 X115.375 Y91.665 E337.2659
G0 F9000 X115.375 Y91.099
G1 F2400 X107.019 Y99.455 E337.56068
G0 F9000 X107.019 Y98.889
G1 F2400 X115.375 Y90.533 E337.85546
G0 F9000 X115.375 Y89.968
G1 F2400 X107.019 Y98.323 E338.15023
G0 F9000 X107.019 Y97.758
G1 F2400 X115.375 Y89.402 E338.44501
G0 F9000 X115.375 Y88.836
G1 F2400 X107.019 Y97.192 E338.73979
G0 F9000 X107.019 Y96.626
G1 F2400 X115.375 Y88.27 E339.03457
G0 F9000 X115.986 Y103.004
;TIME_ELAPSED:476.176844
;LAYER:4
M106 S255
G0 X115.986 Y103.004 Z0.91
;TYPE:WALL-INNER
G1 F1500 X115.987 Y105.145 E339.08798
G1 X115.938 Y105.431 E339.09521
G1 X116.028 Y105.665 E339.10147
G1 X116.076 Y105.953 E339.10875
G1 X116.153 Y106.2 E339.11521
G1 X116.384 Y106.656 E339.12796
G1 X116.63 Y106.998 E339.13847
G1 X116.852 Y107.265 E339.14713
G1 X116.972 Y107.36 E339.15095
G1 X117.065 Y107.465 E339.15444
G1 X117.154 Y107.519 E339.15704
G1 X117.224 Y107.582 E339.15939
G1 X117.516 Y107.762 E339.16795
G1 X117.659 Y107.825 E339.17184
G1 X123.063 Y110.6 E339.32338
G1 X123.264 Y110.686 E339.32884
G1 X123.644 Y110.811 E339.33882
G1 X123.67 Y110.815 E339.33947
G1 X123.975 Y110.872 E339.34721
G1 X124.339 Y110.913 E339.35635
G1 X124.414 Y110.911 E339.35822
G1 X124.529 Y110.938 E339.36117
G1 X124.833 Y110.925 E339.36876
G1 X125.117 Y110.855 E339.37605
G1 X125.251 Y110.834 E339.37944
G1 X125.75 Y110.682 E339.39245
G1 X126.049 Y110.548 E339.40062
G1 X131.38 Y107.815 E339.55006
G1 X131.698 Y107.632 E339.55921
G1 X131.742 Y107.607 E339.56048
G1 X131.985 Y107.516 E339.56695
G1 X132.124 Y107.288 E339.57361
G1 X132.244 Y107.174 E339.57774
G1 X132.399 Y106.969 E339.58415
G1 X132.54 Y106.856 E339.58866
G1 X132.639 Y106.62 E339.59504
G1 X132.714 Y106.488 E339.59883
G1 X132.876 Y106.104 E339.60923
G1 X132.892 Y106.011 E339.61158
G1 X132.965 Y105.821 E339.61666
G1 X133.008 Y105.422 E339.62667
G1 X133.013 Y99.755 E339.76803
G1 X133.003 Y99.585 E339.77228
G1 X133.014 Y99.449 E339.77568
G1 X132.91 Y98.991 E339.7874
G1 X132.852 Y98.854 E339.79111
G1 X132.852 Y88.099 E340.05939
G1 X115.947 Y88.099 E340.48109
G1 X115.947 Y101.378 E340.81234
G0 F1350 X115.947 Y103.004
G0 X115.986 Y103.004
G0 F9000 X116.347 Y102.604
G1 F480 E340.85387
G1 F1500 X116.386 Y102.604 E340.85484
G1 X116.387 Y105.176 E340.919
G1 X116.351 Y105.39 E340.92442
G1 X116.416 Y105.56 E340.92896
G1 X116.466 Y105.86 E340.93654
G1 X116.525 Y106.049 E340.94148
G1 X116.727 Y106.448 E340.95264
G1 X116.946 Y106.753 E340.962
G1 X117.133 Y106.977 E340.96928
G1 X117.249 Y107.069 E340.97298
G1 X117.324 Y107.154 E340.9758
G1 X117.392 Y107.195 E340.97778
G1 X117.465 Y107.261 E340.98024
G1 X117.702 Y107.407 E340.98718
G1 X117.838 Y107.467 E340.99089
G1 X123.233 Y110.238 E341.14218
G1 X123.405 Y110.311 E341.14684
G1 X123.743 Y110.423 E341.15573
G1 X124.033 Y110.476 E341.16308
G1 X124.355 Y110.512 E341.17116
G1 X124.453 Y110.509 E341.17361
G1 X124.567 Y110.536 E341.17653
G1 X124.776 Y110.527 E341.18175
G1 X125.04 Y110.462 E341.18853
G1 X125.161 Y110.443 E341.19159
G1 X125.609 Y110.307 E341.20327
G1 X125.876 Y110.187 E341.21057
G1 X131.191 Y107.462 E341.35956
G1 X131.501 Y107.288 E341.36843
G1 X131.548 Y107.253 E341.36989
G1 X131.715 Y107.19 E341.37434
G1 X131.808 Y107.037 E341.37881
G1 X131.945 Y106.907 E341.38352
G1 X132.11 Y106.688 E341.39036
G1 X132.211 Y106.607 E341.39359
G1 X132.282 Y106.439 E341.39814
G1 X132.354 Y106.311 E341.4018
G1 X132.489 Y105.992 E341.41044
G1 X132.503 Y105.908 E341.41257
G1 X132.573 Y105.726 E341.41743
G1 X132.608 Y105.4 E341.42561
G1 X132.613 Y99.766 E341.56615
G1 X132.602 Y99.575 E341.57093
G1 X132.61 Y99.477 E341.57338
G1 X132.528 Y99.114 E341.58266
G1 X132.452 Y98.935 E341.58751
G1 X132.452 Y88.499 E341.84784
G1 X116.347 Y88.499 E342.24958
G1 X116.347 Y100.939 E342.5599
G0 F1350 X116.347 Y102.604
G0 F9000 X116.772 Y102.179
;TYPE:WALL-OUTER
G1 F480 E342.60143
G1 F900 X116.811 Y102.179 E342.60228
G1 X116.812 Y105.21 E342.66844
G1 X116.789 Y105.347 E342.67147
G1 X116.828 Y105.45 E342.67388
G1 X116.88 Y105.761 E342.68076
G1 X116.92 Y105.888 E342.68366
G1 X117.091 Y106.227 E342.69195
G1 X117.282 Y106.492 E342.69908
G1 X117.431 Y106.671 E342.70417
G1 X117.543 Y106.759 E342.70727
G1 X117.601 Y106.825 E342.70919
G1 X117.65 Y106.855 E342.71045
G1 X117.721 Y106.919 E342.71253
G1 X117.901 Y107.03 E342.71715
G1 X118.022 Y107.084 E342.72004
G1 X123.414 Y109.853 E342.85234
G1 X123.555 Y109.913 E342.85569
G1 X123.848 Y110.01 E342.86242
G1 X124.095 Y110.055 E342.8679
G1 X124.373 Y110.086 E342.87401
G1 X124.497 Y110.083 E342.87672
G1 X124.607 Y110.109 E342.87918
G1 X124.715 Y110.104 E342.88154
G1 X124.958 Y110.045 E342.887
G1 X125.066 Y110.028 E342.88939
G1 X125.46 Y109.908 E342.89838
G1 X125.692 Y109.804 E342.90393
G1 X130.99 Y107.087 E343.03389
G1 X131.269 Y106.931 E343.04086
G1 X131.341 Y106.877 E343.04283
G1 X131.428 Y106.844 E343.04486
G1 X131.473 Y106.77 E343.04675
G1 X131.626 Y106.624 E343.05137
G1 X131.802 Y106.39 E343.05776
G1 X131.862 Y106.342 E343.05943
G1 X131.901 Y106.25 E343.06161
G1 X131.972 Y106.124 E343.06477
G1 X132.078 Y105.872 E343.07074
G1 X132.091 Y105.796 E343.07242
G1 X132.156 Y105.626 E343.07639
G1 X132.183 Y105.377 E343.08186
G1 X132.188 Y99.778 E343.20407
G1 X132.176 Y99.575 E343.20851
G1 X132.181 Y99.508 E343.20998
G1 X132.129 Y99.275 E343.21519
G1 X132.116 Y99.253 E343.21574
G1 X132.113 Y99.225 E343.21636
G1 X132.027 Y99.021 E343.22119
G1 X132.027 Y88.924 E343.44158
G1 X116.772 Y88.924 E343.77455
G1 X116.772 Y100.277 E344.02235
G0 F810 X116.772 Y102.179
G0 F9000 X116.811 Y102.179
G0 X116.811 Y102.34
G0 X116.247 Y102.34
G0 X106.45 Y118.897
;TYPE:WALL-INNER
G1 F480 E344.06386
G1 F1500 X106.45 Y86.103 E344.88191
G1 X142.55 Y86.103 E345.78243
G1 X142.55 Y118.897 E346.60048
G1 X108.115 Y118.897 E347.45947
G0 F1350 X106.45 Y118.897
G0 F9000 X106.05 Y119.297
G1 F480 E347.501
G1 F1500 X106.05 Y85.703 E348.33901
G1 X142.95 Y85.703 E349.25948
G1 X142.95 Y119.297 E350.09749
G1 X107.715 Y119.297 E350.97643
G0 F1350 X106.05 Y119.297
G0 F9000 X105.625 Y119.722
;TYPE:WALL-OUTER
G1 F480 E351.01796
G1 F900 X105.625 Y85.278 E351.76977
G1 X143.375 Y85.278 E352.59374
G1 X143.375 Y119.722 E353.34554
G1 X107.527 Y119.722 E354.128
G0 F810 X105.625 Y119.722
G0 F9000 X105.625 Y119.522
G0 X106.01 Y119.337
G0 X106.84 Y118.507
;TYPE:SKIN
G1 F480 E354.16951
G1 F2400 X106.84 Y86.493 E354.9681
G1 X142.16 Y86.493 E355.84917
G1 X142.16 Y118.507 E356.64776
G1 X108.505 Y118.507 E357.48728
G0 F2160 X106.84 Y118.507
G0 F9000 X116.812 Y107.767
G1 F480 E357.52882
G1 F2400 X116.918 Y107.832 E357.53192
G1 X116.99 Y107.896 E357.53432
G1 X117.334 Y108.107 E357.54439
G1 X117.501 Y108.182 E357.54896
G1 X122.897 Y110.953 E357.70027
G1 X123.126 Y111.051 E357.70648
G1 X123.547 Y111.19 E357.71754
G1 X123.918 Y111.258 E357.72695
G1 X124.321 Y111.303 E357.73707
G1 X124.373 Y111.302 E357.73837
G1 X124.493 Y111.33 E357.74144
G1 X124.888 Y111.313 E357.7513
G1 X125.195 Y111.238 E357.75919
G1 X125.339 Y111.214 E357.76283
G1 X125.887 Y111.048 E357.77711
G1 X126.218 Y110.899 E357.78617
G1 X131.566 Y108.158 E357.93607
G1 X131.912 Y107.959 E357.94603
G1 X132.248 Y107.834 E357.95497
G1 X132.429 Y107.537 E357.96365
G1 X132.536 Y107.435 E357.96734
G1 X132.683 Y107.242 E357.97339
G1 X132.862 Y107.098 E357.97912
G1 X132.986 Y106.8 E357.98717
G1 X133.065 Y106.661 E357.99116
G1 X133.253 Y106.214 E358.00326
G1 X133.269 Y106.115 E358.00576
G1 X133.347 Y105.913 E358.01116
G1 X133.398 Y105.443 E358.02295
G1 X133.403 Y99.744 E358.16511
G1 X133.394 Y99.581 E358.16919
G1 X133.408 Y99.421 E358.17319
G1 X133.282 Y98.87 E358.18729
G1 X133.242 Y98.775 E358.18986
G1 X133.242 Y87.709 E358.46591
G1 X115.557 Y87.709 E358.90706
G1 X115.557 Y103.394 E359.29832
G1 X115.596 Y103.394 E359.2993
G1 X115.597 Y105.115 E359.34223
G1 X115.536 Y105.47 E359.35121
G1 X115.652 Y105.775 E359.35935
G1 X115.696 Y106.043 E359.36613
G1 X115.79 Y106.347 E359.37406
G1 X115.834 Y106.434 E359.3765
G0 F2160 X116.05 Y106.859
G0 X116.322 Y107.236
G0 X116.579 Y107.546
G0 X116.702 Y107.644
G0 X116.812 Y107.767
G0 F9000 X107.578 Y118.326
G1 F480 E359.41803
G1 F2400 X107.019 Y117.767 E359.43775
G0 F9000 X107.019 Y117.201
G1 F2400 X108.144 Y118.326 E359.47744
G0 F9000 X108.709 Y118.326
G1 F2400 X107.019 Y116.635 E359.53707
G0 F9000 X107.019 Y116.07
G1 F2400 X109.275 Y118.326 E359.61666
G0 F9000 X109.841 Y118.326
G1 F2400 X107.019 Y115.504 E359.71621
G0 F9000 X107.019 Y114.938
G1 F2400 X110.406 Y118.326 E359.83572
G0 F9000 X110.972 Y118.326
G1 F2400 X107.019 Y114.373 E359.97517
G0 F9000 X107.019 Y113.807
G1 F2400 X111.538 Y118.326 E360.13459
G0 F9000 X112.104 Y118.326
G1 F2400 X107.019 Y113.241 E360.31398
G0 F9000 X107.019 Y112.676
G1 F2400 X112.669 Y118.326 E360.5133
G0 F9000 X113.235 Y118.326
G1 F2400 X107.019 Y112.11 E360.73258
G0 F9000 X107.019 Y111.544
G1 F2400 X113.801 Y118.326 E360.97184
G0 F9000 X114.366 Y118.326
G1 F2400 X107.019 Y110.978 E361.23104
G0 F9000 X107.019 Y110.413
G1 F2400 X114.932 Y118.326 E361.51019
G0 F9000 X115.498 Y118.326
G1 F2400 X107.019 Y109.847 E361.80931
G0 F9000 X107.019 Y109.281
G1 F2400 X116.063 Y118.326 E362.12838
G0 F9000 X116.629 Y118.326
G1 F2400 X107.019 Y108.716 E362.4674
G0 F9000 X107.019 Y108.15
G1 F2400 X117.195 Y118.326 E362.82639
G0 F9000 X117.76 Y118.326
G1 F2400 X107.019 Y107.584 E363.20532
G0 F9000 X107.019 Y107.019
G1 F2400 X118.326 Y118.326 E363.60421
G0 F9000 X118.892 Y118.326
G1 F2400 X107.019 Y106.453 E364.02306
G0 F9000 X107.019 Y105.887
G1 F2400 X119.457 Y118.326 E364.46186
G0 F9000 X120.023 Y118.326
G1 F2400 X107.019 Y105.322 E364.92061
G0 F9000 X107.019 Y104.756
G1 F2400 X120.589 Y118.326 E365.39933
G0 F9000 X121.154 Y118.326
G1 F2400 X107.019 Y104.19 E365.898
G0 F9000 X107.019 Y103.625
G1 F2400 X121.72 Y118.326 E366.41661
G0 F9000 X122.286 Y118.326
G1 F2400 X107.019 Y103.059 E366.9552
G0 F9000 X107.019 Y102.493
G1 F2400 X122.852 Y118.326 E367.51375
G0 F9000 X123.417 Y118.326
G1 F2400 X107.019 Y101.928 E368.09223
G0 F9000 X107.019 Y101.362
G1 F2400 X123.983 Y118.326 E368.69069
G0 F9000 X124.549 Y118.326
G1 F2400 X107.019 Y100.796 E369.3091
G0 F9000 X107.019 Y100.23
G1 F2400 X125.114 Y118.326 E369.94747
G0 F9000 X125.68 Y118.326
G1 F2400 X107.019 Y99.665 E370.60579
G0 F9000 X107.019 Y99.099
G1 F2400 X126.246 Y118.326 E371.28407
G0 F9000 X126.811 Y118.326
G1 F2400 X107.019 Y98.533 E371.98231
G0 F9000 X107.019 Y97.968
G1 F2400 X115.783 Y106.732 E372.29148
G0 F9000 X115.485 Y105.868
G1 F2400 X107.019 Y97.402 E372.59014
G0 F9000 X107.019 Y96.836
G1 F2400 X115.396 Y105.214 E372.88568
G0 F9000 X115.416 Y104.668
G1 F2400 X107.019 Y96.271 E373.18191
G0 F9000 X107.019 Y95.705
G1 F2400 X115.416 Y104.102 E373.47813
G0 F9000 X115.376 Y103.497
G1 F2400 X107.019 Y95.139 E373.77297
G0 F9000 X107.019 Y94.574
G1 F2400 X115.376 Y102.931 E374.06778
G0 F9000 X115.376 Y102.365
G1 F2400 X107.019 Y94.008 E374.3626
G0 F9000 X107.019 Y93.442
G1 F2400 X115.376 Y101.8 E374.65743
G0 F9000 X115.376 Y101.234
G1 F2400 X107.019 Y92.877 E374.95225
G0 F9000 X107.019 Y92.311
G1 F2400 X115.376 Y100.668 E375.24706
G0 F9000 X115.376 Y100.102
G1 F2400 X107.019 Y91.745 E375.54188
G0 F9000 X107.019 Y91.18
G1 F2400 X115.376 Y99.537 E375.8367
G0 F9000 X115.376 Y98.971
G1 F2400 X107.019 Y90.614 E376.13151
G0 F9000 X107.019 Y90.048
G1 F2400 X115.376 Y98.405 E376.42633
G0 F9000 X115.376 Y97.84
G1 F2400 X107.019 Y89.482 E376.72116
G0 F9000 X107.019 Y88.917
G1 F2400 X115.376 Y97.274 E377.01598
G0 F9000 X115.376 Y96.708
G1 F2400 X107.019 Y88.351 E377.31079
G0 F9000 X107.019 Y87.785
G1 F2400 X115.376 Y96.143 E377.60563
G0 F9000 X115.376 Y95.577
G1 F2400 X107.019 Y87.22 E377.90044
G0 F9000 X107.038 Y86.673
G1 F2400 X115.376 Y95.011 E378.19459
G0 F9000 X115.376 Y94.446
G1 F2400 X107.603 Y86.673 E378.4688
G0 F9000 X108.169 Y86.673
G1 F2400 X115.376 Y93.88 E378.72305
G0 F9000 X115.376 Y93.314
G1 F2400 X108.735 Y86.673 E378.95733
G0 F9000 X109.301 Y86.673
G1 F2400 X115.376 Y92.749 E379.17166
G0 F9000 X115.376 Y92.183
G1 F2400 X109.866 Y86.673 E379.36604
G0 F9000 X110.432 Y86.673
G1 F2400 X115.376 Y91.617 E379.54045
G0 F9000 X115.376 Y91.052
G1 F2400 X110.998 Y86.673 E379.69491
G0 F9000 X111.563 Y86.673
G1 F2400 X115.376 Y90.486 E379.82943
G0 F9000 X115.376 Y89.92
G1 F2400 X112.129 Y86.673 E379.94397
G0 F9000 X112.695 Y86.673
G1 F2400 X115.376 Y89.354 E380.03855
G0 F9000 X115.376 Y88.789
G1 F2400 X113.26 Y86.673 E380.1132
G0 F9000 X113.826 Y86.673
G1 F2400 X115.376 Y88.223 E380.16788
G0 F9000 X115.376 Y87.657
G1 F2400 X114.392 Y86.673 E380.20259
G0 F9000 X114.957 Y86.673
G1 F2400 X115.812 Y87.528 E380.23276
G0 F9000 X116.378 Y87.528
G1 F2400 X115.523 Y86.673 E380.26292
G0 F9000 X116.089 Y86.673
G1 F2400 X116.944 Y87.528 E380.29308
G0 F9000 X117.509 Y87.528
G1 F2400 X116.654 Y86.673 E380.32324
G0 F9000 X117.22 Y86.673
G1 F2400 X118.075 Y87.528 E380.35341
G0 F9000 X118.641 Y87.528
G1 F2400 X117.786 Y86.673 E380.38357
G0 F9000 X118.351 Y86.673
G1 F2400 X119.206 Y87.528 E380.41373
G0 F9000 X119.772 Y87.528
G1 F2400 X118.917 Y86.673 E380.44389
G0 F9000 X119.483 Y86.673
G1 F2400 X120.338 Y87.528 E380.47405
G0 F9000 X120.903 Y87.528
G1 F2400 X120.049 Y86.673 E380.5042
G0 F9000 X120.614 Y86.673
G1 F2400 X121.469 Y87.528 E380.53436
G0 F9000 X122.035 Y87.528
G1 F2400 X121.18 Y86.673 E380.56452
G0 F9000 X121.746 Y86.673
G1 F2400 X122.601 Y87.528 E380.59469
G0 F9000 X123.166 Y87.528
G1 F2400 X122.311 Y86.673 E380.62485
G0 F9000 X122.877 Y86.673
G1 F2400 X123.732 Y87.528 E380.65501
G0 F9000 X124.298 Y87.528
G1 F2400 X123.443 Y86.673 E380.68517
G0 F9000 X124.008 Y86.673
G1 F2400 X124.863 Y87.528 E380.71534
G0 F9000 X125.429 Y87.528
G1 F2400 X124.574 Y86.673 E380.7455
G0 F9000 X125.14 Y86.673
G1 F2400 X125.995 Y87.528 E380.77566
G0 F9000 X126.56 Y87.528
G1 F2400 X125.705 Y86.673 E380.80582
G0 F9000 X126.271 Y86.673
G1 F2400 X127.126 Y87.528 E380.83599
G0 F9000 X127.692 Y87.528
G1 F2400 X126.837 Y86.673 E380.86615
G0 F9000 X127.402 Y86.673
G1 F2400 X128.257 Y87.528 E380.89631
G0 F9000 X128.823 Y87.528
G1 F2400 X127.968 Y86.673 E380.92647
G0 F9000 X128.534 Y86.673
G1 F2400 X129.389 Y87.528 E380.95664
G0 F9000 X129.954 Y87.528
G1 F2400 X129.1 Y86.673 E380.98678
G0 F9000 X129.665 Y86.673
G1 F2400 X130.52 Y87.528 E381.01694
G0 F9000 X131.086 Y87.528
G1 F2400 X130.231 Y86.673 E381.04711
G0 F9000 X130.797 Y86.673
G1 F2400 X131.651 Y87.528 E381.07725
G0 F9000 X132.217 Y87.528
G1 F2400 X131.362 Y86.673 E381.10741
G0 F9000 X131.928 Y86.673
G1 F2400 X132.783 Y87.528 E381.13758
G0 F9000 X133.349 Y87.528
G1 F2400 X132.494 Y86.673 E381.16774
G0 F9000 X133.059 Y86.673
G1 F2400 X141.979 Y95.593 E381.48242
G0 F9000 X141.979 Y96.158
G1 F2400 X133.421 Y87.6 E381.78432
G0 F9000 X133.421 Y88.166
G1 F2400 X141.979 Y96.724 E382.08623
G0 F9000 X141.979 Y97.29
G1 F2400 X133.421 Y88.732 E382.38813
G0 F9000 X133.421 Y89.297
G1 F2400 X141.979 Y97.855 E382.69004
G0 F9000 X141.979 Y98.421
G1 F2400 X133.421 Y89.863 E382.99195
G0 F9000 X133.421 Y90.429
G1 F2400 X141.979 Y98.987 E383.29385
G0 F9000 X141.979 Y99.552
G1 F2400 X133.421 Y90.994 E383.59576
G0 F9000 X133.421 Y91.56
G1 F2400 X141.979 Y100.118 E383.89767
G0 F9000 X141.979 Y100.684
G1 F2400 X133.421 Y92.126 E384.19957
G0 F9000 X133.421 Y92.691
G1 F2400 X141.979 Y101.249 E384.50148
G0 F9000 X141.979 Y101.815
G1 F2400 X133.421 Y93.257 E384.80339
G0 F9000 X133.421 Y93.823
G1 F2400 X141.979 Y102.381 E385.10529
G0 F9000 X141.979 Y102.946
G1 F2400 X133.421 Y94.388 E385.4072
G0 F9000 X133.421 Y94.954
G1 F2400 X141.979 Y103.512 E385.70911
G0 F9000 X141.979 Y104.078
G1 F2400 X133.421 Y95.52 E386.01101
G0 F9000 X133.421 Y96.085
G1 F2400 X141.979 Y104.644 E386.31294
G0 F9000 X141.979 Y105.209
G1 F2400 X133.421 Y96.651 E386.61484
G0 F9000 X133.421 Y97.217
G1 F2400 X141.979 Y105.775 E386.91675
G0 F9000 X141.979 Y106.341
G1 F2400 X133.421 Y97.782 E387.21867
G0 F9000 X133.421 Y98.348
G1 F2400 X141.979 Y106.906 E387.52058
G0 F9000 X141.979 Y107.472
G1 F2400 X133.493 Y98.986 E387.81995
G0 F9000 X133.576 Y99.635
G1 F2400 X141.979 Y108.038 E388.11639
G0 F9000 X141.979 Y108.603
G1 F2400 X133.581 Y100.206 E388.41263
G0 F9000 X133.58 Y100.771
G1 F2400 X141.979 Y109.169 E388.70891
G0 F9000 X141.979 Y109.735
G1 F2400 X133.58 Y101.336 E389.00521
G0 F9000 X133.58 Y101.901
G1 F2400 X141.979 Y110.3 E389.30151
G0 F9000 X141.979 Y110.866
G1 F2400 X133.579 Y102.466 E389.59784
G0 F9000 X133.578 Y103.031
G1 F2400 X141.979 Y111.432 E389.89421
G0 F9000 X141.979 Y111.997
G1 F2400 X133.578 Y103.597 E390.19056
G0 F9000 X133.578 Y104.162
G1 F2400 X141.979 Y112.563 E390.48692
G0 F9000 X141.979 Y113.129
G1 F2400 X133.577 Y104.727 E390.78333
G0 F9000 X133.577 Y105.293
G1 F2400 X141.979 Y113.694 E391.07971
G0 F9000 X141.979 Y114.26
G1 F2400 X133.537 Y105.818 E391.37753
G0 F9000 X133.424 Y106.271
G1 F2400 X141.979 Y114.826 E391.67933
G0 F9000 X141.979 Y115.392
G1 F2400 X133.256 Y106.669 E391.98706
G0 F9000 X133.074 Y107.053
G1 F2400 X141.979 Y115.957 E392.30119
G0 F9000 X141.979 Y116.523
G1 F2400 X132.819 Y107.363 E392.62433
G0 F9000 X132.557 Y107.667
G1 F2400 X141.979 Y117.089 E392.95672
G0 F9000 X141.979 Y117.654
G1 F2400 X132.322 Y107.997 E393.29739
G0 F9000 X131.92 Y108.161
G1 F2400 X141.979 Y118.22 E393.65225
G0 F9000 X141.519 Y118.326
G1 F2400 X131.558 Y108.365 E394.00365
G0 F9000 X131.184 Y108.557
G1 F2400 X140.953 Y118.326 E394.34828
G0 F9000 X140.388 Y118.326
G1 F2400 X130.81 Y108.748 E394.68617
G0 F9000 X130.436 Y108.94
G1 F2400 X139.822 Y118.326 E395.01729
G0 F9000 X139.256 Y118.326
G1 F2400 X130.062 Y109.132 E395.34163
G0 F9000 X129.688 Y109.323
G1 F2400 X138.691 Y118.326 E395.65924
G0 F9000 X138.125 Y118.326
G1 F2400 X129.314 Y109.515 E395.97007
G0 F9000 X128.94 Y109.706
G1 F2400 X137.559 Y118.326 E396.27414
G0 F9000 X136.994 Y118.326
G1 F2400 X128.566 Y109.898 E396.57146
G0 F9000 X128.192 Y110.09
G1 F2400 X136.428 Y118.326 E396.86201
G0 F9000 X135.862 Y118.326
G1 F2400 X127.818 Y110.281 E397.1458
G0 F9000 X127.443 Y110.473
G1 F2400 X135.297 Y118.326 E397.42286
G0 F9000 X134.731 Y118.326
G1 F2400 X127.069 Y110.665 E397.69314
G0 F9000 X126.695 Y110.856
G1 F2400 X134.165 Y118.326 E397.95666
G0 F9000 X133.6 Y118.326
G1 F2400 X126.321 Y111.048 E398.21343
G0 F9000 X125.931 Y111.223
G1 F2400 X133.034 Y118.326 E398.46401
G0 F9000 X132.468 Y118.326
G1 F2400 X125.496 Y111.354 E398.70996
G0 F9000 X125.037 Y111.461
G1 F2400 X131.902 Y118.326 E398.95214
G0 F9000 X131.337 Y118.326
G1 F2400 X124.52 Y111.51 E399.19261
G0 F9000 X123.878 Y111.433
G1 F2400 X130.771 Y118.326 E399.43578
G0 F9000 X130.205 Y118.326
G1 F2400 X123.117 Y111.237 E399.68585
G0 F9000 X122.018 Y110.704
G1 F2400 X129.64 Y118.326 E399.95474
G0 F9000 X129.074 Y118.326
G1 F2400 X120.855 Y110.107 E400.24468
G0 F9000 X119.692 Y109.51
G1 F2400 X128.508 Y118.326 E400.55569
G0 F9000 X127.943 Y118.326
G1 F2400 X118.529 Y108.912 E400.8878
G0 F9000 X117.372 Y108.321
G1 F2400 X127.377 Y118.326 E401.24075
G0 F9000 X141.979 Y95.027
G1 F2400 X133.625 Y86.673 E401.53546
G0 F9000 X134.191 Y86.673
G1 F2400 X141.979 Y94.461 E401.8102
G0 F9000 X141.979 Y93.896
G1 F2400 X134.756 Y86.673 E402.06501
G0 F9000 X135.322 Y86.673
G1 F2400 X141.979 Y93.33 E402.29986
G0 F9000 X141.979 Y92.764
G1 F2400 X135.888 Y86.673 E402.51473
G0 F9000 X136.453 Y86.673
G1 F2400 X141.979 Y92.198 E402.70966
G0 F9000 X141.979 Y91.633
G1 F2400 X137.019 Y86.673 E402.88464
G0 F9000 X137.585 Y86.673
G1 F2400 X141.979 Y91.067 E403.03965
G0 F9000 X141.979 Y90.501
G1 F2400 X138.15 Y86.673 E403.17471
G0 F9000 X138.716 Y86.673
G1 F2400 X141.979 Y89.936 E403.28982
G0 F9000 X141.979 Y89.37
G1 F2400 X139.282 Y86.673 E403.38496
G0 F9000 X139.848 Y86.673
G1 F2400 X141.979 Y88.804 E403.46014
G0 F9000 X141.979 Y88.239
G1 F2400 X140.413 Y86.673 E403.51539
G0 F9000 X140.979 Y86.673
G1 F2400 X141.979 Y87.673 E403.55066
G0 F9000 X141.979 Y87.107
G1 F2400 X141.545 Y86.673 E403.56597
G0 F9000 X116.319 Y88.471
G0 X116.312 Y105.393
G0 X116.454 Y105.935
G0 X117.264 Y107.685
;TIME_ELAPSED:580.715666
;LAYER:5
G0 X117.264 Y107.685 Z1.06
;TYPE:WALL-INNER
G1 F1500 X117.417 Y107.847 E403.57153
G1 X117.655 Y107.907 E403.57765
G1 X122.923 Y110.617 E403.72543
G1 X123.324 Y110.782 E403.73625
G1 X123.543 Y110.852 E403.74199
G1 X124.078 Y110.983 E403.75573
G1 X124.255 Y110.98 E403.76014
G1 X124.346 Y110.992 E403.76243
G1 X124.537 Y110.996 E403.7672
G1 X124.628 Y110.987 E403.76948
G1 X124.74 Y111.003 E403.7723
G1 X124.967 Y110.946 E403.77814
G1 X125.129 Y110.92 E403.78223
G1 X125.275 Y110.908 E403.78589
G1 X125.823 Y110.737 E403.80021
G1 X125.936 Y110.678 E403.80339
G1 X126.045 Y110.645 E403.80623
G1 X131.371 Y107.889 E403.95582
G1 X131.551 Y107.806 E403.96076
G1 X131.719 Y107.687 E403.9659
G1 X132.043 Y107.57 E403.97449
G1 X132.164 Y107.357 E403.9806
G1 X132.217 Y107.32 E403.98221
G1 X132.314 Y107.182 E403.98642
G1 X132.435 Y107.065 E403.99062
G1 X132.723 Y106.63 E404.00363
G1 X132.735 Y106.613 E404.00415
G1 X132.88 Y106.338 E404.01191
G1 X132.964 Y106.131 E404.01748
G1 X133.082 Y105.593 E404.03122
G1 X133.119 Y105.254 E404.03973
G1 X133.098 Y105.134 E404.04277
G1 X133.089 Y99.711 E404.17804
G1 X133.1 Y99.56 E404.18182
G1 X133.08 Y99.3 E404.18832
G1 X133.013 Y99.108 E404.1934
G1 X132.989 Y98.952 E404.19733
G1 X132.973 Y98.918 E404.19827
G1 X132.964 Y98.869 E404.19951
G1 X132.852 Y98.585 E404.20713
G1 X132.852 Y88.099 E404.4687
G1 X115.947 Y88.099 E404.8904
G1 X115.944 Y99.364 E405.17141
G1 X115.891 Y99.711 E405.18016
G1 X115.889 Y105.3 E405.31958
G1 X115.934 Y105.557 E405.32609
G1 X115.961 Y105.771 E405.33147
G1 X115.968 Y105.825 E405.33283
G1 X115.969 Y105.904 E405.3348
G1 X116.097 Y106.294 E405.34504
G1 X116.174 Y106.429 E405.34892
G1 X116.183 Y106.463 E405.34979
G0 F1350 X116.22 Y106.611
G0 X116.438 Y106.884
G0 X116.522 Y107.049
G0 X117.148 Y107.613
G0 X117.264 Y107.685
G0 F9000 X117.518 Y107.372
G1 F480 E405.39133
G1 F1500 X117.627 Y107.487 E405.39528
G1 X117.798 Y107.53 E405.39968
G1 X123.091 Y110.254 E405.54817
G1 X123.461 Y110.406 E405.55815
G1 X123.652 Y110.467 E405.56315
G1 X124.122 Y110.582 E405.57522
G1 X124.277 Y110.579 E405.57909
G1 X124.378 Y110.593 E405.58163
G1 X124.522 Y110.596 E405.58523
G1 X124.59 Y110.59 E405.58693
G1 X124.636 Y110.585 E405.58808
G1 X124.718 Y110.596 E405.59015
G1 X124.871 Y110.559 E405.59407
G1 X124.893 Y110.553 E405.59464
G1 X125.075 Y110.524 E405.59924
G1 X125.093 Y110.523 E405.59969
G1 X125.197 Y110.513 E405.6023
G1 X125.67 Y110.366 E405.61465
G1 X125.752 Y110.324 E405.61695
G1 X125.785 Y110.306 E405.61789
G1 X125.893 Y110.273 E405.6207
G1 X131.2 Y107.527 E405.76976
G1 X131.351 Y107.458 E405.7739
G1 X131.489 Y107.361 E405.77811
G1 X131.534 Y107.329 E405.77949
G1 X131.768 Y107.244 E405.7857
G1 X131.859 Y107.084 E405.79029
G1 X131.929 Y107.034 E405.79243
G1 X132.01 Y106.919 E405.79594
G1 X132.126 Y106.807 E405.79996
G1 X132.391 Y106.409 E405.81189
G1 X132.517 Y106.169 E405.81865
G1 X132.577 Y106.022 E405.82261
G1 X132.592 Y105.931 E405.82492
G1 X132.605 Y105.899 E405.82578
G1 X132.687 Y105.528 E405.83526
G1 X132.715 Y105.267 E405.8418
G1 X132.698 Y105.168 E405.84431
G1 X132.689 Y99.698 E405.98076
G1 X132.699 Y99.561 E405.98419
G1 X132.685 Y99.383 E405.98864
G1 X132.624 Y99.207 E405.99329
G1 X132.619 Y99.17 E405.99422
G1 X132.603 Y99.072 E405.99669
G1 X132.588 Y99.041 E405.99755
G1 X132.577 Y98.978 E405.99915
G1 X132.475 Y98.719 E406.00609
G1 X132.452 Y98.682 E406.00718
G1 X132.452 Y88.499 E406.26119
G1 X116.347 Y88.499 E406.66294
G1 X116.344 Y99.391 E406.93464
G1 X116.291 Y99.741 E406.94347
G1 X116.289 Y105.266 E407.08129
G1 X116.329 Y105.498 E407.08716
G1 X116.33 Y105.51 E407.08746
G1 X116.355 Y105.722 E407.09279
G1 X116.367 Y105.764 E407.09388
G1 X116.368 Y105.837 E407.0957
G1 X116.464 Y106.128 E407.10334
G0 F1350 X116.464 Y106.13
G0 X116.549 Y106.278
G0 X116.587 Y106.429
G0 X116.776 Y106.666
G0 X116.845 Y106.801
G0 X117.39 Y107.292
G0 X117.518 Y107.372
G0 F9000 X117.85 Y107.105
;TYPE:WALL-OUTER
G1 F480 E407.14488
G1 F900 X117.948 Y107.13 E407.14708
G1 X123.269 Y109.868 E407.2777
G1 X123.607 Y110.006 E407.28567
G1 X123.768 Y110.058 E407.28936
G1 X124.17 Y110.156 E407.29839
G1 X124.301 Y110.154 E407.30125
G1 X124.411 Y110.169 E407.30367
G1 X124.505 Y110.171 E407.30573
G1 X124.641 Y110.157 E407.30871
G1 X124.694 Y110.164 E407.30988
G1 X124.807 Y110.136 E407.31242
G1 X125.014 Y110.103 E407.31699
G1 X125.114 Y110.094 E407.31919
G1 X125.508 Y109.971 E407.32819
G1 X125.624 Y109.911 E407.33105
G1 X125.732 Y109.878 E407.33351
G1 X131.018 Y107.143 E407.46342
G1 X131.138 Y107.088 E407.4663
G1 X131.333 Y106.95 E407.47151
G1 X131.476 Y106.898 E407.47483
G1 X131.537 Y106.791 E407.47752
G1 X131.624 Y106.729 E407.47985
G1 X131.686 Y106.642 E407.48219
G1 X131.797 Y106.534 E407.48557
G1 X132.025 Y106.192 E407.49454
G1 X132.131 Y105.989 E407.49954
G1 X132.166 Y105.904 E407.50154
G1 X132.181 Y105.816 E407.50349
G1 X132.197 Y105.775 E407.50445
G1 X132.267 Y105.459 E407.51152
G1 X132.286 Y105.281 E407.51542
G1 X132.273 Y105.207 E407.51706
G1 X132.264 Y99.68 E407.6377
G1 X132.273 Y99.561 E407.64031
G1 X132.266 Y99.471 E407.64228
G1 X132.21 Y99.31 E407.646
G1 X132.193 Y99.199 E407.64845
G1 X132.18 Y99.172 E407.6491
G1 X132.166 Y99.095 E407.65081
G1 X132.094 Y98.911 E407.65512
G1 X132.027 Y98.804 E407.65788
G1 X132.027 Y88.924 E407.87353
G1 X116.772 Y88.924 E408.2065
G1 X116.769 Y99.421 E408.43562
G1 X116.716 Y99.773 E408.44339
G1 X116.714 Y105.229 E408.56247
G1 X116.748 Y105.425 E408.56682
G1 X116.771 Y105.615 E408.57099
G0 F810 X116.773 Y105.639
G0 X116.791 Y105.703
G0 X116.792 Y105.766
G0 X116.854 Y105.956
G0 X116.947 Y106.117
G0 X116.977 Y106.236
G0 X117.136 Y106.436
G0 X117.188 Y106.538
G0 X117.647 Y106.952
G0 X117.789 Y107.041
G0 X117.85 Y107.105
G0 F9000 X117.948 Y107.13
G0 X118.036 Y107.175
G0 X117.859 Y107.516
G0 X117.794 Y107.639
G0 X106.45 Y118.897
;TYPE:WALL-INNER
G1 F480 E408.61251
G1 F1500 X106.45 Y86.103 E409.43056
G1 X142.55 Y86.103 E410.33108
G1 X142.55 Y118.897 E411.14913
G1 X108.115 Y118.897 E412.00811
G0 F1350 X106.45 Y118.897
G0 F9000 X106.05 Y119.297
G1 F480 E412.04964
G1 F1500 X106.05 Y85.703 E412.88765
G1 X142.95 Y85.703 E413.80812
G1 X142.95 Y119.297 E414.64613
G1 X107.715 Y119.297 E415.52507
G0 F1350 X106.05 Y119.297
G0 F9000 X105.625 Y119.722
;TYPE:WALL-OUTER
G1 F480 E415.5666
G1 F900 X105.625 Y85.278 E416.31841
G1 X143.375 Y85.278 E417.14238
G1 X143.375 Y119.722 E417.89419
G1 X107.527 Y119.722 E418.67664
G0 F810 X105.625 Y119.722
G0 F9000 X105.625 Y119.522
G0 X106.01 Y119.337
G0 X106.84 Y118.507
;TYPE:SKIN
G1 F480 E418.71816
G1 F2400 X106.84 Y86.493 E419.51675
G1 X142.16 Y86.493 E420.39781
G1 X142.16 Y118.507 E421.1964
G1 X108.505 Y118.507 E422.03593
G0 F2160 X106.84 Y118.507
G0 F9000 X116.913 Y107.927
G1 F480 E422.07746
G1 F2400 X117.018 Y107.991 E422.08053
G1 X117.212 Y108.198 E422.08761
G1 X117.517 Y108.275 E422.09545
G1 X122.759 Y110.972 E422.24251
G1 X123.19 Y111.149 E422.25413
G1 X123.437 Y111.228 E422.2606
G1 X124.035 Y111.373 E422.27595
G1 X124.234 Y111.37 E422.28091
G1 X124.316 Y111.382 E422.28298
G1 X124.553 Y111.386 E422.28889
G1 X124.618 Y111.379 E422.29052
G1 X124.761 Y111.401 E422.29413
G1 X125.053 Y111.326 E422.30165
G1 X125.175 Y111.306 E422.30474
G1 X125.349 Y111.294 E422.30909
G1 X125.973 Y111.099 E422.3254
G1 X126.085 Y111.04 E422.32855
G1 X126.193 Y111.008 E422.33136
G1 X131.542 Y108.24 E422.4816
G1 X131.748 Y108.145 E422.48726
G1 X131.901 Y108.037 E422.49193
G1 X132.31 Y107.888 E422.50279
G1 X132.46 Y107.625 E422.51034
G1 X132.496 Y107.6 E422.51144
G1 X132.609 Y107.439 E422.51634
G1 X132.737 Y107.316 E422.52077
G1 X133.071 Y106.812 E422.53586
G1 X133.234 Y106.502 E422.54459
G1 X133.338 Y106.246 E422.55148
G1 X133.468 Y105.656 E422.56656
G1 X133.513 Y105.241 E422.57697
G1 X133.488 Y105.101 E422.58052
G1 X133.479 Y99.711 E422.71497
G1 X133.492 Y99.56 E422.71875
G1 X133.464 Y99.22 E422.72726
G1 X133.393 Y99.013 E422.73272
G1 X133.366 Y98.837 E422.73716
G1 X133.347 Y98.797 E422.73827
G1 X133.34 Y98.761 E422.73918
G1 X133.242 Y98.511 E422.74588
G1 X133.242 Y87.709 E423.01534
G1 X115.557 Y87.709 E423.45649
G1 X115.554 Y99.331 E423.7464
G1 X115.501 Y99.682 E423.75526
G1 X115.499 Y105.333 E423.89622
G1 X115.55 Y105.624 E423.90359
G1 X115.578 Y105.844 E423.90912
G1 X115.579 Y105.968 E423.91222
G1 X115.739 Y106.454 E423.92498
G1 X115.81 Y106.578 E423.92854
G1 X115.838 Y106.687 E423.93135
G0 F2160 X115.863 Y106.788
G0 X116.11 Y107.098
G0 X116.208 Y107.291
G0 X116.913 Y107.927
G0 F9000 X107.019 Y87.01
G1 F480 E423.97289
G1 F2400 X107.357 Y86.672 E423.98481
G0 F9000 X107.922 Y86.672
G1 F2400 X107.019 Y87.575 E424.01667
G0 F9000 X107.019 Y88.141
G1 F2400 X108.488 Y86.672 E424.06849
G0 F9000 X109.054 Y86.672
G1 F2400 X107.019 Y88.707 E424.14028
G0 F9000 X107.019 Y89.272
G1 F2400 X109.619 Y86.672 E424.232
G0 F9000 X110.185 Y86.672
G1 F2400 X107.019 Y89.838 E424.34369
G0 F9000 X107.019 Y90.404
G1 F2400 X110.751 Y86.672 E424.47535
G0 F9000 X111.316 Y86.672
G1 F2400 X107.019 Y90.969 E424.62693
G0 F9000 X107.019 Y91.535
G1 F2400 X111.882 Y86.672 E424.79849
G0 F9000 X112.448 Y86.672
G1 F2400 X107.019 Y92.101 E424.99001
G0 F9000 X107.019 Y92.667
G1 F2400 X113.014 Y86.672 E425.2015
G0 F9000 X113.579 Y86.672
G1 F2400 X107.019 Y93.232 E425.43292
G0 F9000 X107.019 Y93.798
G1 F2400 X114.145 Y86.672 E425.68431
G0 F9000 X114.711 Y86.672
G1 F2400 X107.019 Y94.364 E425.95567
G0 F9000 X107.019 Y94.929
G1 F2400 X115.276 Y86.672 E426.24696
G0 F9000 X115.842 Y86.672
G1 F2400 X107.019 Y95.495 E426.55821
G0 F9000 X107.019 Y96.061
G1 F2400 X115.375 Y87.705 E426.85299
G0 F9000 X115.551 Y87.529
G1 F2400 X116.408 Y86.672 E426.88323
G0 F9000 X116.973 Y86.672
G1 F2400 X116.117 Y87.529 E426.91344
G0 F9000 X116.683 Y87.529
G1 F2400 X117.539 Y86.672 E426.94366
G0 F9000 X118.105 Y86.672
G1 F2400 X117.248 Y87.529 E426.97389
G0 F9000 X117.814 Y87.529
G1 F2400 X118.67 Y86.672 E427.0041
G0 F9000 X119.236 Y86.672
G1 F2400 X118.38 Y87.529 E427.03432
G0 F9000 X118.945 Y87.529
G1 F2400 X119.802 Y86.672 E427.06455
G0 F9000 X120.367 Y86.672
G1 F2400 X119.511 Y87.529 E427.09477
G0 F9000 X120.077 Y87.529
G1 F2400 X120.933 Y86.672 E427.12498
G0 F9000 X121.499 Y86.672
G1 F2400 X120.643 Y87.529 E427.1552
G0 F9000 X121.208 Y87.529
G1 F2400 X122.065 Y86.672 E427.18543
G0 F9000 X122.63 Y86.672
G1 F2400 X121.774 Y87.529 E427.21565
G0 F9000 X122.34 Y87.529
G1 F2400 X123.196 Y86.672 E427.24586
G0 F9000 X123.762 Y86.672
G1 F2400 X122.905 Y87.529 E427.2761
G0 F9000 X123.471 Y87.529
G1 F2400 X124.327 Y86.672 E427.30631
G0 F9000 X124.893 Y86.672
G1 F2400 X124.037 Y87.529 E427.33653
G0 F9000 X124.602 Y87.529
G1 F2400 X125.459 Y86.672 E427.36676
G0 F9000 X126.024 Y86.672
G1 F2400 X125.168 Y87.529 E427.39697
G0 F9000 X125.734 Y87.529
G1 F2400 X126.59 Y86.672 E427.42719
G0 F9000 X127.156 Y86.672
G1 F2400 X126.299 Y87.529 E427.45742
G0 F9000 X126.865 Y87.529
G1 F2400 X127.721 Y86.672 E427.48764
G0 F9000 X128.287 Y86.672
G1 F2400 X127.431 Y87.529 E427.51785
G0 F9000 X127.996 Y87.529
G1 F2400 X128.853 Y86.672 E427.54809
G0 F9000 X129.418 Y86.672
G1 F2400 X128.562 Y87.529 E427.5783
G0 F9000 X129.128 Y87.529
G1 F2400 X129.984 Y86.672 E427.60852
G0 F9000 X130.55 Y86.672
G1 F2400 X129.693 Y87.529 E427.63875
G0 F9000 X130.259 Y87.529
G1 F2400 X131.115 Y86.672 E427.66897
G0 F9000 X131.681 Y86.672
G1 F2400 X130.825 Y87.529 E427.69918
G0 F9000 X131.391 Y87.529
G1 F2400 X132.247 Y86.672 E427.7294
G0 F9000 X132.813 Y86.672
G1 F2400 X131.956 Y87.529 E427.75963
G0 F9000 X132.522 Y87.529
G1 F2400 X133.378 Y86.672 E427.78984
G0 F9000 X133.944 Y86.672
G1 F2400 X133.088 Y87.529 E427.82006
G0 F9000 X133.421 Y87.761
G1 F2400 X134.51 Y86.672 E427.85848
G0 F9000 X135.075 Y86.672
G1 F2400 X133.421 Y88.326 E427.91683
G0 F9000 X133.421 Y88.892
G1 F2400 X135.641 Y86.672 E427.99514
G0 F9000 X136.207 Y86.672
G1 F2400 X133.421 Y89.458 E428.09343
G0 F9000 X133.421 Y90.023
G1 F2400 X136.772 Y86.672 E428.21164
G0 F9000 X137.338 Y86.672
G1 F2400 X133.421 Y90.589 E428.34983
G0 F9000 X133.421 Y91.155
G1 F2400 X137.904 Y86.672 E428.50798
G0 F9000 X138.469 Y86.672
G1 F2400 X133.421 Y91.72 E428.68606
G0 F9000 X133.421 Y92.286
G1 F2400 X139.035 Y86.672 E428.88411
G0 F9000 X139.601 Y86.672
G1 F2400 X133.421 Y92.852 E429.10212
G0 F9000 X133.421 Y93.417
G1 F2400 X140.166 Y86.672 E429.34007
G0 F9000 X140.732 Y86.672
G1 F2400 X133.421 Y93.983 E429.59799
G0 F9000 X133.421 Y94.549
G1 F2400 X141.298 Y86.672 E429.87587
G0 F9000 X141.864 Y86.672
G1 F2400 X133.421 Y95.115 E430.17372
G0 F9000 X133.421 Y95.68
G1 F2400 X141.979 Y87.123 E430.47561
G0 F9000 X141.979 Y87.689
G1 F2400 X133.421 Y96.246 E430.7775
G0 F9000 X133.421 Y96.812
G1 F2400 X141.979 Y88.254 E431.0794
G0 F9000 X141.979 Y88.82
G1 F2400 X133.421 Y97.377 E431.38129
G0 F9000 X133.421 Y97.943
G1 F2400 X141.979 Y89.386 E431.68318
G0 F9000 X141.979 Y89.951
G1 F2400 X133.431 Y98.499 E431.98473
G0 F9000 X133.563 Y98.932
G1 F2400 X141.979 Y90.517 E432.28161
G0 F9000 X141.979 Y91.083
G1 F2400 X133.659 Y99.402 E432.57511
G0 F9000 X133.659 Y99.968
G1 F2400 X141.979 Y91.648 E432.86862
G0 F9000 X141.979 Y92.214
G1 F2400 X133.66 Y100.533 E433.16209
G0 F9000 X133.661 Y101.097
G1 F2400 X141.979 Y92.78 E433.45551
G0 F9000 X141.979 Y93.345
G1 F2400 X133.662 Y101.662 E433.74892
G0 F9000 X133.662 Y102.227
G1 F2400 X141.979 Y93.911 E434.04231
G0 F9000 X141.979 Y94.477
G1 F2400 X133.663 Y102.792 E434.33566
G0 F9000 X133.665 Y103.357
G1 F2400 X141.979 Y95.042 E434.62897
G0 F9000 X141.979 Y95.608
G1 F2400 X133.665 Y103.922 E434.92227
G0 F9000 X133.666 Y104.487
G1 F2400 X141.979 Y96.174 E435.21554
G0 F9000 X141.979 Y96.739
G1 F2400 X133.667 Y105.052 E435.50878
G0 F9000 X133.65 Y105.633
G1 F2400 X141.979 Y97.305 E435.80259
G0 F9000 X141.979 Y97.871
G1 F2400 X133.481 Y106.369 E436.10238
G0 F9000 X132.501 Y107.914
G1 F2400 X141.979 Y98.437 E436.43673
G0 F9000 X141.979 Y99.002
G1 F2400 X122.655 Y118.326 E437.11843
G0 F9000 X122.089 Y118.326
G1 F2400 X132.353 Y108.062 E437.48052
G0 F9000 X131.265 Y108.585
G1 F2400 X121.524 Y118.326 E437.82416
G0 F9000 X120.958 Y118.326
G1 F2400 X130.093 Y109.191 E438.14643
G0 F9000 X128.921 Y109.797
G1 F2400 X120.392 Y118.326 E438.44731
G0 F9000 X119.827 Y118.326
G1 F2400 X127.749 Y110.404 E438.72678
G0 F9000 X126.577 Y111.01
G1 F2400 X119.261 Y118.326 E438.98487
G0 F9000 X118.695 Y118.326
G1 F2400 X125.627 Y111.394 E439.22942
G0 F9000 X124.907 Y111.548
G1 F2400 X118.129 Y118.326 E439.46853
G0 F9000 X117.564 Y118.326
G1 F2400 X124.329 Y111.561 E439.70718
G0 F9000 X123.819 Y111.505
G1 F2400 X116.998 Y118.326 E439.94781
G0 F9000 X116.432 Y118.326
G1 F2400 X123.365 Y111.394 E440.19237
G0 F9000 X122.949 Y111.244
G1 F2400 X115.867 Y118.326 E440.44221
G0 F9000 X115.301 Y118.326
G1 F2400 X122.557 Y111.07 E440.69818
G0 F9000 X122.183 Y110.878
G1 F2400 X114.735 Y118.326 E440.96093
G0 F9000 X114.17 Y118.326
G1 F2400 X121.81 Y110.686 E441.23045
G0 F9000 X121.437 Y110.493
G1 F2400 X113.604 Y118.326 E441.50679
G0 F9000 X113.038 Y118.326
G1 F2400 X121.063 Y110.301 E441.78989
G0 F9000 X120.689 Y110.109
G1 F2400 X112.473 Y118.326 E442.07975
G0 F9000 X111.907 Y118.326
G1 F2400 X120.316 Y109.917 E442.3764
G0 F9000 X119.942 Y109.725
G1 F2400 X111.341 Y118.326 E442.67982
G0 F9000 X110.776 Y118.326
G1 F2400 X119.569 Y109.532 E442.99004
G0 F9000 X119.196 Y109.34
G1 F2400 X110.21 Y118.326 E443.30704
G0 F9000 X109.644 Y118.326
G1 F2400 X118.822 Y109.149 E443.6308
G0 F9000 X118.448 Y108.956
G1 F2400 X109.078 Y118.326 E443.96135
G0 F9000 X108.513 Y118.326
G1 F2400 X118.075 Y108.764 E444.29868
G0 F9000 X117.702 Y108.572
G1 F2400 X107.947 Y118.326 E444.6428
G0 F9000 X107.381 Y118.326
G1 F2400 X117.301 Y108.406 E444.99275
G0 F9000 X116.954 Y108.188
G1 F2400 X107.019 Y118.122 E445.34322
G0 F9000 X107.019 Y117.557
G1 F2400 X116.647 Y107.929 E445.68287
G0 F9000 X116.35 Y107.661
G1 F2400 X107.019 Y116.991 E446.01203
G0 F9000 X107.019 Y116.425
G1 F2400 X116.055 Y107.39 E446.33078
G0 F9000 X115.836 Y107.043
G1 F2400 X107.019 Y115.86 E446.64182
G0 F9000 X107.019 Y115.294
G1 F2400 X115.646 Y106.667 E446.94617
G0 F9000 X115.485 Y106.263
G1 F2400 X107.019 Y114.728 E447.24481
G0 F9000 X107.019 Y114.163
G1 F2400 X115.389 Y105.793 E447.54008
G0 F9000 X115.318 Y105.298
G1 F2400 X107.019 Y113.597 E447.83285
G0 F9000 X107.019 Y113.031
G1 F2400 X115.318 Y104.733 E448.1256
G0 F9000 X115.318 Y104.167
G1 F2400 X107.019 Y112.466 E448.41837
G0 F9000 X107.019 Y111.9
G1 F2400 X115.318 Y103.601 E448.71114
G0 F9000 X115.318 Y103.036
G1 F2400 X107.019 Y111.334 E449.0039
G0 F9000 X107.019 Y110.768
G1 F2400 X115.319 Y102.469 E449.29668
G0 F9000 X115.319 Y101.903
G1 F2400 X107.019 Y110.203 E449.58949
G0 F9000 X107.019 Y109.637
G1 F2400 X115.319 Y101.338 E449.88228
G0 F9000 X115.319 Y100.772
G1 F2400 X107.019 Y109.071 E450.17506
G0 F9000 X107.019 Y108.506
G1 F2400 X115.319 Y100.206 E450.46787
G0 F9000 X115.324 Y99.635
G1 F2400 X107.019 Y107.94 E450.76085
G0 F9000 X107.019 Y107.374
G1 F2400 X115.373 Y99.021 E451.05554
G0 F9000 X115.373 Y98.455
G1 F2400 X107.019 Y106.809 E451.35025
G0 F9000 X107.019 Y106.243
G1 F2400 X115.373 Y97.889 E451.64496
G0 F9000 X115.373 Y97.324
G1 F2400 X107.019 Y105.677 E451.93965
G0 F9000 X107.019 Y105.112
G1 F2400 X115.373 Y96.758 E452.23436
G0 F9000 X115.374 Y96.191
G1 F2400 X107.019 Y104.546 E452.52911
G0 F9000 X107.019 Y103.98
G1 F2400 X115.374 Y95.626 E452.82384
G0 F9000 X115.374 Y95.06
G1 F2400 X107.019 Y103.415 E453.11858
G0 F9000 X107.019 Y102.849
G1 F2400 X115.374 Y94.494 E453.41333
G0 F9000 X115.374 Y93.929
G1 F2400 X107.019 Y102.283 E453.70805
G0 F9000 X107.019 Y101.718
G1 F2400 X115.375 Y93.362 E454.00283
G0 F9000 X115.375 Y92.797
G1 F2400 X107.019 Y101.152 E454.2976
G0 F9000 X107.019 Y100.586
G1 F2400 X115.375 Y92.231 E454.59236
G0 F9000 X115.375 Y91.665
G1 F2400 X107.019 Y100.02 E454.88712
G0 F9000 X107.019 Y99.455
G1 F2400 X115.375 Y91.1 E455.18189
G0 F9000 X115.375 Y90.534
G1 F2400 X107.019 Y98.889 E455.47665
G0 F9000 X107.019 Y98.323
G1 F2400 X115.375 Y89.968 E455.77141
G0 F9000 X115.375 Y89.402
G1 F2400 X107.019 Y97.758 E456.06619
G0 F9000 X107.019 Y97.192
G1 F2400 X115.375 Y88.836 E456.36097
G0 F9000 X115.375 Y88.27
G1 F2400 X107.019 Y96.626 E456.65575
G0 F9000 X123.221 Y118.326
G1 F2400 X141.979 Y99.568 E457.31749
G0 F9000 X141.979 Y100.134
G1 F2400 X123.786 Y118.326 E457.95928
G0 F9000 X124.352 Y118.326
G1 F2400 X141.979 Y100.699 E458.58112
G0 F9000 X141.979 Y101.265
G1 F2400 X124.918 Y118.326 E459.18299
G0 F9000 X125.483 Y118.326
G1 F2400 X141.979 Y101.831 E459.76492
G0 F9000 X141.979 Y102.396
G1 F2400 X126.049 Y118.326 E460.32689
G0 F9000 X126.615 Y118.326
G1 F2400 X141.979 Y102.962 E460.8689
G0 F9000 X141.979 Y103.528
G1 F2400 X127.18 Y118.326 E461.39096
G0 F9000 X127.746 Y118.326
G1 F2400 X141.979 Y104.093 E461.89306
G0 F9000 X141.979 Y104.659
G1 F2400 X128.312 Y118.326 E462.3752
G0 F9000 X128.877 Y118.326
G1 F2400 X141.979 Y105.225 E462.83739
G0 F9000 X141.979 Y105.79
G1 F2400 X129.443 Y118.326 E463.27964
G0 F9000 X130.009 Y118.326
G1 F2400 X141.979 Y106.356 E463.70191
G0 F9000 X141.979 Y106.922
G1 F2400 X130.575 Y118.326 E464.10422
G0 F9000 X131.14 Y118.326
G1 F2400 X141.979 Y107.488 E464.48657
G0 F9000 X141.979 Y108.053
G1 F2400 X131.706 Y118.326 E464.84898
G0 F9000 X132.272 Y118.326
G1 F2400 X141.979 Y108.619 E465.19142
G0 F9000 X141.979 Y109.185
G1 F2400 X132.837 Y118.326 E465.51391
G0 F9000 X133.403 Y118.326
G1 F2400 X141.979 Y109.75 E465.81645
G0 F9000 X141.979 Y110.316
G1 F2400 X133.969 Y118.326 E466.09903
G0 F9000 X134.534 Y118.326
G1 F2400 X141.979 Y110.882 E466.36165
G0 F9000 X141.979 Y111.447
G1 F2400 X135.1 Y118.326 E466.60433
G0 F9000 X135.666 Y118.326
G1 F2400 X141.979 Y112.013 E466.82704
G0 F9000 X141.979 Y112.579
G1 F2400 X136.231 Y118.326 E467.0298
G0 F9000 X136.797 Y118.326
G1 F2400 X141.979 Y113.144 E467.2126
G0 F9000 X141.979 Y113.71
G1 F2400 X137.363 Y118.326 E467.37545
G0 F9000 X137.928 Y118.326
G1 F2400 X141.979 Y114.276 E467.51834
G0 F9000 X141.979 Y114.841
G1 F2400 X138.494 Y118.326 E467.64128
G0 F9000 X139.06 Y118.326
G1 F2400 X141.979 Y115.407 E467.74426
G0 F9000 X141.979 Y115.973
G1 F2400 X139.626 Y118.326 E467.82727
G0 F9000 X140.191 Y118.326
G1 F2400 X141.979 Y116.538 E467.89034
G0 F9000 X141.979 Y117.104
G1 F2400 X140.757 Y118.326 E467.93345
G0 F9000 X141.651 Y117.998
G1 F2400 X141.933 Y118.281 E467.94661
G0 F9000 X141.888 Y118.326
G0 X123.075 Y110.29
G0 X118.647 Y108.048
G0 X116.09 Y106.662
;TIME_ELAPSED:684.811943
;LAYER:6
G0 X116.09 Y106.662 Z1.21
;TYPE:WALL-INNER
G1 F1500 X116.239 Y106.938 E467.95443
G1 X116.422 Y107.195 E467.9623
G1 X116.653 Y107.407 E467.97012
G1 X116.749 Y107.708 E467.978
G1 X117.129 Y107.8 E467.98776
G1 X117.461 Y108.011 E467.99757
G1 X121.819 Y110.251 E468.1198
G1 X122.673 Y110.683 E468.14367
G1 X122.93 Y110.894 E468.15197
G1 X123.229 Y110.934 E468.15949
G1 X123.491 Y111.055 E468.16669
G1 X123.999 Y111.11 E468.17944
G1 X124.202 Y111.188 E468.18486
G1 X124.5 Y111.153 E468.19235
G1 X124.684 Y111.175 E468.19697
G1 X124.899 Y111.133 E468.20243
G1 X124.981 Y111.129 E468.20448
G1 X125.153 Y111.1 E468.20883
G1 X125.312 Y111.102 E468.2128
G1 X125.694 Y110.977 E468.22283
G1 X126.184 Y110.759 E468.2362
G1 X131.705 Y107.94 E468.39084
G1 X131.851 Y107.812 E468.39568
G1 X131.939 Y107.751 E468.39836
G1 X132 Y107.708 E468.40022
G1 X132.167 Y107.63 E468.40481
G1 X132.474 Y107.286 E468.41632
G1 X132.494 Y107.249 E468.41737
G1 X132.567 Y107.161 E468.42022
G1 X132.766 Y106.924 E468.42794
G1 X132.84 Y106.934 E468.4298
G1 X132.993 Y106.559 E468.4399
G1 X133.053 Y106.474 E468.4425
G1 X133.088 Y106.327 E468.44627
G1 X133.24 Y105.954 E468.45632
G1 X133.225 Y105.816 E468.45978
G1 X133.249 Y105.705 E468.46261
G1 X133.292 Y105.263 E468.47369
G1 X133.281 Y103.001 E468.53011
G1 X133.331 Y101.827 E468.55943
G1 X133.301 Y99.767 E468.61082
G1 X133.316 Y99.715 E468.61217
G1 X133.264 Y99.441 E468.61913
G1 X133.258 Y99.242 E468.62409
G1 X133.216 Y99.13 E468.62708
G1 X133.197 Y98.904 E468.63273
G1 X133.055 Y98.652 E468.63995
G1 X132.982 Y98.487 E468.64445
G1 X133.04 Y98.038 E468.65574
G1 X132.852 Y97.938 E468.66106
G1 X132.852 Y88.099 E468.90649
G1 X115.947 Y88.099 E469.32819
G1 X115.947 Y98.636 E469.59103
G1 X115.908 Y98.747 E469.59397
G1 X115.904 Y98.769 E469.59453
G1 X115.762 Y99.405 E469.61078
G1 X115.712 Y99.704 E469.61834
G1 X115.715 Y105.244 E469.75654
G1 X115.737 Y105.65 E469.76668
G1 X115.765 Y105.749 E469.76925
G1 X115.588 Y105.923 E469.77544
G1 X115.437 Y106.07 E469.7807
G1 X115.593 Y106.211 E469.78403
G1 X116.09 Y106.662 E469.80077
G0 F9000 X116.41 Y106.412
G1 F1500 X116.579 Y106.726 E469.80966
G1 X116.722 Y106.927 E469.81582
G1 X116.933 Y107.117 E469.8229
G1 X117.011 Y107.212 E469.82596
G1 X117.062 Y107.372 E469.83015
G1 X117.286 Y107.426 E469.8359
G1 X117.66 Y107.664 E469.84696
G1 X122.001 Y109.895 E469.96871
G1 X122.893 Y110.346 E469.99364
G1 X123.096 Y110.513 E470.0002
G1 X123.343 Y110.546 E470.00642
G1 X123.598 Y110.664 E470.01343
G1 X123.998 Y110.704 E470.02345
G1 X124.106 Y110.723 E470.02619
G1 X124.253 Y110.779 E470.03011
G1 X124.5 Y110.75 E470.03632
G1 X124.669 Y110.77 E470.04056
G1 X124.845 Y110.736 E470.04503
G1 X124.877 Y110.735 E470.04583
G1 X124.936 Y110.731 E470.04731
G1 X125.124 Y110.699 E470.05207
G1 X125.251 Y110.701 E470.05523
G1 X125.55 Y110.603 E470.06308
G1 X126.012 Y110.398 E470.07569
G1 X131.478 Y107.607 E470.22879
G1 X131.607 Y107.493 E470.23308
G1 X131.712 Y107.426 E470.23619
G1 X131.784 Y107.368 E470.23849
G1 X131.923 Y107.303 E470.24232
G1 X132.143 Y107.056 E470.25057
G1 X132.163 Y107.018 E470.25164
G1 X132.264 Y106.906 E470.25541
G1 X132.473 Y106.651 E470.26363
G1 X132.551 Y106.49 E470.26809
G1 X132.587 Y106.495 E470.269
G1 X132.641 Y106.363 E470.27256
G1 X132.682 Y106.305 E470.27433
G1 X132.707 Y106.202 E470.27697
G1 X132.831 Y105.897 E470.28519
G1 X132.82 Y105.797 E470.2877
G1 X132.853 Y105.643 E470.29163
G1 X132.892 Y105.244 E470.30163
G1 X132.881 Y102.984 E470.358
G1 X132.931 Y101.821 E470.38704
G1 X132.9 Y99.712 E470.43966
G1 X132.905 Y99.695 E470.4401
G1 X132.865 Y99.484 E470.44545
G1 X132.86 Y99.32 E470.44955
G1 X132.822 Y99.218 E470.45226
G1 X132.806 Y99.024 E470.45712
G1 X132.695 Y98.827 E470.46276
G1 X132.571 Y98.545 E470.47044
G1 X132.608 Y98.261 E470.47759
G1 X132.461 Y98.183 E470.48174
G1 X132.452 Y98.098 E470.48387
G1 X132.452 Y88.499 E470.72332
G1 X116.347 Y88.499 E471.12506
G1 X116.347 Y98.703 E471.3796
G1 X116.293 Y98.857 E471.38367
G1 X116.155 Y99.481 E471.39961
G1 X116.112 Y99.737 E471.40609
G1 X116.115 Y105.233 E471.54319
G1 X116.134 Y105.584 E471.55195
G1 X116.214 Y105.869 E471.55934
G1 X116.02 Y106.059 E471.56611
G1 X116.031 Y106.069
G1 X116.41 Y106.412 E471.57886
G0 F9000 X116.64 Y106.046
;TYPE:WALL-OUTER
G1 F900 X116.763 Y106.157 E471.58248
G1 X116.783 Y106.207 E471.58366
G1 X116.941 Y106.501 E471.59094
G1 X117.042 Y106.643 E471.59474
G1 X117.242 Y106.824 E471.60063
G1 X117.337 Y106.94 E471.6039
G1 X117.376 Y106.959 E471.60485
G1 X117.394 Y107.015 E471.60614
G1 X117.485 Y107.037 E471.60818
G1 X117.532 Y107.079 E471.60955
G1 X117.872 Y107.295 E471.61835
G1 X122.194 Y109.516 E471.72441
G1 X123.129 Y109.989 E471.74728
G1 X123.273 Y110.108 E471.75136
G1 X123.444 Y110.131 E471.75512
G1 X123.551 Y110.168 E471.7576
G1 X123.716 Y110.249 E471.76161
G1 X124.053 Y110.282 E471.769
G1 X124.22 Y110.312 E471.7727
G1 X124.307 Y110.345 E471.77473
G1 X124.5 Y110.323 E471.77897
G1 X124.652 Y110.34 E471.78231
G1 X124.793 Y110.313 E471.78544
G1 X124.89 Y110.308 E471.78756
G1 X125.093 Y110.274 E471.79206
G1 X125.186 Y110.275 E471.79409
G1 X125.397 Y110.206 E471.79893
G1 X125.829 Y110.014 E471.80925
G1 X131.237 Y107.253 E471.94179
G1 X131.352 Y107.151 E471.94514
G1 X131.464 Y107.08 E471.94803
G1 X131.555 Y107.007 E471.95058
G1 X131.663 Y106.956 E471.95319
G1 X131.791 Y106.812 E471.95739
G1 X131.811 Y106.774 E471.95833
G1 X131.941 Y106.629 E471.96258
G1 X132.11 Y106.423 E471.9684
G1 X132.171 Y106.291 E471.97157
G1 X132.288 Y106.126 E471.97599
G1 X132.312 Y106.026 E471.97823
G1 X132.319 Y106.027 E471.97839
G1 X132.397 Y105.836 E471.98289
G1 X132.388 Y105.755 E471.98467
G1 X132.399 Y105.733 E471.9852
G1 X132.432 Y105.578 E471.98866
G1 X132.467 Y105.224 E471.99643
G1 X132.456 Y102.966 E472.04571
G1 X132.506 Y101.815 E472.07086
G1 X132.477 Y99.768 E472.11554
G1 X132.46 Y99.691 E472.11727
G1 X132.467 Y99.669 E472.11777
G1 X132.441 Y99.532 E472.12081
G1 X132.437 Y99.402 E472.12365
G1 X132.403 Y99.309 E472.12581
G1 X132.39 Y99.152 E472.12925
G1 X132.316 Y99.021 E472.13254
G1 X132.135 Y98.607 E472.1424
G1 X132.149 Y98.499 E472.14478
G1 X132.062 Y98.453 E472.14692
G1 X132.054 Y98.378 E472.14857
G1 X132.027 Y98.365 E472.14922
G1 X132.027 Y88.924 E472.35529
G1 X116.772 Y88.924 E472.68826
G1 X116.772 Y98.775 E472.90328
G1 X116.702 Y98.974 E472.90788
G1 X116.572 Y99.562 E472.92103
G1 X116.537 Y99.772 E472.92568
G1 X116.54 Y105.221 E473.04461
G1 X116.556 Y105.515 E473.05104
G1 X116.63 Y105.781 E473.05706
G1 X116.648 Y105.871 E473.05907
G1 X116.691 Y105.996 E473.06195
G1 X116.648 Y106.038
G1 X116.64 Y106.046
G0 F9000 X116.763 Y106.157
G0 X116.776 Y106.19
G0 X116.413 Y106.335
G0 X116.305 Y106.452
G0 X106.45 Y118.897
;TYPE:WALL-INNER
G1 F1500 X106.45 Y86.103 E473.88
G1 X142.55 Y86.103 E474.78052
G1 X142.55 Y118.897 E475.59857
G1 X108.115 Y118.897 E476.45755
G0 F1350 X106.45 Y118.897
G0 F9000 X106.05 Y119.297
G1 F480 E476.49909
G1 F1500 X106.05 Y85.703 E477.33709
G1 X142.95 Y85.703 E478.25757
G1 X142.95 Y119.297 E479.09557
G1 X107.715 Y119.297 E479.97451
G0 F1350 X106.05 Y119.297
G0 F9000 X105.625 Y119.722
;TYPE:WALL-OUTER
G1 F480 E480.01605
G1 F900 X105.625 Y85.278 E480.76786
G1 X143.375 Y85.278 E481.59182
G1 X143.375 Y119.722 E482.34363
G1 X107.527 Y119.722 E483.12608
G0 F810 X105.625 Y119.722
G0 F9000 X105.625 Y119.522
G0 X106.01 Y119.337
G0 X106.84 Y118.507
;TYPE:SKIN
G1 F480 E483.1676
G1 F2400 X106.84 Y86.493 E483.96619
G1 X142.16 Y86.493 E484.84725
G1 X142.16 Y118.507 E485.64585
G1 X108.505 Y118.507 E486.48537
G0 F2160 X106.84 Y118.507
G0 F9000 X116.445 Y108.036
G1 F480 E486.52691
G1 F2400 X116.975 Y108.164 E486.54051
G1 X117.266 Y108.35 E486.54912
G1 X121.642 Y110.598 E486.67184
G1 X122.456 Y111.01 E486.6946
G1 X122.768 Y111.266 E486.70467
G1 X123.116 Y111.312 E486.71343
G1 X123.386 Y111.436 E486.72084
G1 X123.908 Y111.493 E486.73394
G1 X124.152 Y111.586 E486.74045
G1 X124.499 Y111.546 E486.74916
G1 X124.699 Y111.569 E486.75418
G1 X124.939 Y111.521 E486.76029
G1 X125.024 Y111.517 E486.76241
G1 X125.181 Y111.49 E486.76639
G1 X125.372 Y111.492 E486.77115
G1 X125.834 Y111.342 E486.78327
G1 X126.352 Y111.112 E486.79741
G1 X131.926 Y108.265 E486.95354
G1 X132.093 Y108.118 E486.95909
G1 X132.192 Y108.049 E486.9621
G1 X132.405 Y107.95 E486.96796
G1 X132.796 Y107.512 E486.9826
G1 X132.821 Y107.465 E486.98393
G1 X132.927 Y107.339 E486.98804
G1 X133.088 Y107.361 E486.99209
G1 X133.338 Y106.745 E487.00867
G1 X133.415 Y106.638 E487.01196
G1 X133.462 Y106.442 E487.01699
G1 X133.638 Y106.01 E487.02863
G1 X133.619 Y105.835 E487.03302
G1 X133.635 Y105.766 E487.03478
G1 X133.682 Y105.281 E487.04694
G1 X133.671 Y103.018 E487.10339
G1 X133.721 Y101.833 E487.13298
G1 X133.691 Y99.818 E487.18325
G1 X133.716 Y99.735 E487.18541
G1 X133.654 Y99.401 E487.19388
G1 X133.646 Y99.166 E487.19975
G1 X133.6 Y99.042 E487.20305
G1 X133.579 Y98.787 E487.20943
G1 X133.406 Y98.481 E487.2182
G1 X133.382 Y98.426 E487.2197
G1 X133.461 Y97.82 E487.23494
G1 X133.242 Y97.703 E487.24114
G1 X133.242 Y87.709 E487.49044
G1 X115.557 Y87.709 E487.93159
G1 X115.557 Y98.569 E488.20249
G1 X115.532 Y98.64 E488.20437
G1 X115.379 Y99.331 E488.22203
G1 X115.322 Y99.671 E488.23063
G1 X115.325 Y105.254 E488.36989
G1 X115.344 Y105.614 E488.37889
G1 X114.868 Y106.082 E488.39554
G1 X115.533 Y106.683 E488.4179
G0 F2160 X115.778 Y106.905
G0 X115.907 Y107.145
G0 X116.128 Y107.455
G0 X116.312 Y107.623
G0 X116.445 Y108.036
G0 F9000 X107.578 Y118.326
G1 F480 E488.45943
G1 F2400 X107.019 Y117.767 E488.47915
G0 F9000 X107.019 Y117.201
G1 F2400 X108.144 Y118.326 E488.51884
G0 F9000 X108.709 Y118.326
G1 F2400 X107.019 Y116.635 E488.57848
G0 F9000 X107.019 Y116.07
G1 F2400 X109.275 Y118.326 E488.65806
G0 F9000 X109.841 Y118.326
G1 F2400 X107.019 Y115.504 E488.75762
G0 F9000 X107.019 Y114.938
G1 F2400 X110.406 Y118.326 E488.87712
G0 F9000 X110.972 Y118.326
G1 F2400 X107.019 Y114.373 E489.01657
G0 F9000 X107.019 Y113.807
G1 F2400 X111.538 Y118.326 E489.17599
G0 F9000 X112.104 Y118.326
G1 F2400 X107.019 Y113.241 E489.35538
G0 F9000 X107.019 Y112.676
G1 F2400 X112.669 Y118.326 E489.5547
G0 F9000 X113.235 Y118.326
G1 F2400 X107.019 Y112.11 E489.77398
G0 F9000 X107.019 Y111.544
G1 F2400 X113.801 Y118.326 E490.01324
G0 F9000 X114.366 Y118.326
G1 F2400 X107.019 Y110.978 E490.27244
G0 F9000 X107.019 Y110.413
G1 F2400 X114.932 Y118.326 E490.55159
G0 F9000 X115.498 Y118.326
G1 F2400 X107.019 Y109.847 E490.85071
G0 F9000 X107.019 Y109.281
G1 F2400 X116.063 Y118.326 E491.16978
G0 F9000 X116.629 Y118.326
G1 F2400 X107.019 Y108.716 E491.5088
G0 F9000 X107.019 Y108.15
G1 F2400 X117.195 Y118.326 E491.86779
G0 F9000 X117.76 Y118.326
G1 F2400 X107.019 Y107.584 E492.24672
G0 F9000 X107.019 Y107.019
G1 F2400 X118.326 Y118.326 E492.64561
G0 F9000 X118.892 Y118.326
G1 F2400 X107.019 Y106.453 E493.06446
G0 F9000 X107.019 Y105.887
G1 F2400 X119.457 Y118.326 E493.50326
G0 F9000 X120.023 Y118.326
G1 F2400 X107.019 Y105.322 E493.96201
G0 F9000 X107.019 Y104.756
G1 F2400 X120.589 Y118.326 E494.44073
G0 F9000 X121.154 Y118.326
G1 F2400 X107.019 Y104.19 E494.9394
G0 F9000 X107.019 Y103.625
G1 F2400 X121.72 Y118.326 E495.45802
G0 F9000 X122.286 Y118.326
G1 F2400 X107.019 Y103.059 E495.9966
G0 F9000 X107.019 Y102.493
G1 F2400 X122.852 Y118.326 E496.55515
G0 F9000 X123.417 Y118.326
G1 F2400 X107.019 Y101.928 E497.13364
G0 F9000 X107.019 Y101.362
G1 F2400 X123.983 Y118.326 E497.73209
G0 F9000 X124.549 Y118.326
G1 F2400 X107.019 Y100.796 E498.35051
G0 F9000 X107.019 Y100.23
G1 F2400 X125.114 Y118.326 E498.98887
G0 F9000 X125.68 Y118.326
G1 F2400 X107.019 Y99.665 E499.64719
G0 F9000 X107.019 Y99.099
G1 F2400 X126.246 Y118.326 E500.32547
G0 F9000 X126.811 Y118.326
G1 F2400 X116.79 Y108.305 E500.67899
G0 F9000 X117.961 Y108.91
G1 F2400 X127.377 Y118.326 E501.01117
G0 F9000 X127.943 Y118.326
G1 F2400 X119.124 Y109.507 E501.32228
G0 F9000 X120.286 Y110.104
G1 F2400 X128.508 Y118.326 E501.61233
G0 F9000 X129.074 Y118.326
G1 F2400 X121.449 Y110.701 E501.88133
G0 F9000 X122.76 Y111.447
G1 F2400 X129.64 Y118.326 E502.12402
G0 F9000 X130.205 Y118.326
G1 F2400 X123.51 Y111.63 E502.36022
G0 F9000 X124.206 Y111.761
G1 F2400 X130.771 Y118.326 E502.59182
G0 F9000 X131.337 Y118.326
G1 F2400 X124.752 Y111.741 E502.82412
G0 F9000 X125.246 Y111.67
G1 F2400 X131.902 Y118.326 E503.05893
G0 F9000 X132.468 Y118.326
G1 F2400 X125.712 Y111.57 E503.29727
G0 F9000 X126.12 Y111.412
G1 F2400 X133.034 Y118.326 E503.54118
G0 F9000 X133.6 Y118.326
G1 F2400 X126.508 Y111.234 E503.79137
G0 F9000 X126.883 Y111.044
G1 F2400 X134.165 Y118.326 E504.04826
G0 F9000 X134.731 Y118.326
G1 F2400 X127.257 Y110.852 E504.31193
G0 F9000 X127.632 Y110.661
G1 F2400 X135.297 Y118.326 E504.58233
G0 F9000 X135.862 Y118.326
G1 F2400 X128.006 Y110.469 E504.85949
G0 F9000 X128.38 Y110.278
G1 F2400 X136.428 Y118.326 E505.1434
G0 F9000 X136.994 Y118.326
G1 F2400 X128.754 Y110.087 E505.43407
G0 F9000 X129.129 Y109.896
G1 F2400 X137.559 Y118.326 E505.73146
G0 F9000 X138.125 Y118.326
G1 F2400 X129.503 Y109.704 E506.03563
G0 F9000 X129.878 Y109.513
G1 F2400 X138.691 Y118.326 E506.34653
G0 F9000 X139.256 Y118.326
G1 F2400 X130.252 Y109.322 E506.66417
G0 F9000 X130.627 Y109.131
G1 F2400 X139.822 Y118.326 E506.98855
G0 F9000 X140.388 Y118.326
G1 F2400 X131.001 Y108.939 E507.3197
G0 F9000 X131.376 Y108.748
G1 F2400 X140.953 Y118.326 E507.65757
G0 F9000 X141.519 Y118.326
G1 F2400 X131.75 Y108.557 E508.0022
G0 F9000 X132.105 Y108.347
G1 F2400 X141.979 Y118.22 E508.35052
G0 F9000 X141.979 Y117.654
G1 F2400 X132.451 Y108.127 E508.68662
G0 F9000 X132.737 Y107.847
G1 F2400 X141.979 Y117.089 E509.01266
G0 F9000 X141.979 Y116.523
G1 F2400 X132.993 Y107.537 E509.32967
G0 F9000 X133.31 Y107.288
G1 F2400 X141.979 Y115.957 E509.63549
G0 F9000 X141.979 Y115.392
G1 F2400 X133.473 Y106.886 E509.93556
G0 F9000 X133.637 Y106.484
G1 F2400 X141.979 Y114.826 E510.22985
G0 F9000 X141.979 Y114.26
G1 F2400 X133.8 Y106.081 E510.51838
G0 F9000 X133.835 Y105.551
G1 F2400 X141.979 Y113.694 E510.80567
G0 F9000 X141.979 Y113.129
G1 F2400 X133.859 Y105.009 E511.09212
G0 F9000 X133.856 Y104.441
G1 F2400 X141.979 Y112.563 E511.37867
G0 F9000 X141.979 Y111.997
G1 F2400 X133.853 Y103.872 E511.66532
G0 F9000 X133.851 Y103.304
G1 F2400 X141.979 Y111.432 E511.95205
G0 F9000 X141.979 Y110.866
G1 F2400 X133.861 Y102.748 E512.23844
G0 F9000 X133.884 Y102.205
G1 F2400 X141.979 Y110.3 E512.52401
G0 F9000 X141.979 Y109.735
G1 F2400 X133.897 Y101.653 E512.80912
G0 F9000 X133.888 Y101.078
G1 F2400 X141.979 Y109.169 E513.09456
G0 F9000 X141.979 Y108.603
G1 F2400 X133.88 Y100.504 E513.38027
G0 F9000 X133.87 Y99.929
G1 F2400 X141.979 Y108.038 E513.66634
G0 F9000 X141.979 Y107.472
G1 F2400 X133.829 Y99.323 E513.95383
G0 F9000 X133.689 Y98.616
G1 F2400 X141.979 Y106.906 E514.24628
G0 F9000 X141.979 Y106.341
G1 F2400 X133.619 Y97.98 E514.54122
G0 F9000 X133.421 Y97.217
G1 F2400 X141.979 Y105.775 E514.84313
G0 F9000 X141.979 Y105.209
G1 F2400 X133.421 Y96.651 E515.14504
G0 F9000 X133.421 Y96.085
G1 F2400 X141.979 Y104.644 E515.44696
G0 F9000 X141.979 Y104.078
G1 F2400 X133.421 Y95.52 E515.74887
G0 F9000 X133.421 Y94.954
G1 F2400 X141.979 Y103.512 E516.05077
G0 F9000 X141.979 Y102.946
G1 F2400 X133.421 Y94.388 E516.35268
G0 F9000 X133.421 Y93.823
G1 F2400 X141.979 Y102.381 E516.65459
G0 F9000 X141.979 Y101.815
G1 F2400 X133.421 Y93.257 E516.95649
G0 F9000 X133.421 Y92.691
G1 F2400 X141.979 Y101.249 E517.2584
G0 F9000 X141.979 Y100.684
G1 F2400 X133.421 Y92.126 E517.56031
G0 F9000 X133.421 Y91.56
G1 F2400 X141.979 Y100.118 E517.86221
G0 F9000 X141.979 Y99.552
G1 F2400 X133.421 Y90.994 E518.16412
G0 F9000 X133.421 Y90.429
G1 F2400 X141.979 Y98.987 E518.46603
G0 F9000 X141.979 Y98.421
G1 F2400 X133.421 Y89.863 E518.76793
G0 F9000 X133.421 Y89.297
G1 F2400 X141.979 Y97.855 E519.06984
G0 F9000 X141.979 Y97.29
G1 F2400 X133.421 Y88.732 E519.37175
G0 F9000 X133.421 Y88.166
G1 F2400 X141.979 Y96.724 E519.67365
G0 F9000 X141.979 Y96.158
G1 F2400 X133.421 Y87.6 E519.97556
G0 F9000 X133.349 Y87.528
G1 F2400 X132.494 Y86.673 E520.00572
G0 F9000 X133.059 Y86.673
G1 F2400 X141.979 Y95.593 E520.3204
G0 F9000 X141.979 Y95.027
G1 F2400 X133.625 Y86.673 E520.61511
G0 F9000 X134.191 Y86.673
G1 F2400 X141.979 Y94.461 E520.88985
G0 F9000 X141.979 Y93.896
G1 F2400 X134.756 Y86.673 E521.14466
G0 F9000 X135.322 Y86.673
G1 F2400 X141.979 Y93.33 E521.37951
G0 F9000 X141.979 Y92.764
G1 F2400 X135.888 Y86.673 E521.59438
G0 F9000 X136.453 Y86.673
G1 F2400 X141.979 Y92.198 E521.78931
G0 F9000 X141.979 Y91.633
G1 F2400 X137.019 Y86.673 E521.96429
G0 F9000 X137.585 Y86.673
G1 F2400 X141.979 Y91.067 E522.1193
G0 F9000 X141.979 Y90.501
G1 F2400 X138.15 Y86.673 E522.25436
G0 F9000 X138.716 Y86.673
G1 F2400 X141.979 Y89.936 E522.36947
G0 F9000 X141.979 Y89.37
G1 F2400 X139.282 Y86.673 E522.46461
G0 F9000 X139.848 Y86.673
G1 F2400 X141.979 Y88.804 E522.53979
G0 F9000 X141.979 Y88.239
G1 F2400 X140.413 Y86.673 E522.59503
G0 F9000 X140.979 Y86.673
G1 F2400 X141.979 Y87.673 E522.63031
G0 F9000 X141.979 Y87.107
G1 F2400 X141.545 Y86.673 E522.64562
G0 F9000 X132.783 Y87.528
G1 F2400 X131.928 Y86.673 E522.67579
G0 F9000 X131.362 Y86.673
G1 F2400 X132.217 Y87.528 E522.70595
G0 F9000 X131.651 Y87.528
G1 F2400 X130.797 Y86.673 E522.73609
G0 F9000 X130.231 Y86.673
G1 F2400 X131.086 Y87.528 E522.76625
G0 F9000 X130.52 Y87.528
G1 F2400 X129.665 Y86.673 E522.79642
G0 F9000 X129.1 Y86.673
G1 F2400 X129.954 Y87.528 E522.82656
G0 F9000 X129.389 Y87.528
G1 F2400 X128.534 Y86.673 E522.85672
G0 F9000 X127.968 Y86.673
G1 F2400 X128.823 Y87.528 E522.88689
G0 F9000 X128.257 Y87.528
G1 F2400 X127.402 Y86.673 E522.91705
G0 F9000 X126.837 Y86.673
G1 F2400 X127.692 Y87.528 E522.94721
G0 F9000 X127.126 Y87.528
G1 F2400 X126.271 Y86.673 E522.97737
G0 F9000 X125.705 Y86.673
G1 F2400 X126.56 Y87.528 E523.00754
G0 F9000 X125.995 Y87.528
G1 F2400 X125.14 Y86.673 E523.0377
G0 F9000 X124.574 Y86.673
G1 F2400 X125.429 Y87.528 E523.06786
G0 F9000 X124.863 Y87.528
G1 F2400 X124.008 Y86.673 E523.09802
G0 F9000 X123.443 Y86.673
G1 F2400 X124.298 Y87.528 E523.12819
G0 F9000 X123.732 Y87.528
G1 F2400 X122.877 Y86.673 E523.15835
G0 F9000 X122.311 Y86.673
G1 F2400 X123.166 Y87.528 E523.18851
G0 F9000 X122.601 Y87.528
G1 F2400 X121.746 Y86.673 E523.21867
G0 F9000 X121.18 Y86.673
G1 F2400 X122.035 Y87.528 E523.24884
G0 F9000 X121.469 Y87.528
G1 F2400 X120.614 Y86.673 E523.279
G0 F9000 X120.049 Y86.673
G1 F2400 X120.903 Y87.528 E523.30914
G0 F9000 X120.338 Y87.528
G1 F2400 X119.483 Y86.673 E523.33931
G0 F9000 X118.917 Y86.673
G1 F2400 X119.772 Y87.528 E523.36947
G0 F9000 X119.206 Y87.528
G1 F2400 X118.351 Y86.673 E523.39963
G0 F9000 X117.786 Y86.673
G1 F2400 X118.641 Y87.528 E523.42979
G0 F9000 X118.075 Y87.528
G1 F2400 X117.22 Y86.673 E523.45996
G0 F9000 X116.654 Y86.673
G1 F2400 X117.509 Y87.528 E523.49012
G0 F9000 X116.944 Y87.528
G1 F2400 X116.089 Y86.673 E523.52028
G0 F9000 X115.523 Y86.673
G1 F2400 X116.378 Y87.528 E523.55044
G0 F9000 X115.812 Y87.528
G1 F2400 X114.957 Y86.673 E523.58061
G0 F9000 X114.392 Y86.673
G1 F2400 X115.376 Y87.657 E523.61532
G0 F9000 X115.376 Y88.223
G1 F2400 X113.826 Y86.673 E523.67
G0 F9000 X113.26 Y86.673
G1 F2400 X115.376 Y88.789 E523.74465
G0 F9000 X115.376 Y89.354
G1 F2400 X112.695 Y86.673 E523.83923
G0 F9000 X112.129 Y86.673
G1 F2400 X115.376 Y89.92 E523.95377
G0 F9000 X115.376 Y90.486
G1 F2400 X111.563 Y86.673 E524.08829
G0 F9000 X110.998 Y86.673
G1 F2400 X115.376 Y91.052 E524.24275
G0 F9000 X115.376 Y91.617
G1 F2400 X110.432 Y86.673 E524.41716
G0 F9000 X109.866 Y86.673
G1 F2400 X115.376 Y92.183 E524.61154
G0 F9000 X115.376 Y92.749
G1 F2400 X109.301 Y86.673 E524.82587
G0 F9000 X108.735 Y86.673
G1 F2400 X115.376 Y93.314 E525.06015
G0 F9000 X115.376 Y93.88
G1 F2400 X108.169 Y86.673 E525.3144
G0 F9000 X107.603 Y86.673
G1 F2400 X115.376 Y94.446 E525.58861
G0 F9000 X115.376 Y95.011
G1 F2400 X107.038 Y86.673 E525.88276
G0 F9000 X107.019 Y87.22
G1 F2400 X115.376 Y95.577 E526.17757
G0 F9000 X115.376 Y96.143
G1 F2400 X107.019 Y87.785 E526.47241
G0 F9000 X107.019 Y88.351
G1 F2400 X115.376 Y96.708 E526.76722
G0 F9000 X115.376 Y97.274
G1 F2400 X107.019 Y88.917 E527.06204
G0 F9000 X107.019 Y89.482
G1 F2400 X115.376 Y97.84 E527.35687
G0 F9000 X115.376 Y98.405
G1 F2400 X107.019 Y90.048 E527.65169
G0 F9000 X107.019 Y90.614
G1 F2400 X115.293 Y98.888 E527.94358
G0 F9000 X115.193 Y99.354
G1 F2400 X107.019 Y91.18 E528.23193
G0 F9000 X107.019 Y91.745
G1 F2400 X115.141 Y99.868 E528.51848
G0 F9000 X115.141 Y100.433
G1 F2400 X107.019 Y92.311 E528.805
G0 F9000 X107.019 Y92.877
G1 F2400 X115.142 Y101 E529.09156
G0 F9000 X115.142 Y101.565
G1 F2400 X107.019 Y93.442 E529.37813
G0 F9000 X107.019 Y94.008
G1 F2400 X115.143 Y102.132 E529.66472
G0 F9000 X115.143 Y102.698
G1 F2400 X107.019 Y94.574 E529.95132
G0 F9000 X107.019 Y95.139
G1 F2400 X115.143 Y103.264 E530.23793
G0 F9000 X115.143 Y103.83
G1 F2400 X107.019 Y95.705 E530.52454
G0 F9000 X107.019 Y96.271
G1 F2400 X115.144 Y104.396 E530.81118
G0 F9000 X115.144 Y104.962
G1 F2400 X107.019 Y96.836 E531.09782
G0 F9000 X107.019 Y97.402
G1 F2400 X115.157 Y105.541 E531.38493
G0 F9000 X114.873 Y105.822
G1 F2400 X107.019 Y97.968 E531.662
G0 F9000 X107.019 Y98.533
G1 F2400 X115.821 Y107.336 E531.97254
G0 F9000 X106.804 Y118.598
;TIME_ELAPSED:788.599456
;LAYER:7
G0 X106.804 Y118.598 Z1.36
;TYPE:WALL-INNER
G1 F1500 X106.804 Y118.797 E531.9775
G1 X107.003 Y118.797 E531.98071
G1 X142.195 Y118.798 E532.85858
G1 X142.196 Y85.703 E533.68414
G1 X142.95 Y85.703 E533.70295
G1 X142.95 Y119.297 E534.54095
G1 X106.05 Y119.297 E535.46143
G1 X106.05 Y85.703 E536.29943
G1 X106.606 Y85.702 E536.3133
G1 X106.805 Y85.702 E536.31827
G1 X106.805 Y85.901 E536.32148
G1 X106.804 Y118.598 E537.13711
G0 F9000 X107.229 Y118.372
;TYPE:WALL-OUTER
G1 F900 X107.404 Y118.372 E537.14093
G1 X141.77 Y118.373 E537.89103
G1 X141.771 Y85.278 E538.6134
G1 X143.375 Y85.278 E538.64841
G1 X143.375 Y119.722 E539.40021
G1 X105.625 Y119.722 E540.22418
G1 X105.625 Y85.278 E540.97599
G1 X107.055 Y85.277 E541.0072
G1 X107.23 Y85.277 E541.01102
G1 X107.23 Y85.452 E541.01349
G1 X107.229 Y118.197 E541.72822
G1 X107.229 Y118.372 E541.73069
G0 F9000 X107.404 Y118.372
G0 X107.429 Y118.372
G0 X107.429 Y118.757
G0 X107.428 Y118.897
G0 X106.804 Y118.598
;TIME_ELAPSED:811.532050
;LAYER:8
G0 X106.804 Y118.598 Z1.51
;TYPE:WALL-INNER
G1 F1500 X106.804 Y118.797 E541.73565
G1 X107.003 Y118.797 E541.73887
G1 X142.195 Y118.798 E542.61673
G1 X142.196 Y85.703 E543.44229
G1 X142.95 Y85.703 E543.4611
G1 X142.95 Y119.297 E544.29911
G1 X106.05 Y119.297 E545.21958
G1 X106.05 Y85.703 E546.05759
G1 X106.606 Y85.702 E546.07146
G1 X106.805 Y85.702 E546.07642
G1 X106.805 Y85.901 E546.07963
G1 X106.804 Y118.598 E546.89526
G0 F9000 X107.229 Y118.372
;TYPE:WALL-OUTER
G1 F900 X107.404 Y118.372 E546.89908
G1 X141.77 Y118.373 E547.64919
G1 X141.771 Y85.278 E548.37155
G1 X143.375 Y85.278 E548.40656
G1 X143.375 Y119.722 E549.15837
G1 X105.625 Y119.722 E549.98234
G1 X105.625 Y85.278 E550.73414
G1 X107.055 Y85.277 E550.76536
G1 X107.23 Y85.277 E550.76918
G1 X107.23 Y85.452 E550.77165
G1 X107.229 Y118.197 E551.48637
G1 X107.229 Y118.372 E551.48884
G0 F9000 X107.404 Y118.372
G0 X107.429 Y118.372
G0 X107.429 Y118.757
G0 X107.428 Y118.897
G0 X106.804 Y118.598
;TIME_ELAPSED:834.464644
;LAYER:9
G0 X106.804 Y118.598 Z1.66
;TYPE:WALL-INNER
G1 F1500 X106.804 Y118.797 E551.49381
G1 X107.003 Y118.797 E551.49702
G1 X142.195 Y118.798 E552.37489
G1 X142.196 Y85.703 E553.20045
G1 X142.95 Y85.703 E553.21925
G1 X142.95 Y119.297 E554.05726
G1 X106.05 Y119.297 E554.97773
G1 X106.05 Y85.703 E555.81574
G1 X106.606 Y85.702 E555.82961
G1 X106.805 Y85.702 E555.83457
G1 X106.805 Y85.901 E555.83779
G1 X106.804 Y118.598 E556.65342
G0 F9000 X107.229 Y118.372
;TYPE:WALL-OUTER
G1 F900 X107.404 Y118.372 E556.65724
G1 X141.77 Y118.373 E557.40734
G1 X141.771 Y85.278 E558.1297
G1 X143.375 Y85.278 E558.16471
G1 X143.375 Y119.722 E558.91652
G1 X105.625 Y119.722 E559.74049
G1 X105.625 Y85.278 E560.4923
G1 X107.055 Y85.277 E560.52351
G1 X107.23 Y85.277 E560.52733
G1 X107.23 Y85.452 E560.5298
G1 X107.229 Y118.197 E561.24453
G1 X107.229 Y118.372 E561.247
G0 F9000 X107.404 Y118.372
G0 X107.429 Y118.372
G0 X107.429 Y118.757
G0 X107.428 Y118.897
G0 X106.804 Y118.598
;TIME_ELAPSED:857.397237
;LAYER:10
G0 X106.804 Y118.598 Z1.81
;TYPE:WALL-INNER
G1 F1500 X106.804 Y118.797 E561.25196
G1 X107.003 Y118.797 E561.25517
G1 X142.195 Y118.798 E562.13304
G1 X142.196 Y85.703 E562.9586
G1 X142.95 Y85.703 E562.97741
G1 X142.95 Y119.297 E563.81541
G1 X106.05 Y119.297 E564.73589
G1 X106.05 Y85.703 E565.57389
G1 X106.606 Y85.702 E565.58776
G1 X106.805 Y85.702 E565.59273
G1 X106.805 Y85.901 E565.59594
G1 X106.804 Y118.598 E566.41157
G0 F9000 X107.229 Y118.372
;TYPE:WALL-OUTER
G1 F900 X107.404 Y118.372 E566.41539
G1 X141.77 Y118.373 E567.1655
G1 X141.771 Y85.278 E567.88786
G1 X143.375 Y85.278 E567.92287
G1 X143.375 Y119.722 E568.67468
G1 X105.625 Y119.722 E569.49864
G1 X105.625 Y85.278 E570.25045
G1 X107.055 Y85.277 E570.28167
G1 X107.23 Y85.277 E570.28548
G1 X107.23 Y85.452 E570.28796
G1 X107.229 Y118.197 E571.00268
G1 X107.229 Y118.372 E571.00515
G0 F9000 X107.404 Y118.372
G0 X107.429 Y118.372
G0 X107.429 Y118.757
G0 X107.428 Y118.897
G0 X106.804 Y118.598
;TIME_ELAPSED:880.329831
;LAYER:11
G0 X106.804 Y118.598 Z1.96
;TYPE:WALL-INNER
G1 F1500 X106.804 Y118.797 E571.01012
G1 X107.003 Y118.797 E571.01333
G1 X142.195 Y118.798 E571.8912
G1 X142.196 Y85.703 E572.71675
G1 X142.95 Y85.703 E572.73556
G1 X142.95 Y119.297 E573.57357
G1 X106.05 Y119.297 E574.49404
G1 X106.05 Y85.703 E575.33205
G1 X106.606 Y85.702 E575.34592
G1 X106.805 Y85.702 E575.35088
G1 X106.805 Y85.901 E575.35409
G1 X106.804 Y118.598 E576.16972
G0 F9000 X107.229 Y118.372
;TYPE:WALL-OUTER
G1 F900 X107.404 Y118.372 E576.17354
G1 X141.77 Y118.373 E576.92365
G1 X141.771 Y85.278 E577.64601
G1 X143.375 Y85.278 E577.68102
G1 X143.375 Y119.722 E578.43283
G1 X105.625 Y119.722 E579.2568
G1 X105.625 Y85.278 E580.00861
G1 X107.055 Y85.277 E580.03982
G1 X107.23 Y85.277 E580.04364
G1 X107.23 Y85.452 E580.04611
G1 X107.229 Y118.197 E580.76084
G1 X107.229 Y118.372 E580.76331
G0 F9000 X107.404 Y118.372
G0 X107.429 Y118.372
G0 X107.429 Y118.757
G0 X107.428 Y118.897
G0 X106.804 Y118.598
;TIME_ELAPSED:903.262425
;LAYER:12
G0 X106.804 Y118.598 Z2.11
;TYPE:WALL-INNER
G1 F1500 X106.804 Y118.797 E580.76827
G1 X107.003 Y118.797 E580.77148
G1 X142.195 Y118.798 E581.64935
G1 X142.196 Y85.703 E582.47491
G1 X142.95 Y85.703 E582.49372
G1 X142.95 Y119.297 E583.33172
G1 X106.05 Y119.297 E584.2522
G1 X106.05 Y85.703 E585.0902
G1 X106.606 Y85.702 E585.10407
G1 X106.805 Y85.702 E585.10904
G1 X106.805 Y85.901 E585.11225
G1 X106.804 Y118.598 E585.92788
G0 F9000 X107.229 Y118.372
;TYPE:WALL-OUTER
G1 F900 X107.404 Y118.372 E585.9317
G1 X141.77 Y118.373 E586.6818
G1 X141.771 Y85.278 E587.40417
G1 X143.375 Y85.278 E587.43918
G1 X143.375 Y119.722 E588.19099
G1 X105.625 Y119.722 E589.01495
G1 X105.625 Y85.278 E589.76676
G1 X107.055 Y85.277 E589.79797
G1 X107.23 Y85.277 E589.80179
G1 X107.23 Y85.452 E589.80427
G1 X107.229 Y118.197 E590.51899
G1 X107.229 Y118.372 E590.52146
G0 F9000 X107.404 Y118.372
G0 X107.429 Y118.372
G0 X107.429 Y118.757
G0 X107.428 Y118.897
G0 X106.804 Y118.598
;TIME_ELAPSED:926.195019
;LAYER:13
G0 X106.804 Y118.598 Z2.26
;TYPE:WALL-INNER
G1 F1500 X106.804 Y118.797 E590.52643
G1 X107.003 Y118.797 E590.52964
G1 X142.195 Y118.798 E591.40751
G1 X142.196 Y85.703 E592.23306
G1 X142.95 Y85.703 E592.25187
G1 X142.95 Y119.297 E593.08988
G1 X106.05 Y119.297 E594.01035
G1 X106.05 Y85.703 E594.84836
G1 X106.606 Y85.702 E594.86223
G1 X106.805 Y85.702 E594.86719
G1 X106.805 Y85.901 E594.8704
G1 X106.804 Y118.598 E595.68603
G0 F9000 X107.229 Y118.372
;TYPE:WALL-OUTER
G1 F900 X107.404 Y118.372 E595.68985
G1 X141.77 Y118.373 E596.43996
G1 X141.771 Y85.278 E597.16232
G1 X143.375 Y85.278 E597.19733
G1 X143.375 Y119.722 E597.94914
G1 X105.625 Y119.722 E598.77311
G1 X105.625 Y85.278 E599.52492
G1 X107.055 Y85.277 E599.55613
G1 X107.23 Y85.277 E599.55995
G1 X107.23 Y85.452 E599.56242
G1 X107.229 Y118.197 E600.27714
G1 X107.229 Y118.372 E600.27962
G0 F9000 X107.404 Y118.372
G0 X107.429 Y118.372
G0 X107.429 Y118.757
G0 X107.428 Y118.897
G0 X106.804 Y118.598
;TIME_ELAPSED:949.127613
;LAYER:14
G0 X106.804 Y118.598 Z2.41
;TYPE:WALL-INNER
G1 F1500 X106.804 Y118.797 E600.28458
G1 X107.003 Y118.797 E600.28779
G1 X142.195 Y118.798 E601.16566
G1 X142.196 Y85.703 E601.99122
G1 X142.95 Y85.703 E602.01003
G1 X142.95 Y119.297 E602.84803
G1 X106.05 Y119.297 E603.76851
G1 X106.05 Y85.703 E604.60651
G1 X106.606 Y85.702 E604.62038
G1 X106.805 Y85.702 E604.62535
G1 X106.805 Y85.901 E604.62856
G1 X106.804 Y118.598 E605.44419
G0 F9000 X107.229 Y118.372
;TYPE:WALL-OUTER
G1 F900 X107.404 Y118.372 E605.44801
G1 X141.77 Y118.373 E606.19811
G1 X141.771 Y85.278 E606.92048
G1 X143.375 Y85.278 E606.95549
G1 X143.375 Y119.722 E607.70729
G1 X105.625 Y119.722 E608.53126
G1 X105.625 Y85.278 E609.28307
G1 X107.055 Y85.277 E609.31428
G1 X107.23 Y85.277 E609.3181
G1 X107.23 Y85.452 E609.32057
G1 X107.229 Y118.197 E610.0353
G1 X107.229 Y118.372 E610.03777
G0 F9000 X107.404 Y118.372
G0 X107.429 Y118.372
G0 X107.429 Y118.757
G0 X107.428 Y118.897
G0 X106.804 Y118.598
;TIME_ELAPSED:972.060206
;LAYER:15
G0 X106.804 Y118.598 Z2.56
;TYPE:WALL-INNER
G1 F1500 X106.804 Y118.797 E610.04273
G1 X107.003 Y118.797 E610.04595
G1 X142.195 Y118.798 E610.92381
G1 X142.196 Y85.703 E611.74937
G1 X142.95 Y85.703 E611.76818
G1 X142.95 Y119.297 E612.60619
G1 X106.05 Y119.297 E613.52666
G1 X106.05 Y85.703 E614.36467
G1 X106.606 Y85.702 E614.37854
G1 X106.805 Y85.702 E614.3835
G1 X106.805 Y85.901 E614.38671
G1 X106.804 Y118.598 E615.20234
G0 F9000 X107.229 Y118.372
;TYPE:WALL-OUTER
G1 F900 X107.404 Y118.372 E615.20616
G1 X141.77 Y118.373 E615.95627
G1 X141.771 Y85.278 E616.67863
G1 X143.375 Y85.278 E616.71364
G1 X143.375 Y119.722 E617.46545
G1 X105.625 Y119.722 E618.28942
G1 X105.625 Y85.278 E619.04122
G1 X107.055 Y85.277 E619.07244
G1 X107.23 Y85.277 E619.07626
G1 X107.23 Y85.452 E619.07873
G1 X107.229 Y118.197 E619.79345
G1 X107.229 Y118.372 E619.79592
G0 F9000 X107.404 Y118.372
G0 X107.429 Y118.372
G0 X107.429 Y118.757
G0 X107.428 Y118.897
G0 X106.804 Y118.598
;TIME_ELAPSED:994.992800
;LAYER:16
G0 X106.804 Y118.598 Z2.71
;TYPE:WALL-INNER
G1 F1500 X106.804 Y118.797 E619.80089
G1 X107.003 Y118.797 E619.8041
G1 X142.195 Y118.798 E620.68197
G1 X142.196 Y85.703 E621.50753
G1 X142.95 Y85.703 E621.52633
G1 X142.95 Y119.297 E622.36434
G1 X106.249 Y119.297 E623.27985
G1 X106.05 Y119.297 E623.28481
G1 X106.05 Y119.098 E623.28803
G1 X106.051 Y85.702 E624.12109
G1 X106.606 Y85.702 E624.13494
G1 X106.805 Y85.702 E624.1399
G1 X106.805 Y85.901 E624.14311
G1 X106.804 Y118.598 E624.95874
G0 F9000 X107.229 Y118.372
;TYPE:WALL-OUTER
G1 F900 X107.404 Y118.372 E624.96256
G1 X141.77 Y118.373 E625.71267
G1 X141.771 Y85.278 E626.43503
G1 X143.375 Y85.278 E626.47004
G1 X143.375 Y119.722 E627.22185
G1 X105.8 Y119.722 E628.042
G1 X105.625 Y119.722 E628.04582
G1 X105.625 Y119.547 E628.04829
G1 X105.626 Y85.277 E628.7963
G1 X107.055 Y85.277 E628.82749
G1 X107.23 Y85.277 E628.83131
G1 X107.23 Y85.452 E628.83378
G1 X107.229 Y118.197 E629.54851
G1 X107.229 Y118.372 E629.55098
G0 F9000 X107.404 Y118.372
G0 X107.429 Y118.372
G0 X107.429 Y118.757
G0 X107.428 Y118.897
G0 X106.804 Y118.598
;TIME_ELAPSED:1017.925404
;LAYER:17
G0 X106.804 Y118.598 Z2.86
;TYPE:WALL-INNER
G1 F1500 X106.804 Y118.797 E629.55594
G1 X107.003 Y118.797 E629.55915
G1 X142.195 Y118.798 E630.43702
G1 X142.196 Y85.703 E631.26258
G1 X142.95 Y85.703 E631.28139
G1 X142.95 Y119.297 E632.11939
G1 X106.249 Y119.297 E633.0349
G1 X106.05 Y119.297 E633.03987
G1 X106.05 Y119.098 E633.04308
G1 X106.051 Y85.702 E633.87615
G1 X106.606 Y85.702 E633.88999
G1 X106.805 Y85.702 E633.89496
G1 X106.805 Y85.901 E633.89817
G1 X106.804 Y118.598 E634.7138
G0 F9000 X107.229 Y118.372
;TYPE:WALL-OUTER
G1 F900 X107.404 Y118.372 E634.71762
G1 X141.77 Y118.373 E635.46772
G1 X141.771 Y85.278 E636.19009
G1 X143.375 Y85.278 E636.2251
G1 X143.375 Y119.722 E636.9769
G1 X105.8 Y119.722 E637.79705
G1 X105.625 Y119.722 E637.80087
G1 X105.625 Y119.547 E637.80334
G1 X105.626 Y85.277 E638.55135
G1 X107.055 Y85.277 E638.58255
G1 X107.23 Y85.277 E638.58636
G1 X107.23 Y85.452 E638.58884
G1 X107.229 Y118.197 E639.30356
G1 X107.229 Y118.372 E639.30603
G0 F9000 X107.404 Y118.372
G0 X107.429 Y118.372
G0 X107.429 Y118.757
G0 X107.428 Y118.897
G0 X106.804 Y118.598
;TIME_ELAPSED:1040.858008
;LAYER:18
G0 X106.804 Y118.598 Z3.01
;TYPE:WALL-INNER
G1 F1500 X106.804 Y118.797 E639.311
G1 X107.003 Y118.797 E639.31421
G1 X142.195 Y118.798 E640.19208
G1 X142.196 Y85.703 E641.01763
G1 X142.95 Y85.703 E641.03644
G1 X142.95 Y119.297 E641.87445
G1 X106.249 Y119.297 E642.78996
G1 X106.05 Y119.297 E642.79492
G1 X106.05 Y119.098 E642.79813
G1 X106.051 Y85.702 E643.6312
G1 X106.606 Y85.702 E643.64505
G1 X106.805 Y85.702 E643.65001
G1 X106.805 Y85.901 E643.65322
G1 X106.804 Y118.598 E644.46885
G0 F9000 X107.229 Y118.372
;TYPE:WALL-OUTER
G1 F900 X107.404 Y118.372 E644.47267
G1 X141.77 Y118.373 E645.22278
G1 X141.771 Y85.278 E645.94514
G1 X143.375 Y85.278 E645.98015
G1 X143.375 Y119.722 E646.73196
G1 X105.8 Y119.722 E647.55211
G1 X105.625 Y119.722 E647.55593
G1 X105.625 Y119.547 E647.5584
G1 X105.626 Y85.277 E648.30641
G1 X107.055 Y85.277 E648.3376
G1 X107.23 Y85.277 E648.34142
G1 X107.23 Y85.452 E648.34389
G1 X107.229 Y118.197 E649.05861
G1 X107.229 Y118.372 E649.06109
G0 F9000 X107.404 Y118.372
G0 X107.429 Y118.372
G0 X107.429 Y118.757
G0 X107.428 Y118.897
G0 X106.804 Y118.598
;TIME_ELAPSED:1063.790612
;LAYER:19
G0 X106.804 Y118.598 Z3.16
;TYPE:WALL-INNER
G1 F1500 X106.804 Y118.797 E649.06605
G1 X107.003 Y118.797 E649.06926
G1 X142.195 Y118.798 E649.94713
G1 X142.196 Y85.703 E650.77269
G1 X142.751 Y85.703 E650.78653
G1 X142.95 Y85.703 E650.7915
G1 X142.95 Y85.902 E650.79471
G1 X142.949 Y119.298 E651.62778
G1 X106.249 Y119.297 E652.54326
G1 X106.05 Y119.297 E652.54822
G1 X106.05 Y119.098 E652.55144
G1 X106.051 Y85.702 E653.3845
G1 X106.606 Y85.702 E653.39835
G1 X106.805 Y85.702 E653.40331
G1 X106.805 Y85.901 E653.40652
G1 X106.804 Y118.598 E654.22215
G0 F9000 X107.229 Y118.372
;TYPE:WALL-OUTER
G1 F900 X107.404 Y118.372 E654.22597
G1 X141.77 Y118.373 E654.97608
G1 X141.771 Y85.278 E655.69844
G1 X143.2 Y85.278 E655.72963
G1 X143.375 Y85.278 E655.73345
G1 X143.375 Y85.453 E655.73592
G1 X143.374 Y119.723 E656.48393
G1 X105.8 Y119.722 E657.30406
G1 X105.625 Y119.722 E657.30788
G1 X105.625 Y119.547 E657.31035
G1 X105.626 Y85.277 E658.05836
G1 X107.055 Y85.277 E658.08955
G1 X107.23 Y85.277 E658.09337
G1 X107.23 Y85.452 E658.09584
G1 X107.229 Y118.197 E658.81057
G1 X107.229 Y118.372 E658.81304
G0 F9000 X107.404 Y118.372
G0 X107.429 Y118.372
G0 X107.429 Y118.757
G0 X107.428 Y118.898
G0 X106.804 Y118.598
;TIME_ELAPSED:1086.723303
;LAYER:20
G0 X106.804 Y118.598 Z3.31
;TYPE:WALL-INNER
G1 F1500 X106.804 Y118.797 E658.818
G1 X107.003 Y118.797 E658.82122
G1 X142.195 Y118.798 E659.69908
G1 X142.196 Y85.703 E660.52464
G1 X142.751 Y85.703 E660.53849
G1 X142.95 Y85.703 E660.54345
G1 X142.95 Y85.902 E660.54666
G1 X142.949 Y119.298 E661.37973
G1 X106.249 Y119.297 E662.29521
G1 X106.05 Y119.297 E662.30018
G1 X106.05 Y119.098 E662.30339
G1 X106.051 Y85.702 E663.13646
G1 X106.606 Y85.702 E663.1503
G1 X106.805 Y85.702 E663.15527
G1 X106.805 Y85.901 E663.15848
G1 X106.804 Y118.598 E663.97411
G0 F9000 X107.229 Y118.372
;TYPE:WALL-OUTER
G1 F900 X107.404 Y118.372 E663.97793
G1 X141.77 Y118.373 E664.72803
G1 X141.771 Y85.278 E665.4504
G1 X143.2 Y85.278 E665.48159
G1 X143.375 Y85.278 E665.48541
G1 X143.375 Y85.453 E665.48788
G1 X143.374 Y119.723 E666.23589
G1 X105.8 Y119.722 E667.05601
G1 X105.625 Y119.722 E667.05983
G1 X105.625 Y119.547 E667.06231
G1 X105.626 Y85.277 E667.81032
G1 X107.055 Y85.277 E667.84151
G1 X107.23 Y85.277 E667.84533
G1 X107.23 Y85.452 E667.8478
G1 X107.229 Y118.197 E668.56252
G1 X107.229 Y118.372 E668.56499
G0 F9000 X107.404 Y118.372
G0 X107.429 Y118.372
G0 X107.429 Y118.757
G0 X107.428 Y118.898
G0 X106.804 Y118.797
;TIME_ELAPSED:1109.651212
;LAYER:21
G0 X106.804 Y118.797 Z3.46
;TYPE:WALL-INNER
G1 F1500 X119.257 Y118.797 E668.87564
G1 X119.257 Y118.673 E668.87873
G1 X129.742 Y118.673 E669.14028
G1 X129.742 Y118.798 E669.1434
G1 X142.195 Y118.798 E669.45404
G1 X142.196 Y85.703 E670.2796
G1 X142.751 Y85.703 E670.29344
G1 X142.95 Y85.703 E670.2984
G1 X142.95 Y85.902 E670.30162
G1 X142.949 Y119.298 E671.13468
G1 X106.249 Y119.297 E672.05017
G1 X106.05 Y119.297 E672.05513
G1 X106.05 Y119.098 E672.05834
G1 X106.051 Y85.702 E672.89141
G1 X106.606 Y85.702 E672.90526
G1 X106.805 Y85.702 E672.91022
G1 X106.805 Y85.901 E672.91343
G1 X106.804 Y118.797 E673.73403
G0 F9000 X107.229 Y118.372
;TYPE:WALL-OUTER
G1 F900 X118.832 Y118.372 E673.98728
G1 X118.832 Y118.248 E673.98999
G1 X130.167 Y118.248 E674.2374
G1 X130.167 Y118.373 E674.24013
G1 X141.77 Y118.373 E674.49339
G1 X141.771 Y85.278 E675.21575
G1 X143.2 Y85.278 E675.24694
G1 X143.375 Y85.278 E675.25076
G1 X143.375 Y85.453 E675.25323
G1 X143.374 Y119.723 E676.00124
G1 X105.8 Y119.722 E676.82137
G1 X105.625 Y119.722 E676.82519
G1 X105.625 Y119.547 E676.82766
G1 X105.626 Y85.277 E677.57567
G1 X107.055 Y85.277 E677.60686
G1 X107.23 Y85.277 E677.61068
G1 X107.23 Y85.452 E677.61315
G1 X107.229 Y118.372 E678.3317
G0 F9000 X107.429 Y118.372
G0 X107.429 Y118.757
G0 X107.429 Y118.898
G0 X106.804 Y118.797
;TIME_ELAPSED:1132.721102
;LAYER:22
G0 X106.804 Y118.797 Z3.61
;TYPE:WALL-INNER
G1 F1500 X119.257 Y118.797 E678.64234
G1 X119.257 Y118.523 E678.64917
G1 X129.742 Y118.523 E678.91072
G1 X129.742 Y118.798 E678.91758
G1 X142.195 Y118.798 E679.22822
G1 X142.196 Y85.703 E680.05378
G1 X142.751 Y85.703 E680.06762
G1 X142.95 Y85.703 E680.07259
G1 X142.95 Y85.902 E680.0758
G1 X142.949 Y119.298 E680.90887
G1 X106.249 Y119.297 E681.82435
G1 X106.05 Y119.297 E681.82932
G1 X106.05 Y119.098 E681.83253
G1 X106.051 Y85.702 E682.66559
G1 X106.606 Y85.702 E682.67944
G1 X106.805 Y85.702 E682.6844
G1 X106.805 Y85.901 E682.68762
G1 X106.804 Y118.797 E683.50821
G0 F9000 X107.229 Y118.372
;TYPE:WALL-OUTER
G1 F900 X118.832 Y118.372 E683.76147
G1 X118.832 Y118.098 E683.76745
G1 X130.167 Y118.098 E684.01486
G1 X130.167 Y118.373 E684.02086
G1 X141.77 Y118.373 E684.27412
G1 X141.771 Y85.278 E684.99648
G1 X143.2 Y85.278 E685.02767
G1 X143.375 Y85.278 E685.03149
G1 X143.375 Y85.453 E685.03396
G1 X143.374 Y119.723 E685.78197
G1 X105.8 Y119.722 E686.6021
G1 X105.625 Y119.722 E686.60592
G1 X105.625 Y119.547 E686.60839
G1 X105.626 Y85.277 E687.3564
G1 X107.055 Y85.277 E687.38759
G1 X107.23 Y85.277 E687.39141
G1 X107.23 Y85.452 E687.39388
G1 X107.229 Y118.372 E688.11243
G0 F9000 X107.429 Y118.372
G0 X107.429 Y118.757
G0 X107.429 Y118.898
G0 X119.285 Y118.825
G0 X119.657 Y118.773
;TIME_ELAPSED:1156.083037
;LAYER:23
G0 X119.657 Y118.773 Z3.76
;TYPE:WALL-INNER
G1 F1500 X129.342 Y118.773 E688.35402
G1 X129.342 Y118.898 E688.35714
G1 X119.657 Y118.897 E688.43252
G1 X119.657 Y118.773 E688.43562
G0 F9000 X119.257 Y118.797
G1 F1500 X119.257 Y118.373 E688.44619
G1 X129.742 Y118.373 E688.70774
G1 X129.742 Y118.798 E688.71834
G1 X142.195 Y118.798 E689.02899
G1 X142.196 Y85.703 E689.85454
G1 X142.751 Y85.703 E689.86839
G1 X142.95 Y85.703 E689.87335
G1 X142.95 Y85.902 E689.87656
G1 X142.949 Y119.298 E690.70963
G1 X106.249 Y119.297 E691.62512
G1 X106.05 Y119.297 E691.63008
G1 X106.05 Y119.098 E691.63329
G1 X106.051 Y85.702 E692.46636
G1 X106.606 Y85.702 E692.4802
G1 X106.805 Y85.702 E692.48517
G1 X106.805 Y85.901 E692.48838
G1 X106.804 Y118.598 E693.30401
G1 X106.804 Y118.797 E693.30897
G1 X107.003 Y118.797 E693.31218
G1 X119.257 Y118.797 E693.61786
G1 F1500 E692.11786
G0 F9000 X119.327 Y118.867
G0 X106.776 Y118.825
G0 X106.705 Y118.371
G0 X107.229 Y118.372
;TYPE:WALL-OUTER
G1 F480 E693.68022
G1 F900 X107.404 Y118.372 E693.68404
G1 X118.832 Y118.372 E693.93348
G1 X118.832 Y117.948 E693.94274
G1 X130.167 Y117.948 E694.19015
G1 X130.167 Y118.373 E694.19942
G1 X141.77 Y118.373 E694.45268
G1 X141.771 Y85.278 E695.17504
G1 X143.2 Y85.278 E695.20623
G1 X143.375 Y85.278 E695.21005
G1 X143.375 Y85.453 E695.21253
G1 X143.374 Y119.723 E695.96054
G1 X105.8 Y119.722 E696.78066
G1 X105.625 Y119.722 E696.78448
G1 X105.625 Y119.547 E696.78695
G1 X105.626 Y85.277 E697.53496
G1 X107.055 Y85.277 E697.56615
G1 X107.23 Y85.277 E697.56997
G1 X107.23 Y85.452 E697.57245
G1 X107.229 Y118.197 E698.28717
G1 X107.229 Y118.372 E698.28964
G0 F9000 X107.404 Y118.372
G0 X107.429 Y118.372
G0 X107.429 Y118.757
G0 X107.429 Y118.898
G0 X119.285 Y118.825
G0 X119.657 Y118.623
;TIME_ELAPSED:1181.043774
;LAYER:24
G0 X119.657 Y118.623 Z3.91
;TYPE:WALL-INNER
G1 F1500 X129.342 Y118.623 E698.53124
G1 X129.342 Y118.898 E698.5381
G1 X119.657 Y118.897 E698.7043
G1 X119.657 Y118.623 E698.71114
G0 F9000 X119.257 Y118.797
G1 F1500 X119.257 Y118.223 E698.72546
G1 X129.742 Y118.223 E698.98701
G1 X129.742 Y118.798 E699.00135
G1 X142.195 Y118.798 E699.31199
G1 X142.196 Y85.703 E700.13755
G1 X142.751 Y85.703 E700.15139
G1 X142.95 Y85.703 E700.15636
G1 X142.95 Y85.902 E700.15957
G1 X142.949 Y119.298 E700.99264
G1 X106.249 Y119.297 E701.90812
G1 X106.05 Y119.297 E701.91309
G1 X106.05 Y119.098 E701.9163
G1 X106.051 Y85.702 E702.74936
G1 X106.606 Y85.702 E702.76321
G1 X106.805 Y85.702 E702.76817
G1 X106.805 Y85.901 E702.77139
G1 X106.804 Y118.598 E703.58702
G1 X106.804 Y118.797 E703.59198
G1 X107.003 Y118.797 E703.59519
G1 X119.257 Y118.797 E703.90087
G1 F1500 E702.40087
G0 F9000 X119.327 Y118.867
G0 X106.776 Y118.825
G0 X106.705 Y118.371
G0 X107.229 Y118.372
;TYPE:WALL-OUTER
G1 F480 E703.96323
G1 F900 X107.404 Y118.372 E703.96705
G1 X118.832 Y118.372 E704.21649
G1 X118.832 Y117.798 E704.22902
G1 X130.167 Y117.798 E704.47643
G1 X130.167 Y118.373 E704.48898
G1 X141.77 Y118.373 E704.74224
G1 X141.771 Y85.278 E705.4646
G1 X143.2 Y85.278 E705.49579
G1 X143.375 Y85.278 E705.49961
G1 X143.375 Y85.453 E705.50208
G1 X143.374 Y119.723 E706.25009
G1 X105.8 Y119.722 E707.07022
G1 X105.625 Y119.722 E707.07404
G1 X105.625 Y119.547 E707.07651
G1 X105.626 Y85.277 E707.82452
G1 X107.055 Y85.277 E707.85571
G1 X107.23 Y85.277 E707.85953
G1 X107.23 Y85.452 E707.862
G1 X107.229 Y118.197 E708.57673
G1 X107.229 Y118.372 E708.5792
G0 F9000 X107.404 Y118.372
G0 X107.429 Y118.372
G0 X107.429 Y118.757
G0 X107.429 Y118.898
G0 X119.285 Y118.825
G0 X119.657 Y118.473
;TIME_ELAPSED:1206.088446
;LAYER:25
G0 X119.657 Y118.473 Z4.06
;TYPE:WALL-INNER
G1 F1500 X129.342 Y118.473 E708.82079
G1 X129.342 Y118.699 E708.82643
G1 X129.342 Y118.898 E708.83139
G1 X129.143 Y118.898 E708.8346
G1 X119.657 Y118.897 E709.07123
G1 X119.657 Y118.629 E709.07792
G0 F1350 X119.657 Y118.473
G0 F9000 X119.257 Y118.797
G1 F480 E709.08181
G1 F1500 X119.257 Y118.073 E709.09987
G1 X129.742 Y118.073 E709.36142
G1 X129.742 Y118.798 E709.3795
G1 X142.195 Y118.798 E709.69015
G1 X142.196 Y85.712 E710.51548
G1 X142.751 Y85.712 E710.52932
G1 X142.95 Y85.712 E710.53429
G1 X142.95 Y85.911 E710.5375
G1 X142.949 Y119.298 E711.37034
G1 X106.249 Y119.297 E712.28583
G1 X106.05 Y119.297 E712.29079
G1 X106.05 Y119.098 E712.294
G1 X106.051 Y85.711 E713.12685
G1 X106.606 Y85.711 E713.14069
G1 X106.805 Y85.711 E713.14565
G1 X106.805 Y85.91 E713.14887
G1 X106.804 Y118.598 E713.96427
G1 X106.804 Y118.797 E713.96924
G1 X107.003 Y118.797 E713.97245
G1 X119.257 Y118.797 E714.27812
G1 F1500 E712.77812
G0 F9000 X119.327 Y118.867
G0 X106.776 Y118.825
G0 X106.705 Y118.371
G0 X107.229 Y118.372
;TYPE:WALL-OUTER
G1 F480 E714.34049
G1 F900 X107.404 Y118.372 E714.34431
G1 X118.832 Y118.372 E714.59375
G1 X118.832 Y117.648 E714.60955
G1 X130.167 Y117.648 E714.85696
G1 X130.167 Y118.373 E714.87278
G1 X141.77 Y118.373 E715.12604
G1 X141.771 Y85.288 E715.84818
G1 X143.2 Y85.286 E715.87938
G1 X143.375 Y85.286 E715.8832
G1 X143.375 Y85.461 E715.88567
G1 X143.374 Y119.723 E716.6335
G1 X105.8 Y119.722 E717.45363
G1 X105.625 Y119.722 E717.45745
G1 X105.625 Y119.547 E717.45992
G1 X105.626 Y85.46 E718.20394
G1 X105.626 Y85.285 E718.20776
G1 X105.801 Y85.285 E718.21023
G1 X107.23 Y85.287 E718.24142
G1 X107.229 Y118.197 E718.95974
G1 X107.229 Y118.372 E718.96222
G0 F9000 X107.404 Y118.372
G0 X107.429 Y118.372
G0 X107.429 Y118.757
G0 X107.429 Y118.898
G0 X119.285 Y118.825
G0 X119.657 Y118.323
;TIME_ELAPSED:1231.205815
;LAYER:26
G0 X119.657 Y118.323 Z4.21
;TYPE:WALL-INNER
G1 F1500 X129.342 Y118.323 E719.20381
G1 X129.342 Y118.699 E719.21319
G1 X129.342 Y118.898 E719.21815
G1 X129.143 Y118.898 E719.22136
G1 X119.657 Y118.897 E719.45799
G1 X119.657 Y118.535 E719.46702
G0 F1350 X119.657 Y118.323
G0 F9000 X119.257 Y117.923
G1 F480 E719.47231
G1 F1500 X129.742 Y117.923 E719.73386
G1 X129.742 Y118.798 E719.75569
G1 X142.195 Y118.798 E720.06633
G1 X142.196 Y89.401 E720.79964
G1 X142.049 Y89.274 E720.80449
G1 X142.024 Y89.252 E720.80532
G1 X142.048 Y89.231
G1 X142.196 Y89.103 E720.80848
G1 X142.196 Y85.759 E720.8919
G1 X142.751 Y85.759 E720.90574
G1 X142.95 Y85.759 E720.91071
G1 X142.95 Y85.958 E720.91392
G1 X142.949 Y119.298 E721.74559
G1 X106.249 Y119.297 E722.66107
G1 X106.05 Y119.297 E722.66604
G1 X106.05 Y119.098 E722.66925
G1 X106.051 Y85.957 E723.49595
G1 X106.051 Y85.758 E723.50092
G1 X106.25 Y85.758 E723.50413
G1 X106.805 Y85.759 E723.51797
G1 X106.805 Y89.102 E723.60137
G1 X106.953 Y89.231 E723.60626
G1 X106.976 Y89.251 E723.60702
G1 X106.953 Y89.271
G1 X106.805 Y89.4 E723.6102
G1 X106.804 Y118.598 E724.33855
G1 X106.804 Y118.797 E724.34351
G1 X107.003 Y118.797 E724.34672
G1 X119.257 Y118.797 E724.6524
G1 X119.257 Y118.246 E724.66615
G0 F1350 X119.257 Y117.923
G1 F1500 E723.16615
G0 F9000 X119.327 Y117.993
G0 X119.285 Y118.825
G0 X106.776 Y118.825
G0 X106.705 Y118.371
G0 X107.229 Y118.372
;TYPE:WALL-OUTER
G1 F480 E724.73657
G1 F900 X107.404 Y118.372 E724.74039
G1 X118.832 Y118.372 E724.98982
G1 X118.832 Y117.498 E725.0089
G1 X130.167 Y117.498 E725.25631
G1 X130.167 Y118.373 E725.27541
G1 X141.77 Y118.373 E725.52867
G1 X141.771 Y89.595 E726.1568
G1 X141.583 Y89.432 E726.16223
G1 X141.582 Y89.073 E726.17007
G1 X141.771 Y88.909 E726.17553
G1 X141.771 Y85.334 E726.25356
G1 X143.2 Y85.334 E726.28475
G1 X143.375 Y85.334 E726.28857
G1 X143.375 Y85.509 E726.29105
G1 X143.374 Y119.723 E727.03783
G1 X105.8 Y119.722 E727.85796
G1 X105.625 Y119.722 E727.86178
G1 X105.625 Y119.547 E727.86425
G1 X105.626 Y85.508 E728.60722
G1 X105.626 Y85.333 E728.61104
G1 X105.801 Y85.333 E728.61351
G1 X107.23 Y85.334 E728.6447
G1 X107.23 Y88.908 E728.72271
G1 X107.419 Y89.072 E728.72817
G1 X107.42 Y89.429 E728.73597
G1 X107.23 Y89.594 E728.74146
G1 X107.229 Y118.197 E729.36577
G1 X107.229 Y118.372 E729.36825
G0 F9000 X107.404 Y118.372
G0 X107.429 Y118.372
G0 X107.429 Y118.757
G0 X107.429 Y118.897
G0 X119.285 Y118.825
G0 X120.199 Y118.502
G0 X120.306 Y118.609
G1 F2400 X120.872 Y118.609 E729.37584
G1 X121.438 Y118.609 E729.38342
G1 X122.003 Y118.609 E729.391
G1 X122.569 Y118.609 E729.39859
G1 X123.135 Y118.609 E729.40618
G1 X123.7 Y118.609 E729.41375
G1 X124.266 Y118.609 E729.42134
G1 X124.832 Y118.609 E729.42893
G1 X125.397 Y118.609 E729.43651
G1 X125.963 Y118.609 E729.4441
G1 X126.529 Y118.609 E729.45168
G1 X127.094 Y118.609 E729.45926
G1 X127.66 Y118.609 E729.46685
G1 X128.226 Y118.609 E729.47444
G1 X128.791 Y118.609 E729.48201
G0 F9000 X128.899 Y118.717
G0 X119.657 Y118.396
;TIME_ELAPSED:1257.106650
;LAYER:27
G0 X119.657 Y118.396 Z4.36
;TYPE:WALL-INNER
G1 F1500 X119.657 Y118.197 E729.48698
G1 X119.856 Y118.197 E729.49019
G1 X129.342 Y118.198 E729.72682
G1 X129.342 Y118.699 E729.73932
G1 X129.342 Y118.898 E729.74428
G1 X129.143 Y118.898 E729.74749
G1 X119.657 Y118.897 E729.98412
G1 X119.657 Y118.581 E729.992
G0 F1350 X119.657 Y118.396
G0 F9000 X119.257 Y117.996
G1 F480 E729.99662
G1 F1500 X119.257 Y117.797 E730.00158
G1 X119.456 Y117.797 E730.00479
G1 X129.742 Y117.798 E730.26138
G1 X129.742 Y118.798 E730.28632
G1 X142.195 Y118.798 E730.59697
G1 X142.196 Y89.401 E731.33028
G1 X142.048 Y89.272 E731.33517
G1 X142.025 Y89.252 E731.33593
G1 X142.048 Y89.232
G1 X142.196 Y89.103 E731.33911
G1 X142.196 Y85.807 E731.42133
G1 X142.751 Y85.807 E731.43518
G1 X142.95 Y85.807 E731.44014
G1 X142.95 Y86.006 E731.44335
G1 X142.949 Y119.298 E732.27382
G1 X106.249 Y119.297 E733.18931
G1 X106.05 Y119.297 E733.19427
G1 X106.05 Y119.098 E733.19748
G1 X106.051 Y86.005 E734.02299
G1 X106.051 Y85.806 E734.02796
G1 X106.25 Y85.806 E734.03117
G1 X106.805 Y85.807 E734.04501
G1 X106.805 Y89.102 E734.12721
G1 X106.953 Y89.231 E734.1321
G1 X106.976 Y89.251 E734.13287
G1 X106.953 Y89.271
G1 X106.805 Y89.4 E734.13604
G1 X106.804 Y118.598 E734.86439
G1 X106.804 Y118.797 E734.86935
G1 X107.003 Y118.797 E734.87256
G1 X119.257 Y118.797 E735.17824
G1 X119.257 Y118.292 E735.19084
G0 F1350 X119.257 Y117.996
G1 F1500 E733.69084
G0 F9000 X119.357 Y117.996
G0 X119.285 Y118.825
G0 X106.776 Y118.825
G0 X106.705 Y118.371
G0 X107.229 Y118.372
;TYPE:WALL-OUTER
G1 F480 E735.26059
G1 F900 X118.832 Y118.372 E735.51384
G1 X118.832 Y117.547 E735.53185
G1 X118.832 Y117.372 E735.53567
G1 X119.007 Y117.372 E735.53814
G1 X130.167 Y117.373 E735.78173
G1 X130.167 Y118.373 E735.80356
G1 X141.77 Y118.373 E736.05682
G1 X141.771 Y90.526 E736.66463
G1 X141.717 Y90.441 E736.66683
G1 X141.771 Y90.386 E736.66851
G1 X141.771 Y89.595 E736.68578
G1 X141.567 Y89.418 E736.69167
G1 X141.54 Y89.394 E736.69246
G1 X141.54 Y89.11 E736.69866
G1 X141.567 Y89.086 E736.69945
G1 X141.771 Y88.909 E736.70534
G1 X141.771 Y88.119 E736.72259
G1 X141.716 Y88.063 E736.7243
G1 X141.771 Y87.978 E736.72651
G1 X141.771 Y85.382 E736.78317
G1 X143.2 Y85.382 E736.81436
G1 X143.375 Y85.382 E736.81818
G1 X143.375 Y85.557 E736.82066
G1 X143.374 Y119.723 E737.5664
G1 X105.8 Y119.722 E738.38652
G1 X105.625 Y119.722 E738.39034
G1 X105.625 Y119.547 E738.39281
G1 X105.626 Y85.556 E739.13473
G1 X105.626 Y85.381 E739.13855
G1 X105.801 Y85.381 E739.14103
G1 X107.23 Y85.382 E739.17222
G1 X107.23 Y87.975 E739.22881
G1 X107.285 Y88.061 E739.23104
G1 X107.23 Y88.116 E739.23274
G1 X107.23 Y88.908 E739.25003
G1 X107.434 Y89.085 E739.25592
G1 X107.461 Y89.109 E739.25671
G1 X107.461 Y89.393 E739.26291
G1 X107.434 Y89.417 E739.2637
G1 X107.23 Y89.594 E739.26959
G1 X107.23 Y90.384 E739.28684
G1 X107.285 Y90.44 E739.28855
G1 X107.229 Y90.527 E739.29081
G1 X107.229 Y116.47 E739.85706
G0 F810 X107.229 Y118.372
G0 F9000 X107.429 Y118.372
G0 X107.429 Y118.757
G0 X107.429 Y118.897
G0 X119.285 Y118.825
G0 X120.001 Y118.717
G0 X120.171 Y118.546
G1 F480 E739.89858
G1 F2400 X120.737 Y118.546 E739.91062
G1 X121.303 Y118.546 E739.92265
G1 X121.868 Y118.546 E739.93467
G1 X122.434 Y118.546 E739.9467
G1 X123 Y118.546 E739.95874
G1 X123.565 Y118.546 E739.97076
G1 X124.131 Y118.546 E739.98279
G1 X124.697 Y118.547 E739.99479
G1 X125.262 Y118.547 E740.00677
G1 X125.828 Y118.547 E740.01877
G1 X126.394 Y118.547 E740.03077
G1 X126.959 Y118.547 E740.04275
G1 X127.525 Y118.547 E740.05476
G1 X128.091 Y118.547 E740.06676
G1 X128.656 Y118.547 E740.07874
G1 X129.106 Y118.662 E740.08664
G0 F9000 X129.052 Y118.717
G0 X119.657 Y118.396
;TIME_ELAPSED:1283.116977
;LAYER:28
G0 X119.657 Y118.396 Z4.51
;TYPE:WALL-INNER
G1 F1500 X119.657 Y118.197 E740.09161
G1 X119.856 Y118.197 E740.09482
G1 X129.342 Y118.198 E740.33145
G1 X129.342 Y118.699 E740.34395
G1 X129.342 Y118.898 E740.34891
G1 X129.143 Y118.898 E740.35212
G1 X119.657 Y118.897 E740.58875
G1 X119.657 Y118.581 E740.59663
G0 F1350 X119.657 Y118.396
G0 F9000 X119.257 Y117.996
G1 F480 E740.60125
G1 F1500 X119.257 Y117.797 E740.60621
G1 X119.456 Y117.797 E740.60943
G1 X129.742 Y117.798 E740.86601
G1 X129.742 Y118.798 E740.89096
G1 X142.195 Y118.798 E741.2016
G1 X142.196 Y90.663 E741.90343
G1 X142.124 Y90.55 E741.90677
G1 X142.196 Y90.478 E741.90931
G1 X142.196 Y89.401 E741.93618
G1 X142.048 Y89.272 E741.94107
G1 X142.025 Y89.252 E741.94183
G1 X142.048 Y89.232
G1 X142.196 Y89.103 E741.94501
G1 X142.196 Y88.027 E741.97185
G1 X142.123 Y87.955 E741.97441
G1 X142.196 Y87.841 E741.97779
G1 X142.196 Y85.855 E742.02733
G1 X142.751 Y85.855 E742.04117
G1 X142.95 Y85.855 E742.04614
G1 X142.95 Y86.054 E742.04935
G1 X142.949 Y119.298 E742.87862
G1 X106.249 Y119.297 E743.79411
G1 X106.05 Y119.297 E743.79907
G1 X106.05 Y119.098 E743.80228
G1 X106.051 Y86.053 E744.62659
G1 X106.051 Y85.854 E744.63156
G1 X106.25 Y85.854 E744.63477
G1 X106.805 Y85.855 E744.64861
G1 X106.805 Y87.839 E744.69811
G1 X106.878 Y87.954 E744.7015
G1 X106.805 Y88.026 E744.70406
G1 X106.805 Y89.102 E744.7309
G1 X106.953 Y89.231 E744.7358
G1 X106.976 Y89.251 E744.73656
G1 X106.953 Y89.271
G1 X106.805 Y89.4 E744.73974
G1 X106.805 Y90.474 E744.76653
G1 X106.877 Y90.546 E744.76907
G1 X106.804 Y90.66 E744.77244
G1 X106.804 Y118.797 E745.47432
G1 X118.393 Y118.797 E745.76341
G0 F1350 X119.257 Y118.797
G0 X119.257 Y117.996
G1 F1500 E744.26341
G0 F9000 X119.357 Y117.996
G0 X119.285 Y118.825
G0 X106.776 Y118.825
G0 X106.704 Y118.372
G0 X107.229 Y118.372
;TYPE:WALL-OUTER
G1 F480 E745.86731
G1 F900 X118.832 Y118.372 E746.12057
G1 X118.832 Y117.547 E746.13858
G1 X118.832 Y117.372 E746.1424
G1 X119.007 Y117.372 E746.14487
G1 X130.167 Y117.373 E746.38846
G1 X130.167 Y118.373 E746.41028
G1 X141.77 Y118.373 E746.66354
G1 X141.771 Y90.787 E747.26566
G1 X141.581 Y90.49 E747.27336
G1 X141.771 Y90.301 E747.27921
G1 X141.771 Y89.595 E747.29461
G1 X141.567 Y89.418 E747.30051
G1 X141.54 Y89.394 E747.3013
G1 X141.54 Y89.11 E747.3075
G1 X141.567 Y89.086 E747.30829
G1 X141.771 Y88.909 E747.31418
G1 X141.771 Y88.204 E747.32957
G1 X141.581 Y88.015 E747.33542
G1 X141.771 Y87.717 E747.34313
G1 X141.771 Y85.43 E747.39305
G1 X143.2 Y85.43 E747.42424
G1 X143.375 Y85.43 E747.42806
G1 X143.375 Y85.605 E747.43053
G1 X143.374 Y119.723 E748.17523
G1 X105.8 Y119.722 E748.99535
G1 X105.625 Y119.722 E748.99917
G1 X105.625 Y119.547 E749.00164
G1 X105.626 Y85.604 E749.74252
G1 X105.626 Y85.429 E749.74634
G1 X105.801 Y85.429 E749.74881
G1 X107.23 Y85.43 E749.78
G1 X107.23 Y87.715 E749.82987
G1 X107.42 Y88.014 E749.83761
G1 X107.23 Y88.203 E749.84346
G1 X107.23 Y88.908 E749.85884
G1 X107.434 Y89.085 E749.86474
G1 X107.461 Y89.109 E749.86553
G1 X107.461 Y89.393 E749.87173
G1 X107.434 Y89.417 E749.87251
G1 X107.23 Y89.594 E749.87841
G1 X107.23 Y90.298 E749.89378
G1 X107.42 Y90.488 E749.89964
G1 X107.229 Y90.785 E749.90735
G1 X107.229 Y116.47 E750.46797
G0 F810 X107.229 Y118.372
G0 F9000 X107.429 Y118.372
G0 X107.429 Y118.757
G0 X107.429 Y118.897
G0 X119.285 Y118.825
G0 X120.074 Y118.377
G0 X120.244 Y118.547
G1 F480 E750.50949
G1 F2400 X120.81 Y118.547 E750.52149
G1 X121.375 Y118.547 E750.53347
G1 X121.941 Y118.547 E750.54547
G1 X122.507 Y118.547 E750.55747
G1 X123.072 Y118.547 E750.56945
G1 X123.638 Y118.547 E750.58145
G1 X124.204 Y118.547 E750.59345
G1 X124.77 Y118.547 E750.60542
G1 X125.335 Y118.547 E750.61736
G1 X125.901 Y118.547 E750.62933
G1 X126.467 Y118.547 E750.6413
G1 X127.032 Y118.547 E750.65324
G1 X127.598 Y118.547 E750.66521
G1 X128.164 Y118.547 E750.67717
G1 X128.729 Y118.547 E750.68912
G0 F9000 X128.899 Y118.717
G0 X119.285 Y118.825
G0 X106.776 Y118.825
G0 X106.451 Y87.903
;TIME_ELAPSED:1309.949854
;LAYER:29
G0 X106.451 Y87.903 Z4.66
;TYPE:WALL-INNER
G1 F1500 X106.451 Y87.851 E750.69041
G1 X106.451 Y87.771 E750.69241
G1 X106.502 Y87.851 E750.69281
G1 X106.451 Y87.903 E750.69327
G0 F9000 X106.805 Y88.114
G1 F1500 X106.805 Y89.102 E750.71791
G1 X106.953 Y89.231 E750.72281
G1 X106.976 Y89.251 E750.72357
G1 X106.953 Y89.271
G1 X106.805 Y89.4 E750.72675
G1 X106.805 Y90.388 E750.75139
G1 X107.012 Y90.596 E750.75871
G1 X106.804 Y90.921 E750.76834
G1 X106.804 Y118.797 E751.46371
G1 X119.257 Y118.797 E751.77435
G1 X119.257 Y117.996 E751.79433
G1 X119.257 Y117.797 E751.79929
G1 X119.456 Y117.797 E751.80251
G1 X129.742 Y117.798 E752.05909
G1 X129.742 Y118.798 E752.08404
G1 X142.195 Y118.798 E752.39468
G1 X142.196 Y90.921 E753.09007
G1 X141.988 Y90.597 E753.09968
G1 X142.196 Y90.389 E753.10701
G1 X142.196 Y89.401 E753.13166
G1 X142.048 Y89.272 E753.13656
G1 X142.025 Y89.252 E753.13732
G1 X142.048 Y89.232
G1 X142.196 Y89.103 E753.14049
G1 X142.196 Y88.115 E753.16514
G1 X141.988 Y87.906 E753.1725
G1 X142.196 Y87.574 E753.18227
G1 X142.196 Y85.903 E753.22395
G1 X142.751 Y85.903 E753.2378
G1 X142.95 Y85.903 E753.24276
G1 X142.95 Y86.102 E753.24597
G1 X142.949 Y119.298 E754.07405
G1 X106.249 Y119.297 E754.98954
G1 X106.05 Y119.297 E754.9945
G1 X106.05 Y119.098 E754.99771
G1 X106.051 Y86.101 E755.82082
G1 X106.051 Y85.902 E755.82579
G1 X106.25 Y85.902 E755.829
G1 X106.805 Y85.903 E755.84285
G1 X106.806 Y87.388 E755.87989
G0 F1350 X106.806 Y87.584
G0 X107.012 Y87.906
G0 X106.805 Y88.114
G0 F9000 X106.451 Y90.599
G1 F480 E755.90162
G1 F1500 X106.502 Y90.651 E755.90343
G1 X106.451 Y90.731 E755.9058
G1 X106.451 Y90.651 E755.90585
G1 X106.451 Y90.599
G0 F9000 X106.776 Y118.825
G0 X119.285 Y118.825
G0 X119.657 Y118.197
G1 F1500 X119.856 Y118.197 E755.91081
G1 X129.342 Y118.198 E756.14744
G1 X129.342 Y118.699 E756.15994
G1 X129.342 Y118.898 E756.1649
G1 X129.143 Y118.898 E756.16811
G1 X119.657 Y118.897 E756.40474
G1 X119.657 Y118.396 E756.41724
G1 X119.657 Y118.197 E756.42045
G0 F9000 X129.714 Y118.826
G0 X142.223 Y118.826
G0 X142.499 Y90.652
G1 F1500 X142.55 Y90.601 E756.42225
G1 X142.55 Y90.652
G1 X142.55 Y90.732 E756.42388
G1 X142.499 Y90.652 E756.42428
G0 F9000 X142.496 Y87.849
G1 F1500 X142.55 Y87.762 E756.42683
G1 X142.55 Y87.849 E756.42688
G1 X142.55 Y87.904 E756.42798
G1 X142.496 Y87.849 E756.42848
G1 F1500 E754.92848
G0 F9000 X142.223 Y118.826
G0 X106.776 Y118.825
G0 X106.704 Y118.372
G0 X107.229 Y118.372
;TYPE:WALL-OUTER
G1 F480 E756.49084
G1 F900 X118.832 Y118.372 E756.7441
G1 X118.832 Y117.547 E756.76211
G1 X118.832 Y117.372 E756.76593
G1 X119.007 Y117.372 E756.7684
G1 X130.167 Y117.373 E757.01199
G1 X130.167 Y118.373 E757.03382
G1 X141.77 Y118.373 E757.28708
G1 X141.771 Y91.046 E757.88354
G1 X141.539 Y90.685 E757.89291
G1 X141.54 Y90.445 E757.89815
G1 X141.771 Y90.213 E757.90529
G1 X141.771 Y89.595 E757.91878
G1 X141.567 Y89.418 E757.92468
G1 X141.54 Y89.394 E757.92546
G1 X141.54 Y89.11 E757.93166
G1 X141.567 Y89.086 E757.93245
G1 X141.771 Y88.909 E757.93835
G1 X141.771 Y88.291 E757.95184
G1 X141.54 Y88.059 E757.95898
G1 X141.54 Y87.82 E757.9642
G1 X141.771 Y87.452 E757.97368
G1 X141.771 Y85.478 E758.01677
G1 X143.2 Y85.478 E758.04796
G1 X143.375 Y85.478 E758.05178
G1 X143.375 Y85.653 E758.05425
G1 X143.374 Y119.723 E758.7979
G1 X105.8 Y119.722 E759.61802
G1 X105.625 Y119.722 E759.62184
G1 X105.625 Y119.547 E759.62431
G1 X105.626 Y85.652 E760.36414
G1 X105.626 Y85.477 E760.36796
G1 X105.801 Y85.477 E760.37043
G1 X107.23 Y85.478 E760.40162
G1 X107.231 Y87.459 E760.44486
G1 X107.461 Y87.818 E760.45417
G1 X107.461 Y88.058 E760.4594
G1 X107.23 Y88.29 E760.46655
G1 X107.23 Y88.908 E760.48004
G1 X107.434 Y89.085 E760.48593
G1 X107.461 Y89.109 E760.48672
G1 X107.461 Y89.393 E760.49292
G1 X107.434 Y89.417 E760.49371
G1 X107.23 Y89.594 E760.49961
G1 X107.23 Y90.212 E760.51309
G1 X107.461 Y90.444 E760.52024
G1 X107.461 Y90.684 E760.52548
G1 X107.229 Y91.046 E760.53486
G1 X107.229 Y116.47 E761.08979
G0 F810 X107.229 Y118.372
G0 F9000 X107.429 Y118.372
G0 X107.429 Y118.757
G0 X107.429 Y118.897
G0 X119.285 Y118.825
G0 X120.001 Y118.717
G0 X120.171 Y118.546
G1 F480 E761.13131
G1 F2400 X120.737 Y118.546 E761.14334
G1 X121.303 Y118.546 E761.15538
G1 X121.868 Y118.546 E761.1674
G1 X122.434 Y118.546 E761.17943
G1 X123 Y118.546 E761.19147
G1 X123.565 Y118.546 E761.20348
G1 X124.131 Y118.546 E761.21552
G1 X124.697 Y118.547 E761.22752
G1 X125.262 Y118.547 E761.2395
G1 X125.828 Y118.547 E761.2515
G1 X126.394 Y118.547 E761.2635
G1 X126.959 Y118.547 E761.27548
G1 X127.525 Y118.547 E761.28748
G1 X128.091 Y118.547 E761.29949
G1 X128.656 Y118.547 E761.31147
G1 X129.106 Y118.662 E761.31937
G0 F9000 X129.052 Y118.717
G0 X119.285 Y118.825
G0 X106.776 Y118.825
G0 X106.451 Y87.988
;TIME_ELAPSED:1339.443130
;LAYER:30
G0 X106.451 Y87.988 Z4.81
;TYPE:WALL-INNER
G1 F1500 X106.451 Y87.966 E761.31992
G1 X106.451 Y87.944 E761.32047
G1 X106.473 Y87.966 E761.32065
G1 X106.451 Y87.988 E761.32083
G0 F9000 X106.805 Y88.2
G1 F1500 X106.805 Y89.102 E761.34333
G1 X106.953 Y89.231 E761.34823
G1 X106.976 Y89.251 E761.34899
G1 X106.953 Y89.271
G1 X106.805 Y89.4 E761.35216
G1 X106.805 Y90.301 E761.37464
G1 X107.036 Y90.538 E761.3829
G1 X106.804 Y90.767 E761.39103
G1 X106.804 Y118.797 E762.09024
G1 X119.257 Y118.797 E762.40088
G1 X119.257 Y117.996 E762.42086
G1 X119.257 Y117.797 E762.42583
G1 X119.456 Y117.797 E762.42904
G1 X129.742 Y117.798 E762.68562
G1 X129.742 Y118.798 E762.71057
G1 X142.195 Y118.798 E763.02121
G1 X142.196 Y90.77 E763.72037
G1 X141.964 Y90.54 E763.72852
G1 X142.196 Y90.304 E763.73677
G1 X142.196 Y89.401 E763.7593
G1 X142.048 Y89.272 E763.7642
G1 X142.025 Y89.252 E763.76496
G1 X142.048 Y89.232
G1 X142.196 Y89.103 E763.76813
G1 X142.196 Y88.2 E763.79066
G1 X141.965 Y87.965 E763.79888
G1 X142.196 Y87.735 E763.80701
G1 X142.196 Y85.951 E763.85151
G1 X142.751 Y85.951 E763.86536
G1 X142.95 Y85.951 E763.87032
G1 X142.95 Y86.15 E763.87353
G1 X142.949 Y119.298 E764.70041
G1 X106.249 Y119.297 E765.6159
G1 X106.05 Y119.297 E765.62086
G1 X106.05 Y119.098 E765.62408
G1 X106.051 Y86.149 E766.44599
G1 X106.051 Y85.95 E766.45096
G1 X106.25 Y85.95 E766.45417
G1 X106.805 Y85.951 E766.46801
G1 X106.805 Y87.487 E766.50633
G0 F1350 X106.805 Y87.734
G0 X107.036 Y87.97
G0 X106.805 Y88.2
G0 F9000 X106.451 Y90.511
G1 F480 E766.52883
G1 F1500 X106.472 Y90.533 E766.52959
G1 X106.451 Y90.554 E766.53033
G1 X106.451 Y90.533
G1 X106.451 Y90.511
G0 F9000 X106.776 Y118.825
G0 X119.285 Y118.825
G0 X119.657 Y118.197
G1 F1500 X119.856 Y118.197 E766.53529
G1 X129.342 Y118.198 E766.77192
G1 X129.342 Y118.699 E766.78442
G1 X129.342 Y118.898 E766.78938
G1 X129.143 Y118.898 E766.79259
G1 X119.657 Y118.897 E767.02922
G1 X119.657 Y118.396 E767.04172
G1 X119.657 Y118.197 E767.04493
G0 F9000 X129.714 Y118.826
G0 X142.223 Y118.826
G0 X142.529 Y90.536
G1 F1500 X142.55 Y90.515 E767.04567
G1 X142.55 Y90.536
G1 X142.55 Y90.557
G1 X142.529 Y90.536 E767.04584
G0 F9000 X142.529 Y87.968
G1 F1500 X142.55 Y87.947 E767.04658
G1 X142.55 Y87.968
G1 X142.55 Y87.989
G1 X142.529 Y87.968 E767.04675
G1 F1500 E765.54675
G0 F9000 X142.223 Y118.826
G0 X106.776 Y118.825
G0 X106.704 Y118.372
G0 X107.229 Y118.372
;TYPE:WALL-OUTER
G1 F480 E767.10911
G1 F900 X118.832 Y118.372 E767.36237
G1 X118.832 Y117.547 E767.38038
G1 X118.832 Y117.372 E767.3842
G1 X119.007 Y117.372 E767.38667
G1 X130.167 Y117.373 E767.63026
G1 X130.167 Y118.373 E767.65209
G1 X141.77 Y118.373 E767.90535
G1 X141.771 Y90.947 E768.50397
G1 X141.539 Y90.717 E768.5111
G1 X141.54 Y90.357 E768.51896
G1 X141.771 Y90.127 E768.52608
G1 X141.771 Y89.595 E768.53769
G1 X141.567 Y89.418 E768.54358
G1 X141.54 Y89.394 E768.54437
G1 X141.54 Y89.11 E768.55057
G1 X141.567 Y89.086 E768.55136
G1 X141.771 Y88.909 E768.55725
G1 X141.771 Y88.377 E768.56887
G1 X141.54 Y88.147 E768.57598
G1 X141.54 Y87.788 E768.58382
G1 X141.771 Y87.558 E768.59093
G1 X141.771 Y85.526 E768.63528
G1 X143.2 Y85.526 E768.66647
G1 X143.375 Y85.526 E768.67029
G1 X143.375 Y85.701 E768.67277
G1 X143.374 Y119.723 E769.41536
G1 X105.8 Y119.722 E770.23549
G1 X105.625 Y119.722 E770.23931
G1 X105.625 Y119.547 E770.24178
G1 X105.626 Y85.7 E770.98056
G1 X105.626 Y85.525 E770.98438
G1 X105.801 Y85.525 E770.98685
G1 X107.23 Y85.526 E771.01804
G1 X107.23 Y87.557 E771.06237
G1 X107.461 Y87.787 E771.06949
G1 X107.461 Y88.147 E771.07734
G1 X107.23 Y88.377 E771.08446
G1 X107.23 Y88.908 E771.09605
G1 X107.434 Y89.085 E771.10194
G1 X107.461 Y89.109 E771.10273
G1 X107.461 Y89.393 E771.10893
G1 X107.434 Y89.417 E771.10972
G1 X107.23 Y89.594 E771.11562
G1 X107.23 Y90.125 E771.12721
G1 X107.461 Y90.357 E771.13435
G1 X107.461 Y90.716 E771.14219
G1 X107.229 Y90.945 E771.1493
G1 X107.229 Y116.47 E771.70644
G0 F810 X107.229 Y118.372
G0 F9000 X107.429 Y118.372
G0 X107.429 Y118.757
G0 X107.429 Y118.897
G0 X119.285 Y118.825
G0 X120.074 Y118.377
G0 X120.244 Y118.547
G1 F480 E771.74795
G1 F2400 X120.81 Y118.547 E771.75995
G1 X121.375 Y118.547 E771.77193
G1 X121.941 Y118.547 E771.78393
G1 X122.507 Y118.547 E771.79593
G1 X123.072 Y118.547 E771.80791
G1 X123.638 Y118.547 E771.81991
G1 X124.204 Y118.547 E771.83192
G1 X124.77 Y118.547 E771.84388
G1 X125.335 Y118.547 E771.85583
G1 X125.901 Y118.547 E771.86779
G1 X126.467 Y118.547 E771.87976
G1 X127.032 Y118.547 E771.8917
G1 X127.598 Y118.547 E771.90367
G1 X128.164 Y118.547 E771.91563
G1 X128.729 Y118.547 E771.92758
G0 F9000 X128.899 Y118.717
G0 X119.285 Y118.825
G0 X106.776 Y118.825
G0 X106.451 Y88.074
;TIME_ELAPSED:1368.919530
;LAYER:31
G0 X106.451 Y88.074 Z4.96
;TYPE:WALL-INNER
G1 F1500 X106.451 Y88.053 E771.9281
G1 X106.451 Y88.032 E771.92863
G1 X106.472 Y88.053 E771.9288
G1 X106.451 Y88.074 E771.92896
G0 F9000 X106.805 Y88.286
G1 F1500 X106.805 Y89.102 E771.94932
G1 X106.953 Y89.231 E771.95422
G1 X106.976 Y89.251 E771.95498
G1 X106.953 Y89.271
G1 X106.805 Y89.4 E771.95815
G1 X106.805 Y90.215 E771.97848
G1 X107.036 Y90.451 E771.98672
G1 X106.804 Y90.68 E771.99485
G1 X106.804 Y118.797 E772.69624
G1 X142.195 Y118.798 E773.57907
G1 X142.196 Y90.684 E774.28037
G1 X141.964 Y90.454 E774.28852
G1 X142.196 Y90.217 E774.2968
G1 X142.196 Y89.401 E774.31715
G1 X142.048 Y89.272 E774.32205
G1 X142.025 Y89.252 E774.32281
G1 X142.048 Y89.232
G1 X142.196 Y89.103 E774.32599
G1 X142.196 Y88.288 E774.34632
G1 X141.965 Y88.052 E774.35455
G1 X142.196 Y87.822 E774.36269
G1 X142.196 Y85.999 E774.40816
G1 X142.751 Y85.999 E774.42201
G1 X142.95 Y85.999 E774.42697
G1 X142.95 Y86.198 E774.43018
G1 X142.949 Y119.298 E775.25586
G1 X106.249 Y119.297 E776.17135
G1 X106.05 Y119.297 E776.17631
G1 X106.05 Y119.098 E776.17952
G1 X106.051 Y86.197 E777.00024
G1 X106.051 Y85.998 E777.00521
G1 X106.25 Y85.998 E777.00842
G1 X106.805 Y85.999 E777.02226
G1 X106.805 Y87.559 E777.06118
G0 F1350 X106.805 Y87.821
G0 X107.036 Y88.056
G0 X106.805 Y88.286
G0 F9000 X106.451 Y90.425
G1 F480 E777.08403
G1 F1500 X106.472 Y90.446 E777.08477
G1 X106.451 Y90.467 E777.08551
G1 X106.451 Y90.446
G1 X106.451 Y90.425
G0 F9000 X106.776 Y118.825
G0 X142.223 Y118.826
G0 X142.528 Y90.45
G1 F1500 X142.55 Y90.427 E777.0863
G1 X142.55 Y90.45
G1 X142.55 Y90.471
G1 X142.528 Y90.45 E777.08648
G0 F9000 X142.528 Y88.056
G1 F1500 X142.55 Y88.034 E777.08726
G1 X142.55 Y88.056
G1 X142.55 Y88.078
G1 X142.528 Y88.056 E777.08744
G1 F1500 E775.58744
G0 F9000 X142.223 Y118.826
G0 X106.776 Y118.825
G0 X106.704 Y118.372
G0 X107.229 Y118.372
;TYPE:WALL-OUTER
G1 F480 E777.1498
G1 F900 X141.77 Y118.373 E777.90373
G1 X141.771 Y90.861 E778.50423
G1 X141.539 Y90.63 E778.51138
G1 X141.54 Y90.27 E778.51923
G1 X141.771 Y90.04 E778.52635
G1 X141.771 Y89.595 E778.53606
G1 X141.567 Y89.418 E778.54196
G1 X141.54 Y89.394 E778.54275
G1 X141.54 Y89.11 E778.54894
G1 X141.567 Y89.086 E778.54973
G1 X141.771 Y88.909 E778.55563
G1 X141.771 Y88.464 E778.56534
G1 X141.54 Y88.232 E778.57249
G1 X141.54 Y87.875 E778.58028
G1 X141.771 Y87.645 E778.58739
G1 X141.771 Y85.574 E778.6326
G1 X143.2 Y85.574 E778.66379
G1 X143.375 Y85.574 E778.66761
G1 X143.375 Y85.749 E778.67008
G1 X143.374 Y119.723 E779.41163
G1 X105.8 Y119.722 E780.23176
G1 X105.625 Y119.722 E780.23558
G1 X105.625 Y119.547 E780.23805
G1 X105.626 Y85.748 E780.97578
G1 X105.626 Y85.573 E780.9796
G1 X105.801 Y85.573 E780.98207
G1 X107.23 Y85.574 E781.01326
G1 X107.23 Y87.644 E781.05844
G1 X107.461 Y87.874 E781.06556
G1 X107.461 Y88.233 E781.07339
G1 X107.23 Y88.463 E781.08051
G1 X107.23 Y88.908 E781.09022
G1 X107.434 Y89.085 E781.09612
G1 X107.461 Y89.109 E781.0969
G1 X107.461 Y89.393 E781.1031
G1 X107.434 Y89.417 E781.10389
G1 X107.23 Y89.594 E781.10979
G1 X107.23 Y90.039 E781.1195
G1 X107.461 Y90.271 E781.12665
G1 X107.461 Y90.629 E781.13446
G1 X107.229 Y90.858 E781.14157
G1 X107.229 Y116.47 E781.70061
G0 F810 X107.229 Y118.372
G0 F9000 X107.429 Y118.372
G0 X107.429 Y118.757
G0 X107.428 Y118.898
G0 X106.776 Y118.825
G0 X106.451 Y88.161
;TIME_ELAPSED:1395.791568
;LAYER:32
G0 X106.451 Y88.161 Z5.11
;TYPE:WALL-INNER
G1 F480 E781.74212
G1 F500 X106.451 Y88.139 E781.74267
G1 X106.451 Y88.117 E781.74322
G1 X106.473 Y88.139 E781.7434
G1 X106.451 Y88.161 E781.74358
G0 F9000 X106.805 Y88.373
G1 F500 X106.805 Y89.102 E781.76176
G1 X106.953 Y89.231 E781.76666
G1 X106.976 Y89.251 E781.76742
G1 X106.953 Y89.271
G1 X106.805 Y89.4 E781.7706
G1 X106.805 Y90.128 E781.78876
G1 X107.036 Y90.365 E781.79701
G1 X106.804 Y90.595 E781.80516
G1 X106.804 Y96.127 E781.94316
G1 X106.804 Y96.326 E781.94812
G1 X106.605 Y96.326 E781.95134
G1 X106.051 Y96.325 E781.96516
G1 X106.051 Y86.245 E782.2166
G1 X106.051 Y86.046 E782.22157
G1 X106.25 Y86.046 E782.22478
G1 X106.805 Y86.047 E782.23862
G1 X106.805 Y87.632 E782.27816
G0 F450 X106.805 Y87.907
G0 X107.036 Y88.143
G0 X106.805 Y88.373
G0 F9000 X106.451 Y90.338
G1 F480 E782.30136
G1 F500 X106.473 Y90.36 E782.30214
G1 X106.451 Y90.381 E782.30289
G1 X106.451 Y90.36
G1 X106.451 Y90.338
G1 F1500 E780.80289
G0 F9000 X106.121 Y96.255
G0 X105.626 Y96.75
;TYPE:WALL-OUTER
G1 F480 E782.36526
G1 F300 X105.626 Y85.796 E782.60435
G1 X105.626 Y85.621 E782.60817
G1 X105.801 Y85.621 E782.61064
G1 X107.23 Y85.622 E782.64183
G1 X107.23 Y87.73 E782.68784
G1 X107.461 Y87.96 E782.69496
G1 X107.461 Y88.32 E782.70282
G1 X107.23 Y88.55 E782.70993
G1 X107.23 Y88.908 E782.71774
G1 X107.434 Y89.085 E782.72364
G1 X107.461 Y89.109 E782.72443
G1 X107.461 Y89.393 E782.73063
G1 X107.434 Y89.417 E782.73142
G1 X107.23 Y89.594 E782.73731
G1 X107.23 Y89.952 E782.74512
G1 X107.461 Y90.184 E782.75227
G1 X107.461 Y90.542 E782.76008
G1 X107.229 Y90.772 E782.76722
G1 X107.229 Y96.576 E782.8939
G1 X107.229 Y96.751 E782.89772
G1 X107.054 Y96.751 E782.90019
G1 X105.626 Y96.75 E782.93136
G0 F9000 X105.626 Y96.55
G0 X106.011 Y96.366
G0 X106.334 Y95.926
G1 F1500 E781.43136
G1 F900 Z6.11
G0 F9000 X106.404 Y95.926 Z6.11
G0 X142.55 Y88.162
;TYPE:WALL-INNER
G1 F900 Z5.11
G1 F480 E782.99372
G1 F500 X142.529 Y88.141 E782.99446
G1 X142.55 Y88.12 E782.9952
G1 X142.55 Y88.141
G1 X142.55 Y88.162
G0 F9000 X142.196 Y88.373
G1 F500 X141.965 Y88.138 E783.00342
G1 X142.196 Y87.908 E783.01156
G1 X142.196 Y86.047 E783.05798
G1 X142.95 Y86.047 E783.07679
G1 X142.95 Y96.128 E783.32826
G1 X142.95 Y96.327 E783.33322
G1 X142.751 Y96.327 E783.33643
G1 X142.196 Y96.326 E783.35028
G1 X142.196 Y90.597 E783.49319
G1 X141.964 Y90.367 E783.50134
G1 X142.196 Y90.131 E783.50959
G1 X142.196 Y89.401 E783.5278
G1 X142.048 Y89.272 E783.5327
G1 X142.025 Y89.252 E783.53346
G1 X142.048 Y89.232
G1 X142.196 Y89.103 E783.53664
G1 X142.196 Y88.373 E783.55485
G0 F9000 X142.55 Y90.342
G1 F500 X142.55 Y90.363 E783.55537
G1 X142.55 Y90.384 E783.5559
G1 X142.529 Y90.363 E783.55607
G1 X142.55 Y90.342 E783.55623
G1 F1500 E782.05623
G0 F9000 X142.266 Y96.256
G0 X141.771 Y96.751
;TYPE:WALL-OUTER
G1 F480 E783.6186
G1 F300 X141.771 Y90.774 E783.74906
G1 X141.539 Y90.543 E783.7562
G1 X141.54 Y90.184 E783.76404
G1 X141.771 Y89.954 E783.77115
G1 X141.771 Y89.595 E783.77899
G1 X141.567 Y89.418 E783.78488
G1 X141.54 Y89.394 E783.78567
G1 X141.54 Y89.11 E783.79187
G1 X141.567 Y89.086 E783.79266
G1 X141.771 Y88.909 E783.79856
G1 X141.771 Y88.55 E783.80639
G1 X141.54 Y88.32 E783.81351
G1 X141.54 Y87.961 E783.82134
G1 X141.771 Y87.731 E783.82846
G1 X141.771 Y85.622 E783.87449
G1 X143.375 Y85.622 E783.9095
G1 X143.375 Y96.577 E784.14862
G1 X143.375 Y96.752 E784.15243
G1 X143.2 Y96.752 E784.15491
G1 X141.771 Y96.751 E784.1861
G0 F9000 X141.771 Y96.551
G0 X142.156 Y96.367
G0 X142.479 Y95.927
G1 F1500 E782.6861
G1 F900 Z6.11
G0 F9000 X142.55 Y95.927 Z6.11
G0 X106.451 Y88.25
;TIME_ELAPSED:1415.256392
;LAYER:33
G0 X106.451 Y88.25 Z6.26
;TYPE:WALL-INNER
G1 F900 Z5.26
G1 F480 E784.24846
G1 F500 X106.451 Y88.228 E784.24901
G1 X106.451 Y88.208 E784.24951
G1 X106.472 Y88.228 E784.24968
G1 X106.451 Y88.25 E784.24985
G0 F9000 X106.805 Y88.46
G1 F500 X106.805 Y89.102 E784.26587
G1 X106.953 Y89.231 E784.27076
G1 X106.976 Y89.251 E784.27153
G1 X106.953 Y89.271
G1 X106.805 Y89.4 E784.2747
G1 X106.805 Y90.038 E784.29062
G1 X107.036 Y90.278 E784.29893
G1 X106.804 Y90.507 E784.30706
G1 X106.804 Y95.977 E784.44351
G1 X106.804 Y96.176 E784.44847
G1 X106.605 Y96.176 E784.45168
G1 X106.051 Y96.175 E784.4655
G1 X106.051 Y86.293 E784.71201
G1 X106.051 Y86.094 E784.71697
G1 X106.25 Y86.094 E784.72019
G1 X106.805 Y86.095 E784.73403
G1 X106.805 Y87.705 E784.77419
G0 F450 X106.805 Y87.995
G0 X107.036 Y88.224
G0 X106.805 Y88.46
G0 F9000 X106.451 Y90.247
G1 F480 E784.79777
G1 F500 X106.474 Y90.271 E784.7986
G1 X106.451 Y90.294 E784.79941
G1 X106.451 Y90.271
G1 X106.451 Y90.247
G1 F1500 E783.29941
G0 F9000 X106.121 Y96.105
G0 X105.626 Y96.6
;TYPE:WALL-OUTER
G1 F480 E784.86177
G1 F300 X105.626 Y85.844 E785.09654
G1 X105.626 Y85.669 E785.10036
G1 X105.801 Y85.669 E785.10283
G1 X107.23 Y85.67 E785.13402
G1 X107.23 Y86.898 E785.16083
G1 X107.247 Y86.914 E785.16134
G1 X107.23 Y86.943 E785.16207
G1 X107.23 Y87.818 E785.18117
G1 X107.461 Y88.047 E785.18827
G1 X107.461 Y88.407 E785.19613
G1 X107.259 Y88.608 E785.20235
G1 X107.23 Y88.637 E785.20324
G1 X107.23 Y88.908 E785.20916
G1 X107.261 Y88.935 E785.21005
G1 X107.434 Y89.085 E785.21505
G1 X107.461 Y89.109 E785.21584
G1 X107.461 Y89.393 E785.22204
G1 X107.434 Y89.417 E785.22283
G1 X107.261 Y89.567 E785.22782
G1 X107.23 Y89.594 E785.22872
G1 X107.23 Y89.864 E785.23461
G1 X107.259 Y89.893 E785.23551
G1 X107.461 Y90.098 E785.24179
G1 X107.461 Y90.456 E785.24961
G1 X107.229 Y90.685 E785.25672
G1 X107.229 Y91.559 E785.2758
G1 X107.245 Y91.588 E785.27652
G1 X107.229 Y91.603 E785.277
G1 X107.229 Y96.426 E785.38227
G1 X107.229 Y96.601 E785.38609
G1 X107.054 Y96.601 E785.38856
G1 X105.626 Y96.6 E785.41973
G0 F9000 X105.626 Y96.4
G0 X106.011 Y96.216
G0 X106.334 Y95.776
G1 F1500 E783.91973
G1 F900 Z6.26
G0 F9000 X106.404 Y95.776 Z6.26
G0 X142.55 Y88.249
;TYPE:WALL-INNER
G1 F900 Z5.26
G1 F480 E785.48209
G1 F500 X142.529 Y88.228 E785.48283
G1 X142.55 Y88.207 E785.48358
G1 X142.55 Y88.228
G1 X142.55 Y88.249
G0 F9000 X142.196 Y88.46
G1 F500 X141.965 Y88.225 E785.4918
G1 X142.196 Y87.995 E785.49993
G1 X142.196 Y86.095 E785.54732
G1 X142.95 Y86.095 E785.56613
G1 X142.95 Y95.978 E785.81266
G1 X142.95 Y96.177 E785.81763
G1 X142.751 Y96.177 E785.82084
G1 X142.196 Y96.176 E785.83468
G1 X142.196 Y90.51 E785.97602
G1 X141.964 Y90.28 E785.98417
G1 X142.196 Y90.044 E785.99243
G1 X142.196 Y89.401 E786.00847
G1 X142.048 Y89.272 E786.01337
G1 X142.025 Y89.252 E786.01413
G1 X142.048 Y89.232
G1 X142.196 Y89.103 E786.0173
G1 X142.196 Y88.46 E786.03334
G0 F9000 X142.55 Y90.255
G1 F500 X142.55 Y90.276 E786.03387
G1 X142.55 Y90.297 E786.03439
G1 X142.529 Y90.276 E786.03456
G1 X142.55 Y90.255 E786.03473
G1 F1500 E784.53473
G0 F9000 X142.266 Y96.106
G0 X141.771 Y96.601
;TYPE:WALL-OUTER
G1 F480 E786.09709
G1 F300 X141.771 Y91.606 E786.20612
G1 X141.754 Y91.59 E786.20663
G1 X141.771 Y91.561 E786.20736
G1 X141.771 Y90.687 E786.22644
G1 X141.539 Y90.457 E786.23357
G1 X141.54 Y90.097 E786.24142
G1 X141.742 Y89.896 E786.24764
G1 X141.771 Y89.867 E786.24854
G1 X141.771 Y89.595 E786.25448
G1 X141.741 Y89.569 E786.25534
G1 X141.567 Y89.418 E786.26037
G1 X141.54 Y89.394 E786.26116
G1 X141.54 Y89.11 E786.26736
G1 X141.567 Y89.086 E786.26815
G1 X141.741 Y88.935 E786.27318
G1 X141.771 Y88.909 E786.27404
G1 X141.771 Y88.637 E786.27998
G1 X141.742 Y88.608 E786.28087
G1 X141.54 Y88.407 E786.28709
G1 X141.54 Y88.048 E786.29493
G1 X141.771 Y87.818 E786.30205
G1 X141.771 Y86.945 E786.3211
G1 X141.755 Y86.916 E786.32182
G1 X141.771 Y86.901 E786.3223
G1 X141.771 Y85.67 E786.34917
G1 X143.375 Y85.67 E786.38418
G1 X143.375 Y96.427 E786.61897
G1 X143.375 Y96.602 E786.62279
G1 X143.2 Y96.602 E786.62527
G1 X141.771 Y96.601 E786.65646
G0 F9000 X141.771 Y96.401
G0 X142.156 Y96.217
G0 X142.479 Y95.777
G1 F1500 E785.15646
G1 F900 Z6.26
G0 F9000 X142.55 Y95.777 Z6.26
G0 X106.451 Y88.334
;TIME_ELAPSED:1434.656565
;LAYER:34
G0 X106.451 Y88.334 Z6.41
;TYPE:WALL-INNER
G1 F900 Z5.41
G1 F480 E786.71882
G1 F500 X106.451 Y88.313 E786.71934
G1 X106.451 Y88.292 E786.71987
G1 X106.472 Y88.313 E786.72004
G1 X106.451 Y88.334 E786.7202
G0 F9000 X106.805 Y88.546
G1 F500 X106.805 Y89.102 E786.73407
G1 X106.953 Y89.231 E786.73897
G1 X106.976 Y89.251 E786.73973
G1 X106.953 Y89.271
G1 X106.805 Y89.4 E786.74291
G1 X106.805 Y89.955 E786.75675
G1 X107.036 Y90.192 E786.76501
G1 X106.804 Y90.422 E786.77316
G1 X106.804 Y91.413 E786.79788
G1 X106.837 Y91.47 E786.79952
G1 X106.804 Y91.5 E786.80063
G1 X106.804 Y95.827 E786.90857
G1 X106.804 Y96.026 E786.91354
G1 X106.605 Y96.026 E786.91675
G1 X106.051 Y96.025 E786.93057
G1 X106.051 Y86.341 E787.17214
G1 X106.051 Y86.142 E787.1771
G1 X106.25 Y86.142 E787.18031
G1 X106.805 Y86.143 E787.19416
G1 X106.805 Y87.001 E787.21556
G1 X106.838 Y87.031 E787.21667
G1 X106.805 Y87.089 E787.21834
G1 X106.805 Y87.768 E787.23527
G0 F450 X106.805 Y88.081
G0 X107.036 Y88.316
G0 X106.805 Y88.546
G0 F9000 X106.451 Y90.165
G1 F480 E787.2594
G1 F500 X106.473 Y90.187 E787.26017
G1 X106.451 Y90.208 E787.26093
G1 X106.451 Y90.187
G1 X106.451 Y90.165
G1 F1500 E785.76093
G0 F9000 X106.121 Y95.955
G0 X105.626 Y96.45
;TYPE:WALL-OUTER
G1 F480 E787.32329
G1 F300 X105.626 Y85.892 E787.55374
G1 X105.626 Y85.717 E787.55756
G1 X105.801 Y85.717 E787.56003
G1 X107.23 Y85.718 E787.59122
G1 X107.23 Y86.812 E787.6151
G1 X107.378 Y86.946 E787.61946
G1 X107.23 Y87.203 E787.62593
G1 X107.23 Y87.904 E787.64123
G1 X107.461 Y88.134 E787.64835
G1 X107.461 Y88.493 E787.65619
G1 X107.292 Y88.661 E787.66139
G1 X107.23 Y88.723 E787.6633
G1 X107.23 Y88.908 E787.66734
G1 X107.296 Y88.965 E787.66924
G1 X107.461 Y89.109 E787.67402
G1 X107.461 Y89.393 E787.68022
G1 X107.296 Y89.537 E787.685
G1 X107.23 Y89.594 E787.6869
G1 X107.23 Y89.779 E787.69094
G1 X107.292 Y89.841 E787.69286
G1 X107.461 Y90.011 E787.69809
G1 X107.461 Y90.369 E787.7059
G1 X107.229 Y90.599 E787.71303
G1 X107.229 Y91.299 E787.72831
G1 X107.377 Y91.556 E787.73479
G1 X107.229 Y91.689 E787.73913
G1 X107.229 Y96.276 E787.83925
G1 X107.229 Y96.451 E787.84307
G1 X107.054 Y96.451 E787.84554
G1 X105.626 Y96.45 E787.87671
G0 F9000 X105.626 Y96.25
G0 X106.011 Y96.066
G0 X106.334 Y95.626
G1 F1500 E786.37671
G1 F900 Z6.41
G0 F9000 X106.404 Y95.626 Z6.41
G0 X142.55 Y88.337
;TYPE:WALL-INNER
G1 F900 Z5.41
G1 F480 E787.93907
G1 F500 X142.529 Y88.315 E787.93983
G1 X142.55 Y88.295 E787.94055
G1 X142.55 Y88.315
G1 X142.55 Y88.337
G0 F9000 X142.196 Y88.547
G1 F500 X141.965 Y88.311 E787.94879
G1 X142.196 Y88.082 E787.95691
G1 X142.196 Y87.091 E787.98163
G1 X142.163 Y87.034 E787.98327
G1 X142.196 Y87.004 E787.98438
G1 X142.196 Y86.143 E788.00586
G1 X142.95 Y86.143 E788.02467
G1 X142.95 Y95.828 E788.26626
G1 X142.95 Y96.027 E788.27123
G1 X142.751 Y96.027 E788.27444
G1 X142.196 Y96.026 E788.28828
G1 X142.196 Y91.502 E788.40113
G1 X142.164 Y91.473 E788.40221
G1 X142.196 Y91.417 E788.40382
G1 X142.196 Y90.423 E788.42862
G1 X141.965 Y90.187 E788.43685
G1 X142.196 Y89.957 E788.44498
G1 X142.196 Y89.401 E788.45885
G1 X142.048 Y89.272 E788.46375
G1 X142.025 Y89.252 E788.46451
G1 X142.048 Y89.232
G1 X142.196 Y89.103 E788.46769
G1 X142.196 Y88.547 E788.48156
G0 F9000 X142.55 Y90.169
G1 F500 X142.55 Y90.191 E788.48211
G1 X142.55 Y90.213 E788.48266
G1 X142.528 Y90.191 E788.48284
G1 X142.55 Y90.169 E788.48302
G1 F1500 E786.98302
G0 F9000 X142.266 Y95.956
G0 X141.771 Y96.451
;TYPE:WALL-OUTER
G1 F480 E788.54538
G1 F300 X141.771 Y91.691 E788.64927
G1 X141.623 Y91.558 E788.65362
G1 X141.771 Y91.303 E788.66005
G1 X141.771 Y90.6 E788.6754
G1 X141.54 Y90.37 E788.68251
G1 X141.54 Y90.01 E788.69037
G1 X141.709 Y89.842 E788.69557
G1 X141.771 Y89.78 E788.69748
G1 X141.771 Y89.595 E788.70152
G1 X141.705 Y89.538 E788.70343
G1 X141.567 Y89.418 E788.70742
G1 X141.54 Y89.394 E788.70821
G1 X141.54 Y89.11 E788.71441
G1 X141.567 Y89.086 E788.71519
G1 X141.705 Y88.966 E788.71919
G1 X141.771 Y88.909 E788.72109
G1 X141.771 Y88.724 E788.72513
G1 X141.709 Y88.662 E788.72704
G1 X141.54 Y88.494 E788.73224
G1 X141.54 Y88.134 E788.7401
G1 X141.771 Y87.905 E788.7472
G1 X141.771 Y87.204 E788.7625
G1 X141.624 Y86.948 E788.76894
G1 X141.771 Y86.815 E788.77327
G1 X141.771 Y85.718 E788.79721
G1 X143.375 Y85.718 E788.83223
G1 X143.375 Y96.277 E789.0627
G1 X143.375 Y96.452 E789.06652
G1 X143.2 Y96.452 E789.06899
G1 X141.771 Y96.451 E789.10018
G0 F9000 X141.771 Y96.251
G0 X142.156 Y96.067
G0 X142.479 Y95.627
G1 F1500 E787.60018
G1 F900 Z6.41
G0 F9000 X142.55 Y95.627 Z6.41
G0 X106.451 Y87.162
;TIME_ELAPSED:1453.880638
;LAYER:35
G0 X106.451 Y87.162 Z6.56
;TYPE:WALL-INNER
G1 F900 Z5.56
G1 F480 E789.16254
G1 F500 X106.451 Y87.135 E789.16321
G1 X106.461 Y87.144
G1 X106.451 Y87.162
G0 F9000 X106.805 Y87.349
G1 F500 X106.805 Y88.168 E789.18364
G1 X107.036 Y88.402 E789.19185
G1 X106.703 Y88.734 E789.20358
G1 X106.551 Y88.885 E789.20892
G1 X106.713 Y89.025 E789.2123
G1 X106.801 Y89.101 E789.2152
G1 X106.975 Y89.251 E789.22093
G1 X106.801 Y89.401 E789.22449
G1 X106.712 Y89.478 E789.22742
G1 X106.551 Y89.617 E789.23273
G1 X106.701 Y89.768 E789.23609
G1 X107.036 Y90.105 E789.24795
G1 X106.804 Y90.335 E789.25609
G1 X106.804 Y91.154 E789.27652
G1 X106.969 Y91.439 E789.28474
G1 X106.804 Y91.586 E789.29025
G1 X106.804 Y95.677 E789.3923
G1 X106.804 Y95.876 E789.39727
G1 X106.605 Y95.876 E789.40048
G1 X106.051 Y95.875 E789.4143
G1 X106.051 Y86.389 E789.65093
G1 X106.051 Y86.19 E789.65589
G1 X106.25 Y86.19 E789.6591
G1 X106.805 Y86.191 E789.67295
G1 X106.805 Y86.915 E789.69101
G1 X106.865 Y86.969 E789.69302
G0 F450 X106.97 Y87.063
G0 X106.805 Y87.349
G0 F9000 X106.451 Y88.379
G1 F480 E789.70477
G1 F500 X106.472 Y88.4 E789.70551
G1 X106.451 Y88.42 E789.70623
G1 X106.451 Y88.4
G1 X106.451 Y88.379
G0 F9000 X106.451 Y90.084
G1 F500 X106.47 Y90.103 E789.7069
G1 X106.451 Y90.121 E789.70756
G1 X106.451 Y90.103
G1 X106.451 Y90.084
G0 F9000 X106.451 Y91.342
G1 F500 X106.46 Y91.357 E789.70799
G1 X106.451 Y91.365 E789.70829
G1 X106.451 Y91.342 E789.70839
G1 F1500 E788.20839
G0 F9000 X106.121 Y95.805
G0 X105.626 Y96.3
;TYPE:WALL-OUTER
G1 F480 E789.77075
G1 F300 X105.626 Y85.94 E789.99688
G1 X105.626 Y85.765 E790.0007
G1 X105.801 Y85.765 E790.00317
G1 X107.23 Y85.766 E790.03436
G1 X107.23 Y86.726 E790.05531
G1 X107.461 Y86.934 E790.0621
G1 X107.461 Y87.062 E790.06489
G1 X107.23 Y87.463 E790.07499
G1 X107.23 Y87.991 E790.08652
G1 X107.461 Y88.221 E790.09363
G1 X107.461 Y88.579 E790.10145
G1 X107.309 Y88.731 E790.10614
G1 X107.176 Y88.863 E790.11023
G1 X107.318 Y88.986 E790.11282
G1 X107.433 Y89.085 E790.11613
G1 X107.461 Y89.109 E790.11694
G1 X107.461 Y89.393 E790.12314
G1 X107.433 Y89.417 E790.12394
G1 X107.318 Y89.516 E790.12725
G1 X107.176 Y89.639 E790.13136
G1 X107.309 Y89.771 E790.13394
G1 X107.461 Y89.923 E790.13863
G1 X107.461 Y90.282 E790.14647
G1 X107.229 Y90.512 E790.1536
G1 X107.229 Y91.04 E790.16512
G1 X107.461 Y91.442 E790.17526
G1 X107.461 Y91.569 E790.17803
G1 X107.229 Y91.776 E790.18481
G1 X107.229 Y96.126 E790.27976
G1 X107.229 Y96.301 E790.28358
G1 X107.054 Y96.301 E790.28605
G1 X105.626 Y96.3 E790.31722
G0 F9000 X105.626 Y96.1
G0 X106.011 Y95.916
G0 X106.334 Y95.476
G1 F1500 E788.81722
G1 F900 Z6.56
G0 F9000 X106.404 Y95.476 Z6.56
G0 X142.55 Y87.163
;TYPE:WALL-INNER
G1 F900 Z5.56
G1 F480 E790.37958
G1 F500 X142.54 Y87.145 E790.3801
G1 X142.55 Y87.136 E790.38043
G1 X142.55 Y87.163 E790.38054
G0 F9000 X142.196 Y87.35
G1 F500 X142.032 Y87.065 E790.38874
G1 X142.196 Y86.917 E790.39425
G1 X142.196 Y86.191 E790.41236
G1 X142.95 Y86.191 E790.43117
G1 X142.95 Y95.678 E790.66783
G1 X142.95 Y95.877 E790.67279
G1 X142.751 Y95.877 E790.676
G1 X142.196 Y95.876 E790.68985
G1 X142.196 Y91.589 E790.79679
G1 X142.031 Y91.44 E790.80233
G1 X142.196 Y91.155 E790.81055
G1 X142.196 Y90.336 E790.83098
G1 X141.965 Y90.102 E790.83918
G1 X142.298 Y89.771 E790.85089
G1 X142.449 Y89.621 E790.8562
G1 X142.289 Y89.482 E790.85954
G1 X142.288 Y89.481 E790.85958
G1 X142.023 Y89.252 E790.86831
G1 X142.45 Y88.883 E790.88239
G1 X141.965 Y88.398 E790.8995
G1 X142.057 Y88.306 E790.90274
G0 F450 X142.196 Y88.168
G0 X142.196 Y87.35
G0 F9000 X142.55 Y88.38
G1 F480 E790.92804
G1 F500 X142.55 Y88.398 E790.92849
G1 X142.55 Y88.417 E790.92896
G1 X142.531 Y88.398 E790.9291
G1 X142.55 Y88.38 E790.92927
G0 F9000 X142.55 Y90.085
G1 F500 X142.55 Y90.105 E790.92977
G1 X142.55 Y90.125 E790.93026
G1 X142.53 Y90.105 E790.93043
G1 X142.55 Y90.085 E790.93059
G0 F9000 X142.55 Y91.341
G1 F500 X142.55 Y91.369 E790.93129
G1 X142.539 Y91.36
G1 X142.55 Y91.341
G0 F9000 X141.825 Y89.642
;TYPE:WALL-OUTER
G1 F300 X141.683 Y89.519 E790.93539
G1 X141.54 Y89.395 E790.93952
G1 X141.54 Y89.109 E790.94577
G1 X141.683 Y88.985 E790.9499
G1 X141.825 Y88.862 E790.954
G1 X141.692 Y88.73 E790.95659
G1 X141.54 Y88.58 E790.96125
G1 X141.54 Y88.221 E790.96908
G1 X141.771 Y87.991 E790.9762
G1 X141.771 Y87.464 E790.9877
G1 X141.54 Y87.063 E790.9978
G1 X141.54 Y86.936 E791.00057
G1 X141.771 Y86.728 E791.00736
G1 X141.771 Y85.766 E791.02836
G1 X143.375 Y85.766 E791.06337
G1 X143.375 Y96.127 E791.28952
G1 X143.375 Y96.302 E791.29334
G1 X143.2 Y96.302 E791.29581
G1 X141.771 Y96.301 E791.327
G1 X141.771 Y91.778 E791.42572
G1 X141.539 Y91.569 E791.43254
G1 X141.539 Y91.443 E791.43529
G1 X141.771 Y91.041 E791.44542
G1 X141.771 Y90.513 E791.45694
G1 X141.54 Y90.283 E791.46406
G1 X141.54 Y89.925 E791.47187
G1 X141.692 Y89.774 E791.47655
G1 X141.825 Y89.642 E791.47913
G0 F9000 X141.683 Y89.519
G0 X141.674 Y89.511
G0 X141.957 Y89.257
G0 X142.512 Y89.357
G1 F1500 E789.97913
G1 F900 Z6.56
G0 F9000 X142.55 Y89.238 Z6.56
G0 X106.451 Y87.422
;TIME_ELAPSED:1473.058433
;LAYER:36
G0 X106.451 Y87.422 Z6.71
;TYPE:WALL-INNER
G1 F900 Z5.71
G1 F480 E791.5415
G1 F500 X106.451 Y87.175 E791.54766
G1 X106.451 Y87.045 E791.5509
G1 X106.594 Y87.175 E791.55269
G1 X106.451 Y87.422 E791.55454
G0 F9000 X106.805 Y87.609
G1 F500 X106.805 Y88.255 E791.57065
G1 X107.036 Y88.489 E791.57885
G1 X106.754 Y88.769 E791.58877
G1 X106.6 Y88.923 E791.5942
G1 X106.967 Y89.242 E791.60633
G1 X106.967 Y89.258 E791.60673
G1 X106.604 Y89.574 E791.61874
G1 X107.036 Y90.011 E791.63406
G1 X107.036 Y90.018 E791.63424
G1 X106.804 Y90.247 E791.64237
G1 X106.804 Y90.894 E791.65851
G1 X107.036 Y91.295 E791.67007
G1 X107.036 Y91.465 E791.67431
G1 X106.804 Y91.674 E791.6821
G1 X106.804 Y95.527 E791.77821
G1 X106.804 Y95.726 E791.78317
G1 X106.605 Y95.726 E791.78639
G1 X106.051 Y95.725 E791.8002
G1 X106.051 Y86.239 E792.03683
G1 X106.673 Y86.239 E792.05235
G0 F450 X106.805 Y86.239
G0 X106.805 Y86.826
G0 X107.036 Y87.036
G0 X107.036 Y87.209
G0 X106.805 Y87.609
G0 F9000 X106.451 Y88.466
G1 F480 E792.09388
G1 F500 X106.472 Y88.487 E792.09462
G1 X106.451 Y88.507 E792.09535
G1 X106.451 Y88.487
G1 X106.451 Y88.466
G0 F9000 X106.451 Y89.988
G1 F500 X106.474 Y90.011 E792.09616
G1 X106.451 Y90.034 E792.09697
G1 X106.451 Y90.011
G1 X106.451 Y89.988
G0 F9000 X106.451 Y91.082
G1 F500 X106.592 Y91.326 E792.104
G1 X106.451 Y91.454 E792.10875
G1 X106.451 Y91.326 E792.10895
G1 X106.451 Y91.082 E792.10983
G1 F1500 E790.60983
G0 F9000 X106.121 Y95.655
G0 X105.626 Y96.15
;TYPE:WALL-OUTER
G1 F480 E792.17219
G1 F300 X105.626 Y85.814 E792.39779
G1 X107.23 Y85.814 E792.4328
G1 X107.23 Y86.638 E792.45079
G1 X107.461 Y86.848 E792.4576
G1 X107.461 Y87.322 E792.46795
G1 X107.23 Y87.723 E792.47805
G1 X107.23 Y88.078 E792.4858
G1 X107.461 Y88.307 E792.4929
G1 X107.461 Y88.666 E792.50073
G1 X107.236 Y88.89 E792.50766
G1 X107.224 Y88.902 E792.50803
G1 X107.242 Y88.917
G1 X107.399 Y89.054 E792.51112
G1 X107.391 Y89.138 E792.51296
G1 X107.394 Y89.451 E792.51979
G1 X107.241 Y89.584 E792.52422
G1 X107.225 Y89.598 E792.52468
G1 X107.234 Y89.607
G1 X107.461 Y89.837 E792.52995
G1 X107.461 Y90.196 E792.53778
G1 X107.229 Y90.425 E792.5449
G1 X107.229 Y90.78 E792.55264
G1 X107.461 Y91.182 E792.56278
G1 X107.461 Y91.654 E792.57308
G1 X107.229 Y91.863 E792.57989
G1 X107.229 Y95.976 E792.66967
G1 X107.229 Y96.151 E792.67349
G1 X107.054 Y96.151 E792.67596
G1 X105.626 Y96.15 E792.70713
G0 F9000 X105.626 Y95.95
G0 X106.011 Y95.766
G0 X106.334 Y95.326
G1 F1500 E791.20713
G1 F900 Z6.71
G0 F9000 X106.404 Y95.326 Z6.71
G0 X142.55 Y87.422
;TYPE:WALL-INNER
G1 F900 Z5.71
G1 F480 E792.76949
G1 F500 X142.408 Y87.176 E792.77658
G1 X142.55 Y87.047 E792.78136
G1 X142.55 Y87.176 E792.78157
G1 X142.55 Y87.422 E792.78245
G0 F9000 X142.196 Y87.609
G1 F500 X141.965 Y87.209 E792.79398
G1 X141.965 Y87.038 E792.79824
G1 X142.196 Y86.828 E792.80603
G1 X142.196 Y86.239 E792.82072
G1 X142.95 Y86.239 E792.83953
G1 X142.95 Y95.528 E793.07124
G1 X142.95 Y95.727 E793.07621
G1 X142.751 Y95.727 E793.07942
G1 X142.196 Y95.726 E793.09327
G1 X142.196 Y91.676 E793.19429
G1 X141.964 Y91.467 E793.20208
G1 X141.964 Y91.298 E793.2063
G1 X142.196 Y90.897 E793.21785
G1 X142.196 Y90.25 E793.23399
G1 X141.965 Y90.016 E793.2422
G1 X142.252 Y89.732 E793.25227
G1 X142.405 Y89.581 E793.25763
G1 X142.243 Y89.441 E793.26101
G1 X142.034 Y89.26 E793.2679
G1 X142.034 Y89.243 E793.26833
G1 X142.241 Y89.063 E793.27517
G1 X142.4 Y88.924 E793.28044
G1 X142.251 Y88.774 E793.28379
G1 X141.965 Y88.485 E793.29393
G1 X142.196 Y88.255 E793.30206
G1 X142.196 Y87.968 E793.30922
G0 F450 X142.196 Y87.609
G0 F9000 X142.55 Y88.467
G1 F480 E793.31818
G1 F500 X142.55 Y88.487 E793.31867
G1 X142.55 Y88.507 E793.31917
G1 X142.53 Y88.487 E793.31934
G1 X142.55 Y88.467 E793.3195
G0 F9000 X142.55 Y90
G1 F500 X142.55 Y90.019 E793.31998
G1 X142.55 Y90.039 E793.32048
G1 X142.53 Y90.019 E793.32064
G1 X142.55 Y90 E793.32081
G0 F9000 X142.55 Y91.083
G1 F500 X142.55 Y91.329 E793.32694
G1 X142.55 Y91.457 E793.33014
G1 X142.408 Y91.329 E793.33191
G1 X142.55 Y91.083 E793.33374
G0 F9000 X141.779 Y89.602
;TYPE:WALL-OUTER
G1 F300 X141.76 Y89.585 E793.3343
G1 X141.602 Y89.449 E793.33885
G1 X141.61 Y89.366 E793.34067
G1 X141.607 Y89.051 E793.34755
G1 X141.758 Y88.919 E793.35193
G1 X141.777 Y88.903 E793.35247
G1 X141.766 Y88.892
G1 X141.54 Y88.667 E793.35766
G1 X141.54 Y88.308 E793.36549
G1 X141.771 Y88.078 E793.37261
G1 X141.771 Y87.723 E793.38036
G1 X141.54 Y87.322 E793.39046
G1 X141.54 Y86.85 E793.40076
G1 X141.771 Y86.64 E793.40757
G1 X141.771 Y85.814 E793.4256
G1 X143.375 Y85.814 E793.46061
G1 X143.375 Y95.977 E793.68244
G1 X143.375 Y96.152 E793.68626
G1 X143.2 Y96.152 E793.68873
G1 X141.771 Y96.151 E793.71992
G1 X141.771 Y91.865 E793.81347
G1 X141.539 Y91.656 E793.82029
G1 X141.539 Y91.184 E793.83059
G1 X141.771 Y90.783 E793.8407
G1 X141.771 Y90.427 E793.84847
G1 X141.54 Y90.197 E793.85559
G1 X141.54 Y89.838 E793.86342
G1 X141.766 Y89.614 E793.86863
G1 X141.779 Y89.602
G0 F9000 X141.76 Y89.585
G0 X141.628 Y89.471
G0 X141.994 Y89.179
G0 X142.589 Y89.211
G1 F1500 E792.36863
G1 F900 Z6.71
G0 F9000 X142.55 Y89.256 Z6.71
G0 X106.451 Y91.543
;TIME_ELAPSED:1492.279888
;LAYER:37
G0 X106.451 Y91.543 Z6.86
;TYPE:WALL-INNER
G1 F900 Z5.86
G1 F480 E793.93099
G1 F500 X106.451 Y91.374 E793.93521
G1 X106.451 Y91.142 E793.941
G1 X106.451 Y90.822 E793.94898
G1 X106.636 Y91.142 E793.95181
G1 X106.636 Y91.374 E793.95449
G1 X106.451 Y91.543 E793.95705
G0 F9000 X106.804 Y91.762
G1 F500 X106.804 Y95.377 E794.04722
G1 X106.804 Y95.576 E794.05219
G1 X106.605 Y95.576 E794.0554
G1 X106.051 Y95.575 E794.06922
G1 X106.051 Y90.181 E794.20377
G1 X106.051 Y90.18 E794.2038
G1 X106.051 Y89.977 E794.20886
G1 X106.254 Y89.98 E794.21212
G1 X106.255 Y89.981 E794.21216
G1 X106.599 Y89.99 E794.22074
G1 X106.801 Y89.988 E794.22578
G1 X106.95 Y89.985 E794.2295
G1 X106.96 Y90.007 E794.2301
G1 X106.804 Y90.162 E794.23236
G1 X106.804 Y90.634 E794.24413
G1 X107.036 Y91.035 E794.25569
G1 X107.036 Y91.385 E794.26442
G0 F450 X107.036 Y91.541
G0 X107.023 Y91.562
G0 X106.804 Y91.762
G1 F1500 E792.76442
G0 F9000 X106.713 Y91.722
G0 X106.121 Y95.505
G0 X105.626 Y96
;TYPE:WALL-OUTER
G1 F480 E794.33865
G1 F300 X105.626 Y89.721 E794.47571
G1 X105.626 Y89.72 E794.47573
G1 X105.626 Y89.542 E794.47961
G1 X105.804 Y89.545 E794.48212
G1 X105.805 Y89.546 E794.48215
G1 X106.601 Y89.565 E794.49953
G1 X107.253 Y89.556 E794.51376
G1 X107.273 Y89.657 E794.51601
G1 X107.304 Y89.741 E794.51796
G1 X107.366 Y89.87 E794.52109
G1 X107.461 Y90.022 E794.525
G1 X107.461 Y90.108 E794.52688
G1 X107.229 Y90.339 E794.53402
G1 X107.229 Y90.52 E794.53797
G1 X107.461 Y90.922 E794.5481
G1 X107.461 Y91.655 E794.5641
G1 X107.358 Y91.833 E794.56859
G1 X107.229 Y91.95 E794.57239
G1 X107.229 Y95.826 E794.65699
G1 X107.229 Y96.001 E794.66081
G1 X107.054 Y96.001 E794.66329
G1 X105.626 Y96 E794.69445
G0 F9000 X105.626 Y95.8
G0 X106.011 Y95.616
G0 X106.334 Y95.176
G1 F1500 E793.19445
G1 F900 Z6.86
G0 F9000 X106.404 Y95.176 Z6.86
G0 X106.451 Y87.682
;TYPE:WALL-INNER
G1 F900 Z5.86
G1 F480 E794.75682
G1 F500 X106.451 Y87.362 E794.7648
G1 X106.451 Y87.127 E794.77066
G1 X106.451 Y86.96 E794.77483
G1 X106.636 Y87.127 E794.77739
G1 X106.636 Y87.362 E794.78011
G1 X106.451 Y87.682 E794.78294
G0 F9000 X106.805 Y87.869
G1 F500 X106.805 Y88.246 E794.79234
G1 X106.805 Y88.341 E794.79471
G1 X106.962 Y88.498 E794.80025
G1 X106.927 Y88.584 E794.80257
G1 X106.78 Y88.568 E794.80363
G1 X106.686 Y88.558 E794.80561
G1 X106.051 Y88.484 E794.82156
G1 X106.051 Y86.287 E794.87637
G1 X106.805 Y86.287 E794.89517
G1 X106.805 Y86.364 E794.89709
G0 F450 X106.805 Y86.741
G0 X107.02 Y86.935
G0 X107.036 Y86.963
G0 X107.036 Y87.469
G0 X106.805 Y87.869
G0 F9000 X107.23 Y88.164
;TYPE:WALL-OUTER
G1 F480 E794.93863
G1 F300 X107.461 Y88.394 E794.94574
G1 X107.461 Y88.481 E794.94764
G1 X107.364 Y88.637 E794.95165
G1 X107.255 Y88.907 E794.95801
G1 X107.242 Y89.048 E794.9611
G1 X105.905 Y88.895 E794.99047
G1 X105.626 Y88.898 E794.99656
G1 X105.626 Y85.862 E795.06283
G1 X107.23 Y85.862 E795.09784
G1 X107.23 Y86.406 E795.10971
G0 F270 X107.23 Y86.552
G0 X107.355 Y86.665
G0 X107.461 Y86.848
G0 X107.461 Y87.582
G0 X107.23 Y87.983
G0 X107.23 Y88.164
G0 F9000 X107.372 Y88.305
G0 X106.991 Y88.533
G0 X106.608 Y88.146
G1 F1500 E793.60971
G1 F900 Z6.86
G0 F9000 X106.451 Y88.146 Z6.86
G0 X142.55 Y87.682
;TYPE:WALL-INNER
G1 F900 Z5.86
G1 F480 E795.21359
G1 F500 X142.365 Y87.362 E795.22281
G1 X142.365 Y87.128 E795.22865
G1 X142.55 Y86.961 E795.23486
G1 X142.55 Y87.128 E795.23538
G1 X142.55 Y87.362 E795.23809
G1 X142.55 Y87.682 E795.23969
G0 F9000 X142.196 Y87.869
G1 F500 X141.965 Y87.469 E795.25121
G1 X141.965 Y86.964 E795.26381
G1 X141.981 Y86.936 E795.26461
G1 X142.196 Y86.742 E795.27184
G1 X142.196 Y86.287 E795.28319
G1 X142.95 Y86.287 E795.30199
G1 X142.95 Y88.495 E795.35707
G1 X142.315 Y88.52 E795.37293
G1 X142.203 Y88.524 E795.37572
G1 X142.053 Y88.531 E795.37947
G1 X142.039 Y88.497 E795.38038
G1 X142.196 Y88.341 E795.38276
G1 X142.196 Y88.229 E795.38501
G1 X142.196 Y87.869 E795.39399
G0 F9000 X141.771 Y88.164
;TYPE:WALL-OUTER
G1 F300 X141.771 Y87.983 E795.39794
G1 X141.54 Y87.582 E795.40804
G1 X141.54 Y86.849 E795.42404
G1 X141.644 Y86.668 E795.4286
G1 X141.771 Y86.553 E795.43234
G1 X141.771 Y85.862 E795.44742
G1 X143.375 Y85.862 E795.48243
G1 X143.375 Y88.904 E795.54883
G1 X142.7 Y88.931 E795.56357
G0 F270 X141.744 Y88.969
G0 X141.707 Y88.81
G0 X141.638 Y88.637
G0 X141.54 Y88.481
G0 X141.54 Y88.394
G0 X141.771 Y88.164
G0 F9000 X141.771 Y87.983
G0 X141.762 Y87.967
G0 X142.096 Y87.776
G0 X142.478 Y87.557
G0 X142.55 Y91.542
;TYPE:WALL-INNER
G1 F480 E795.60509
G1 F500 X142.364 Y91.375 E795.61132
G1 X142.364 Y91.145 E795.61706
G1 X142.55 Y90.823 E795.62634
G1 X142.55 Y91.145 E795.62796
G1 X142.55 Y91.375 E795.63064
G1 X142.55 Y91.542 E795.63115
G0 F9000 X142.196 Y91.762
G1 F500 X141.979 Y91.566 E795.63844
G1 X141.964 Y91.54 E795.63919
G1 X141.964 Y91.038 E795.65171
G1 X142.196 Y90.637 E795.66327
G1 X142.196 Y90.163 E795.67509
G1 X142.039 Y90.007 E795.68061
G1 X142.075 Y89.917 E795.68303
G1 X142.221 Y89.933 E795.68412
G1 X142.502 Y89.965 E795.69063
G1 X142.95 Y89.964 E795.70181
G1 X142.95 Y95.378 E795.83686
G1 X142.95 Y95.577 E795.84183
G1 X142.751 Y95.577 E795.84504
G1 X142.196 Y95.576 E795.85888
G1 X142.196 Y93.173 E795.91882
G0 F450 X142.196 Y91.762
G1 F1500 E794.41882
G0 F9000 X142.287 Y91.722
G0 X142.266 Y95.506
G0 X141.771 Y96.001
;TYPE:WALL-OUTER
G1 F480 E796.01638
G1 F300 X141.771 Y91.951 E796.10478
G1 X141.644 Y91.836 E796.10852
G1 X141.539 Y91.655 E796.11309
G1 X141.539 Y90.923 E796.12907
G1 X141.771 Y90.523 E796.13916
G1 X141.771 Y90.34 E796.14316
G1 X141.54 Y90.11 E796.15027
G1 X141.54 Y90.023 E796.15217
G1 X141.637 Y89.866 E796.1562
G1 X141.745 Y89.597 E796.16252
G1 X141.758 Y89.455 E796.16564
G1 X142.525 Y89.54 E796.18248
G1 X143.2 Y89.539 E796.19721
G1 X143.375 Y89.539 E796.20103
G1 X143.375 Y89.714 E796.20351
G1 X143.375 Y95.827 E796.33693
G1 X143.375 Y96.002 E796.34075
G1 X143.2 Y96.002 E796.34323
G1 X141.771 Y96.001 E796.37442
G0 F9000 X141.771 Y95.801
G0 X142.156 Y95.617
G0 X142.479 Y95.177
G1 F1500 E794.87442
G1 F900 Z6.86
G0 F9000 X142.55 Y95.177 Z6.86
G0 X106.451 Y91.492
;TIME_ELAPSED:1513.088492
;LAYER:38
G0 X106.451 Y91.492 Z7.01
;TYPE:WALL-INNER
G1 F900 Z6.01
G1 F480 E796.43678
G1 F500 X106.451 Y91.172 E796.44476
G1 X106.451 Y90.878 E796.4521
G1 X106.451 Y90.817 E796.45362
G1 X106.601 Y90.817 E796.45554
G1 X106.636 Y90.878 E796.45568
G1 X106.636 Y91.172 E796.45908
G1 X106.451 Y91.492 E796.46191
G0 F9000 X106.804 Y91.68
G1 F500 X106.804 Y95.227 E796.55039
G1 X106.804 Y95.426 E796.55535
G1 X106.605 Y95.426 E796.55856
G1 X106.051 Y95.425 E796.57238
G1 X106.051 Y90.418 E796.69728
G1 X106.545 Y90.417 E796.7096
G0 F450 X106.831 Y90.417
G0 X106.946 Y90.617
G0 X107.036 Y90.772
G0 X107.036 Y91.279
G0 X106.804 Y91.68
G1 F1500 E795.2096
G0 F9000 X106.708 Y91.655
G0 X106.121 Y95.355
G0 X105.626 Y95.85
;TYPE:WALL-OUTER
G1 F480 E796.8135
G1 F300 X105.626 Y89.993 E796.94134
G1 X107.227 Y89.993 E796.97629
G1 X107.287 Y89.992 E796.9776
G1 X107.37 Y90.114 E796.98082
G1 X107.228 Y90.255 E796.98407
G1 X107.461 Y90.659 E796.99425
G1 X107.461 Y91.394 E797.01029
G1 X107.229 Y91.794 E797.02038
G1 X107.229 Y95.676 E797.10512
G1 X107.229 Y95.851 E797.10894
G1 X107.054 Y95.851 E797.11141
G1 X105.626 Y95.85 E797.14258
G0 F9000 X105.626 Y95.65
G0 X106.011 Y95.466
G0 X106.334 Y95.026
G1 F1500 E795.64258
G1 F900 Z7.01
G0 F9000 X106.404 Y95.026 Z7.01
G0 X106.595 Y87.692
;TYPE:WALL-INNER
G1 F900 Z6.01
G1 F480 E797.20494
G1 F500 X106.451 Y87.694 E797.20853
G1 X106.451 Y87.622 E797.20872
G1 X106.451 Y87.329 E797.21431
G1 X106.451 Y87.009 E797.22229
G1 X106.636 Y87.329 E797.22512
G1 X106.636 Y87.622 E797.22851
G1 X106.595 Y87.692 E797.22886
G0 F9000 X107.036 Y87.728
G1 F500 X106.827 Y88.09 E797.23929
G1 X106.252 Y88.096 E797.25363
G1 X106.051 Y88.098 E797.25865
G1 X106.051 Y87.897 E797.26189
G1 X106.051 Y86.335 E797.30085
G1 X106.805 Y86.335 E797.31966
G1 X106.805 Y86.822 E797.33181
G1 X106.881 Y86.954 E797.33561
G0 F450 X107.036 Y87.222
G0 X107.036 Y87.728
G0 F9000 X107.227 Y88.247
;TYPE:WALL-OUTER
G1 F480 E797.35596
G1 F300 X107.369 Y88.389 E797.36034
G1 X107.288 Y88.511 E797.36354
G1 X107.23 Y88.511 E797.3637
G1 X105.802 Y88.526 E797.39487
G1 X105.801 Y88.527 E797.3949
G1 X105.626 Y88.527 E797.39872
G1 X105.626 Y88.352 E797.40119
G1 X105.626 Y88.351 E797.40121
G1 X105.626 Y85.91 E797.45449
G1 X107.23 Y85.91 E797.4895
G1 X107.23 Y86.468 E797.50168
G0 F270 X107.23 Y86.708
G0 X107.461 Y87.108
G0 X107.461 Y87.841
G0 X107.227 Y88.247
G0 F9000 X107.369 Y88.389
G0 X106.487 Y87.693
G1 F1500 E796.00168
G1 F900 Z7.01
G0 F9000 X106.487 Y87.693 Z7.01
G0 X142.405 Y87.693
;TYPE:WALL-INNER
G1 F900 Z6.01
G1 F480 E797.60556
G1 F500 X142.365 Y87.624 E797.60755
G1 X142.365 Y87.331 E797.61486
G1 X142.55 Y87.011 E797.62408
G1 X142.55 Y87.331 E797.62568
G1 X142.55 Y87.624 E797.62907
G1 X142.55 Y87.696 E797.6298
G1 X142.405 Y87.693 E797.63168
G0 F9000 X141.965 Y87.731
G1 F500 X141.965 Y87.224 E797.64433
G1 X142.196 Y86.824 E797.65585
G1 X142.196 Y86.335 E797.66805
G1 X142.95 Y86.335 E797.68686
G1 X142.95 Y87.901 E797.72592
G1 X142.95 Y87.902 E797.72595
G1 X142.95 Y88.104 E797.73099
G1 X142.748 Y88.102 E797.73424
G1 X142.747 Y88.101 E797.73427
G1 X142.172 Y88.089 E797.74862
G1 X142.147 Y88.047 E797.74984
G0 F450 X141.965 Y87.731
G0 F9000 X141.773 Y88.248
;TYPE:WALL-OUTER
G1 F480 E797.75894
G1 F300 X141.54 Y87.844 E797.76912
G1 X141.54 Y87.11 E797.78514
G1 X141.771 Y86.71 E797.79523
G1 X141.771 Y85.91 E797.81269
G1 X143.375 Y85.91 E797.8477
G1 X143.375 Y88.36 E797.90117
G1 X143.375 Y88.361 E797.9012
G1 X143.375 Y88.538 E797.90506
G1 X143.198 Y88.536 E797.90755
G1 X143.197 Y88.535 E797.90758
G1 X141.848 Y88.507 E797.93703
G1 X141.777 Y88.508 E797.93858
G1 X141.712 Y88.509 E797.94
G1 X141.631 Y88.389 E797.94316
G1 X141.68 Y88.34 E797.94397
G1 X141.773 Y88.248 E797.94606
G0 F9000 X141.673 Y88.075
G0 X142.007 Y87.884
G0 X142.388 Y87.664
G0 X142.406 Y90.813
;TYPE:WALL-INNER
G1 F500 X142.55 Y90.81 E797.94965
G1 X142.55 Y90.885 E797.9499
G1 X142.55 Y91.174 E797.9554
G1 X142.55 Y91.496 E797.96343
G1 X142.364 Y91.174 E797.96629
G1 X142.364 Y90.885 E797.96965
G1 X142.406 Y90.813 E797.97005
G0 F9000 X141.964 Y90.777
G1 F500 X142.173 Y90.418 E797.98041
G1 X142.747 Y90.405 E797.99473
G1 X142.95 Y90.401 E797.9998
G1 X142.95 Y90.604 E798.00306
G1 X142.95 Y95.228 E798.1184
G1 X142.95 Y95.427 E798.12337
G1 X142.751 Y95.427 E798.12658
G1 X142.196 Y95.426 E798.14042
G1 X142.196 Y92.38 E798.21641
G0 F450 X142.196 Y91.682
G0 X141.964 Y91.281
G0 X141.964 Y90.777
G0 F9000 X141.774 Y90.259
;TYPE:WALL-OUTER
G1 F480 E798.25794
G1 F300 X141.632 Y90.115 E798.26235
G1 X141.712 Y89.994 E798.26552
G1 X141.775 Y89.994 E798.26577
G1 X142.049 Y89.996 E798.27175
G1 X143.196 Y89.97 E798.29679
G1 X143.197 Y89.969 E798.29682
G1 X143.375 Y89.966 E798.3007
G1 X143.375 Y90.144 E798.30321
G1 X143.375 Y90.145 E798.30323
G1 X143.375 Y95.677 E798.42398
G1 X143.375 Y95.852 E798.4278
G1 X143.2 Y95.852 E798.43027
G1 X141.771 Y95.851 E798.46146
G1 X141.771 Y92.036 E798.54473
G0 F270 X141.771 Y91.796
G0 X141.539 Y91.395
G0 X141.539 Y90.662
G0 X141.774 Y90.259
G0 F9000 X141.634 Y90.117
G0 X142.516 Y90.811
G1 F1500 E797.04473
G1 F900 Z7.01
G0 F9000 X142.516 Y90.811 Z7.01
G0 X106.451 Y91.232
;TIME_ELAPSED:1531.902258
;LAYER:39
G0 X106.451 Y91.232 Z7.16
;TYPE:WALL-INNER
G1 F900 Z6.16
G1 F480 E798.64861
G1 F500 X106.451 Y91.009 E798.65417
G1 X106.58 Y91.008 E798.65739
G1 X106.548 Y91.064
G1 X106.451 Y91.232 E798.65789
G0 F9000 X106.804 Y91.42
G1 F500 X106.804 Y95.077 E798.74911
G1 X106.804 Y95.276 E798.75408
G1 X106.605 Y95.276 E798.75729
G1 X106.051 Y95.275 E798.77111
G1 X106.051 Y90.609 E798.8875
G1 X106.837 Y90.608 E798.90711
G1 X107.036 Y90.608 E798.91207
G1 X107.036 Y90.807 E798.91529
G1 X107.036 Y91.019 E798.92057
G1 X106.889 Y91.272 E798.92787
G0 F450 X106.804 Y91.42
G1 F1500 E797.42787
G0 F9000 X106.708 Y91.395
G0 X106.121 Y95.205
G0 X105.626 Y95.7
;TYPE:WALL-OUTER
G1 F480 E798.9945
G1 F300 X105.626 Y90.184 E799.1149
G1 X107.253 Y90.183 E799.15041
G1 X107.289 Y90.183 E799.1512
G1 X107.438 Y90.362 E799.15628
G1 X107.461 Y90.401 E799.15727
G1 X107.461 Y90.437 E799.15805
G1 X107.461 Y91.134 E799.17327
G1 X107.229 Y91.534 E799.18336
G1 X107.229 Y95.526 E799.27049
G1 X107.229 Y95.701 E799.27431
G1 X107.054 Y95.701 E799.27679
G1 X105.626 Y95.7 E799.30795
G0 F9000 X105.626 Y95.5
G0 X106.011 Y95.316
G0 X106.334 Y94.876
G1 F1500 E797.80795
G1 F900 Z7.16
G0 F9000 X106.404 Y94.876 Z7.16
G0 X106.451 Y87.49
;TYPE:WALL-INNER
G1 F900 Z6.16
G1 F480 E799.37032
G1 F500 X106.451 Y87.269 E799.37583
G1 X106.546 Y87.434 E799.3763
G1 X106.579 Y87.49
G1 X106.451 Y87.49 E799.37728
G0 F9000 X106.805 Y87.082
G1 F500 X107.036 Y87.482 E799.3888
G1 X107.036 Y87.89 E799.39898
G1 X106.051 Y87.89 E799.42355
G1 X106.051 Y86.54 E799.45722
G0 F450 X106.051 Y86.383
G0 X106.805 Y86.383
G0 X106.805 Y87.082
G0 F9000 X105.802 Y88.317
;TYPE:WALL-OUTER
G1 F480 E799.49739
G1 F300 X105.801 Y88.318 E799.49742
G1 X105.626 Y88.318 E799.50124
G1 X105.626 Y88.143 E799.50371
G1 X105.626 Y88.142 E799.50373
G1 X105.626 Y85.958 E799.5514
G1 X107.23 Y85.958 E799.58641
G1 X107.23 Y86.968 E799.60846
G1 X107.461 Y87.368 E799.61854
G1 X107.461 Y87.965 E799.63157
G0 F270 X107.461 Y88.062
G0 X107.461 Y88.101
G0 X107.435 Y88.146
G0 X107.296 Y88.318
G0 X107.257 Y88.318
G0 X106.579 Y88.311
G0 X105.802 Y88.317
G0 F9000 X105.801 Y88.318
G0 X105.626 Y88.318
G0 X105.626 Y88.294
G0 X106.01 Y87.93
G0 X106.333 Y87.49
G1 F1500 E798.13157
G1 F900 Z7.16
G0 F9000 X106.451 Y87.49 Z7.16
G0 X142.454 Y87.437
;TYPE:WALL-INNER
G1 F900 Z6.16
G1 F480 E799.73545
G1 F500 X142.55 Y87.27 E799.74025
G1 X142.55 Y87.491 E799.74147
G1 X142.422 Y87.492 E799.7439
G1 X142.454 Y87.437
G0 F9000 X142.196 Y87.084
G1 F500 X142.196 Y86.383 E799.76138
G1 X142.95 Y86.383 E799.78019
G1 X142.95 Y87.891 E799.81781
G1 X142.164 Y87.892 E799.83742
G1 X141.965 Y87.892 E799.84238
G1 X141.965 Y87.693 E799.84559
G1 X141.965 Y87.483 E799.85083
G1 X142.111 Y87.231 E799.85809
G0 F450 X142.196 Y87.084
G0 F9000 X141.771 Y86.97
;TYPE:WALL-OUTER
G1 F480 E799.86234
G1 F300 X141.771 Y85.958 E799.88442
G1 X143.375 Y85.958 E799.91943
G1 X143.375 Y88.143 E799.96713
G1 X143.375 Y88.318 E799.97095
G1 X143.2 Y88.318 E799.97342
G1 X142.423 Y88.313 E799.99038
G1 X141.748 Y88.319 E800.00511
G1 X141.711 Y88.319 E800.00592
G1 X141.563 Y88.142 E800.01096
G1 X141.54 Y88.102 E800.01196
G1 X141.54 Y88.065 E800.01277
G1 X141.54 Y87.715 E800.02041
G0 F270 X141.54 Y87.369
G0 X141.771 Y86.97
G0 F9000 X141.771 Y86.77
G0 X142.156 Y86.77
G0 X142.55 Y86.77
G1 F1500 E798.52041
G1 F900 Z7.16
G0 F9000 X142.55 Y86.77 Z7.16
G0 X142.55 Y91.236
;TYPE:WALL-INNER
G1 F900 Z6.16
G1 F480 E800.10039
G1 F500 X142.45 Y91.064 E800.10535
G1 X142.417 Y91.007 E800.10699
G1 X142.55 Y91.006 E800.10803
G1 X142.55 Y91.236 E800.10935
G0 F9000 X142.196 Y91.422
G1 F500 X141.964 Y91.021 E800.12091
G1 X141.964 Y90.608 E800.13121
G1 X142.75 Y90.605 E800.15082
G1 X142.95 Y90.605 E800.15581
G1 X142.95 Y90.805 E800.15904
G1 X142.95 Y95.078 E800.26563
G1 X142.95 Y95.277 E800.27059
G1 X142.751 Y95.277 E800.2738
G1 X142.196 Y95.276 E800.28765
G1 X142.196 Y92.847 E800.34824
G0 F450 X142.196 Y91.422
G1 F1500 E798.84824
G0 F9000 X142.292 Y91.397
G0 X142.266 Y95.206
G0 X141.771 Y95.701
;TYPE:WALL-OUTER
G1 F480 E800.44615
G1 F300 X141.771 Y91.536 E800.53706
G1 X141.539 Y91.136 E800.54715
G1 X141.539 Y90.402 E800.56317
G1 X141.565 Y90.358 E800.56429
G1 X141.705 Y90.184 E800.56916
G1 X143.2 Y90.178 E800.60179
G1 X143.375 Y90.178 E800.60561
G1 X143.375 Y90.353 E800.60809
G1 X143.375 Y95.527 E800.72102
G1 X143.375 Y95.702 E800.72484
G1 X143.2 Y95.702 E800.72731
G1 X141.771 Y95.701 E800.7585
G0 F9000 X141.771 Y95.501
G0 X142.156 Y95.317
G0 X142.479 Y94.877
G1 F1500 E799.2585
G1 F900 Z7.16
G0 F9000 X142.55 Y94.877 Z7.16
G0 X106.051 Y95.125
;TIME_ELAPSED:1550.449171
;LAYER:40
G0 X106.051 Y95.125 Z7.31
;TYPE:WALL-INNER
G1 F900 Z6.31
G1 F480 E800.82086
G1 F500 X106.051 Y90.742 E800.9302
G1 X106.705 Y90.742 E800.94651
G1 X107.036 Y90.742 E800.95477
G1 X107.036 Y90.759 E800.95519
G1 X106.871 Y91.045 E800.96001
G1 X106.804 Y91.16 E800.96333
G1 X106.804 Y94.927 E801.0573
G1 X106.804 Y95.126 E801.06226
G1 X106.605 Y95.126 E801.06548
G1 X106.051 Y95.125 E801.0793
G0 F9000 X105.626 Y95.55
;TYPE:WALL-OUTER
G1 F300 X105.626 Y90.317 E801.19352
G1 X107.296 Y90.317 E801.22997
G1 X107.373 Y90.405 E801.23252
G1 X107.461 Y90.487 E801.23515
G1 X107.461 Y90.874 E801.24359
G1 X107.229 Y91.274 E801.25369
G1 X107.229 Y95.376 E801.34322
G1 X107.229 Y95.551 E801.34704
G1 X107.054 Y95.551 E801.34951
G1 X105.626 Y95.55 E801.38068
G0 F9000 X105.626 Y95.35
G0 X106.011 Y95.166
G0 X106.334 Y94.726
G1 F1500 E799.88068
G1 F900 Z7.31
G0 F9000 X106.404 Y94.726 Z7.31
G0 X106.051 Y87.766
;TYPE:WALL-INNER
G1 F900 Z6.31
G1 F480 E801.44304
G1 F500 X106.051 Y87.566 E801.44803
G1 X106.051 Y86.431 E801.47634
G1 X106.805 Y86.431 E801.49515
G1 X106.805 Y87.342 E801.51788
G1 X106.873 Y87.46 E801.52128
G1 X107.036 Y87.742 E801.5294
G1 X107.036 Y87.763 E801.52992
G1 X106.71 Y87.763 E801.53472
G1 X106.251 Y87.766 E801.54617
G1 X106.051 Y87.766 E801.5494
G0 F9000 X105.626 Y88.192
;TYPE:WALL-OUTER
G1 F300 X105.626 Y88.017 E801.55322
G1 X105.626 Y86.006 E801.59712
G1 X107.23 Y86.006 E801.63213
G1 X107.23 Y87.228 E801.6588
G1 X107.461 Y87.628 E801.66888
G1 X107.461 Y88.016 E801.67735
G1 X107.373 Y88.098 E801.67998
G1 X107.297 Y88.187 E801.68253
G1 X105.801 Y88.192 E801.71519
G1 X105.626 Y88.192 E801.71766
G0 F9000 X105.626 Y88.017
G0 X105.626 Y87.992
G0 X106.011 Y87.805
G0 X106.451 Y87.483
G1 F1500 E800.21766
G1 F900 Z7.31
G0 F9000 X106.419 Y87.445 Z7.31
G0 X142.128 Y87.461
;TYPE:WALL-INNER
G1 F900 Z6.31
G1 F480 E801.78002
G1 F500 X142.196 Y87.344 E801.7834
G1 X142.196 Y86.431 E801.80617
G1 X142.95 Y86.431 E801.82498
G1 X142.95 Y87.567 E801.85332
G1 X142.95 Y87.767 E801.85831
G1 X142.75 Y87.767 E801.86154
G1 X142.291 Y87.764 E801.87299
G1 X141.965 Y87.764 E801.88112
G1 X141.965 Y87.743 E801.88164
G1 X142.128 Y87.461 E801.88643
G0 F9000 X141.771 Y87.23
;TYPE:WALL-OUTER
G1 F300 X141.771 Y86.006 E801.91314
G1 X143.375 Y86.006 E801.94815
G1 X143.375 Y88.018 E801.99207
G1 X143.375 Y88.193 E801.99589
G1 X143.2 Y88.193 E801.99836
G1 X141.705 Y88.188 E802.03099
G1 X141.629 Y88.099 E802.03355
G1 X141.54 Y88.016 E802.0362
G1 X141.54 Y87.629 E802.04465
G1 X141.571 Y87.577 E802.04597
G0 F270 X141.771 Y87.23
G0 F9000 X141.771 Y87.03
G0 X142.156 Y87.03
G0 X142.55 Y87.03
G1 F1500 E800.54597
G1 F900 Z7.31
G0 F9000 X142.55 Y87.03 Z7.31
G0 X142.196 Y95.126
;TYPE:WALL-INNER
G1 F900 Z6.31
G1 F480 E802.11709
G1 F500 X142.196 Y91.162 E802.21597
G1 X142.131 Y91.051 E802.21918
G1 X141.964 Y90.761 E802.22753
G1 X141.964 Y90.745 E802.22793
G1 X142.299 Y90.747 E802.23281
G1 X142.95 Y90.753 E802.24905
G1 X142.95 Y94.928 E802.3532
G1 X142.95 Y95.127 E802.35816
G1 X142.751 Y95.127 E802.36137
G1 X142.196 Y95.126 E802.37522
G0 F9000 X141.771 Y95.551
;TYPE:WALL-OUTER
G1 F300 X141.771 Y91.276 E802.46853
G1 X141.539 Y90.876 E802.47862
G1 X141.539 Y90.545 E802.48585
G1 X141.539 Y90.488 E802.48709
G1 X141.626 Y90.407 E802.48968
G1 X141.703 Y90.318 E802.49225
G1 X141.76 Y90.318 E802.4935
G1 X143.011 Y90.329 E802.5208
G1 X143.198 Y90.326 E802.52489
G1 X143.199 Y90.325 E802.52492
G1 X143.375 Y90.324 E802.52876
G1 X143.375 Y90.5 E802.53124
G1 X143.375 Y90.501 E802.53126
G1 X143.375 Y95.377 E802.63769
G1 X143.375 Y95.552 E802.64151
G1 X143.2 Y95.552 E802.64398
G1 X141.771 Y95.551 E802.67517
G0 F9000 X141.771 Y95.351
G0 X142.156 Y95.167
G0 X142.479 Y94.727
G1 F1500 E801.17517
G1 F900 Z7.31
G0 F9000 X142.55 Y94.727 Z7.31
G0 X106.051 Y94.975
;TIME_ELAPSED:1566.867118
;LAYER:41
G0 X106.051 Y94.975 Z7.46
;TYPE:WALL-INNER
G1 F900 Z6.46
G1 F480 E802.73754
G1 F500 X106.051 Y90.849 E802.84046
G1 X106.804 Y90.849 E802.85924
G1 X106.833 Y90.849 E802.85997
G1 X106.804 Y90.899 E802.86051
G1 X106.804 Y94.777 E802.95724
G1 X106.804 Y94.976 E802.96221
G1 X106.605 Y94.976 E802.96542
G1 X106.051 Y94.975 E802.97924
G0 F9000 X105.626 Y95.4
;TYPE:WALL-OUTER
G1 F300 X105.626 Y90.598 E803.08405
G1 X105.626 Y90.423 E803.08787
G1 X105.801 Y90.423 E803.09034
G1 X107.214 Y90.425 E803.12119
G1 X107.304 Y90.425 E803.12315
G1 X107.461 Y90.573 E803.12786
G1 X107.461 Y90.615 E803.12878
G1 X107.416 Y90.692 E803.13072
G1 X107.229 Y91.014 E803.13885
G1 X107.229 Y95.226 E803.23079
G1 X107.229 Y95.401 E803.23461
G1 X107.054 Y95.401 E803.23708
G1 X105.626 Y95.4 E803.26825
G0 F9000 X105.626 Y95.2
G0 X106.011 Y95.016
G0 X106.334 Y94.576
G1 F1500 E801.76825
G1 F900 Z7.46
G0 F9000 X106.404 Y94.576 Z7.46
G0 X106.051 Y87.652
;TYPE:WALL-INNER
G1 F900 Z6.46
G1 F480 E803.33061
G1 F500 X106.051 Y86.479 E803.35987
G1 X106.805 Y86.479 E803.37868
G1 X106.805 Y87.428 E803.40235
G1 X106.805 Y87.602 E803.40669
G1 X106.834 Y87.653 E803.40816
G1 X106.805 Y87.653
G1 X106.631 Y87.653 E803.41116
G1 X106.051 Y87.652 E803.42563
G0 F9000 X105.626 Y88.077
;TYPE:WALL-OUTER
G1 F300 X105.626 Y86.054 E803.46978
G1 X107.23 Y86.054 E803.50479
G1 X107.23 Y87.488 E803.53609
G1 X107.416 Y87.81 E803.54421
G1 X107.461 Y87.887 E803.54616
G1 X107.461 Y87.922 E803.54692
G0 F270 X107.461 Y87.93
G0 X107.305 Y88.078
G0 X107.215 Y88.078
G0 X105.626 Y88.077
G0 F9000 X105.626 Y87.877
G0 X106.011 Y87.693
G0 X106.334 Y87.253
G1 F1500 E802.04692
G1 F900 Z7.46
G0 F9000 X106.405 Y87.253 Z7.46
G0 X142.168 Y87.652
;TYPE:WALL-INNER
G1 F900 Z6.46
G1 F480 E803.6508
G1 F500 X142.196 Y87.604 E803.65218
G1 X142.196 Y86.479 E803.68025
G1 X142.95 Y86.479 E803.69906
G1 X142.95 Y87.653 E803.72834
G1 X142.196 Y87.653 E803.74653
G1 X142.168 Y87.652
G0 F9000 X141.771 Y87.49
;TYPE:WALL-OUTER
G1 F300 X141.771 Y86.054 E803.77787
G1 X143.375 Y86.054 E803.81288
G1 X143.375 Y87.903 E803.85324
G1 X143.375 Y88.078 E803.85706
G1 X143.2 Y88.078 E803.85953
G1 X141.787 Y88.077 E803.89037
G1 X141.696 Y88.077 E803.89236
G1 X141.54 Y87.93 E803.89704
G1 X141.54 Y87.888 E803.89796
G1 X141.585 Y87.81 E803.89992
G1 X141.622 Y87.747 E803.90152
G0 F270 X141.771 Y87.49
G0 F9000 X141.771 Y87.29
G0 X142.156 Y87.29
G0 X142.55 Y87.29
G1 F1500 E802.40152
G1 F900 Z7.46
G0 F9000 X142.55 Y87.29 Z7.46
G0 X142.196 Y94.976
;TYPE:WALL-INNER
G1 F900 Z6.46
G1 F480 E803.97038
G1 F500 X142.196 Y90.901 E804.07204
G1 X142.164 Y90.847 E804.0736
G1 X142.195 Y90.847
G1 X142.95 Y90.84 E804.09244
G1 X142.95 Y94.778 E804.19067
G1 X142.95 Y94.977 E804.19563
G1 X142.751 Y94.977 E804.19884
G1 X142.196 Y94.976 E804.21269
G0 F9000 X141.771 Y95.401
;TYPE:WALL-OUTER
G1 F300 X141.771 Y91.016 E804.3084
G1 X141.583 Y90.693 E804.31656
G1 X141.539 Y90.617 E804.31847
G1 X141.539 Y90.574 E804.31941
G1 X141.696 Y90.426 E804.32412
G1 X141.784 Y90.426 E804.32604
G1 X143.199 Y90.412 E804.35693
G1 X143.2 Y90.411 E804.35696
G1 X143.375 Y90.411 E804.36078
G1 X143.375 Y90.586 E804.36325
G1 X143.375 Y90.587 E804.36327
G1 X143.375 Y95.227 E804.46455
G1 X143.375 Y95.402 E804.46837
G1 X143.2 Y95.402 E804.47084
G1 X141.771 Y95.401 E804.50203
G0 F9000 X141.771 Y95.201
G0 X142.156 Y95.017
G0 X142.479 Y94.577
G1 F1500 E803.00203
G1 F900 Z7.46
G0 F9000 X142.55 Y94.577 Z7.46
G0 X106.051 Y94.825
;TIME_ELAPSED:1582.680652
;LAYER:42
G0 X106.051 Y94.825 Z7.61
;TYPE:WALL-INNER
G1 F900 Z6.61
G1 F480 E804.5644
G1 F500 X106.051 Y91.1 E804.65732
G1 X106.051 Y90.9 E804.66231
G1 X106.251 Y90.9 E804.66554
G1 X106.804 Y90.903 E804.67933
G1 X106.804 Y94.627 E804.77223
G1 X106.804 Y94.826 E804.77719
G1 X106.605 Y94.826 E804.7804
G1 X106.051 Y94.825 E804.79422
G0 F9000 X105.626 Y95.25
;TYPE:WALL-OUTER
G1 F300 X105.626 Y90.647 E804.89469
G1 X105.626 Y90.646 E804.89471
G1 X105.626 Y90.47 E804.89856
G1 X105.802 Y90.471 E804.90104
G1 X105.803 Y90.472 E804.90107
G1 X106.323 Y90.478 E804.91242
G1 X107.229 Y90.478 E804.9322
G1 X107.301 Y90.479 E804.93377
G1 X107.356 Y90.535 E804.93548
G1 X107.229 Y90.754 E804.93941
G1 X107.229 Y95.076 E805.03375
G1 X107.229 Y95.251 E805.03757
G1 X107.054 Y95.251 E805.04004
G1 X105.626 Y95.25 E805.07121
G0 F9000 X105.626 Y95.05
G0 X106.011 Y94.866
G0 X106.334 Y94.426
G1 F1500 E803.57121
G1 F900 Z7.61
G0 F9000 X106.404 Y94.426 Z7.61
G0 X106.051 Y87.594
;TYPE:WALL-INNER
G1 F900 Z6.61
G1 F480 E805.13357
G1 F500 X106.051 Y86.527 E805.16019
G1 X106.805 Y86.527 E805.179
G1 X106.805 Y87.397 E805.2007
G1 X106.805 Y87.597 E805.20569
G1 X106.605 Y87.597 E805.20892
G1 X106.051 Y87.594 E805.22274
G0 F9000 X105.626 Y88.017
;TYPE:WALL-OUTER
G1 F300 X105.626 Y86.102 E805.26454
G1 X107.23 Y86.102 E805.29955
G1 X107.23 Y87.711 E805.33467
G1 X107.23 Y87.748 E805.33548
G1 X107.358 Y87.968 E805.34103
G1 X107.303 Y88.024 E805.34274
G1 X107.229 Y88.024 E805.34275
G1 X107.192 Y88.024 E805.34356
G1 X106.205 Y88.019 E805.3651
G0 F270 X105.626 Y88.017
G0 F9000 X105.626 Y87.817
G0 X106.012 Y87.634
G0 X106.451 Y87.312
G1 F1500 E803.8651
G1 F900 Z7.61
G0 F9000 X106.405 Y87.196 Z7.61
G0 X142.196 Y87.593
;TYPE:WALL-INNER
G1 F900 Z6.61
G1 F480 E805.4401
G1 F500 X142.196 Y86.527 E805.4667
G1 X142.95 Y86.527 E805.4855
G1 X142.95 Y87.398 E805.50723
G1 X142.95 Y87.399 E805.50726
G1 X142.95 Y87.599 E805.51225
G1 X142.75 Y87.599 E805.51548
G1 X142.749 Y87.598 E805.51551
G1 X142.4 Y87.594 E805.52422
G0 F450 X142.196 Y87.593
G0 F9000 X141.771 Y87.75
;TYPE:WALL-OUTER
G1 F480 E805.52931
G1 F300 X141.771 Y86.102 E805.56528
G1 X143.375 Y86.102 E805.60029
G1 X143.375 Y88.024 E805.64224
G1 X142.473 Y88.024 E805.66193
G1 X141.766 Y88.01 E805.67736
G1 X141.695 Y88.008 E805.67891
G1 X141.647 Y87.964 E805.68033
G1 X141.771 Y87.75 E805.68405
G0 F9000 X141.771 Y87.55
G0 X142.156 Y87.55
G0 X142.599 Y87.197
G1 F1500 E804.18405
G1 F900 Z7.61
G0 F9000 X142.596 Y87.197 Z7.61
G0 X142.196 Y94.826
;TYPE:WALL-INNER
G1 F900 Z6.61
G1 F480 E805.74641
G1 F500 X142.196 Y91.114 E805.839
G1 X142.196 Y90.914 E805.84399
G1 X142.396 Y90.915 E805.84722
G1 X142.95 Y90.918 E805.86104
G1 X142.95 Y94.628 E805.95358
G1 X142.95 Y94.827 E805.95855
G1 X142.751 Y94.827 E805.96176
G1 X142.196 Y94.826 E805.9756
G0 F9000 X141.771 Y95.251
;TYPE:WALL-OUTER
G1 F300 X141.771 Y90.796 E806.07284
G1 X141.771 Y90.756 E806.07372
G1 X141.644 Y90.538 E806.07922
G1 X141.697 Y90.486 E806.08084
G1 X141.772 Y90.486
G1 X141.812 Y90.486 E806.08172
G1 X143.375 Y90.496 E806.11583
G1 X143.375 Y95.077 E806.21582
G1 X143.375 Y95.252 E806.21964
G1 X143.2 Y95.252 E806.22211
G1 X141.771 Y95.251 E806.2533
G0 F9000 X141.771 Y95.051
G0 X142.156 Y94.867
G0 X142.479 Y94.427
G1 F1500 E804.7533
G1 F900 Z7.61
G0 F9000 X142.55 Y94.427 Z7.61
G0 X106.451 Y91.723
;TIME_ELAPSED:1597.980883
;LAYER:43
G0 X106.451 Y91.723 Z7.76
;TYPE:WALL-INNER
G1 F900 Z6.76
G1 F480 E806.31567
G1 F500 X106.451 Y91.647 E806.31756
G1 X106.451 Y91.35 E806.32497
G1 X106.548 Y91.351 E806.32501
G1 X106.549 Y91.647 E806.3268
G1 X106.451 Y91.723 E806.32793
G0 F9000 X106.804 Y91.955
G1 F500 X106.804 Y94.477 E806.39084
G1 X106.804 Y94.676 E806.3958
G1 X106.605 Y94.676 E806.39902
G1 X106.051 Y94.675 E806.41284
G1 X106.051 Y91.147 E806.50084
G1 X106.051 Y90.946 E806.50586
G1 X106.252 Y90.948 E806.50909
G1 X106.948 Y90.955 E806.52646
G1 X106.949 Y91.63 E806.54329
G0 F450 X106.949 Y91.842
G0 X106.804 Y91.955
G0 F9000 X105.626 Y95.1
;TYPE:WALL-OUTER
G1 F480 E806.55315
G1 F300 X105.626 Y90.692 E806.64936
G1 X105.626 Y90.691 E806.64938
G1 X105.626 Y90.516 E806.6532
G1 X105.801 Y90.516 E806.65567
G1 X105.802 Y90.517 E806.6557
G1 X107.305 Y90.534 E806.68851
G1 X107.373 Y90.598 E806.69055
G1 X107.374 Y92.05 E806.72224
G1 X107.229 Y92.163 E806.72626
G1 X107.229 Y94.926 E806.78656
G1 X107.229 Y95.101 E806.79038
G1 X107.054 Y95.101 E806.79285
G1 X105.626 Y95.1 E806.82402
G0 F9000 X105.626 Y94.9
G0 X106.011 Y94.716
G0 X106.334 Y94.276
G1 F1500 E805.32402
G1 F900 Z7.76
G0 F9000 X106.404 Y94.276 Z7.76
G0 X106.451 Y87.139
;TYPE:WALL-INNER
G1 F900 Z6.76
G1 F480 E806.88639
G1 F500 X106.451 Y86.975 E806.89048
G1 X106.548 Y86.975 E806.8929
G1 X106.549 Y87.14 E806.89393
G1 X106.451 Y87.139 E806.89497
G0 F9000 X106.749 Y87.541
G1 F500 X106.051 Y87.537 E806.91238
G1 X106.051 Y86.575 E806.93638
G1 X106.841 Y86.575 E806.95608
G1 X106.948 Y86.659 E806.95948
G1 X106.949 Y87.342 E806.97652
G1 X106.949 Y87.542 E806.9815
G1 X106.749 Y87.541 E806.98473
G0 F9000 X105.802 Y87.965
;TYPE:WALL-OUTER
G1 F300 X105.801 Y87.966 E806.98476
G1 X105.626 Y87.966 E806.98858
G1 X105.626 Y87.791 E806.99105
G1 X105.626 Y87.79 E806.99107
G1 X105.626 Y86.15 E807.02687
G1 X107.23 Y86.15 E807.06188
G1 X107.23 Y86.34 E807.06603
G1 X107.373 Y86.452 E807.06999
G1 X107.374 Y87.597 E807.09498
G0 F270 X107.374 Y87.776
G0 X107.374 Y87.902
G0 X107.3 Y87.969
G0 X107.174 Y87.969
G0 X106.108 Y87.962
G0 X105.802 Y87.965
G0 F9000 X105.801 Y87.966
G0 X105.626 Y87.966
G0 X105.626 Y87.942
G0 X106.009 Y87.577
G0 X106.451 Y87.255
G1 F1500 E805.59498
G1 F900 Z7.76
G0 F9000 X106.452 Y87.14 Z7.76
G0 X142.452 Y86.975
;TYPE:WALL-INNER
G1 F900 Z6.76
G1 F480 E807.19886
G1 F500 X142.55 Y86.975 E807.20131
G1 X142.55 Y87.141 E807.20545
G1 X142.453 Y87.142 E807.20645
G1 X142.452 Y86.975 E807.20748
G0 F9000 X142.291 Y86.575
G1 F500 X142.95 Y86.575 E807.22392
G1 X142.95 Y87.539 E807.24796
G1 X142.253 Y87.543 E807.26535
G1 X142.053 Y87.544 E807.27034
G1 X142.053 Y87.344 E807.27356
G1 X142.052 Y86.79 E807.28738
G1 X142.052 Y86.66 E807.29062
G1 X142.148 Y86.585 E807.29366
G0 F450 X142.161 Y86.575
G0 X142.291 Y86.575
G0 F9000 X141.771 Y86.34
;TYPE:WALL-OUTER
G1 F480 E807.29733
G1 F300 X141.771 Y86.15 E807.30148
G1 X141.779 Y86.15 E807.30165
G1 X143.375 Y86.15 E807.33649
G1 X143.375 Y87.792 E807.37233
G1 X143.375 Y87.793 E807.37235
G1 X143.375 Y87.969 E807.37619
G1 X143.199 Y87.968 E807.37867
G1 X143.198 Y87.967 E807.37871
G1 X142.877 Y87.963 E807.38571
G1 X141.824 Y87.972 E807.4087
G1 X141.695 Y87.972 E807.41151
G1 X141.628 Y87.907 E807.41355
G1 X141.628 Y87.778 E807.41637
G1 X141.627 Y87.465 E807.4232
G0 F270 X141.627 Y86.46
G0 X141.627 Y86.452
G0 X141.771 Y86.34
G0 F9000 X141.771 Y86.15
G0 X141.779 Y86.15
G0 X141.781 Y86.15
G0 X142.453 Y86.915
G1 F1500 E805.9232
G1 F900 Z7.76
G0 F9000 X142.453 Y86.975 Z7.76
G0 X142.452 Y91.649
;TYPE:WALL-INNER
G1 F900 Z6.76
G1 F480 E807.51164
G1 F500 X142.451 Y91.361 E807.51883
G1 X142.55 Y91.36 E807.5213
G1 X142.55 Y91.649 E807.52309
G1 X142.55 Y91.726
G1 X142.452 Y91.649 E807.52419
G0 F9000 X142.196 Y91.957
G1 F500 X142.052 Y91.844 E807.52876
G1 X142.051 Y91.16 E807.54582
G1 X142.051 Y90.961 E807.55079
G1 X142.25 Y90.961 E807.554
G1 X142.95 Y90.96 E807.57146
G1 X142.95 Y94.478 E807.65922
G1 X142.95 Y94.677 E807.66418
G1 X142.751 Y94.677 E807.66739
G1 X142.196 Y94.676 E807.68124
G1 X142.196 Y92.963 E807.72397
G0 F450 X142.196 Y91.957
G0 F9000 X141.771 Y92.164
;TYPE:WALL-OUTER
G1 F480 E807.74906
G1 F300 X141.627 Y92.051 E807.75306
G1 X141.626 Y90.601 E807.78471
G1 X141.695 Y90.537 E807.78676
G1 X143.2 Y90.534 E807.81961
G1 X143.375 Y90.534 E807.82343
G1 X143.375 Y90.709 E807.8259
G1 X143.375 Y94.927 E807.91797
G1 X143.375 Y95.102 E807.92179
G1 X143.2 Y95.102 E807.92426
G1 X141.771 Y95.101 E807.95545
G1 X141.771 Y93.25 E807.99585
G0 F270 X141.771 Y92.164
G0 F9000 X141.627 Y92.051
G0 X141.627 Y92.034
G0 X142.452 Y91.67
G1 F1500 E806.49585
G1 F900 Z7.76
G0 F9000 X142.55 Y91.783 Z7.76
G0 X106.451 Y91.724
;TIME_ELAPSED:1613.796894
;LAYER:44
G0 X106.451 Y91.724 Z7.91
;TYPE:WALL-INNER
G1 F900 Z6.91
G1 F480 E808.08192
G1 F500 X106.451 Y91.58 E808.08551
G1 X106.451 Y91.386 E808.09035
G1 X106.636 Y91.386 E808.09392
G1 X106.636 Y91.58 E808.09616
G1 X106.616 Y91.596
G1 X106.451 Y91.724 E808.09821
G0 F9000 X106.804 Y91.956
G1 F500 X106.804 Y94.327 E808.15736
G1 X106.804 Y94.526 E808.16232
G1 X106.605 Y94.526 E808.16554
G1 X106.051 Y94.525 E808.17935
G1 X106.051 Y90.987 E808.26761
G1 X106.837 Y90.985 E808.28722
G1 X107.036 Y90.985 E808.29218
G1 X107.036 Y91.184 E808.29539
G1 X107.036 Y91.775 E808.31014
G1 X106.889 Y91.89 E808.31479
G0 F450 X106.804 Y91.956
G0 F9000 X105.626 Y94.95
;TYPE:WALL-OUTER
G1 F480 E808.31749
G1 F300 X105.626 Y90.563 E808.41324
G1 X107.235 Y90.56 E808.44836
G1 X107.308 Y90.56 E808.44995
G1 X107.461 Y90.694 E808.45439
G1 X107.461 Y90.767 E808.45599
G1 X107.461 Y91.982 E808.48251
G1 X107.229 Y92.163 E808.48893
G1 X107.229 Y94.776 E808.54596
G1 X107.229 Y94.951 E808.54978
G1 X107.054 Y94.951 E808.55225
G1 X105.626 Y94.95 E808.58342
G0 F9000 X105.626 Y94.75
G0 X106.011 Y94.566
G0 X106.334 Y94.126
G1 F1500 E807.08342
G1 F900 Z7.91
G0 F9000 X106.404 Y94.126 Z7.91
G0 X106.451 Y87.128
;TYPE:WALL-INNER
G1 F900 Z6.91
G1 F480 E808.64579
G1 F500 X106.451 Y87.023 E808.64841
G1 X106.636 Y87.023 E808.65302
G1 X106.636 Y87.126 E808.6542
G1 X106.451 Y87.128 E808.6554
G0 F9000 X106.387 Y87.53
G1 F500 X106.324 Y87.53 E808.65697
G1 X106.051 Y87.526 E808.66378
G1 X106.051 Y87.463 E808.66535
G1 X106.051 Y86.623 E808.68631
G1 X106.901 Y86.623 E808.70751
G1 X107.036 Y86.728 E808.71178
G1 X107.036 Y86.824 E808.71417
G0 F450 X107.036 Y87.521
G0 X106.387 Y87.53
G0 F9000 X105.626 Y87.946
;TYPE:WALL-OUTER
G1 F480 E808.74775
G1 F300 X105.626 Y86.198 E808.7859
G1 X107.23 Y86.198 E808.82091
G1 X107.23 Y86.34 E808.82401
G1 X107.461 Y86.52 E808.8304
G1 X107.461 Y87.792 E808.85817
G0 F270 X107.461 Y87.809
G0 X107.308 Y87.943
G0 X106.324 Y87.955
G0 X105.626 Y87.946
G0 F9000 X105.626 Y87.746
G0 X106.013 Y87.566
G0 X106.334 Y87.129
G1 F1500 E807.35817
G1 F900 Z7.91
G0 F9000 X106.451 Y87.128 Z7.91
G0 X142.365 Y87.023
;TYPE:WALL-INNER
G1 F900 Z6.91
G1 F480 E808.96205
G1 F500 X142.55 Y87.023 E808.96666
G1 X142.55 Y87.117 E808.96901
G1 X142.365 Y87.117 E808.97009
G1 X142.365 Y87.023 E808.97118
G0 F9000 X142.1 Y86.623
G1 F500 X142.95 Y86.623 E808.99238
G1 X142.95 Y87.319 E809.00975
G1 X142.95 Y87.518 E809.01471
G1 X142.751 Y87.518 E809.01792
G1 X141.965 Y87.516 E809.03753
G1 X141.965 Y86.911 E809.05262
G0 F450 X141.965 Y86.728
G0 X142.1 Y86.623
G0 F9000 X141.771 Y86.34
;TYPE:WALL-OUTER
G1 F480 E809.06145
G1 F300 X141.771 Y86.198 E809.06455
G1 X143.375 Y86.198 E809.09956
G1 X143.375 Y87.769 E809.13385
G1 X143.375 Y87.944 E809.13767
G1 X143.2 Y87.944 E809.14014
G1 X141.692 Y87.94 E809.17306
G1 X141.54 Y87.81 E809.17742
G1 X141.54 Y86.887 E809.19757
G0 F270 X141.54 Y86.52
G0 X141.771 Y86.34
G0 F9000 X141.771 Y86.198
G0 X141.829 Y86.198
G0 X141.926 Y86.708
G0 X142.324 Y87.023
G1 F1500 E807.69757
G1 F900 Z7.91
G0 F9000 X142.365 Y87.023 Z7.91
G0 X142.364 Y91.581
;TYPE:WALL-INNER
G1 F900 Z6.91
G1 F480 E809.27432
G1 F500 X142.364 Y91.387 E809.27916
G1 X142.55 Y91.387 E809.28379
G1 X142.55 Y91.581 E809.28605
G1 X142.55 Y91.726 E809.28967
G1 X142.385 Y91.598 E809.29172
G1 X142.364 Y91.581
G0 F9000 X142.196 Y91.957
G1 F500 X141.964 Y91.776 E809.29906
G1 X141.964 Y91.185 E809.3138
G1 X141.964 Y90.986 E809.31877
G1 X142.163 Y90.986 E809.32198
G1 X142.95 Y90.988 E809.34161
G1 X142.95 Y94.328 E809.42493
G1 X142.95 Y94.527 E809.42989
G1 X142.751 Y94.527 E809.4331
G1 X142.196 Y94.526 E809.44695
G1 X142.196 Y92.907 E809.48733
G0 F450 X142.196 Y91.957
G0 F9000 X141.771 Y92.164
;TYPE:WALL-OUTER
G1 F480 E809.51103
G1 F300 X141.539 Y91.983 E809.51745
G1 X141.539 Y90.769 E809.54395
G1 X141.539 Y90.698 E809.5455
G1 X141.695 Y90.56 E809.55005
G1 X141.766 Y90.56 E809.5516
G1 X143.375 Y90.564 E809.58672
G1 X143.375 Y94.777 E809.67867
G1 X143.375 Y94.952 E809.68249
G1 X143.2 Y94.952 E809.68496
G1 X141.771 Y94.951 E809.71615
G1 X141.771 Y93.194 E809.7545
G0 F270 X141.771 Y92.164
G0 F9000 X141.614 Y92.041
G0 X141.924 Y91.739
G0 X142.442 Y91.642
G1 F1500 E808.2545
G1 F900 Z7.91
G0 F9000 X142.55 Y91.782 Z7.91
G0 X106.451 Y91.724
;TIME_ELAPSED:1629.453541
;LAYER:45
G0 X106.451 Y91.724 Z8.06
;TYPE:WALL-INNER
G1 F900 Z7.06
G1 F480 E809.83935
G1 F500 X106.451 Y91.58 E809.84294
G1 X106.451 Y91.389 E809.84771
G1 X106.636 Y91.389 E809.85128
G1 X106.636 Y91.58 E809.85349
G1 X106.614 Y91.597
G1 X106.451 Y91.724 E809.8555
G0 F9000 X106.804 Y91.956
G1 F500 X106.804 Y94.177 E809.9109
G1 X106.804 Y94.376 E809.91587
G1 X106.605 Y94.376 E809.91908
G1 X106.051 Y94.375 E809.9329
G1 X106.051 Y91.187 E810.01242
G1 X106.051 Y90.988 E810.01739
G1 X106.25 Y90.988 E810.0206
G1 X107.036 Y90.99 E810.04021
G1 X107.036 Y91.67 E810.05717
G0 F450 X107.036 Y91.775
G0 X106.804 Y91.956
G0 F9000 X105.626 Y94.8
;TYPE:WALL-OUTER
G1 F480 E810.06712
G1 F300 X105.626 Y90.737 E810.1558
G1 X105.626 Y90.562 E810.15962
G1 X105.801 Y90.562 E810.1621
G1 X107.308 Y90.566 E810.19499
G1 X107.461 Y90.695 E810.19936
G1 X107.461 Y91.982 E810.22745
G1 X107.229 Y92.163 E810.23387
G1 X107.229 Y94.626 E810.28763
G1 X107.229 Y94.801 E810.29145
G1 X107.054 Y94.801 E810.29392
G1 X105.626 Y94.8 E810.32509
G0 F9000 X105.626 Y94.6
G0 X106.011 Y94.416
G0 X106.334 Y93.976
G1 F1500 E808.82509
G1 F900 Z8.06
G0 F9000 X106.404 Y93.976 Z8.06
G0 X106.451 Y87.112
;TYPE:WALL-INNER
G1 F900 Z7.06
G1 F480 E810.38745
G1 F500 X106.451 Y87.072 E810.38845
G1 X106.636 Y87.071 E810.39307
G1 X106.636 Y87.113 E810.39357
G1 X106.451 Y87.112 E810.39404
G0 F9000 X106.836 Y87.515
G1 F500 X106.051 Y87.509 E810.41362
G1 X106.051 Y86.672 E810.4345
G1 X106.81 Y86.671 E810.45343
G1 X106.963 Y86.671 E810.45725
G1 X107.036 Y86.728 E810.45956
G1 X107.036 Y86.881 E810.46337
G1 X107.036 Y87.316 E810.47422
G1 X107.036 Y87.516 E810.47921
G1 X106.836 Y87.515 E810.48244
G0 F9000 X105.626 Y87.931
;TYPE:WALL-OUTER
G1 F300 X105.626 Y86.247 E810.51919
G1 X107.23 Y86.246 E810.55421
G1 X107.23 Y86.34 E810.55626
G1 X107.461 Y86.52 E810.56265
G1 X107.461 Y87.789 E810.59035
G0 F270 X107.461 Y87.808
G0 X107.309 Y87.938
G0 X106.996 Y87.942
G0 X105.626 Y87.931
G0 F9000 X105.626 Y87.731
G0 X106.013 Y87.55
G0 X106.451 Y87.228
G1 F1500 E809.09035
G1 F900 Z8.06
G0 F9000 X106.451 Y87.112 Z8.06
G0 X142.365 Y87.071
;TYPE:WALL-INNER
G1 F900 Z7.06
G1 F480 E810.69422
G1 F500 X142.55 Y87.071 E810.69884
G1 X142.55 Y87.114 E810.69991
G1 X142.365 Y87.115 E810.70042
G1 X142.365 Y87.071 E810.70093
G0 F9000 X141.965 Y87.316
G1 F500 X141.965 Y86.728 E810.7156
G1 X142.038 Y86.671 E810.71791
G1 X142.95 Y86.671 E810.74066
G1 X142.95 Y87.514 E810.76169
G1 X142.164 Y87.515 E810.78129
G1 X141.965 Y87.515 E810.78626
G1 X141.965 Y87.316 E810.78947
G0 F9000 X141.771 Y86.34
;TYPE:WALL-OUTER
G1 F300 X141.771 Y86.246 E810.79152
G1 X143.375 Y86.246 E810.82653
G1 X143.375 Y87.939 E810.86349
G1 X141.812 Y87.94 E810.8976
G0 F270 X141.767 Y87.94
G0 X141.692 Y87.94
G0 X141.54 Y87.81
G0 X141.54 Y87.735
G0 X141.54 Y86.52
G0 X141.771 Y86.34
G0 F9000 X141.771 Y86.246
G0 X141.877 Y86.246
G0 X141.933 Y86.702
G0 X142.324 Y87.071
G1 F1500 E809.3976
G1 F900 Z8.06
G0 F9000 X142.365 Y87.071 Z8.06
G0 X142.364 Y91.581
;TYPE:WALL-INNER
G1 F900 Z7.06
G1 F480 E811.00148
G1 F500 X142.364 Y91.389 E811.00627
G1 X142.55 Y91.386 E811.01091
G1 X142.55 Y91.581 E811.0132
G1 X142.55 Y91.726 E811.01681
G1 X142.385 Y91.598 E811.01886
G1 X142.364 Y91.581
G0 F9000 X142.196 Y91.957
G1 F500 X141.964 Y91.776 E811.0262
G1 X141.964 Y90.994 E811.04571
G1 X142.748 Y90.983 E811.06527
G1 X142.749 Y90.982 E811.06531
G1 X142.95 Y90.981 E811.07032
G1 X142.95 Y91.182 E811.07356
G1 X142.95 Y91.183 E811.07359
G1 X142.95 Y94.178 E811.1483
G1 X142.95 Y94.377 E811.15326
G1 X142.751 Y94.377 E811.15647
G1 X142.196 Y94.376 E811.17032
G1 X142.196 Y92.852 E811.20833
G0 F450 X142.196 Y91.957
G0 F9000 X141.771 Y92.164
;TYPE:WALL-OUTER
G1 F480 E811.23066
G1 F300 X141.539 Y91.983 E811.23708
G1 X141.539 Y90.698 E811.26513
G1 X141.691 Y90.573 E811.26943
G1 X142.926 Y90.556 E811.29638
G1 X143.375 Y90.562 E811.30619
G1 X143.375 Y94.627 E811.39491
G1 X143.375 Y94.802 E811.39873
G1 X143.2 Y94.802 E811.4012
G1 X141.771 Y94.801 E811.4324
G1 X141.771 Y93.139 E811.46867
G0 F270 X141.771 Y92.164
G0 F9000 X141.614 Y92.041
G0 X141.924 Y91.739
G0 X142.442 Y91.642
G1 F1500 E809.96867
G1 F900 Z8.06
G0 F9000 X142.55 Y91.782 Z8.06
G0 X106.451 Y91.724
;TIME_ELAPSED:1644.867484
;LAYER:46
G0 X106.451 Y91.724 Z8.21
;TYPE:WALL-INNER
G1 F900 Z7.21
G1 F480 E811.55232
G1 F500 X106.451 Y91.58 E811.55591
G1 X106.451 Y91.381 E811.56087
G1 X106.636 Y91.38 E811.56549
G1 X106.636 Y91.58 E811.56781
G1 X106.618 Y91.594
G1 X106.451 Y91.724 E811.56992
G0 F9000 X106.804 Y91.956
G1 F500 X106.804 Y94.027 E811.62158
G1 X106.804 Y94.226 E811.62655
G1 X106.605 Y94.226 E811.62976
G1 X106.051 Y94.225 E811.64358
G1 X106.051 Y90.982 E811.72447
G1 X106.836 Y90.979 E811.74406
G1 X107.036 Y90.979 E811.74905
G1 X107.036 Y91.179 E811.75228
G1 X107.036 Y91.775 E811.76714
G1 X106.889 Y91.89 E811.7718
G0 F450 X106.804 Y91.956
G0 F9000 X105.626 Y94.65
;TYPE:WALL-OUTER
G1 F480 E811.77449
G1 F300 X105.626 Y90.558 E811.86381
G1 X107.235 Y90.553 E811.89893
G1 X107.306 Y90.553 E811.90048
G1 X107.461 Y90.693 E811.90504
G1 X107.461 Y90.764 E811.90659
G1 X107.461 Y91.982 E811.93317
G1 X107.229 Y92.163 E811.93959
G1 X107.229 Y94.476 E811.99008
G1 X107.229 Y94.651 E811.9939
G1 X107.054 Y94.651 E811.99637
G1 X105.626 Y94.65 E812.02754
G0 F9000 X105.626 Y94.45
G0 X106.011 Y94.266
G0 X106.334 Y93.826
G1 F1500 E810.52754
G1 F900 Z8.21
G0 F9000 X106.404 Y93.826 Z8.21
G0 X106.451 Y87.128
;TYPE:WALL-INNER
G1 F900 Z7.21
G1 F480 E812.0899
G1 F500 X106.451 Y87.12 E812.0901
G1 X106.636 Y87.119 E812.09472
G1 X106.636 Y87.128 E812.09483
G1 X106.451 Y87.128 E812.09492
G0 F9000 X106.051 Y87.33
G1 F500 X106.051 Y86.72 E812.11014
G1 X106.833 Y86.719 E812.12964
G1 X107.025 Y86.719 E812.13443
G1 X107.036 Y86.728 E812.13479
G1 X107.036 Y86.92 E812.13958
G1 X107.036 Y87.526 E812.1547
G1 X106.251 Y87.53 E812.17428
G1 X106.051 Y87.53 E812.17927
G1 X106.051 Y87.33 E812.1825
G0 F9000 X105.626 Y87.957
;TYPE:WALL-OUTER
G1 F300 X105.626 Y87.782 E812.18632
G1 X105.626 Y86.295 E812.21877
G1 X107.217 Y86.294 E812.2535
G1 X107.23 Y86.294 E812.25378
G1 X107.23 Y86.34 E812.25479
G1 X107.461 Y86.52 E812.26118
G1 X107.461 Y86.533 E812.26146
G1 X107.461 Y87.81 E812.28934
G1 X107.306 Y87.95 E812.2939
G1 X105.801 Y87.957 E812.32675
G1 X105.626 Y87.957 E812.32922
G0 F9000 X105.626 Y87.782
G0 X105.626 Y87.757
G0 X106.011 Y87.57
G0 X106.334 Y87.128
G1 F1500 E810.82922
G1 F900 Z8.21
G0 F9000 X106.451 Y87.128 Z8.21
G0 X141.976 Y86.719
;TYPE:WALL-INNER
G1 F900 Z7.21
G1 F480 E812.39158
G1 F500 X142.168 Y86.719 E812.39637
G1 X142.95 Y86.72 E812.41588
G1 X142.95 Y87.325 E812.43097
G1 X142.95 Y87.525 E812.43596
G1 X142.75 Y87.524 E812.43918
G1 X141.965 Y87.52 E812.45876
G1 X141.965 Y87.012 E812.47144
G0 F450 X141.965 Y86.92
G0 X141.965 Y86.728
G0 X141.976 Y86.719
G0 F9000 X141.771 Y86.34
;TYPE:WALL-OUTER
G1 F480 E812.47887
G1 F300 X141.771 Y86.294 E812.47987
G1 X141.784 Y86.294 E812.48016
G1 X143.375 Y86.295 E812.51488
G1 X143.375 Y87.778 E812.54725
G1 X143.375 Y87.779 E812.54728
G1 X143.375 Y87.954 E812.55109
G1 X143.2 Y87.954 E812.55357
G1 X143.199 Y87.953 E812.5536
G1 X142.27 Y87.943 E812.57388
G1 X141.766 Y87.946 E812.58488
G1 X141.694 Y87.946 E812.58645
G1 X141.54 Y87.81 E812.59093
G1 X141.54 Y87.738 E812.5925
G1 X141.54 Y87.445 E812.5989
G0 F270 X141.54 Y86.533
G0 X141.54 Y86.52
G0 X141.771 Y86.34
G0 F9000 X141.771 Y86.294
G0 X141.784 Y86.294
G0 X141.925 Y86.294
G0 X141.925 Y86.679
G0 X142.325 Y87.119
G1 F1500 E811.0989
G1 F900 Z8.21
G0 F9000 X142.365 Y87.119 Z8.21
G0 X142.364 Y91.581
;TYPE:WALL-INNER
G1 F900 Z7.21
G1 F480 E812.68783
G1 F500 X142.364 Y91.369 E812.69311
G1 X142.55 Y91.372 E812.69775
G1 X142.55 Y91.581 E812.70017
G1 X142.55 Y91.726 E812.70378
G1 X142.378 Y91.592 E812.70602
G1 X142.364 Y91.581
G0 F9000 X142.196 Y91.957
G1 F500 X141.964 Y91.776 E812.71336
G1 X141.964 Y91.027 E812.73205
G1 X141.964 Y90.972 E812.73342
G1 X142.254 Y90.968 E812.74065
G1 X142.309 Y90.968 E812.74202
G1 X142.95 Y90.977 E812.75802
G1 X142.95 Y94.028 E812.83412
G1 X142.95 Y94.227 E812.83909
G1 X142.751 Y94.227 E812.8423
G1 X142.196 Y94.226 E812.85614
G1 X142.196 Y92.796 E812.89181
G0 F450 X142.196 Y91.957
G0 F9000 X141.771 Y92.164
;TYPE:WALL-OUTER
G1 F480 E812.91274
G1 F300 X141.539 Y91.983 E812.91917
G1 X141.539 Y90.693 E812.94732
G1 X141.694 Y90.551 E812.95191
G1 X142.254 Y90.543 E812.96414
G1 X143.375 Y90.558 E812.98861
G1 X143.375 Y94.477 E813.07415
G1 X143.375 Y94.652 E813.07797
G1 X143.2 Y94.652 E813.08044
G1 X141.771 Y94.651 E813.11163
G1 X141.771 Y93.083 E813.14585
G0 F270 X141.771 Y92.164
G0 F9000 X141.614 Y92.041
G0 X141.924 Y91.739
G0 X142.442 Y91.642
G1 F1500 E811.64585
G1 F900 Z8.21
G0 F9000 X142.55 Y91.782 Z8.21
G0 X106.451 Y91.721
;TIME_ELAPSED:1659.816742
;LAYER:47
G0 X106.451 Y91.721 Z8.36
;TYPE:WALL-INNER
G1 F900 Z7.36
G1 F480 E813.22827
G1 F500 X106.451 Y91.69 E813.22905
G1 X106.451 Y91.349 E813.23755
G1 X106.492 Y91.349
G1 X106.492 Y91.69 E813.23843
G1 X106.451 Y91.721 E813.23883
G0 F9000 X106.804 Y91.954
G1 F500 X106.804 Y93.877 E813.2868
G1 X106.804 Y94.076 E813.29176
G1 X106.605 Y94.076 E813.29497
G1 X106.051 Y94.075 E813.30879
G1 X106.051 Y90.95 E813.38675
G1 X106.693 Y90.948 E813.40276
G1 X106.892 Y90.948 E813.40773
G1 X106.892 Y91.147 E813.41094
G1 X106.892 Y91.886 E813.42937
G1 X106.836 Y91.929 E813.43113
G0 F450 X106.804 Y91.954
G0 F9000 X105.626 Y94.5
;TYPE:WALL-OUTER
G1 F480 E813.43216
G1 F300 X105.626 Y90.526 E813.5189
G1 X107.138 Y90.522 E813.5519
G1 X107.303 Y90.522 E813.5555
G1 X107.317 Y90.536 E813.55593
G1 X107.317 Y90.701 E813.55953
G1 X107.317 Y92.095 E813.58996
G1 X107.229 Y92.163 E813.59239
G1 X107.229 Y94.326 E813.6396
G1 X107.229 Y94.501 E813.64342
G1 X107.054 Y94.501 E813.64589
G1 X105.626 Y94.5 E813.67706
G0 F9000 X105.626 Y94.3
G0 X106.011 Y94.116
G0 X106.334 Y93.676
G1 F1500 E812.17706
G1 F900 Z8.36
G0 F9000 X106.404 Y93.676 Z8.36
G0 X106.051 Y87.559
;TYPE:WALL-INNER
G1 F900 Z7.36
G1 F480 E813.73942
G1 F500 X106.051 Y87.36 E813.74439
G1 X106.051 Y86.768 E813.75915
G1 X106.892 Y86.767 E813.78013
G1 X106.893 Y87.557 E813.79984
G1 X106.25 Y87.559 E813.81588
G1 X106.051 Y87.559 E813.81909
G0 F9000 X105.626 Y87.985
;TYPE:WALL-OUTER
G1 F300 X105.626 Y87.81 E813.82291
G1 X105.626 Y86.343 E813.85493
G1 X107.231 Y86.342 E813.88996
G1 X107.317 Y86.408 E813.89233
G1 X107.318 Y87.967 E813.92636
G1 X107.304 Y87.981 E813.92679
G1 X105.801 Y87.985 E813.9596
G1 X105.626 Y87.985 E813.96207
G0 F9000 X105.626 Y87.81
G0 X105.626 Y87.785
G0 X106.012 Y87.599
G0 X106.451 Y87.276
G1 F1500 E812.46207
G1 F900 Z8.36
G0 F9000 X106.451 Y87.168 Z8.36
G0 X142.95 Y87.565
;TYPE:WALL-INNER
G1 F900 Z7.36
G1 F480 E814.02443
G1 F500 X142.75 Y87.565 E814.02942
G1 X142.749 Y87.564 E814.02946
G1 X142.109 Y87.557 E814.04542
G1 X142.108 Y86.966 E814.06016
G1 X142.108 Y86.767 E814.06513
G1 X142.307 Y86.767 E814.06834
G1 X142.95 Y86.768 E814.08438
G1 X142.95 Y87.364 E814.09925
G1 X142.95 Y87.365 E814.09927
G1 X142.95 Y87.565 E814.1025
G0 F9000 X143.199 Y87.993
;TYPE:WALL-OUTER
G1 F300 X141.696 Y87.978 E814.13531
G1 X141.684 Y87.967 E814.13566
G1 X141.683 Y86.53 E814.16703
G1 X141.683 Y86.409 E814.16967
G1 X141.768 Y86.342 E814.17203
G1 X141.889 Y86.342 E814.17467
G1 X143.375 Y86.343 E814.20711
G1 X143.375 Y87.818 E814.2393
G1 X143.375 Y87.819 E814.23933
G1 X143.375 Y87.994 E814.24315
G1 X143.2 Y87.994 E814.24562
G1 X143.199 Y87.993 E814.24565
G0 F9000 X142.999 Y87.992
G0 X143.002 Y87.606
G0 X142.55 Y87.281
G1 F1500 E812.74565
G1 F900 Z8.36
G0 F9000 X142.551 Y87.167 Z8.36
G0 X142.509 Y91.69
;TYPE:WALL-INNER
G1 F900 Z7.36
G1 F480 E814.30801
G1 F500 X142.508 Y91.347 E814.31657
G1 X142.55 Y91.346 E814.31762
G1 X142.55 Y91.69 E814.31852
G1 X142.55 Y91.722
G1 X142.509 Y91.69
G0 F9000 X142.196 Y91.954
G1 F500 X142.109 Y91.887 E814.32126
G1 X142.108 Y90.949 E814.34466
G1 X142.75 Y90.945 E814.36067
G1 X142.95 Y90.944 E814.36566
G1 X142.95 Y91.144 E814.36889
G1 X142.95 Y94.076 E814.44202
G1 X142.196 Y94.076 E814.46083
G1 X142.196 Y93.018 E814.48722
G0 F450 X142.196 Y91.954
G0 F9000 X141.771 Y92.163
;TYPE:WALL-OUTER
G1 F480 E814.51377
G1 F300 X141.684 Y92.096 E814.51616
G1 X141.683 Y90.539 E814.55015
G1 X141.697 Y90.526 E814.55056
G1 X143.2 Y90.517 E814.58337
G1 X143.375 Y90.517 E814.58719
G1 X143.375 Y90.692 E814.58966
G1 X143.375 Y94.501 E814.6728
G1 X141.771 Y94.501 E814.70781
G1 X141.771 Y93.621 E814.72702
G0 F270 X141.771 Y92.163
G0 F9000 X141.684 Y92.096
G0 X141.684 Y92.005
G0 X142.509 Y91.711
G1 F1500 E813.22702
G1 F900 Z8.36
G0 F9000 X142.55 Y91.777 Z8.36
G0 X106.051 Y93.925
;TIME_ELAPSED:1674.185774
;LAYER:48
G0 X106.051 Y93.925 Z8.51
;TYPE:WALL-INNER
G1 F900 Z7.51
G1 F480 E814.82121
G1 F500 X106.051 Y90.895 E814.89679
G1 X106.605 Y90.894 E814.91061
G1 X106.804 Y90.894 E814.91557
G1 X106.804 Y91.093 E814.91879
G1 X106.804 Y93.727 E814.98449
G1 X106.804 Y93.926 E814.98945
G1 X106.605 Y93.926 E814.99267
G1 X106.051 Y93.925 E815.00649
G0 F9000 X105.626 Y94.35
;TYPE:WALL-OUTER
G1 F300 X105.626 Y90.47 E815.09117
G1 X107.108 Y90.469 E815.12352
G1 X107.303 Y90.469 E815.12778
G1 X107.394 Y90.557 E815.13054
G1 X107.295 Y90.725 E815.13362
G1 X107.229 Y90.838 E815.13647
G1 X107.229 Y94.176 E815.20933
G1 X107.229 Y94.351 E815.21315
G1 X107.054 Y94.351 E815.21562
G1 X105.626 Y94.35 E815.24679
G0 F9000 X105.626 Y94.15
G0 X106.011 Y93.966
G0 X106.334 Y93.526
G1 F1500 E813.74679
G1 F900 Z8.51
G0 F9000 X106.404 Y93.526 Z8.51
G0 X106.051 Y87.605
;TYPE:WALL-INNER
G1 F900 Z7.51
G1 F480 E815.30916
G1 F500 X106.051 Y87.405 E815.31414
G1 X106.051 Y86.816 E815.32884
G1 X106.606 Y86.815 E815.34268
G1 X106.805 Y86.815 E815.34765
G1 X106.805 Y87.014 E815.35086
G1 X106.805 Y87.603 E815.36555
G1 X106.251 Y87.605 E815.37937
G1 X106.051 Y87.605 E815.3826
G0 F9000 X105.804 Y88.037
;TYPE:WALL-OUTER
G1 F300 X105.803 Y88.038 E815.38263
G1 X105.626 Y88.04 E815.38649
G1 X105.626 Y87.863 E815.38899
G1 X105.626 Y87.862 E815.38901
G1 X105.626 Y86.391 E815.42112
G1 X107.055 Y86.39 E815.45231
G1 X107.23 Y86.39 E815.45613
G1 X107.23 Y86.565 E815.4586
G1 X107.23 Y87.664 E815.48259
G1 X107.293 Y87.773 E815.48534
G1 X107.393 Y87.945 E815.48968
G1 X107.305 Y88.028 E815.49232
G1 X107.106 Y88.028 E815.49543
G1 X106.118 Y88.029 E815.51699
G1 X105.92 Y88.035 E815.52132
G0 F270 X105.804 Y88.037
G0 F9000 X105.803 Y88.038
G0 X105.626 Y88.04
G0 X105.626 Y88.018
G0 X106.004 Y87.646
G0 X106.451 Y87.322
G1 F1500 E814.02132
G1 F900 Z8.51
G0 F9000 X106.405 Y87.203 Z8.51
G0 X142.196 Y87.606
;TYPE:WALL-INNER
G1 F900 Z7.51
G1 F480 E815.58621
G1 F500 X142.196 Y86.816 E815.60592
G1 X142.95 Y86.816 E815.62473
G1 X142.95 Y87.408 E815.6395
G1 X142.95 Y87.608 E815.64448
G1 X142.75 Y87.608 E815.64771
G1 X142.196 Y87.606 E815.66153
G0 F9000 X141.771 Y87.666
;TYPE:WALL-OUTER
G1 F300 X141.771 Y86.391 E815.68936
G1 X143.375 Y86.391 E815.72437
G1 X143.375 Y87.86 E815.75644
G1 X143.375 Y88.035 E815.76026
G1 X143.2 Y88.035 E815.76273
G1 X141.895 Y88.029 E815.79121
G1 X141.696 Y88.029 E815.79556
G1 X141.608 Y87.946 E815.7982
G1 X141.708 Y87.774 E815.8013
G1 X141.771 Y87.666 E815.80403
G0 F9000 X141.771 Y87.466
G0 X142.156 Y87.466
G0 X142.597 Y87.208
G1 F1500 E814.30403
G1 F900 Z8.51
G0 F9000 X142.596 Y87.208 Z8.51
G0 X142.196 Y93.926
;TYPE:WALL-INNER
G1 F900 Z7.51
G1 F480 E815.86639
G1 F500 X142.196 Y90.89 E815.94213
G1 X142.75 Y90.887 E815.95595
G1 X142.95 Y90.887 E815.96094
G1 X142.95 Y91.087 E815.96417
G1 X142.95 Y93.926 E816.03498
G1 X142.474 Y93.926 E816.04686
G0 F450 X142.196 Y93.926
G0 F9000 X141.771 Y94.351
;TYPE:WALL-OUTER
G1 F480 E816.05379
G1 F300 X141.771 Y90.84 E816.13043
G1 X141.702 Y90.722 E816.13341
G1 X141.606 Y90.557 E816.13758
G1 X141.698 Y90.466 E816.1404
G1 X141.889 Y90.466 E816.14343
G1 X143.2 Y90.461 E816.17205
G1 X143.375 Y90.461 E816.17587
G1 X143.375 Y90.636 E816.17834
G1 X143.375 Y94.351 E816.25943
G1 X142.364 Y94.351 E816.28149
G0 F270 X141.771 Y94.351
G0 F9000 X141.771 Y94.151
G0 X142.156 Y93.966
G0 X142.478 Y93.526
G1 F1500 E814.78149
G1 F900 Z8.51
G0 F9000 X142.55 Y93.526 Z8.51
G0 X106.051 Y93.776
;TIME_ELAPSED:1687.993871
;LAYER:49
G0 X106.051 Y93.776 Z8.66
;TYPE:WALL-INNER
G1 F900 Z7.66
G1 F480 E816.3568
G1 F500 X106.051 Y90.814 E816.43069
G1 X106.803 Y90.814 E816.44944
G1 X106.903 Y90.813 E816.45194
G1 X106.804 Y90.984 E816.45428
G1 X106.804 Y93.578 E816.51899
G1 X106.804 Y93.777 E816.52395
G1 X106.605 Y93.777 E816.52716
G1 X106.051 Y93.776 E816.54098
G0 F9000 X105.626 Y94.201
;TYPE:WALL-OUTER
G1 F300 X105.626 Y90.389 E816.62419
G1 X107.301 Y90.388 E816.66075
G1 X107.303 Y90.388 E816.66079
G1 X107.461 Y90.544 E816.66564
G1 X107.461 Y90.697 E816.66898
G1 X107.46 Y90.698 E816.66901
G1 X107.229 Y91.098 E816.67909
G1 X107.229 Y94.027 E816.74302
G1 X107.229 Y94.202 E816.74684
G1 X107.054 Y94.202 E816.74931
G1 X105.626 Y94.201 E816.78048
G0 F9000 X105.626 Y94.001
G0 X106.011 Y93.817
G0 X106.334 Y93.377
G1 F1500 E815.28048
G1 F900 Z8.66
G0 F9000 X106.404 Y93.377 Z8.66
G0 X106.051 Y87.713
;TYPE:WALL-INNER
G1 F900 Z7.66
G1 F480 E816.84284
G1 F500 X106.051 Y87.685 E816.84354
G1 X106.051 Y86.864 E816.86402
G1 X106.606 Y86.863 E816.87787
G1 X106.805 Y86.863 E816.88283
G1 X106.805 Y87.062 E816.88604
G1 X106.805 Y87.517 E816.89739
G1 X106.908 Y87.696 E816.90254
G1 X106.811 Y87.699
G1 X106.423 Y87.713 E816.91223
G1 X106.395 Y87.713 E816.91289
G1 X106.051 Y87.713 E816.92147
G0 F9000 X105.626 Y88.137
;TYPE:WALL-OUTER
G1 F300 X105.626 Y86.439 E816.95854
G1 X107.055 Y86.438 E816.98973
G1 X107.23 Y86.438 E816.99355
G1 X107.23 Y86.613 E816.99602
G1 X107.23 Y87.403 E817.01326
G1 X107.458 Y87.799 E817.02324
G1 X107.461 Y87.804 E817.02336
G1 X107.461 Y87.958 E817.02673
G1 X107.303 Y88.108 E817.03148
G1 X107.297 Y88.108 E817.03161
G1 X106.554 Y88.134 E817.04784
G0 F270 X106.408 Y88.138
G0 X105.626 Y88.137
G0 F9000 X105.626 Y87.937
G0 X106.011 Y87.753
G0 X106.333 Y87.313
G1 F1500 E815.54784
G1 F900 Z8.66
G0 F9000 X106.405 Y87.313 Z8.66
G0 X142.95 Y87.696
;TYPE:WALL-INNER
G1 F900 Z7.66
G1 F480 E817.13046
G1 F500 X142.75 Y87.696 E817.13545
G1 X142.749 Y87.695 E817.13548
G1 X142.195 Y87.689 E817.1493
G1 X142.099 Y87.687 E817.1517
G1 X142.196 Y87.52 E817.15403
G1 X142.196 Y86.864 E817.17039
G1 X142.95 Y86.864 E817.1892
G1 X142.95 Y87.495 E817.20494
G1 X142.95 Y87.496 E817.20496
G1 X142.95 Y87.696 E817.20819
G0 F9000 X143.199 Y88.125
;TYPE:WALL-OUTER
G1 F300 X141.705 Y88.108 E817.24081
G1 X141.697 Y88.108 E817.24098
G1 X141.54 Y87.959 E817.2457
G1 X141.54 Y87.806 E817.24904
G1 X141.544 Y87.8 E817.2492
G1 X141.771 Y87.406 E817.25913
G1 X141.771 Y86.439 E817.28023
G1 X143.375 Y86.439 E817.31524
G1 X143.375 Y87.95 E817.34822
G1 X143.375 Y87.951 E817.34825
G1 X143.375 Y88.126 E817.35207
G1 X143.2 Y88.126 E817.35454
G1 X143.199 Y88.125 E817.35457
G0 F9000 X142.999 Y88.123
G0 X143.003 Y87.737
G0 X142.55 Y87.412
G1 F1500 E815.85457
G1 F900 Z8.66
G0 F9000 X142.596 Y87.292 Z8.66
G0 X142.196 Y93.777
;TYPE:WALL-INNER
G1 F900 Z7.66
G1 F480 E817.41693
G1 F500 X142.196 Y90.986 E817.48655
G1 X142.101 Y90.821 E817.4913
G1 X142.196 Y90.821
G1 X142.95 Y90.821 E817.51011
G1 X142.95 Y93.159 E817.56843
G0 F450 X142.95 Y93.777
G0 X142.196 Y93.777
G0 F9000 X141.771 Y94.202
;TYPE:WALL-OUTER
G1 F480 E817.60266
G1 F300 X141.771 Y91.1 E817.67036
G1 X141.542 Y90.705 E817.68033
G1 X141.539 Y90.699 E817.68048
G1 X141.539 Y90.546 E817.68382
G1 X141.696 Y90.396 E817.68856
G1 X141.703 Y90.396 E817.68871
G1 X143.375 Y90.396 E817.7252
G1 X143.375 Y93.904 E817.80177
G0 F270 X143.375 Y94.202
G0 X141.771 Y94.202
G0 F9000 X141.771 Y94.002
G0 X142.156 Y93.817
G0 X142.478 Y93.377
G1 F1500 E816.30177
G1 F900 Z8.66
G0 F9000 X142.55 Y93.377 Z8.66
G0 X106.051 Y93.626
;TIME_ELAPSED:1701.941918
;LAYER:50
G0 X106.051 Y93.626 Z8.81
;TYPE:WALL-INNER
G1 F900 Z7.81
G1 F480 E817.90565
G1 F500 X106.051 Y90.686 E817.97899
G1 X106.723 Y90.685 E817.99575
G1 X106.87 Y90.685 E817.99942
G1 X107.036 Y90.691 E818.00356
G1 X107.036 Y90.843 E818.00735
G1 X106.963 Y90.97 E818.01033
G1 X106.804 Y91.244 E818.01823
G1 X106.804 Y93.428 E818.07271
G1 X106.804 Y93.627 E818.07768
G1 X106.605 Y93.627 E818.08089
G1 X106.051 Y93.626 E818.09471
G0 F9000 X105.626 Y94.051
;TYPE:WALL-OUTER
G1 F300 X105.626 Y90.261 E818.17743
G1 X106.886 Y90.26 E818.20493
G1 X107.293 Y90.275 E818.21382
G1 X107.375 Y90.375 E818.21665
G1 X107.461 Y90.457 E818.21924
G1 X107.461 Y90.957 E818.23015
G1 X107.229 Y91.358 E818.24027
G1 X107.229 Y93.877 E818.29525
G1 X107.229 Y94.052 E818.29907
G1 X107.054 Y94.052 E818.30154
G1 X105.626 Y94.051 E818.33271
G0 F9000 X105.626 Y93.851
G0 X106.011 Y93.667
G0 X106.334 Y93.227
G1 F1500 E816.83271
G1 F900 Z8.81
G0 F9000 X106.404 Y93.227 Z8.81
G0 X106.051 Y87.81
;TYPE:WALL-INNER
G1 F900 Z7.81
G1 F480 E818.39507
G1 F500 X106.051 Y86.912 E818.41747
G1 X106.805 Y86.912 E818.43628
G1 X106.805 Y87.257 E818.44489
G1 X106.93 Y87.474 E818.45113
G1 X107.036 Y87.657 E818.45641
G1 X107.036 Y87.811 E818.46025
G1 X106.824 Y87.811 E818.46414
G1 X106.051 Y87.81 E818.48342
G0 F9000 X105.626 Y88.235
;TYPE:WALL-OUTER
G1 F300 X105.626 Y86.488 E818.52155
G1 X107.055 Y86.486 E818.55274
G1 X107.23 Y86.486 E818.55656
G1 X107.23 Y86.661 E818.55903
G1 X107.23 Y87.143 E818.56956
G1 X107.461 Y87.544 E818.57966
G1 X107.461 Y88.044 E818.59057
G1 X107.417 Y88.085 E818.59188
G1 X107.296 Y88.228 E818.59597
G1 X107.049 Y88.236 E818.60137
G1 X106.69 Y88.235 E818.6092
G0 F270 X105.626 Y88.235
G0 F9000 X105.626 Y88.035
G0 X106.011 Y87.851
G0 X106.451 Y87.528
G1 F1500 E817.1092
G1 F900 Z8.81
G0 F9000 X106.419 Y87.36 Z8.81
G0 X142.196 Y87.259
;TYPE:WALL-INNER
G1 F900 Z7.81
G1 F480 E818.69479
G1 F500 X142.196 Y86.912 E818.70344
G1 X142.95 Y86.912 E818.72225
G1 X142.95 Y87.605 E818.73954
G1 X142.95 Y87.805 E818.74453
G1 X142.75 Y87.805 E818.74776
G1 X141.965 Y87.801 E818.76734
G1 X141.965 Y87.659 E818.77088
G1 X142.085 Y87.452 E818.77685
G0 F450 X142.196 Y87.259
G0 F9000 X141.771 Y87.145
;TYPE:WALL-OUTER
G1 F480 E818.78241
G1 F300 X141.771 Y86.487 E818.79678
G1 X143.375 Y86.487 E818.83179
G1 X143.375 Y88.057 E818.86606
G1 X143.375 Y88.232 E818.86987
G1 X143.2 Y88.232 E818.87235
G1 X141.704 Y88.225 E818.905
G1 X141.585 Y88.086 E818.90899
G1 X141.54 Y88.045 E818.91032
G1 X141.54 Y87.546 E818.92121
G1 X141.549 Y87.53 E818.92162
G0 F270 X141.771 Y87.145
G0 F9000 X141.771 Y86.945
G0 X142.156 Y86.945
G0 X142.596 Y87.312
G1 F1500 E817.42162
G1 F900 Z8.81
G0 F9000 X142.582 Y87.362 Z8.81
G0 X142.196 Y93.627
;TYPE:WALL-INNER
G1 F900 Z7.81
G1 F480 E818.99367
G1 F500 X142.196 Y91.247 E819.05304
G1 X142.072 Y91.033 E819.05921
G1 X141.964 Y90.846 E819.0646
G1 X141.964 Y90.696 E819.06834
G1 X142.18 Y90.696 E819.07227
G1 X142.95 Y90.7 E819.09148
G1 X142.95 Y93.02 E819.14935
G0 F450 X142.95 Y93.627
G0 X142.196 Y93.627
G0 F9000 X141.771 Y94.052
;TYPE:WALL-OUTER
G1 F480 E819.1833
G1 F300 X141.771 Y91.361 E819.24204
G1 X141.539 Y90.959 E819.25217
G1 X141.539 Y90.509 E819.26199
G1 X141.539 Y90.46 E819.26306
G1 X141.584 Y90.418 E819.2644
G1 X141.705 Y90.27 E819.26858
G1 X141.754 Y90.27 E819.26964
G1 X143.375 Y90.277 E819.30503
G1 X143.375 Y93.754 E819.38092
G0 F270 X143.375 Y94.052
G0 X141.771 Y94.052
G0 F9000 X141.771 Y93.852
G0 X142.156 Y93.667
G0 X142.478 Y93.227
G1 F1500 E817.88092
G1 F900 Z8.81
G0 F9000 X142.55 Y93.227 Z8.81
G0 X106.451 Y91.316
;TIME_ELAPSED:1715.991957
;LAYER:51
G0 X106.451 Y91.316 Z8.96
;TYPE:WALL-INNER
G1 F900 Z7.96
G1 F480 E819.4848
G1 F500 X106.451 Y90.996 E819.49278
G1 X106.451 Y90.937 E819.49425
G1 X106.463 Y90.937
G1 X106.636 Y90.943 E819.49686
G1 X106.636 Y90.996 E819.49696
G1 X106.616 Y91.031
G1 X106.451 Y91.316 E819.499
G0 F9000 X106.804 Y91.504
G1 F500 X106.804 Y93.278 E819.54325
G1 X106.804 Y93.477 E819.54821
G1 X106.605 Y93.477 E819.55142
G1 X106.051 Y93.476 E819.56524
G1 X106.051 Y90.73 E819.63374
G1 X106.051 Y90.729 E819.63377
G1 X106.051 Y90.524 E819.63888
G1 X106.256 Y90.529 E819.64217
G1 X106.257 Y90.53 E819.64221
G1 X107.011 Y90.555 E819.66102
G1 X107.036 Y90.599 E819.66229
G1 X107.036 Y90.911 E819.67007
G0 F450 X107.036 Y91.103
G0 X106.804 Y91.504
G0 F9000 X105.626 Y93.901
;TYPE:WALL-OUTER
G1 F480 E819.68641
G1 F300 X105.626 Y90.099 E819.76939
G1 X106.1 Y90.099 E819.77974
G1 X107.27 Y90.138 E819.80529
G1 X107.284 Y90.139 E819.8056
G1 X107.269 Y90.153 E819.80571
G1 X107.461 Y90.485 E819.81408
G1 X107.461 Y91.218 E819.83008
G1 X107.229 Y91.618 E819.84017
G1 X107.229 Y93.727 E819.8862
G1 X107.229 Y93.902 E819.89002
G1 X107.054 Y93.902 E819.89249
G1 X105.626 Y93.901 E819.92366
G0 F9000 X105.626 Y93.701
G0 X106.011 Y93.517
G0 X106.334 Y93.077
G1 F1500 E818.42366
G1 F900 Z8.96
G0 F9000 X106.404 Y93.077 Z8.96
G0 X106.636 Y87.556
;TYPE:WALL-INNER
G1 F900 Z7.96
G1 F480 E819.98603
G1 F500 X106.552 Y87.556 E819.98812
G1 X106.451 Y87.556 E819.99064
G1 X106.451 Y87.505 E819.99091
G1 X106.451 Y87.36 E819.99308
G1 X106.552 Y87.36 E819.99432
G1 X106.611 Y87.463 E819.99515
G1 X106.636 Y87.505
G1 X106.636 Y87.556 E819.99574
G0 F9000 X107.036 Y87.398
G1 F500 X107.036 Y87.903 E820.00834
G1 X107.005 Y87.956 E820.00987
G1 X106.051 Y87.956 E820.03367
G1 X106.051 Y86.96 E820.05852
G1 X106.097 Y86.96 E820.05966
G0 F450 X106.805 Y86.96
G0 X106.805 Y86.998
G0 X107.036 Y87.398
G0 F9000 X107.268 Y88.349
;TYPE:WALL-OUTER
G1 F480 E820.08977
G1 F300 X107.294 Y88.374 E820.09056
G1 X107.289 Y88.381 E820.09075
G1 X107.268 Y88.381
G1 X105.626 Y88.381 E820.12659
G1 X105.626 Y86.536 E820.16686
G1 X107.23 Y86.534 E820.20187
G1 X107.23 Y86.56 E820.20244
G0 F270 X107.23 Y86.884
G0 X107.461 Y87.284
G0 X107.461 Y88.017
G0 X107.268 Y88.349
G0 F9000 X107.294 Y88.374
G0 X107.289 Y88.381
G0 X107.268 Y88.381
G0 X107.133 Y88.381
G0 X107.056 Y87.95
G0 X106.674 Y87.556
G1 F1500 E818.70244
G1 F900 Z8.96
G0 F9000 X106.636 Y87.556 Z8.96
G0 X142.365 Y87.556
;TYPE:WALL-INNER
G1 F900 Z7.96
G1 F480 E820.30631
G1 F500 X142.365 Y87.506 E820.30756
G1 X142.389 Y87.464 E820.30877
G1 X142.449 Y87.36 E820.31176
G1 X142.55 Y87.36 E820.31428
G1 X142.55 Y87.506 E820.31579
G1 X142.55 Y87.556 E820.31591
G1 X142.449 Y87.556 E820.31697
G1 X142.365 Y87.556 E820.31767
G0 F9000 X141.965 Y87.399
G1 F500 X142.196 Y86.999 E820.32919
G1 X142.196 Y86.96 E820.33016
G1 X142.95 Y86.96 E820.34897
G1 X142.95 Y87.956 E820.37381
G1 X142.654 Y87.956 E820.3812
G0 F450 X141.994 Y87.956
G0 X141.965 Y87.905
G0 X141.965 Y87.399
G0 F9000 X141.732 Y88.351
;TYPE:WALL-OUTER
G1 F480 E820.41173
G1 F300 X141.54 Y88.018 E820.42012
G1 X141.54 Y87.286 E820.4361
G1 X141.771 Y86.885 E820.4462
G1 X141.771 Y86.535 E820.45384
G1 X143.375 Y86.535 E820.48885
G1 X143.375 Y88.381 E820.52914
G1 X141.732 Y88.381 E820.565
G1 X141.712 Y88.381 E820.56544
G1 X141.707 Y88.375 E820.56561
G1 X141.732 Y88.351 E820.56583
G0 F9000 X141.632 Y88.178
G0 X141.965 Y87.986
G0 X142.365 Y87.611
G0 X142.364 Y90.959
;TYPE:WALL-INNER
G1 F500 X142.55 Y90.957 E820.57047
G1 X142.55 Y90.999
G1 X142.55 Y91.321 E820.5785
G1 X142.393 Y91.048 E820.58025
G1 X142.364 Y90.999
G1 X142.364 Y90.959 E820.5807
G0 F9000 X141.964 Y91.106
G1 F500 X141.964 Y90.603 E820.59325
G1 X141.987 Y90.563 E820.5944
G1 X142.749 Y90.555 E820.61341
G1 X142.95 Y90.553 E820.61842
G1 X142.95 Y90.754 E820.62166
G1 X142.95 Y93.477 E820.68958
G1 X142.196 Y93.477 E820.70839
G1 X142.196 Y92.223 E820.73967
G0 F450 X142.196 Y91.507
G0 X141.964 Y91.106
G0 F9000 X141.734 Y90.156
;TYPE:WALL-OUTER
G1 F480 E820.76908
G1 F300 X141.719 Y90.141 E820.76954
G1 X141.733 Y90.141
G1 X143.199 Y90.124 E820.80155
G1 X143.2 Y90.123 E820.80158
G1 X143.375 Y90.123 E820.8054
G1 X143.375 Y90.298 E820.80787
G1 X143.375 Y90.299 E820.80789
G1 X143.375 Y93.902 E820.88653
G1 X141.771 Y93.902 E820.92154
G1 X141.771 Y91.943 E820.9643
G0 F270 X141.771 Y91.621
G0 X141.539 Y91.219
G0 X141.539 Y90.487
G0 X141.734 Y90.156
G0 F9000 X141.719 Y90.141
G0 X141.733 Y90.141
G0 X141.898 Y90.14
G0 X141.946 Y90.552
G0 X142.329 Y90.96
G1 F1500 E819.4643
G1 F900 Z8.96
G0 F9000 X142.364 Y90.96 Z8.96
G0 X106.451 Y91.576
;TIME_ELAPSED:1730.453136
;LAYER:52
G0 X106.451 Y91.576 Z9.11
;TYPE:WALL-INNER
G1 F900 Z8.11
G1 F480 E821.06818
G1 F500 X106.451 Y91.256 E821.07616
G1 X106.451 Y90.967 E821.08337
G1 X106.451 Y90.713 E821.08971
G1 X106.49 Y90.713
G1 X106.636 Y90.967 E821.09226
G1 X106.636 Y91.256 E821.09561
G1 X106.451 Y91.576 E821.09843
G0 F9000 X106.804 Y91.764
G1 F500 X106.804 Y93.128 E821.13246
G1 X106.804 Y93.327 E821.13742
G1 X106.605 Y93.327 E821.14063
G1 X106.051 Y93.326 E821.15445
G1 X106.051 Y90.313 E821.22961
G1 X106.652 Y90.313 E821.24461
G0 F450 X106.72 Y90.313
G0 X106.835 Y90.513
G0 X107.036 Y90.86
G0 X107.036 Y91.363
G0 X106.804 Y91.764
G0 F9000 X105.626 Y93.751
;TYPE:WALL-OUTER
G1 F480 E821.28614
G1 F300 X105.626 Y89.888 E821.37046
G1 X106.791 Y89.888 E821.39589
G1 X107.149 Y89.897 E821.4037
G1 X107.275 Y89.9 E821.40645
G1 X107.408 Y90.103 E821.41175
G1 X107.319 Y90.192 E821.41411
G1 X107.206 Y90.304 E821.41758
G1 X107.461 Y90.745 E821.4287
G1 X107.461 Y91.478 E821.4447
G1 X107.229 Y91.878 E821.45479
G1 X107.229 Y93.577 E821.49187
G1 X107.229 Y93.752 E821.49569
G1 X107.054 Y93.752 E821.49817
G1 X105.626 Y93.751 E821.52933
G0 F9000 X105.626 Y93.551
G0 X106.011 Y93.367
G0 X106.334 Y92.927
G1 F1500 E820.02933
G1 F900 Z9.11
G0 F9000 X106.404 Y92.927 Z9.11
G0 X106.488 Y87.789
;TYPE:WALL-INNER
G1 F900 Z8.11
G1 F480 E821.5917
G1 F500 X106.451 Y87.789 E821.59262
G1 X106.451 Y87.534 E821.59882
G1 X106.451 Y87.408 E821.60196
G1 X106.485 Y87.408
G1 X106.636 Y87.407 E821.60573
G1 X106.636 Y87.534 E821.60704
G1 X106.488 Y87.789 E821.6096
G0 F9000 X106.719 Y88.189
G1 F500 X106.25 Y88.19 E821.6213
G1 X106.051 Y88.19 E821.62626
G1 X106.051 Y87.991 E821.62948
G1 X106.051 Y87.008 E821.654
G1 X106.836 Y87.007 E821.67358
G1 X106.96 Y87.007 E821.67667
G1 X107.036 Y87.138 E821.68045
G1 X107.036 Y87.262 E821.68354
G1 X107.036 Y87.462 E821.68853
G0 F450 X107.036 Y87.642
G0 X106.719 Y88.189
G0 F9000 X107.206 Y88.197
;TYPE:WALL-OUTER
G1 F480 E821.70879
G1 F300 X107.331 Y88.322 E821.71265
G1 X107.407 Y88.398 E821.71499
G1 X107.268 Y88.621 E821.72073
G1 X107.16 Y88.62 E821.72281
G1 X106.797 Y88.614 E821.73074
G1 X105.801 Y88.615 E821.75248
G1 X105.626 Y88.615 E821.7563
G1 X105.626 Y88.44 E821.75877
G1 X105.626 Y86.584 E821.79928
G1 X107.23 Y86.582 E821.83429
G1 X107.23 Y86.624 E821.83521
G1 X107.461 Y87.024 E821.84529
G1 X107.461 Y87.027 E821.84535
G0 F270 X107.461 Y87.757
G0 X107.206 Y88.197
G0 F9000 X107.331 Y88.322
G0 X107.348 Y88.339
G0 X106.468 Y87.789
G1 F1500 E820.34535
G1 F900 Z9.11
G0 F9000 X106.468 Y87.789 Z9.11
G0 X142.511 Y87.793
;TYPE:WALL-INNER
G1 F900 Z8.11
G1 F480 E821.93474
G1 F500 X142.365 Y87.539 E821.94205
G1 X142.365 Y87.408 E821.94531
G1 X142.511 Y87.408 E821.94725
G1 X142.55 Y87.408 E821.94732
G1 X142.55 Y87.539 E821.94883
G1 X142.55 Y87.793 E821.95043
G1 X142.511 Y87.793
G0 F9000 X142.28 Y88.194
G1 F500 X141.965 Y87.646 E821.9662
G1 X141.965 Y87.139 E821.97885
G1 X142.041 Y87.008 E821.98262
G1 X142.95 Y87.008 E822.0053
G1 X142.95 Y87.596 E822.01997
G0 F450 X142.95 Y88.191
G0 X142.28 Y88.194
G0 F9000 X141.794 Y88.2
;TYPE:WALL-OUTER
G1 F480 E822.05152
G1 F300 X141.54 Y87.759 E822.06263
G1 X141.54 Y87.026 E822.07863
G1 X141.771 Y86.625 E822.08873
G1 X141.771 Y86.583 E822.08965
G1 X143.375 Y86.583 E822.12466
G1 X143.375 Y88.614 E822.16899
G1 X141.841 Y88.621 E822.20247
G1 X141.734 Y88.621 E822.20481
G1 X141.593 Y88.4 E822.21053
G1 X141.668 Y88.325 E822.21257
G1 X141.794 Y88.2 E822.21645
G0 F9000 X141.694 Y88.027
G0 X142.028 Y87.835
G0 X142.409 Y87.617
G0 X142.513 Y90.716
;TYPE:WALL-INNER
G1 F500 X142.55 Y90.716 E822.21737
G1 X142.55 Y90.97 E822.22354
G1 X142.55 Y91.258 E822.23073
G1 X142.55 Y91.58 E822.23876
G1 X142.364 Y91.258 E822.24161
G1 X142.364 Y90.97 E822.24496
G1 X142.513 Y90.716 E822.24754
G0 F9000 X142.283 Y90.316
G1 F500 X142.751 Y90.315 E822.25922
G1 X142.95 Y90.315 E822.26418
G1 X142.95 Y90.514 E822.26739
G1 X142.95 Y93.327 E822.33756
G1 X142.196 Y93.327 E822.35637
G1 X142.196 Y91.767 E822.39529
G1 X142.12 Y91.635 E822.39909
G0 F450 X141.964 Y91.365
G0 X141.964 Y90.862
G0 X142.283 Y90.316
G0 F9000 X141.796 Y90.307
;TYPE:WALL-OUTER
G1 F480 E822.43518
G1 F300 X141.669 Y90.181 E822.43909
G1 X141.593 Y90.105 E822.44143
G1 X141.734 Y89.884 E822.44715
G1 X141.842 Y89.885 E822.44924
G1 X142.193 Y89.891 E822.4569
G1 X143.2 Y89.89 E822.47888
G1 X143.375 Y89.89 E822.4827
G1 X143.375 Y90.065 E822.48517
G1 X143.375 Y93.752 E822.56565
G1 X141.771 Y93.752 E822.60066
G1 X141.771 Y92.078 E822.6372
G0 F270 X141.771 Y91.881
G0 X141.539 Y91.478
G0 X141.539 Y90.747
G0 X141.796 Y90.307
G0 F9000 X141.669 Y90.181
G0 X141.654 Y90.166
G0 X142.532 Y90.716
G1 F1500 E821.1372
G1 F900 Z9.11
G0 F9000 X142.532 Y90.716 Z9.11
G0 X106.451 Y87.598
;TIME_ELAPSED:1745.476043
;LAYER:53
G0 X106.451 Y87.598 Z9.26
;TYPE:WALL-INNER
G1 F900 Z8.26
G1 F480 E822.74107
G1 F500 X106.451 Y87.47 E822.74427
G1 X106.525 Y87.47 E822.74611
G1 X106.507 Y87.502
G1 X106.451 Y87.598 E822.74624
G0 F9000 X106.805 Y87.785
G1 F500 X106.805 Y88.312 E822.75939
G1 X107.006 Y88.512 E822.76646
G1 X106.907 Y88.763 E822.77319
G1 X106.854 Y88.97 E822.77852
G1 X106.843 Y89.417 E822.78968
G1 X106.902 Y89.724 E822.79748
G1 X106.98 Y89.951 E822.80346
G1 X107.004 Y89.992 E822.80465
G1 X106.804 Y90.191 E822.81169
G1 X106.804 Y90.719 E822.82486
G1 X107.036 Y91.12 E822.83641
G1 X107.036 Y91.523 E822.84647
G1 X106.804 Y91.732 E822.85426
G1 X106.804 Y93.176 E822.89028
G1 X106.051 Y93.176 E822.90906
G1 X106.051 Y87.269 E823.05641
G1 X106.051 Y87.07 E823.06138
G1 X106.25 Y87.07 E823.06459
G1 X106.963 Y87.071 E823.08237
G1 X107.036 Y87.071 E823.08419
G1 X107.036 Y87.385 E823.09203
G1 X107 Y87.448 E823.09367
G1 X106.805 Y87.785 E823.10338
G0 F9000 X106.451 Y88.524
G1 F500 X106.538 Y88.61 E823.10643
G1 X106.525 Y88.658 E823.10767
G1 X106.455 Y88.915 E823.11432
G1 X106.452 Y88.611 E823.11563
G1 X106.451 Y88.524 E823.11564
G0 F9000 X106.451 Y89.496
G1 F500 X106.515 Y89.827 E823.12405
G1 X106.537 Y89.892 E823.12576
G1 X106.451 Y89.978 E823.12879
G1 X106.451 Y89.892 E823.1288
G1 X106.451 Y89.827
G1 X106.451 Y89.496 E823.12943
G0 F9000 X106.451 Y90.907
G1 F500 X106.636 Y91.226 E823.13863
G1 X106.636 Y91.345 E823.1416
G1 X106.451 Y91.512 E823.14781
G1 X106.451 Y91.345 E823.14833
G1 X106.451 Y91.226 E823.14911
G1 X106.451 Y90.907 E823.1507
G0 F9000 X105.626 Y93.601
;TYPE:WALL-OUTER
G1 F300 X105.626 Y86.82 E823.29871
G1 X105.626 Y86.645 E823.30253
G1 X105.801 Y86.645 E823.305
G1 X107.306 Y86.646 E823.33785
G1 X107.461 Y86.789 E823.34246
G1 X107.461 Y87.498 E823.35793
G1 X107.23 Y87.899 E823.36803
G1 X107.23 Y88.135 E823.37318
G1 X107.461 Y88.365 E823.3803
G1 X107.461 Y88.566 E823.38469
G1 X107.408 Y88.653 E823.38691
G1 X107.312 Y88.894 E823.39257
G1 X107.278 Y89.028 E823.39559
G1 X107.269 Y89.382 E823.40332
G1 X107.314 Y89.614 E823.40848
G1 X107.369 Y89.775 E823.41219
G1 X107.461 Y89.935 E823.41622
G1 X107.461 Y90.137 E823.42063
G1 X107.229 Y90.368 E823.42777
G1 X107.229 Y90.605 E823.43295
G1 X107.461 Y91.006 E823.44306
G1 X107.461 Y91.712 E823.45847
G1 X107.229 Y91.921 E823.46528
G1 X107.229 Y93.302 E823.49543
G0 F270 X107.229 Y93.601
G0 X105.626 Y93.601
G0 F9000 X105.626 Y93.401
G0 X106.011 Y93.216
G0 X106.333 Y92.776
G1 F1500 E821.99543
G1 F900 Z9.26
G0 F9000 X106.404 Y92.776 Z9.26
G0 X142.55 Y87.599
;TYPE:WALL-INNER
G1 F900 Z8.26
G1 F480 E823.5993
G1 F500 X142.494 Y87.502 E823.6021
G1 X142.475 Y87.469 E823.60305
G1 X142.55 Y87.469 E823.60331
G1 X142.55 Y87.599 E823.60389
G0 F9000 X142.196 Y87.786
G1 F500 X142 Y87.447 E823.61366
G1 X141.965 Y87.386 E823.61541
G1 X141.965 Y87.07 E823.62329
G1 X142.036 Y87.07 E823.62491
G1 X142.751 Y87.069 E823.64274
G1 X142.95 Y87.069 E823.64771
G1 X142.95 Y87.268 E823.65092
G1 X142.95 Y93.177 E823.79832
G1 X142.196 Y93.177 E823.81713
G1 X142.196 Y91.734 E823.85312
G1 X141.964 Y91.525 E823.86091
G1 X141.964 Y91.121 E823.87099
G1 X142.196 Y90.72 E823.88255
G1 X142.196 Y90.192 E823.89572
G1 X141.995 Y89.992 E823.90279
G1 X142.094 Y89.741 E823.90952
G1 X142.143 Y89.548 E823.91449
G1 X142.159 Y89.345 E823.91957
G0 F450 X142.169 Y89.217
G0 X142.139 Y88.95
G0 X142.09 Y88.751
G0 X141.997 Y88.511
G0 X142.196 Y88.313
G0 X142.196 Y87.786
G0 F9000 X142.55 Y88.525
G1 F480 E823.9611
G1 F500 X142.547 Y88.613 E823.9633
G1 X142.534 Y88.88 E823.96997
G1 X142.475 Y88.65 E823.97028
G1 X142.464 Y88.61
G1 X142.55 Y88.525 E823.97111
G0 F9000 X142.539 Y89.613
G1 F500 X142.547 Y89.891 E823.97805
G1 X142.55 Y89.98 E823.98027
G1 X142.463 Y89.894 E823.98086
G1 X142.476 Y89.845
G1 X142.539 Y89.613 E823.98113
G0 F9000 X142.55 Y90.906
G1 F500 X142.55 Y91.228 E823.98916
G1 X142.55 Y91.347 E823.99213
G1 X142.55 Y91.515 E823.99632
G1 X142.364 Y91.347 E823.99889
G1 X142.364 Y91.228 E824.00028
G1 X142.55 Y90.906 E824.00313
G0 F9000 X141.771 Y91.923
;TYPE:WALL-OUTER
G1 F300 X141.539 Y91.714 E824.00994
G1 X141.539 Y91.006 E824.0254
G1 X141.771 Y90.606 E824.03549
G1 X141.771 Y90.369 E824.04066
G1 X141.539 Y90.139 E824.04779
G1 X141.54 Y89.937 E824.0522
G1 X141.594 Y89.85 E824.05444
G1 X141.689 Y89.61 E824.06007
G1 X141.722 Y89.479 E824.06302
G1 X141.742 Y89.224 E824.0686
G1 X141.72 Y89.025 E824.07297
G1 X141.684 Y88.88 E824.07624
G1 X141.595 Y88.652 E824.08158
G1 X141.54 Y88.566 E824.08381
G1 X141.54 Y88.366 E824.08817
G1 X141.771 Y88.136 E824.09529
G1 X141.771 Y87.9 E824.10044
G1 X141.54 Y87.499 E824.11054
G1 X141.54 Y86.789 E824.12604
G1 X141.695 Y86.645 E824.13065
G1 X143.2 Y86.644 E824.1635
G1 X143.375 Y86.644 E824.16732
G1 X143.375 Y86.819 E824.16979
G1 X143.375 Y93.602 E824.31785
G1 X141.771 Y93.602 E824.35286
G1 X141.771 Y93.137 E824.36301
G0 F270 X141.771 Y91.923
G0 F9000 X141.623 Y91.79
G0 X141.924 Y91.504
G0 X142.442 Y91.418
G1 F1500 E822.86301
G1 F900 Z9.26
G0 F9000 X142.443 Y91.419 Z9.26
G0 X106.451 Y88.475
;TIME_ELAPSED:1760.133938
;LAYER:54
G0 X106.451 Y88.475 Z9.41
;TYPE:WALL-INNER
G1 F900 Z8.41
G1 F480 E824.45187
G1 F500 X106.451 Y88.457 E824.45232
G1 X106.451 Y88.437 E824.45282
G1 X106.47 Y88.457 E824.45296
G1 X106.451 Y88.475 E824.45311
G0 F9000 X106.805 Y88.226
G1 F500 X107.036 Y88.459 E824.4613
G1 X106.582 Y88.908 E824.47722
G1 X106.976 Y89.25 E824.49024
G1 X106.743 Y89.449 E824.49788
G1 X106.581 Y89.588 E824.50321
G1 X106.731 Y89.74 E824.50658
G1 X107.036 Y90.047 E824.51738
G1 X106.804 Y90.277 E824.52553
G1 X106.804 Y90.979 E824.54304
G1 X107.036 Y91.38 E824.5546
G1 X107.036 Y91.437 E824.55602
G1 X106.804 Y91.644 E824.56377
G1 X106.804 Y93.026 E824.59825
G1 X106.051 Y93.026 E824.61703
G1 X106.051 Y87.147 E824.76368
G1 X106.804 Y87.147 E824.78247
G1 X107.024 Y87.146 E824.78796
G1 X106.805 Y87.525 E824.79506
G1 X106.805 Y88.226 E824.81255
G0 F9000 X106.451 Y90.025
G1 F500 X106.47 Y90.044 E824.81322
G1 X106.451 Y90.063 E824.81389
G1 X106.451 Y90.044
G1 X106.451 Y90.025
G0 F9000 X106.451 Y91.167
G1 F500 X106.549 Y91.336 E824.81876
G1 X106.451 Y91.423 E824.82203
G1 X106.451 Y91.336
G1 X106.451 Y91.167 E824.82241
G0 F9000 X107.207 Y89.612
;TYPE:WALL-OUTER
G1 F300 X107.224 Y89.629 E824.82293
G1 X107.461 Y89.865 E824.83023
G1 X107.461 Y90.224 E824.83807
G1 X107.229 Y90.454 E824.8452
G1 X107.229 Y90.865 E824.85417
G1 X107.461 Y91.266 E824.86428
G1 X107.461 Y91.627 E824.87216
G1 X107.229 Y91.834 E824.87895
G1 X107.229 Y93.451 E824.91424
G1 X105.626 Y93.451 E824.94923
G1 X105.626 Y86.723 E825.09608
G1 X107.239 Y86.721 E825.13129
G1 X107.306 Y86.721 E825.13275
G1 X107.461 Y86.871 E825.13746
G1 X107.461 Y86.938 E825.13892
G1 X107.461 Y87.238 E825.14547
G1 X107.23 Y87.639 E825.15557
G1 X107.23 Y88.049 E825.16452
G1 X107.461 Y88.279 E825.17163
G1 X107.461 Y88.637 E825.17945
G1 X107.225 Y88.87 E825.18669
G1 X107.207 Y88.888 E825.18724
G1 X107.45 Y89.099 E825.19235
G1 X107.451 Y89.403 E825.19898
G1 X107.207 Y89.612 E825.20407
G0 F9000 X107.224 Y89.629
G0 X107.348 Y89.753
G0 X107.076 Y90.025
G0 X106.552 Y90.126
G1 F1500 E823.70407
G1 F900 Z9.41
G0 F9000 X106.451 Y90.123 Z9.41
G0 X142.55 Y88.48
;TYPE:WALL-INNER
G1 F900 Z8.41
G1 F480 E825.26644
G1 F500 X142.53 Y88.459 E825.26716
G1 X142.55 Y88.44 E825.26785
G1 X142.55 Y88.459
G1 X142.55 Y88.48
G0 F9000 X142.267 Y88.762
G1 F500 X141.965 Y88.456 E825.27857
G1 X142.196 Y88.227 E825.28669
G1 X142.196 Y87.526 E825.30417
G1 X141.977 Y87.147 E825.31509
G1 X142.196 Y87.147 E825.31676
G1 X142.95 Y87.147 E825.33557
G1 X142.95 Y93.027 E825.48225
G1 X142.196 Y93.027 E825.50106
G1 X142.196 Y91.647 E825.53548
G1 X141.964 Y91.438 E825.54327
G1 X141.964 Y91.381 E825.54469
G1 X142.196 Y90.98 E825.55625
G1 X142.196 Y90.278 E825.57376
G1 X141.965 Y90.044 E825.58196
G1 X142.267 Y89.744 E825.59258
G1 X142.418 Y89.594 E825.59789
G1 X142.258 Y89.455 E825.60123
G1 X142.257 Y89.454 E825.60127
G1 X142.198 Y89.402 E825.60323
G1 X142.025 Y89.252 E825.60894
G1 X142.198 Y89.102 E825.61248
G1 X142.255 Y89.052 E825.61438
G1 X142.415 Y88.913 E825.61966
G1 X142.267 Y88.762 E825.62301
G0 F9000 X142.55 Y90.027
G1 F500 X142.55 Y90.047 E825.62351
G1 X142.55 Y90.067 E825.62401
G1 X142.53 Y90.047 E825.62417
G1 X142.55 Y90.027 E825.62434
G0 F9000 X142.55 Y91.166
G1 F500 X142.55 Y91.338 E825.62863
G1 X142.55 Y91.428 E825.63088
G1 X142.451 Y91.338 E825.63196
G1 X142.55 Y91.166 E825.633
G0 F9000 X141.794 Y89.615
;TYPE:WALL-OUTER
G1 F300 X141.551 Y89.404 E825.64003
G1 X141.55 Y89.101 E825.64664
G1 X141.792 Y88.891 E825.65363
G1 X141.777 Y88.876
G1 X141.54 Y88.639 E825.66095
G1 X141.54 Y88.279 E825.66881
G1 X141.771 Y88.05 E825.67591
G1 X141.771 Y87.64 E825.68485
G1 X141.54 Y87.239 E825.69496
G1 X141.54 Y86.873 E825.70294
G1 X141.695 Y86.722 E825.70767
G1 X143.375 Y86.722 E825.74434
G1 X143.375 Y93.452 E825.89123
G1 X141.771 Y93.452 E825.92624
G1 X141.771 Y91.836 E825.96152
G1 X141.539 Y91.627 E825.96833
G1 X141.539 Y91.266 E825.97621
G1 X141.771 Y90.866 E825.9863
G1 X141.771 Y90.455 E825.99527
G1 X141.539 Y90.225 E826.0024
G1 X141.54 Y89.867 E826.01022
G1 X141.777 Y89.632 E826.01572
G1 X141.794 Y89.615
G0 F9000 X141.643 Y89.484
G0 X141.954 Y89.261
G0 X142.516 Y89.148
G1 F1500 E824.51572
G1 F900 Z9.41
G0 F9000 X142.55 Y89.266 Z9.41
G0 X106.451 Y88.393
;TIME_ELAPSED:1773.948483
;LAYER:55
G0 X106.451 Y88.393 Z9.56
;TYPE:WALL-INNER
G1 F900 Z8.56
G1 F480 E826.07809
G1 F500 X106.451 Y88.371 E826.07863
G1 X106.451 Y88.35 E826.07916
G1 X106.472 Y88.371 E826.07933
G1 X106.451 Y88.393 E826.0795
G0 F9000 X106.743 Y88.666
G1 F500 X106.837 Y89.032 E826.08892
G1 X106.847 Y89.067 E826.08983
G1 X106.872 Y89.16 E826.09223
G1 X106.952 Y89.229 E826.09487
G1 X106.977 Y89.251 E826.0957
G1 X106.962 Y89.264
G1 X106.804 Y89.4 E826.09904
G1 X106.804 Y89.898 E826.11146
G1 X107.036 Y90.134 E826.11971
G1 X106.804 Y90.364 E826.12786
G1 X106.804 Y91.239 E826.14969
G1 X106.925 Y91.449 E826.15574
G1 X106.804 Y91.557 E826.15978
G1 X106.804 Y92.876 E826.19268
G1 X106.051 Y92.876 E826.21147
G1 X106.051 Y87.225 E826.35243
G1 X106.625 Y87.224 E826.36675
G1 X106.804 Y87.224 E826.37122
G1 X106.829 Y87.223 E826.37184
G1 X106.805 Y87.264 E826.37226
G1 X106.805 Y87.443 E826.37672
G1 X106.805 Y88.139 E826.39409
G1 X106.953 Y88.289 E826.39934
G0 F450 X107.036 Y88.374
G0 X106.743 Y88.666
G0 F9000 X106.451 Y89.132
G1 F480 E826.41261
G1 F500 X106.461 Y89.168 E826.41355
G1 X106.451 Y89.176 E826.41386
G1 X106.451 Y89.132 E826.41398
G0 F9000 X106.451 Y90.11
G1 F500 X106.471 Y90.13 E826.41468
G1 X106.451 Y90.15 E826.41539
G1 X106.451 Y90.13
G1 X106.451 Y90.11
G0 F9000 X105.626 Y93.301
;TYPE:WALL-OUTER
G1 F300 X105.626 Y86.801 E826.55726
G1 X107.208 Y86.797 E826.59179
G1 X107.303 Y86.797 E826.59387
G1 X107.461 Y86.958 E826.59879
G1 X107.461 Y86.978 E826.59923
G1 X107.414 Y87.06 E826.60129
G1 X107.23 Y87.378 E826.60931
G1 X107.23 Y87.962 E826.62206
G1 X107.461 Y88.192 E826.62917
G1 X107.461 Y88.551 E826.63701
G1 X107.298 Y88.713 E826.64202
G1 X107.216 Y88.795 E826.64455
G1 X107.25 Y88.925 E826.64749
G1 X107.337 Y89 E826.64999
G1 X107.434 Y89.084 E826.6528
G1 X107.461 Y89.108 E826.65358
G1 X107.461 Y89.393 E826.6598
G1 X107.433 Y89.417 E826.66061
G1 X107.319 Y89.516 E826.66391
G1 X107.229 Y89.594 E826.6665
G1 X107.229 Y89.721 E826.66928
G1 X107.314 Y89.805 E826.67189
G1 X107.461 Y89.952 E826.67642
G1 X107.461 Y90.311 E826.68426
G1 X107.229 Y90.541 E826.69139
G1 X107.229 Y91.125 E826.70414
G1 X107.461 Y91.525 E826.71423
G1 X107.461 Y91.54 E826.71456
G1 X107.229 Y91.747 E826.72134
G1 X107.229 Y93.002 E826.74874
G0 F270 X107.229 Y93.301
G0 X105.626 Y93.301
G0 F9000 X105.626 Y93.101
G0 X106.011 Y92.916
G0 X106.333 Y92.476
G1 F1500 E825.24874
G1 F900 Z9.56
G0 F9000 X106.404 Y92.476 Z9.56
G0 X142.55 Y88.558
;TYPE:WALL-INNER
G1 F900 Z8.56
G1 F480 E826.85261
G1 F500 X142.505 Y88.397 E826.85678
G1 X142.55 Y88.353 E826.85835
G1 X142.55 Y88.397
G1 X142.55 Y88.558 E826.85854
G0 F9000 X142.13 Y88.54
G1 F500 X141.965 Y88.376 E826.86435
G1 X141.965 Y88.369 E826.86452
G1 X142.196 Y88.14 E826.87264
G1 X142.196 Y87.443 E826.89002
G1 X142.196 Y87.265 E826.89446
G1 X142.172 Y87.223 E826.89567
G1 X142.196 Y87.223
G1 X142.374 Y87.223 E826.89871
G1 X142.95 Y87.224 E826.91308
G1 X142.95 Y92.877 E827.05409
G1 X142.196 Y92.877 E827.0729
G1 X142.196 Y91.559 E827.10578
G1 X142.074 Y91.45 E827.10986
G1 X142.196 Y91.241 E827.1159
G1 X142.196 Y90.365 E827.13775
G1 X141.964 Y90.135 E827.1459
G1 X142.196 Y89.899 E827.15415
G1 X142.196 Y89.401 E827.16658
G1 X142.059 Y89.282 E827.1711
G1 X142.025 Y89.252 E827.17223
G1 X142.048 Y89.232
G1 X142.269 Y89.04 E827.17742
G1 X142.13 Y88.54 E827.19036
G0 F9000 X142.55 Y90.11
G1 F500 X142.55 Y90.131 E827.19089
G1 X142.55 Y90.152 E827.19141
G1 X142.529 Y90.131 E827.19158
G1 X142.55 Y90.11 E827.19175
G0 F9000 X141.771 Y91.749
;TYPE:WALL-OUTER
G1 F300 X141.539 Y91.542 E827.19853
G1 X141.539 Y91.525 E827.1989
G1 X141.771 Y91.126 E827.20898
G1 X141.771 Y90.542 E827.22173
G1 X141.539 Y90.312 E827.22886
G1 X141.54 Y89.952 E827.23671
G1 X141.687 Y89.806 E827.24124
G1 X141.771 Y89.722 E827.24383
G1 X141.771 Y89.595 E827.2466
G1 X141.682 Y89.517 E827.24918
G1 X141.567 Y89.418 E827.2525
G1 X141.54 Y89.394 E827.25329
G1 X141.54 Y89.11 E827.25948
G1 X141.568 Y89.086 E827.26029
G1 X141.702 Y88.969 E827.26417
G1 X141.788 Y88.895 E827.26665
G1 X141.751 Y88.762 E827.26966
G1 X141.671 Y88.682 E827.27213
G1 X141.54 Y88.552 E827.27616
G1 X141.54 Y88.192 E827.28402
G1 X141.771 Y87.963 E827.29112
G1 X141.771 Y87.379 E827.30386
G1 X141.587 Y87.06 E827.3119
G1 X141.54 Y86.979 E827.31395
G1 X141.54 Y86.958 E827.3144
G1 X141.698 Y86.797 E827.31933
G1 X141.792 Y86.797 E827.32138
G1 X143.375 Y86.8 E827.35593
G1 X143.375 Y93.302 E827.49785
G1 X142.12 Y93.302 E827.52524
G0 F270 X141.771 Y93.302
G0 X141.771 Y91.749
G0 F9000 X141.622 Y91.616
G0 X142.043 Y91.423
G0 X142.596 Y91.645
G1 F1500 E826.02524
G1 F900 Z9.56
G0 F9000 X142.596 Y91.645 Z9.56
G0 X106.451 Y88.306
;TIME_ELAPSED:1787.214423
;LAYER:56
G0 X106.451 Y88.306 Z9.71
;TYPE:WALL-INNER
G1 F900 Z8.71
G1 F480 E827.62912
G1 F500 X106.451 Y88.285 E827.62964
G1 X106.451 Y88.264 E827.63017
G1 X106.472 Y88.285 E827.63034
G1 X106.451 Y88.306 E827.63051
G0 F9000 X106.805 Y88.518
G1 F500 X106.805 Y89.102 E827.64507
G1 X106.952 Y89.23 E827.64994
G1 X106.976 Y89.251 E827.65073
G1 X106.953 Y89.271
G1 X106.804 Y89.4 E827.65392
G1 X106.804 Y89.983 E827.66847
G1 X107.036 Y90.22 E827.67674
G1 X106.804 Y90.45 E827.68489
G1 X106.804 Y92.726 E827.74166
G1 X106.051 Y92.726 E827.76045
G1 X106.051 Y87.32 E827.8953
G1 X106.527 Y87.32 E827.90718
G0 F450 X106.805 Y87.32
G0 X106.805 Y88.053
G0 X107.036 Y88.288
G0 X106.805 Y88.518
G0 F9000 X106.451 Y90.194
G1 F480 E827.94871
G1 F500 X106.472 Y90.216 E827.94947
G1 X106.451 Y90.236 E827.95019
G1 X106.451 Y90.216
G1 X106.451 Y90.194
G0 F9000 X105.626 Y93.151
;TYPE:WALL-OUTER
G1 F300 X105.626 Y86.895 E828.08674
G1 X107.23 Y86.895 E828.12175
G1 X107.303 Y86.895 E828.12334
G1 X107.338 Y86.931 E828.12444
G1 X107.23 Y87.118 E828.12742
G1 X107.23 Y87.876 E828.14396
G1 X107.461 Y88.106 E828.15108
G1 X107.461 Y88.465 E828.15891
G1 X107.281 Y88.644 E828.16445
G1 X107.23 Y88.695 E828.16603
G1 X107.23 Y88.908 E828.17068
G1 X107.285 Y88.955 E828.17225
G1 X107.434 Y89.085 E828.17657
G1 X107.461 Y89.109 E828.17736
G1 X107.461 Y89.393 E828.18356
G1 X107.434 Y89.417 E828.18435
G1 X107.284 Y89.547 E828.18868
G1 X107.229 Y89.594 E828.19026
G1 X107.229 Y89.807 E828.19491
G1 X107.28 Y89.858 E828.19648
G1 X107.461 Y90.04 E828.20208
G1 X107.461 Y90.397 E828.20988
G1 X107.229 Y90.627 E828.21701
G1 X107.229 Y91.384 E828.23353
G1 X107.334 Y91.567 E828.23813
G1 X107.229 Y91.661 E828.24121
G1 X107.229 Y92.852 E828.26721
G0 F270 X107.229 Y93.151
G0 X105.626 Y93.151
G0 F9000 X105.626 Y92.951
G0 X106.011 Y92.766
G0 X106.333 Y92.326
G1 F1500 E826.76721
G1 F900 Z9.71
G0 F9000 X106.404 Y92.326 Z9.71
G0 X142.55 Y88.31
;TYPE:WALL-INNER
G1 F900 Z8.71
G1 F480 E828.37108
G1 F500 X142.528 Y88.287 E828.37188
G1 X142.55 Y88.265 E828.37265
G1 X142.55 Y88.287
G1 X142.55 Y88.31
G0 F9000 X142.196 Y88.52
G1 F500 X141.965 Y88.283 E828.38091
G1 X142.196 Y88.053 E828.38904
G1 X142.196 Y87.32 E828.40733
G1 X142.95 Y87.32 E828.42614
G1 X142.95 Y92.727 E828.56101
G1 X142.196 Y92.727 E828.57982
G1 X142.196 Y90.451 E828.6366
G1 X141.964 Y90.221 E828.64475
G1 X142.196 Y89.984 E828.65302
G1 X142.196 Y89.401 E828.66756
G1 X142.048 Y89.272 E828.67246
G1 X142.025 Y89.252 E828.67322
G1 X142.048 Y89.232
G1 X142.196 Y89.103 E828.6764
G1 X142.196 Y88.52 E828.69094
G0 F9000 X142.55 Y90.194
G1 F500 X142.55 Y90.217 E828.69151
G1 X142.55 Y90.238 E828.69204
G1 X142.528 Y90.217 E828.69222
G1 X142.55 Y90.194 E828.69239
G0 F9000 X141.771 Y91.663
;TYPE:WALL-OUTER
G1 F300 X141.666 Y91.568 E828.69548
G1 X141.771 Y91.386 E828.70007
G1 X141.771 Y90.628 E828.71661
G1 X141.539 Y90.398 E828.72374
G1 X141.54 Y90.04 E828.73155
G1 X141.72 Y89.859 E828.73713
G1 X141.771 Y89.808 E828.7387
G1 X141.771 Y89.595 E828.74335
G1 X141.716 Y89.548 E828.74493
G1 X141.567 Y89.418 E828.74925
G1 X141.54 Y89.394 E828.75003
G1 X141.54 Y89.11 E828.75623
G1 X141.567 Y89.086 E828.75702
G1 X141.716 Y88.956 E828.76134
G1 X141.771 Y88.909 E828.76292
G1 X141.771 Y88.696 E828.76757
G1 X141.72 Y88.645 E828.76914
G1 X141.54 Y88.464 E828.77471
G1 X141.54 Y88.106 E828.78253
G1 X141.771 Y87.876 E828.78964
G1 X141.771 Y87.12 E828.80614
G1 X141.663 Y86.932 E828.81087
G1 X141.699 Y86.895 E828.812
G1 X141.771 Y86.895
G1 X143.375 Y86.895 E828.84701
G1 X143.375 Y93.152 E828.98358
G1 X142.184 Y93.152 E829.00958
G0 F270 X141.771 Y93.152
G0 X141.771 Y91.663
G0 F9000 X141.666 Y91.568
G0 X141.695 Y91.517
G0 X142.156 Y91.71
G0 X142.55 Y91.71
G1 F1500 E827.50958
G1 F900 Z9.71
G0 F9000 X142.55 Y91.71 Z9.71
G0 X106.451 Y88.219
;TIME_ELAPSED:1799.964590
;LAYER:57
G0 X106.451 Y88.219 Z9.86
;TYPE:WALL-INNER
G1 F900 Z8.86
G1 F480 E829.11346
G1 F500 X106.451 Y88.198 E829.11398
G1 X106.451 Y88.177 E829.1145
G1 X106.472 Y88.198 E829.11467
G1 X106.451 Y88.219 E829.11484
G0 F9000 X106.805 Y88.431
G1 F500 X106.805 Y89.102 E829.13158
G1 X106.952 Y89.23 E829.13644
G1 X106.976 Y89.251 E829.13724
G1 X106.953 Y89.271
G1 X106.804 Y89.4 E829.14043
G1 X106.804 Y90.071 E829.15717
G1 X107.036 Y90.307 E829.16542
G1 X106.804 Y90.537 E829.17357
G1 X106.804 Y92.576 E829.22444
G1 X106.051 Y92.576 E829.24322
G1 X106.051 Y87.43 E829.37159
G1 X106.605 Y87.427 E829.38541
G1 X106.805 Y87.426 E829.3904
G1 X106.805 Y87.626 E829.39362
G1 X106.805 Y87.966 E829.4021
G1 X107.036 Y88.201 E829.41032
G1 X106.976 Y88.261 E829.41244
G0 F450 X106.805 Y88.431
G0 F9000 X106.451 Y90.283
G1 F480 E829.41845
G1 F500 X106.471 Y90.303 E829.41916
G1 X106.451 Y90.323 E829.41986
G1 X106.451 Y90.303
G1 X106.451 Y90.283
G0 F9000 X105.626 Y93.001
;TYPE:WALL-OUTER
G1 F300 X105.626 Y87.008 E829.55067
G1 X107.054 Y86.999 E829.58184
G1 X107.055 Y86.998 E829.58187
G1 X107.23 Y86.998 E829.58569
G1 X107.23 Y87.173 E829.58816
G1 X107.23 Y87.174 E829.58818
G1 X107.23 Y87.789 E829.60161
G1 X107.461 Y88.019 E829.60872
G1 X107.461 Y88.378 E829.61656
G1 X107.248 Y88.59 E829.62312
G1 X107.23 Y88.608 E829.62367
G1 X107.23 Y88.908 E829.63022
G1 X107.249 Y88.925 E829.63078
G1 X107.433 Y89.085 E829.6361
G1 X107.461 Y89.109 E829.6369
G1 X107.461 Y89.393 E829.6431
G1 X107.433 Y89.417 E829.64391
G1 X107.248 Y89.577 E829.64925
G1 X107.229 Y89.594 E829.6498
G1 X107.229 Y89.894 E829.65635
G1 X107.247 Y89.912 E829.65691
G1 X107.461 Y90.125 E829.6635
G1 X107.461 Y90.484 E829.67133
G1 X107.229 Y90.714 E829.67846
G1 X107.229 Y92.702 E829.72186
G0 F270 X107.229 Y93.001
G0 X105.626 Y93.001
G0 F9000 X105.626 Y92.801
G0 X106.011 Y92.616
G0 X106.333 Y92.176
G1 F1500 E828.22186
G1 F900 Z9.86
G0 F9000 X106.404 Y92.176 Z9.86
G0 X142.55 Y88.223
;TYPE:WALL-INNER
G1 F900 Z8.86
G1 F480 E829.82573
G1 F500 X142.528 Y88.2 E829.82653
G1 X142.55 Y88.178 E829.8273
G1 X142.55 Y88.2
G1 X142.55 Y88.223
G0 F9000 X142.196 Y88.433
G1 F500 X141.965 Y88.196 E829.83556
G1 X142.196 Y87.966 E829.84369
G1 X142.196 Y87.626 E829.85217
G1 X142.196 Y87.426 E829.85716
G1 X142.396 Y87.427 E829.86039
G1 X142.95 Y87.431 E829.87421
G1 X142.95 Y92.577 E830.00257
G1 X142.196 Y92.577 E830.02138
G1 X142.196 Y90.538 E830.07224
G1 X141.964 Y90.308 E830.08039
G1 X142.196 Y90.072 E830.08865
G1 X142.196 Y89.401 E830.10539
G1 X142.048 Y89.272 E830.11029
G1 X142.025 Y89.252 E830.11105
G1 X142.048 Y89.232
G1 X142.196 Y89.103 E830.11422
G1 X142.196 Y88.433 E830.13094
G0 F9000 X142.55 Y90.283
G1 F500 X142.55 Y90.304 E830.13146
G1 X142.55 Y90.325 E830.13198
G1 X142.529 Y90.304 E830.13215
G1 X142.55 Y90.283 E830.13232
G0 F9000 X141.771 Y90.715
;TYPE:WALL-OUTER
G1 F300 X141.539 Y90.485 E830.13945
G1 X141.54 Y90.125 E830.14731
G1 X141.753 Y89.913 E830.15387
G1 X141.771 Y89.895 E830.15442
G1 X141.771 Y89.595 E830.16097
G1 X141.752 Y89.578 E830.16153
G1 X141.54 Y89.394 E830.16766
G1 X141.54 Y89.11 E830.17385
G1 X141.752 Y88.926 E830.17998
G1 X141.771 Y88.909 E830.18054
G1 X141.771 Y88.609 E830.18709
G1 X141.753 Y88.591 E830.18764
G1 X141.54 Y88.377 E830.19423
G1 X141.54 Y88.019 E830.20205
G1 X141.771 Y87.789 E830.20916
G1 X141.771 Y87.174 E830.22259
G1 X141.771 Y86.999 E830.2264
G1 X141.946 Y86.999 E830.22888
G1 X143.375 Y87.008 E830.26007
G1 X143.375 Y93.002 E830.3909
G1 X141.771 Y93.002 E830.42591
G1 X141.771 Y92.617 E830.43431
G0 F270 X141.771 Y90.715
G0 F9000 X141.629 Y90.574
G0 X141.9 Y90.301
G0 X142.447 Y90.223
G1 F1500 E828.93431
G1 F900 Z9.86
G0 F9000 X142.55 Y90.223 Z9.86
G0 X106.451 Y88.132
;TIME_ELAPSED:1812.263883
;LAYER:58
G0 X106.451 Y88.132 Z10.01
;TYPE:WALL-INNER
G1 F900 Z9.01
G1 F480 E830.53819
G1 F500 X106.451 Y88.111 E830.53871
G1 X106.451 Y88.09 E830.53924
G1 X106.472 Y88.111 E830.53941
G1 X106.451 Y88.132 E830.53958
G0 F9000 X106.805 Y88.344
G1 F500 X106.805 Y89.102 E830.55848
G1 X106.952 Y89.23 E830.56335
G1 X106.976 Y89.251 E830.56414
G1 X106.953 Y89.271
G1 X106.804 Y89.4 E830.56733
G1 X106.804 Y90.158 E830.58624
G1 X107.036 Y90.394 E830.5945
G1 X106.804 Y90.624 E830.60265
G1 X106.804 Y92.426 E830.6476
G1 X106.051 Y92.426 E830.66638
G1 X106.051 Y87.546 E830.78811
G1 X106.128 Y87.545 E830.79004
G0 F450 X106.805 Y87.545
G0 X106.805 Y87.879
G0 X107.036 Y88.114
G0 X106.805 Y88.344
G0 F9000 X106.451 Y90.37
G1 F480 E830.83157
G1 F500 X106.471 Y90.39 E830.83227
G1 X106.451 Y90.41 E830.83298
G1 X106.451 Y90.39
G1 X106.451 Y90.37
G0 F9000 X105.626 Y92.851
;TYPE:WALL-OUTER
G1 F300 X105.626 Y87.122 E830.95803
G1 X107.055 Y87.119 E830.98922
G1 X107.23 Y87.119 E830.99304
G1 X107.23 Y87.294 E830.99551
G1 X107.23 Y87.702 E831.00441
G1 X107.461 Y87.932 E831.01153
G1 X107.461 Y88.291 E831.01937
G1 X107.23 Y88.521 E831.02648
G1 X107.23 Y88.908 E831.03493
G1 X107.433 Y89.085 E831.04081
G1 X107.461 Y89.109 E831.04161
G1 X107.461 Y89.393 E831.04781
G1 X107.433 Y89.417 E831.04861
G1 X107.229 Y89.594 E831.05451
G1 X107.229 Y89.981 E831.06296
G1 X107.461 Y90.212 E831.0701
G1 X107.461 Y90.571 E831.07794
G1 X107.229 Y90.801 E831.08507
G1 X107.229 Y92.552 E831.12329
G0 F270 X107.229 Y92.851
G0 X105.626 Y92.851
G0 F9000 X105.626 Y92.651
G0 X106.011 Y92.466
G0 X106.333 Y92.026
G1 F1500 E829.62329
G1 F900 Z10.01
G0 F9000 X106.404 Y92.026 Z10.01
G0 X142.55 Y88.134
;TYPE:WALL-INNER
G1 F900 Z9.01
G1 F480 E831.22717
G1 F500 X142.529 Y88.113 E831.22791
G1 X142.55 Y88.092 E831.22865
G1 X142.55 Y88.113
G1 X142.55 Y88.134
G0 F9000 X142.196 Y88.345
G1 F500 X141.965 Y88.11 E831.23687
G1 X142.196 Y87.88 E831.245
G1 X142.196 Y87.547 E831.25331
G1 X142.95 Y87.547 E831.27211
G1 X142.95 Y92.427 E831.39385
G1 X142.196 Y92.427 E831.41266
G1 X142.196 Y90.626 E831.45758
G1 X141.964 Y90.39 E831.46584
G1 X142.196 Y90.159 E831.474
G1 X142.196 Y89.401 E831.49291
G1 X142.048 Y89.272 E831.49781
G1 X142.025 Y89.252 E831.49857
G1 X142.048 Y89.232
G1 X142.196 Y89.103 E831.50175
G1 X142.196 Y88.345 E831.52066
G0 F9000 X142.55 Y90.371
G1 F500 X142.55 Y90.393 E831.5212
G1 X142.55 Y90.415 E831.52175
G1 X142.528 Y90.393 E831.52193
G1 X142.55 Y90.371 E831.52211
G0 F9000 X141.771 Y90.803
;TYPE:WALL-OUTER
G1 F300 X141.539 Y90.572 E831.52926
G1 X141.539 Y90.213 E831.53709
G1 X141.771 Y89.982 E831.54424
G1 X141.771 Y89.595 E831.55269
G1 X141.567 Y89.418 E831.55858
G1 X141.54 Y89.394 E831.55937
G1 X141.54 Y89.11 E831.56557
G1 X141.567 Y89.086 E831.56636
G1 X141.771 Y88.909 E831.57225
G1 X141.771 Y88.522 E831.5807
G1 X141.54 Y88.292 E831.58781
G1 X141.54 Y87.933 E831.59565
G1 X141.771 Y87.703 E831.60277
G1 X141.771 Y87.296 E831.61165
G1 X141.771 Y87.121 E831.61547
G1 X141.946 Y87.121 E831.61794
G1 X143.375 Y87.123 E831.64913
G1 X143.375 Y92.852 E831.77418
G1 X141.771 Y92.852 E831.80919
G1 X141.771 Y92.705 E831.8124
G0 F270 X141.771 Y90.803
G0 F9000 X141.63 Y90.662
G0 X141.901 Y90.39
G0 X142.446 Y90.474
G1 F1500 E830.3124
G1 F900 Z10.01
G0 F9000 X142.55 Y90.475 Z10.01
G0 X106.451 Y90.496
;TIME_ELAPSED:1824.253334
;LAYER:59
G0 X106.451 Y90.496 Z10.16
;TYPE:WALL-INNER
G1 F900 Z9.16
G1 F480 E831.91628
G1 F500 X106.451 Y90.476 E831.91677
G1 X106.451 Y90.456 E831.91727
G1 X106.471 Y90.476 E831.91744
G1 X106.451 Y90.496 E831.9176
G0 F9000 X106.804 Y90.71
G1 F500 X106.804 Y92.276 E831.95667
G1 X106.051 Y92.276 E831.97545
G1 X106.051 Y87.896 E832.08471
G1 X106.051 Y87.697 E832.08967
G1 X106.25 Y87.697 E832.09289
G1 X106.805 Y87.698 E832.10673
G1 X106.805 Y87.792 E832.10908
G1 X107.036 Y88.028 E832.11731
G1 X106.805 Y88.258 E832.12544
G1 X106.805 Y89.102 E832.1465
G1 X106.952 Y89.23 E832.15136
G1 X106.976 Y89.251 E832.15216
G1 X106.953 Y89.271
G1 X106.804 Y89.4 E832.15535
G1 X106.804 Y90.244 E832.1764
G1 X107.036 Y90.48 E832.18466
G1 X106.976 Y90.54 E832.18677
G0 F450 X106.804 Y90.71
G0 F9000 X105.626 Y92.701
;TYPE:WALL-OUTER
G1 F480 E832.19281
G1 F300 X105.626 Y87.447 E832.30749
G1 X105.626 Y87.272 E832.31131
G1 X105.801 Y87.272 E832.31378
G1 X107.23 Y87.273 E832.34497
G1 X107.23 Y87.615 E832.35244
G1 X107.461 Y87.845 E832.35955
G1 X107.461 Y88.205 E832.36741
G1 X107.23 Y88.435 E832.37453
G1 X107.23 Y88.908 E832.38485
G1 X107.433 Y89.085 E832.39073
G1 X107.461 Y89.109 E832.39153
G1 X107.461 Y89.393 E832.39773
G1 X107.433 Y89.417 E832.39854
G1 X107.229 Y89.594 E832.40443
G1 X107.229 Y90.067 E832.41476
G1 X107.461 Y90.298 E832.4219
G1 X107.461 Y90.657 E832.42974
G1 X107.229 Y90.887 E832.43687
G1 X107.229 Y92.402 E832.46994
G0 F270 X107.229 Y92.701
G0 X105.626 Y92.701
G0 F9000 X105.626 Y92.501
G0 X106.011 Y92.316
G0 X106.333 Y91.876
G1 F1500 E830.96994
G1 F900 Z10.16
G0 F9000 X106.404 Y91.876 Z10.16
G0 X142.528 Y90.479
;TYPE:WALL-INNER
G1 F900 Z9.16
G1 F480 E832.57381
G1 F500 X142.55 Y90.457 E832.57459
G1 X142.55 Y90.479
G1 X142.55 Y90.501
G1 X142.528 Y90.479 E832.57477
G0 F9000 X142.196 Y90.712
G1 F500 X141.964 Y90.476 E832.58303
G1 X142.196 Y90.245 E832.59119
G1 X142.196 Y89.401 E832.61225
G1 X142.048 Y89.272 E832.61714
G1 X142.025 Y89.252 E832.6179
G1 X142.048 Y89.232
G1 X142.196 Y89.103 E832.62108
G1 X142.196 Y88.26 E832.64211
G1 X141.966 Y88.024 E832.65033
G1 X141.965 Y88.023 E832.65036
G1 X142.196 Y87.793 E832.6585
G1 X142.196 Y87.699 E832.66084
G1 X142.198 Y87.699 E832.66089
G1 X142.95 Y87.699 E832.67965
G1 X142.95 Y92.277 E832.79385
G1 X142.296 Y92.277 E832.81016
G0 F450 X142.196 Y92.277
G0 X142.196 Y90.712
G0 F9000 X141.771 Y90.889
;TYPE:WALL-OUTER
G1 F480 E832.8517
G1 F300 X141.539 Y90.658 E832.85884
G1 X141.539 Y90.299 E832.86668
G1 X141.771 Y90.068 E832.87382
G1 X141.771 Y89.595 E832.88415
G1 X141.567 Y89.418 E832.89004
G1 X141.54 Y89.394 E832.89083
G1 X141.54 Y89.11 E832.89703
G1 X141.567 Y89.086 E832.89782
G1 X141.771 Y88.909 E832.90371
G1 X141.771 Y88.436 E832.91404
G1 X141.54 Y88.204 E832.92118
G1 X141.54 Y87.846 E832.929
G1 X141.771 Y87.616 E832.93611
G1 X141.771 Y87.275 E832.94356
G1 X143.2 Y87.273 E832.97475
G1 X143.375 Y87.273 E832.97857
G1 X143.375 Y87.448 E832.98104
G1 X143.375 Y92.702 E833.09572
G1 X141.771 Y92.702 E833.13073
G1 X141.771 Y92.152 E833.14273
G0 F270 X141.771 Y90.889
G0 F9000 X141.63 Y90.748
G0 X141.901 Y90.476
G0 X142.446 Y90.56
G1 F1500 E831.64273
G1 F900 Z10.16
G0 F9000 X142.55 Y90.561 Z10.16
G0 X106.451 Y90.583
;TIME_ELAPSED:1835.544568
;LAYER:60
G0 X106.451 Y90.583 Z10.31
;TYPE:WALL-INNER
G1 F900 Z9.31
G1 F480 E833.23266
G1 F500 X106.451 Y90.563 E833.23316
G1 X106.451 Y90.543 E833.23366
G1 X106.471 Y90.563 E833.23383
G1 X106.451 Y90.583 E833.23399
G0 F9000 X106.804 Y90.797
G1 F500 X106.804 Y92.126 E833.26714
G1 X106.051 Y92.126 E833.28593
G1 X106.051 Y88.056 E833.38745
G1 X106.051 Y87.857 E833.39242
G1 X106.25 Y87.857 E833.39563
G1 X106.805 Y87.858 E833.40947
G1 X106.96 Y87.859 E833.41334
G1 X107.036 Y87.941 E833.41613
G1 X106.805 Y88.171 E833.42163
G1 X106.805 Y89.102 E833.44486
G1 X106.952 Y89.23 E833.44972
G1 X106.976 Y89.251 E833.45052
G1 X106.953 Y89.271
G1 X106.804 Y89.4 E833.45371
G1 X106.804 Y90.331 E833.47693
G1 X107.036 Y90.567 E833.48519
G1 X106.976 Y90.627 E833.4873
G0 F450 X106.804 Y90.797
G0 F9000 X105.626 Y92.551
;TYPE:WALL-OUTER
G1 F480 E833.49334
G1 F300 X105.626 Y87.606 E833.60128
G1 X105.626 Y87.431 E833.60509
G1 X105.801 Y87.431 E833.60757
G1 X107.23 Y87.435 E833.63876
G1 X107.23 Y87.528 E833.64079
G1 X107.461 Y87.758 E833.6479
G1 X107.461 Y88.118 E833.65576
G1 X107.23 Y88.348 E833.66288
G1 X107.23 Y88.908 E833.6751
G1 X107.433 Y89.085 E833.68098
G1 X107.461 Y89.109 E833.68178
G1 X107.461 Y89.393 E833.68798
G1 X107.433 Y89.417 E833.68879
G1 X107.229 Y89.594 E833.69468
G1 X107.229 Y90.154 E833.7069
G1 X107.461 Y90.385 E833.71405
G1 X107.461 Y90.744 E833.72189
G1 X107.229 Y90.974 E833.72902
G1 X107.229 Y92.252 E833.75691
G0 F270 X107.229 Y92.551
G0 X105.626 Y92.551
G0 F9000 X105.626 Y92.351
G0 X106.011 Y92.166
G0 X106.333 Y91.726
G1 F1500 E832.25691
G1 F900 Z10.31
G0 F9000 X106.404 Y91.726 Z10.31
G0 X142.528 Y90.566
;TYPE:WALL-INNER
G1 F900 Z9.31
G1 F480 E833.86079
G1 F500 X142.55 Y90.544 E833.86157
G1 X142.55 Y90.566
G1 X142.55 Y90.588
G1 X142.528 Y90.566 E833.86174
G0 F9000 X142.196 Y90.799
G1 F500 X141.964 Y90.563 E833.87
G1 X142.196 Y90.332 E833.87817
G1 X142.196 Y89.401 E833.90139
G1 X142.048 Y89.272 E833.90629
G1 X142.025 Y89.252 E833.90705
G1 X142.048 Y89.232
G1 X142.196 Y89.103 E833.91023
G1 X142.196 Y88.173 E833.93342
G1 X141.965 Y87.936 E833.94168
G1 X142.041 Y87.86 E833.94436
G1 X142.195 Y87.86 E833.94553
G1 X142.75 Y87.858 E833.95938
G1 X142.95 Y87.858 E833.96437
G1 X142.95 Y88.058 E833.9676
G1 X142.95 Y92.127 E834.0691
G1 X142.196 Y92.127 E834.08791
G1 X142.196 Y91.569 E834.10183
G0 F450 X142.196 Y90.799
G0 F9000 X141.771 Y90.976
;TYPE:WALL-OUTER
G1 F480 E834.12103
G1 F300 X141.539 Y90.745 E834.12818
G1 X141.539 Y90.386 E834.13602
G1 X141.771 Y90.155 E834.14316
G1 X141.771 Y89.595 E834.15538
G1 X141.567 Y89.418 E834.16128
G1 X141.54 Y89.394 E834.16207
G1 X141.54 Y89.11 E834.16827
G1 X141.567 Y89.086 E834.16906
G1 X141.771 Y88.909 E834.17495
G1 X141.771 Y88.349 E834.18717
G1 X141.54 Y88.117 E834.19432
G1 X141.54 Y87.759 E834.20213
G1 X141.771 Y87.529 E834.20925
G1 X141.771 Y87.436 E834.21128
G1 X143.2 Y87.432 E834.24247
G1 X143.375 Y87.432 E834.24629
G1 X143.375 Y87.607 E834.24876
G1 X143.375 Y92.552 E834.3567
G1 X141.771 Y92.552 E834.39171
G1 X141.771 Y92.152 E834.40044
G0 F270 X141.771 Y90.976
G0 F9000 X141.63 Y90.835
G0 X141.901 Y90.563
G0 X142.446 Y90.647
G1 F1500 E832.90044
G1 F900 Z10.31
G0 F9000 X142.55 Y90.648 Z10.31
G0 X106.451 Y90.646
;TIME_ELAPSED:1846.432752
;LAYER:61
G0 X106.451 Y90.646 Z10.46
;TYPE:WALL-INNER
G1 F900 Z9.46
G1 F480 E834.48847
G1 F500 X106.451 Y90.63 E834.48887
G1 X106.457 Y90.636
G1 X106.451 Y90.646
G0 F9000 X106.804 Y90.837
G1 F500 X106.804 Y91.976 E834.51728
G1 X106.051 Y91.976 E834.53606
G1 X106.051 Y88.047 E834.63407
G1 X106.625 Y88.046 E834.64839
G1 X106.804 Y88.046 E834.65286
G1 X106.846 Y88.045 E834.6539
G1 X106.805 Y88.086 E834.65423
G1 X106.805 Y88.265 E834.6587
G1 X106.805 Y89.102 E834.67957
G1 X106.952 Y89.23 E834.68444
G1 X106.976 Y89.251 E834.68523
G1 X106.953 Y89.271
G1 X106.804 Y89.4 E834.68842
G1 X106.804 Y90.417 E834.71379
G1 X106.969 Y90.581 E834.7196
G1 X106.911 Y90.671 E834.72227
G0 F450 X106.804 Y90.837
G0 F9000 X105.626 Y92.401
;TYPE:WALL-OUTER
G1 F480 E834.72721
G1 F300 X105.626 Y87.624 E834.83147
G1 X107.277 Y87.618 E834.86751
G1 X107.288 Y87.618 E834.86775
G1 X107.394 Y87.778 E834.87194
G1 X107.461 Y87.897 E834.87492
G1 X107.461 Y87.908 E834.87516
G1 X107.461 Y88.03 E834.87782
G1 X107.23 Y88.262 E834.88497
G1 X107.23 Y88.908 E834.89907
G1 X107.433 Y89.085 E834.90495
G1 X107.461 Y89.109 E834.90575
G1 X107.461 Y89.393 E834.91195
G1 X107.433 Y89.417 E834.91276
G1 X107.229 Y89.594 E834.91865
G1 X107.229 Y90.24 E834.93275
G1 X107.461 Y90.471 E834.9399
G1 X107.461 Y90.601 E834.94274
G1 X107.229 Y90.962 E834.9521
G1 X107.229 Y92.102 E834.97699
G0 F270 X107.229 Y92.401
G0 X105.626 Y92.401
G0 F9000 X105.626 Y92.201
G0 X106.011 Y92.016
G0 X106.333 Y91.576
G1 F1500 E833.47699
G1 F900 Z10.46
G0 F9000 X106.404 Y91.576 Z10.46
G0 X142.543 Y90.637
;TYPE:WALL-INNER
G1 F900 Z9.46
G1 F480 E835.08086
G1 F500 X142.55 Y90.63 E835.08111
G1 X142.55 Y90.649 E835.08127
G1 X142.543 Y90.637
G0 F9000 X142.196 Y90.838
G1 F500 X142.031 Y90.582 E835.08886
G1 X142.196 Y90.418 E835.09467
G1 X142.196 Y89.401 E835.12004
G1 X142.048 Y89.272 E835.12493
G1 X142.025 Y89.252 E835.12569
G1 X142.048 Y89.232
G1 X142.196 Y89.103 E835.12887
G1 X142.196 Y88.266 E835.14975
G1 X142.196 Y88.087 E835.15421
G1 X142.155 Y88.046 E835.15566
G1 X142.196 Y88.046
G1 X142.375 Y88.046 E835.15871
G1 X142.95 Y88.048 E835.17305
G1 X142.95 Y91.977 E835.27106
G1 X142.722 Y91.977 E835.27675
G0 F450 X142.196 Y91.977
G0 X142.196 Y90.838
G0 F9000 X141.771 Y90.241
;TYPE:WALL-OUTER
G1 F480 E835.31828
G1 F300 X141.771 Y89.595 E835.33238
G1 X141.567 Y89.418 E835.33828
G1 X141.54 Y89.394 E835.33907
G1 X141.54 Y89.11 E835.34527
G1 X141.567 Y89.086 E835.34606
G1 X141.771 Y88.909 E835.35195
G1 X141.771 Y88.263 E835.36605
G1 X141.54 Y88.031 E835.3732
G1 X141.54 Y87.909 E835.37586
G1 X141.54 Y87.898 E835.3761
G1 X141.607 Y87.778 E835.3791
G1 X141.713 Y87.619 E835.38327
G1 X141.724 Y87.619 E835.38351
G1 X143.375 Y87.625 E835.41955
G1 X143.375 Y92.402 E835.52381
G1 X141.771 Y92.402 E835.55882
G1 X141.771 Y91.979 E835.56806
G0 F270 X141.771 Y90.963
G0 X141.539 Y90.602
G0 X141.539 Y90.472
G0 X141.771 Y90.241
G0 F9000 X141.771 Y90.041
G0 X142.156 Y90.041
G0 X142.55 Y90.041
G1 F1500 E834.06806
G1 F900 Z10.46
G0 F9000 X142.55 Y90.041 Z10.46
G0 X106.051 Y91.826
;TIME_ELAPSED:1856.820860
;LAYER:62
G0 X106.051 Y91.826 Z10.61
;TYPE:WALL-INNER
G1 F900 Z9.61
G1 F480 E835.67194
G1 F500 X106.051 Y88.273 E835.76057
G1 X106.605 Y88.27 E835.77438
G1 X106.805 Y88.27 E835.77937
G1 X106.805 Y88.47 E835.7826
G1 X106.805 Y89.102 E835.79837
G1 X106.952 Y89.23 E835.80323
G1 X106.976 Y89.251 E835.80403
G1 X106.953 Y89.271
G1 X106.804 Y89.4 E835.80722
G1 X106.804 Y90.504 E835.83476
G1 X106.832 Y90.532 E835.83575
G1 X106.804 Y90.576 E835.83705
G1 X106.804 Y91.805 E835.86771
G0 F450 X106.804 Y91.826
G0 X106.051 Y91.826
G0 F9000 X105.626 Y92.251
;TYPE:WALL-OUTER
G1 F480 E835.88701
G1 F300 X105.626 Y87.849 E835.9831
G1 X107.219 Y87.845 E836.01787
G1 X107.229 Y87.845 E836.01808
G1 X107.283 Y87.844 E836.01926
G1 X107.382 Y88.022 E836.02371
G1 X107.23 Y88.174 E836.02773
G1 X107.23 Y88.184 E836.02795
G1 X107.23 Y88.908 E836.04375
G1 X107.433 Y89.085 E836.04963
G1 X107.461 Y89.109 E836.05043
G1 X107.461 Y89.393 E836.05663
G1 X107.433 Y89.417 E836.05744
G1 X107.229 Y89.594 E836.06333
G1 X107.229 Y90.327 E836.07933
G1 X107.376 Y90.473 E836.08385
G1 X107.229 Y90.701 E836.08977
G1 X107.229 Y91.952 E836.11708
G0 F270 X107.229 Y92.251
G0 X105.626 Y92.251
G0 F9000 X105.626 Y92.051
G0 X106.011 Y91.866
G0 X106.333 Y91.426
G1 F1500 E834.61708
G1 F900 Z10.61
G0 F9000 X106.404 Y91.426 Z10.61
G0 X142.167 Y90.535
;TYPE:WALL-INNER
G1 F900 Z9.61
G1 F480 E836.22096
G1 F500 X142.196 Y90.507 E836.22196
G1 X142.196 Y89.401 E836.24955
G1 X142.048 Y89.272 E836.25445
G1 X142.025 Y89.252 E836.25521
G1 X142.048 Y89.232
G1 X142.196 Y89.103 E836.25839
G1 X142.196 Y88.471 E836.27415
G1 X142.196 Y88.271 E836.27914
G1 X142.396 Y88.271 E836.28237
G1 X142.95 Y88.274 E836.29619
G1 X142.95 Y91.827 E836.38482
G1 X142.561 Y91.827 E836.39452
G0 F450 X142.196 Y91.827
G0 X142.196 Y90.58
G0 X142.167 Y90.535
G0 F9000 X141.771 Y90.329
;TYPE:WALL-OUTER
G1 F480 E836.43606
G1 F300 X141.771 Y89.595 E836.45208
G1 X141.567 Y89.418 E836.45797
G1 X141.54 Y89.394 E836.45876
G1 X141.54 Y89.11 E836.46496
G1 X141.567 Y89.086 E836.46575
G1 X141.771 Y88.909 E836.47164
G1 X141.771 Y88.185 E836.48745
G1 X141.771 Y88.176 E836.48764
G1 X141.621 Y88.026 E836.49227
G1 X141.72 Y87.845 E836.49678
G1 X141.772 Y87.845 E836.49727
G1 X141.781 Y87.845 E836.49747
G1 X143.375 Y87.85 E836.53226
G1 X143.375 Y92.252 E836.62835
G1 X141.771 Y92.252 E836.66336
G1 X141.771 Y92.128 E836.66606
G0 F270 X141.771 Y90.704
G0 X141.624 Y90.474
G0 X141.771 Y90.329
G0 F9000 X141.771 Y90.129
G0 X142.156 Y90.129
G0 X142.55 Y90.129
G1 F1500 E835.16606
G1 F900 Z10.61
G0 F9000 X142.55 Y90.129 Z10.61
G0 X106.051 Y91.676
;TIME_ELAPSED:1866.455196
;LAYER:63
G0 X106.051 Y91.676 Z10.76
;TYPE:WALL-INNER
G1 F900 Z9.76
G1 F480 E836.76994
G1 F500 X106.051 Y88.563 E836.84759
G1 X106.604 Y88.556 E836.86139
G1 X106.805 Y88.554 E836.8664
G1 X106.805 Y88.755 E836.86964
G1 X106.805 Y89.102 E836.8783
G1 X106.952 Y89.23 E836.88316
G1 X106.976 Y89.251 E836.88395
G1 X106.953 Y89.271
G1 X106.804 Y89.4 E836.88715
G1 X106.804 Y91.676 E836.94392
G1 X106.329 Y91.676 E836.95577
G0 F450 X106.051 Y91.676
G0 F9000 X105.626 Y92.101
;TYPE:WALL-OUTER
G1 F480 E836.96271
G1 F300 X105.626 Y88.143 E837.0491
G1 X106.713 Y88.129 E837.07282
G1 X107.23 Y88.131 E837.08411
G1 X107.23 Y88.908 E837.10107
G1 X107.433 Y89.085 E837.10695
G1 X107.461 Y89.109 E837.10775
G1 X107.461 Y89.393 E837.11395
G1 X107.433 Y89.417 E837.11476
G1 X107.229 Y89.594 E837.12065
G1 X107.229 Y90.414 E837.13855
G1 X107.24 Y90.425 E837.13889
G1 X107.229 Y90.442 E837.13933
G1 X107.229 Y91.802 E837.16902
G0 F270 X107.229 Y92.101
G0 X105.626 Y92.101
G0 F9000 X105.626 Y91.901
G0 X106.011 Y91.716
G0 X106.333 Y91.276
G1 F1500 E835.66902
G1 F900 Z10.76
G0 F9000 X106.404 Y91.276 Z10.76
G0 X142.196 Y89.401
;TYPE:WALL-INNER
G1 F900 Z9.76
G1 F480 E837.27289
G1 F500 X142.048 Y89.272 E837.27779
G1 X142.025 Y89.252 E837.27855
G1 X142.048 Y89.232
G1 X142.196 Y89.103 E837.28173
G1 X142.196 Y88.757 E837.29036
G1 X142.196 Y88.556 E837.29537
G1 X142.397 Y88.558 E837.29861
G1 X142.95 Y88.564 E837.31241
G1 X142.95 Y91.677 E837.39006
G1 X142.196 Y91.677 E837.40887
G1 X142.196 Y91.066 E837.42411
G0 F450 X142.196 Y89.401
G0 F9000 X141.771 Y90.417
;TYPE:WALL-OUTER
G1 F480 E837.46564
G1 F300 X141.771 Y89.595 E837.48359
G1 X141.567 Y89.418 E837.48948
G1 X141.54 Y89.394 E837.49027
G1 X141.54 Y89.11 E837.49647
G1 X141.567 Y89.086 E837.49726
G1 X141.771 Y88.909 E837.50315
G1 X141.771 Y88.133 E837.52009
G1 X142.287 Y88.131 E837.53135
G1 X143.375 Y88.144 E837.5551
G1 X143.375 Y92.102 E837.64149
G1 X141.981 Y92.102 E837.67192
G0 F270 X141.771 Y92.102
G0 X141.771 Y90.444
G0 X141.76 Y90.427
G0 X141.771 Y90.417
G0 F9000 X141.771 Y90.217
G0 X142.156 Y90.217
G0 X142.55 Y90.217
G1 F1500 E836.17192
G1 F900 Z10.76
G0 F9000 X142.55 Y90.217 Z10.76
G0 X106.051 Y91.526
;TIME_ELAPSED:1875.451652
;LAYER:64
G0 X106.051 Y91.526 Z10.91
;TYPE:WALL-INNER
G1 F900 Z9.91
G1 F480 E837.7758
G1 F500 X106.051 Y88.974 E837.83946
G1 X106.72 Y88.973 E837.85614
G1 X106.805 Y88.973 E837.85827
G1 X106.805 Y89.102 E837.86148
G1 X106.943 Y89.222 E837.86604
G1 X106.941 Y89.281 E837.86752
G1 X106.877 Y89.336 E837.86962
G1 X106.804 Y89.398 E837.87201
G1 X106.804 Y90.731 E837.90526
G0 F450 X106.804 Y91.526
G0 X106.051 Y91.526
G0 F9000 X105.626 Y91.951
;TYPE:WALL-OUTER
G1 F480 E837.94388
G1 F300 X105.626 Y88.549 E838.01813
G1 X107.055 Y88.548 E838.04932
G1 X107.23 Y88.548 E838.05314
G1 X107.23 Y88.723 E838.05562
G1 X107.23 Y88.908 E838.05965
G1 X107.36 Y89.021 E838.06341
G1 X107.37 Y89.139 E838.066
G1 X107.361 Y89.481 E838.07347
G1 X107.229 Y89.594 E838.07726
G1 X107.229 Y91.792 E838.12523
G0 F270 X107.229 Y91.951
G0 X105.626 Y91.951
G0 F9000 X105.626 Y91.751
G0 X106.011 Y91.566
G0 X106.333 Y91.126
G1 F1500 E836.62523
G1 F900 Z10.91
G0 F9000 X106.404 Y91.126 Z10.91
G0 X142.055 Y89.279
;TYPE:WALL-INNER
G1 F900 Z9.91
G1 F480 E838.22606
G1 F500 X142.056 Y89.225 E838.2274
G1 X142.196 Y89.104 E838.23202
G1 X142.196 Y88.975 E838.23524
G1 X142.751 Y88.974 E838.24908
G1 X142.95 Y88.974 E838.25405
G1 X142.95 Y89.173 E838.25726
G1 X142.95 Y91.527 E838.31598
G1 X142.196 Y91.527 E838.33479
G1 X142.196 Y90.349 E838.36417
G0 F450 X142.196 Y89.401
G0 X142.055 Y89.279
G0 F9000 X141.771 Y89.595
;TYPE:WALL-OUTER
G1 F480 E838.39246
G1 F300 X141.641 Y89.482 E838.39622
G1 X141.63 Y89.363 E838.39883
G1 X141.631 Y89.141 E838.40367
G1 X141.64 Y89.022 E838.40628
G1 X141.771 Y88.909 E838.41005
G1 X141.771 Y88.55 E838.41789
G1 X143.2 Y88.549 E838.44908
G1 X143.375 Y88.549 E838.4529
G1 X143.375 Y88.724 E838.45537
G1 X143.375 Y91.952 E838.52583
G1 X141.771 Y91.952 E838.56084
G1 X141.771 Y91.06 E838.58031
G0 F270 X141.771 Y89.595
G0 F9000 X141.641 Y89.482
G0 X141.639 Y89.454
G0 X142.419 Y89.375
;TIME_ELAPSED:1882.842605
G1 F1500 E837.08031
M107
; -- END GCODE --
; -- end of END GCODE --
M82 ;absolute extrusion mode
M104 S0
;End of Gcode
;SETTING_3 {"global_quality": "[general]\\nversion = 4\\nname = Low Quality #2\\
;SETTING_3 ndefinition = robor2\\n\\n[metadata]\\nquality_type = low\\nsetting_v
;SETTING_3 ersion = 4\\ntype = quality_changes\\n\\n[values]\\nadhesion_type = s
;SETTING_3 kirt\\n\\n", "extruder_quality": ["[general]\\nversion = 4\\nname = L
;SETTING_3 ow Quality #2\\ndefinition = robor2\\n\\n[metadata]\\nquality_type = 
;SETTING_3 low\\nposition = 0\\nsetting_version = 4\\ntype = quality_changes\\n\
;SETTING_3 \n[values]\\ninfill_sparse_density = 30\\n\\n"]}
